{
  "violation_rate": 0.09333333333333334,
  "collision_rate": 0.0,
  "near_miss_rate": 0.09333333333333334,
  "intervention_rate": 0.78,
  "override_success_rate": 0.8803418803418803,
  "mean_intervention_delay": 0.0,
  "operator_workload": 0.78,
  "mean_drift": 11.06973206659377,
  "p95_drift": 30.09832212620647,
  "mean_latency_ms": 0.6207155801045398,
  "risk_mean": 0.8492296220162098,
  "risk_p05": 0.24599999999988778,
  "risk_p25": 1.0,
  "risk_p50": 1.0,
  "risk_p75": 1.0,
  "risk_p95": 1.0,
  "separation_risk_mean": 0.14205854609060842,
  "congestion_risk_mean": 0.09162338955766246,
  "speed_risk_mean": 0.9634551367074556,
  "uncertainty_risk_mean": 0.64,
  "human_activation_count": 117,
  "cooldown_skips": 33,
  "suppressed_request_count": 33,
  "suppressed_critical_count": 0,
  "cooldown_release_count": 114,
  "critical_override_count": 114,
  "critical_trigger_rate": 0.76,
  "trigger_active_rate": 1.0,
  "confidence_mean": 0.9500000000000002,
  "false_intervention_rate": 0.06837606837606838,
  "repeated_intervention_rate": 0.9572649572649573,
  "post_intervention_violation_rate": 0.11290322580645161,
  "mean_drift_after_intervention": 12.480901160192547,
  "min_predicted_distance_mean": 6.709624522204879
}