{
  "violation_rate": 0.06,
  "collision_rate": 0.0,
  "near_miss_rate": 1.2133333333333334,
  "intervention_rate": 0.98,
  "override_success_rate": 0.9387755102040817,
  "mean_intervention_delay": 0.0,
  "operator_workload": 0.98,
  "mean_drift": 6.328922492775745,
  "p95_drift": 35.87557410473775,
  "mean_latency_ms": 0.6129072591041526,
  "risk_mean": 0.9229699331176513,
  "risk_p05": 0.43567197080876635,
  "risk_p25": 1.0,
  "risk_p50": 1.0,
  "risk_p75": 1.0,
  "risk_p95": 1.0,
  "separation_risk_mean": 0.6970827231000237,
  "congestion_risk_mean": 0.456801089786865,
  "speed_risk_mean": 0.6193056381781677,
  "uncertainty_risk_mean": 0.6299665580671621,
  "human_activation_count": 147,
  "cooldown_skips": 0,
  "suppressed_request_count": 0,
  "suppressed_critical_count": 0,
  "cooldown_release_count": 128,
  "critical_override_count": 128,
  "critical_trigger_rate": 0.8533333333333334,
  "trigger_active_rate": 0.98,
  "confidence_mean": 0.9500000000000002,
  "false_intervention_rate": 0.1836734693877551,
  "repeated_intervention_rate": 0.9863945578231292,
  "post_intervention_violation_rate": 0.060810810810810814,
  "mean_drift_after_intervention": 6.446452867314211,
  "min_predicted_distance_mean": 0.7865987919887009
}