{
  "violation_rate": 0.0,
  "collision_rate": 0.0,
  "near_miss_rate": 0.1,
  "intervention_rate": 0.16666666666666666,
  "override_success_rate": 1.0,
  "mean_intervention_delay": 0.0,
  "operator_workload": 0.16666666666666666,
  "mean_drift": 18.81340762805766,
  "p95_drift": 37.050092768054114,
  "mean_latency_ms": 0.5321742195519619,
  "risk_mean": 0.40641889178699825,
  "risk_p95": 0.6097996634703835,
  "separation_risk_mean": 0.26537686757884754,
  "congestion_risk_mean": 0.1670809217239666,
  "speed_risk_mean": 0.9948604729701678,
  "uncertainty_risk_mean": 0.64,
  "human_activation_count": 25,
  "cooldown_skips": 125,
  "trigger_active_rate": 1.0,
  "confidence_mean": 0.9500000000000002,
  "false_intervention_rate": 0.2
}