{
  "violation_rate": 0.05333333333333334,
  "collision_rate": 0.0,
  "near_miss_rate": 0.07333333333333333,
  "intervention_rate": 1.0,
  "override_success_rate": 0.9466666666666667,
  "mean_intervention_delay": 0.0,
  "operator_workload": 1.0,
  "mean_drift": 9.672111112120557,
  "p95_drift": 42.87315762014887,
  "mean_latency_ms": 0.2940566329440723,
  "risk_mean": 0.32788515676598295,
  "risk_p95": 0.5822872327296471,
  "separation_risk_mean": 0.14487609405914276,
  "congestion_risk_mean": 0.08441254042684307,
  "speed_risk_mean": 0.9708231700517778,
  "uncertainty_risk_mean": 0.6397620254992747,
  "human_activation_count": 150,
  "cooldown_skips": 0,
  "trigger_active_rate": 1.0,
  "confidence_mean": 0.9500000000000002,
  "false_intervention_rate": 0.35333333333333333
}