{
  "violation_rate": 0.10666666666666667,
  "collision_rate": 0.0,
  "near_miss_rate": 0.12666666666666668,
  "intervention_rate": 0.8,
  "override_success_rate": 0.8666666666666667,
  "mean_intervention_delay": 0.0,
  "operator_workload": 0.8,
  "mean_drift": 8.50167197630173,
  "p95_drift": 26.12676015903619,
  "mean_latency_ms": 0.6043658529718717,
  "risk_mean": 0.8632781095526064,
  "risk_p05": 0.3998763480324275,
  "risk_p25": 1.0,
  "risk_p50": 1.0,
  "risk_p75": 1.0,
  "risk_p95": 1.0,
  "separation_risk_mean": 0.053767388296564016,
  "congestion_risk_mean": 0.061314585241505015,
  "speed_risk_mean": 0.9349266141283954,
  "uncertainty_risk_mean": 0.6353315687213058,
  "human_activation_count": 120,
  "cooldown_skips": 30,
  "suppressed_request_count": 30,
  "suppressed_critical_count": 0,
  "cooldown_release_count": 115,
  "critical_override_count": 115,
  "critical_trigger_rate": 0.7666666666666667,
  "trigger_active_rate": 1.0,
  "confidence_mean": 0.9500000000000002,
  "false_intervention_rate": 0.075,
  "repeated_intervention_rate": 0.9416666666666667,
  "post_intervention_violation_rate": 0.12213740458015267,
  "mean_drift_after_intervention": 9.62062842433562,
  "min_predicted_distance_mean": 12.539199953833343
}