{
  "violation_rate": 0.0,
  "collision_rate": 0.0,
  "near_miss_rate": 0.76,
  "intervention_rate": 0.02666666666666667,
  "override_success_rate": 1.0,
  "mean_intervention_delay": 0.0,
  "operator_workload": 0.02666666666666667,
  "mean_drift": 12.04223201161598,
  "p95_drift": 28.009057307449293,
  "mean_latency_ms": 0.7424205867573619,
  "risk_mean": 0.5651908319966279,
  "risk_p95": 0.7402546465855269,
  "separation_risk_mean": 0.5482491427686987,
  "congestion_risk_mean": 0.3354869542413031,
  "speed_risk_mean": 0.9321662578784535,
  "uncertainty_risk_mean": 0.6318802700574634,
  "human_activation_count": 4,
  "cooldown_skips": 18,
  "trigger_active_rate": 0.11333333333333333,
  "confidence_mean": 0.9500000000000002,
  "false_intervention_rate": 0.25
}