{
  "violation_rate": 0.06666666666666667,
  "collision_rate": 0.006666666666666667,
  "near_miss_rate": 0.29333333333333333,
  "intervention_rate": 0.72,
  "override_success_rate": 0.9074074074074074,
  "mean_intervention_delay": 0.0,
  "operator_workload": 0.72,
  "mean_drift": 10.694864900042422,
  "p95_drift": 39.21640084159985,
  "mean_latency_ms": 0.4714833394003411,
  "risk_mean": 0.8532679102484096,
  "risk_p05": 0.37712341943786437,
  "risk_p25": 0.6378708134929564,
  "risk_p50": 1.0,
  "risk_p75": 1.0,
  "risk_p95": 1.0,
  "separation_risk_mean": 0.2155828237449855,
  "congestion_risk_mean": 0.1526196758103129,
  "speed_risk_mean": 0.5395701569978392,
  "uncertainty_risk_mean": 0.6194023461018482,
  "human_activation_count": 108,
  "cooldown_skips": 42,
  "suppressed_request_count": 42,
  "suppressed_critical_count": 0,
  "cooldown_release_count": 107,
  "critical_override_count": 107,
  "critical_trigger_rate": 0.7133333333333334,
  "trigger_active_rate": 1.0,
  "confidence_mean": 0.9500000000000002,
  "false_intervention_rate": 0.027777777777777776,
  "repeated_intervention_rate": 0.9351851851851852,
  "post_intervention_violation_rate": 0.0782608695652174,
  "mean_drift_after_intervention": 12.935249530038325,
  "min_predicted_distance_mean": 3.9422432026387217
}