{
  "violation_rate": 0.08,
  "collision_rate": 0.0,
  "near_miss_rate": 0.23333333333333334,
  "intervention_rate": 0.8,
  "override_success_rate": 0.9,
  "mean_intervention_delay": 0.0,
  "operator_workload": 0.8,
  "mean_drift": 12.130256684623339,
  "p95_drift": 28.930216033100958,
  "mean_latency_ms": 0.48918999421099824,
  "risk_mean": 0.8393201294794513,
  "risk_p05": 0.29999999999988525,
  "risk_p25": 1.0,
  "risk_p50": 1.0,
  "risk_p75": 1.0,
  "risk_p95": 1.0,
  "separation_risk_mean": 0.17727264539474286,
  "congestion_risk_mean": 0.12774438046072883,
  "speed_risk_mean": 0.9640980144425971,
  "uncertainty_risk_mean": 0.9984559433329059,
  "human_activation_count": 120,
  "cooldown_skips": 30,
  "suppressed_request_count": 30,
  "suppressed_critical_count": 0,
  "cooldown_release_count": 113,
  "critical_override_count": 113,
  "critical_trigger_rate": 0.7533333333333333,
  "trigger_active_rate": 1.0,
  "confidence_mean": 0.9500000000000002,
  "false_intervention_rate": 0.075,
  "repeated_intervention_rate": 0.9416666666666667,
  "post_intervention_violation_rate": 0.0916030534351145,
  "mean_drift_after_intervention": 13.536885714813096,
  "min_predicted_distance_mean": 5.152416969981739
}