{
  "violation_rate": 0.013333333333333334,
  "collision_rate": 0.0,
  "near_miss_rate": 0.4066666666666667,
  "intervention_rate": 0.16666666666666666,
  "override_success_rate": 0.96,
  "mean_intervention_delay": 0.0,
  "operator_workload": 0.16666666666666666,
  "mean_drift": 12.38562068981843,
  "p95_drift": 28.943153608869636,
  "mean_latency_ms": 0.5816633608386231,
  "risk_mean": 0.37882814334718984,
  "risk_p95": 0.787999999999962,
  "separation_risk_mean": 0.19786717330608947,
  "congestion_risk_mean": 0.1835684266585243,
  "speed_risk_mean": 0.9876063112292278,
  "uncertainty_risk_mean": 0.6383657467362299,
  "human_activation_count": 25,
  "cooldown_skips": 125,
  "trigger_active_rate": 1.0,
  "confidence_mean": 0.9500000000000002,
  "false_intervention_rate": 0.28
}