{
  "violation_rate": 0.02666666666666667,
  "collision_rate": 0.0,
  "near_miss_rate": 0.38666666666666666,
  "intervention_rate": 0.86,
  "override_success_rate": 0.9689922480620154,
  "mean_intervention_delay": 0.0,
  "operator_workload": 0.86,
  "mean_drift": 9.653620516728122,
  "p95_drift": 19.83835926717137,
  "mean_latency_ms": 0.5195452265130976,
  "risk_mean": 0.9081589120677266,
  "risk_p05": 0.2459999999999146,
  "risk_p25": 1.0,
  "risk_p50": 1.0,
  "risk_p75": 1.0,
  "risk_p95": 1.0,
  "separation_risk_mean": 0.36262843949188783,
  "congestion_risk_mean": 0.2197940545316542,
  "speed_risk_mean": 0.9277203354969208,
  "uncertainty_risk_mean": 0.6322011459873624,
  "human_activation_count": 129,
  "cooldown_skips": 21,
  "suppressed_request_count": 21,
  "suppressed_critical_count": 0,
  "cooldown_release_count": 129,
  "critical_override_count": 129,
  "critical_trigger_rate": 0.86,
  "trigger_active_rate": 1.0,
  "confidence_mean": 0.9500000000000002,
  "false_intervention_rate": 0.03875968992248062,
  "repeated_intervention_rate": 0.9767441860465116,
  "post_intervention_violation_rate": 0.030534351145038167,
  "mean_drift_after_intervention": 10.188748404255398,
  "min_predicted_distance_mean": 2.006358935387827
}