{
  "violation_rate": 0.07333333333333333,
  "collision_rate": 0.0,
  "near_miss_rate": 0.6333333333333333,
  "intervention_rate": 0.96,
  "override_success_rate": 0.9236111111111112,
  "mean_intervention_delay": 0.0,
  "operator_workload": 0.96,
  "mean_drift": 16.459956456675332,
  "p95_drift": 40.707634508985095,
  "mean_latency_ms": 0.6215888455820581,
  "risk_mean": 0.9698399999999975,
  "risk_p05": 1.0,
  "risk_p25": 1.0,
  "risk_p50": 1.0,
  "risk_p75": 1.0,
  "risk_p95": 1.0,
  "separation_risk_mean": 0.5287368574357659,
  "congestion_risk_mean": 0.28265093297671723,
  "speed_risk_mean": 0.9160513454001006,
  "uncertainty_risk_mean": 0.64,
  "human_activation_count": 144,
  "cooldown_skips": 0,
  "suppressed_request_count": 0,
  "suppressed_critical_count": 0,
  "cooldown_release_count": 144,
  "critical_override_count": 144,
  "critical_trigger_rate": 0.96,
  "trigger_active_rate": 0.96,
  "confidence_mean": 0.9500000000000002,
  "false_intervention_rate": 0.013888888888888888,
  "repeated_intervention_rate": 0.9930555555555556,
  "post_intervention_violation_rate": 0.07692307692307693,
  "mean_drift_after_intervention": 16.59285152065182,
  "min_predicted_distance_mean": 3.248229632787843
}