{
  "violation_rate": 0.0,
  "collision_rate": 0.0,
  "near_miss_rate": 0.02,
  "intervention_rate": 0.05333333333333334,
  "override_success_rate": 1.0,
  "mean_intervention_delay": 0.0,
  "operator_workload": 0.05333333333333334,
  "mean_drift": 9.215488342785711,
  "p95_drift": 22.79690248931842,
  "mean_latency_ms": 0.3796911732448886,
  "risk_mean": 0.2697124383555245,
  "risk_p95": 0.5191241026658862,
  "separation_risk_mean": 0.05658208545302065,
  "congestion_risk_mean": 0.05469499753765544,
  "speed_risk_mean": 0.8981038046025284,
  "uncertainty_risk_mean": 0.6390745321791474,
  "human_activation_count": 8,
  "cooldown_skips": 142,
  "trigger_active_rate": 1.0,
  "confidence_mean": 0.9500000000000002,
  "false_intervention_rate": 0.375
}