{
  "violation_rate": 0.52,
  "collision_rate": 0.0,
  "near_miss_rate": 0.30666666666666664,
  "intervention_rate": 0.7666666666666667,
  "override_success_rate": 0.3217391304347826,
  "mean_intervention_delay": 0.0,
  "operator_workload": 0.7666666666666667,
  "mean_drift": 7.858999419701258,
  "p95_drift": 23.775897269368567,
  "mean_latency_ms": 1.3619463704526424,
  "risk_mean": 0.8567261001525499,
  "risk_p05": 0.3653480326346711,
  "risk_p25": 0.6461110394251431,
  "risk_p50": 1.0,
  "risk_p75": 1.0,
  "risk_p95": 1.0,
  "separation_risk_mean": 0.4268312686911146,
  "congestion_risk_mean": 0.26009967518347143,
  "speed_risk_mean": 0.840090865695567,
  "uncertainty_risk_mean": 0.6304033706676051,
  "human_activation_count": 115,
  "cooldown_skips": 35,
  "suppressed_request_count": 35,
  "suppressed_critical_count": 0,
  "cooldown_release_count": 107,
  "critical_override_count": 107,
  "critical_trigger_rate": 0.7133333333333334,
  "trigger_active_rate": 1.0,
  "confidence_mean": 0.5,
  "false_intervention_rate": 0.06956521739130435,
  "repeated_intervention_rate": 0.9304347826086956,
  "post_intervention_violation_rate": 0.59375,
  "mean_drift_after_intervention": 9.448124864535453,
  "min_predicted_distance_mean": 1.8054901554908838
}