{
  "violation_rate": 0.6533333333333333,
  "collision_rate": 0.006666666666666667,
  "near_miss_rate": 0.14,
  "intervention_rate": 0.72,
  "override_success_rate": 0.09259259259259259,
  "mean_intervention_delay": 5.0,
  "operator_workload": 0.72,
  "mean_drift": 15.503533224951068,
  "p95_drift": 35.59038084661514,
  "mean_latency_ms": 1.982621099644651,
  "risk_mean": 0.8447024901555459,
  "risk_p05": 0.4242435714370428,
  "risk_p25": 0.6461467584891629,
  "risk_p50": 1.0,
  "risk_p75": 1.0,
  "risk_p95": 1.0,
  "separation_risk_mean": 0.20162307370653565,
  "congestion_risk_mean": 0.12965465821442607,
  "speed_risk_mean": 0.971764436163395,
  "uncertainty_risk_mean": 0.6361821083552278,
  "human_activation_count": 108,
  "cooldown_skips": 42,
  "suppressed_request_count": 42,
  "suppressed_critical_count": 0,
  "cooldown_release_count": 101,
  "critical_override_count": 101,
  "critical_trigger_rate": 0.6733333333333333,
  "trigger_active_rate": 1.0,
  "confidence_mean": 0.5176295377612665,
  "false_intervention_rate": 0.08333333333333333,
  "repeated_intervention_rate": 0.8981481481481481,
  "post_intervention_violation_rate": 0.776,
  "mean_drift_after_intervention": 19.030584308224885,
  "min_predicted_distance_mean": 5.253689112502998
}