{
  "violation_rate": 0.006666666666666667,
  "collision_rate": 0.0,
  "near_miss_rate": 0.04666666666666667,
  "intervention_rate": 0.09333333333333334,
  "override_success_rate": 0.9285714285714286,
  "mean_intervention_delay": 0.0,
  "operator_workload": 0.09333333333333334,
  "mean_drift": 15.863378945370524,
  "p95_drift": 35.21233672566085,
  "mean_latency_ms": 0.38234970658474293,
  "risk_mean": 0.2689198161867454,
  "risk_p95": 0.45383156054472246,
  "separation_risk_mean": 0.035088045720773134,
  "congestion_risk_mean": 0.035360952447292114,
  "speed_risk_mean": 0.9901009157643516,
  "uncertainty_risk_mean": 0.6384988009061447,
  "human_activation_count": 14,
  "cooldown_skips": 136,
  "trigger_active_rate": 1.0,
  "confidence_mean": 0.9500000000000002,
  "false_intervention_rate": 0.2857142857142857
}