{
  "violation_rate": 0.013333333333333334,
  "collision_rate": 0.0,
  "near_miss_rate": 0.006666666666666667,
  "intervention_rate": 0.16666666666666666,
  "override_success_rate": 0.96,
  "mean_intervention_delay": 0.0,
  "operator_workload": 0.16666666666666666,
  "mean_drift": 12.583736639030581,
  "p95_drift": 35.88994582518128,
  "mean_latency_ms": 0.5579096802587932,
  "risk_mean": 0.24432465053420624,
  "risk_p95": 0.24599999999998146,
  "separation_risk_mean": 0.013281492616772979,
  "congestion_risk_mean": 0.009593879995215101,
  "speed_risk_mean": 0.9347496087947792,
  "uncertainty_risk_mean": 0.6382471169242515,
  "human_activation_count": 25,
  "cooldown_skips": 125,
  "trigger_active_rate": 1.0,
  "confidence_mean": 0.9500000000000002,
  "false_intervention_rate": 0.24
}