{
  "violation_rate": 0.013333333333333334,
  "collision_rate": 0.0,
  "near_miss_rate": 0.08,
  "intervention_rate": 0.16666666666666666,
  "override_success_rate": 0.96,
  "mean_intervention_delay": 0.0,
  "operator_workload": 0.16666666666666666,
  "mean_drift": 12.531404760225978,
  "p95_drift": 29.93128360756341,
  "mean_latency_ms": 0.3537560797606905,
  "risk_mean": 0.28842255467580624,
  "risk_p95": 0.5875385991844986,
  "separation_risk_mean": 0.08005342073227212,
  "congestion_risk_mean": 0.05229382660826846,
  "speed_risk_mean": 0.9555003912947776,
  "uncertainty_risk_mean": 0.64,
  "human_activation_count": 25,
  "cooldown_skips": 125,
  "trigger_active_rate": 1.0,
  "confidence_mean": 0.9500000000000002,
  "false_intervention_rate": 0.32
}