{
  "violation_rate": 0.10666666666666667,
  "collision_rate": 0.0,
  "near_miss_rate": 1.72,
  "intervention_rate": 0.8866666666666667,
  "override_success_rate": 0.8796992481203008,
  "mean_intervention_delay": 0.0,
  "operator_workload": 0.8866666666666667,
  "mean_drift": 8.996754274374231,
  "p95_drift": 41.70651616328743,
  "mean_latency_ms": 3.6408394287961223,
  "risk_mean": 0.9475577275420906,
  "risk_p05": 0.586084411934084,
  "risk_p25": 1.0,
  "risk_p50": 1.0,
  "risk_p75": 1.0,
  "risk_p95": 1.0,
  "separation_risk_mean": 0.6797827596654844,
  "congestion_risk_mean": 0.31443386669593765,
  "speed_risk_mean": 0.8588270599174048,
  "uncertainty_risk_mean": 0.6394480587466151,
  "human_activation_count": 133,
  "cooldown_skips": 17,
  "suppressed_request_count": 17,
  "suppressed_critical_count": 0,
  "cooldown_release_count": 131,
  "critical_override_count": 131,
  "critical_trigger_rate": 0.8733333333333333,
  "trigger_active_rate": 1.0,
  "confidence_mean": 0.9500000000000002,
  "false_intervention_rate": 0.07518796992481203,
  "repeated_intervention_rate": 0.9624060150375939,
  "post_intervention_violation_rate": 0.11428571428571428,
  "mean_drift_after_intervention": 9.48372500280659,
  "min_predicted_distance_mean": 0.4196016479949883
}