{
  "violation_rate": 0.05333333333333334,
  "collision_rate": 0.0,
  "near_miss_rate": 0.19333333333333333,
  "intervention_rate": 0.8266666666666667,
  "override_success_rate": 0.9354838709677419,
  "mean_intervention_delay": 0.0,
  "operator_workload": 0.8266666666666667,
  "mean_drift": 9.492680134870387,
  "p95_drift": 19.007200585143018,
  "mean_latency_ms": 0.510602438977609,
  "risk_mean": 0.8886822757418895,
  "risk_p05": 0.31490682061071773,
  "risk_p25": 1.0,
  "risk_p50": 1.0,
  "risk_p75": 1.0,
  "risk_p95": 1.0,
  "separation_risk_mean": 0.19617671864384917,
  "congestion_risk_mean": 0.10169538471697591,
  "speed_risk_mean": 0.8046820236083981,
  "uncertainty_risk_mean": 0.64,
  "human_activation_count": 124,
  "cooldown_skips": 22,
  "suppressed_request_count": 22,
  "suppressed_critical_count": 0,
  "cooldown_release_count": 122,
  "critical_override_count": 121,
  "critical_trigger_rate": 0.8066666666666666,
  "trigger_active_rate": 0.9666666666666667,
  "confidence_mean": 0.9500000000000002,
  "false_intervention_rate": 0.04838709677419355,
  "repeated_intervention_rate": 0.9354838709677419,
  "post_intervention_violation_rate": 0.058823529411764705,
  "mean_drift_after_intervention": 10.394099732845389,
  "min_predicted_distance_mean": 5.046437650102578
}