{
  "violation_rate": 0.10666666666666667,
  "collision_rate": 0.006666666666666667,
  "near_miss_rate": 0.56,
  "intervention_rate": 0.76,
  "override_success_rate": 0.8596491228070176,
  "mean_intervention_delay": 0.0,
  "operator_workload": 0.76,
  "mean_drift": 10.633550123342287,
  "p95_drift": 21.82673900388225,
  "mean_latency_ms": 0.6627169849040607,
  "risk_mean": 0.831948495978254,
  "risk_p05": 0.3377727244384755,
  "risk_p25": 0.5501165662730949,
  "risk_p50": 1.0,
  "risk_p75": 1.0,
  "risk_p95": 1.0,
  "separation_risk_mean": 0.5877481298782602,
  "congestion_risk_mean": 0.3271510184012506,
  "speed_risk_mean": 0.948890158896899,
  "uncertainty_risk_mean": 0.6387396597036544,
  "human_activation_count": 114,
  "cooldown_skips": 36,
  "suppressed_request_count": 36,
  "suppressed_critical_count": 0,
  "cooldown_release_count": 106,
  "critical_override_count": 106,
  "critical_trigger_rate": 0.7066666666666667,
  "trigger_active_rate": 1.0,
  "confidence_mean": 0.9500000000000002,
  "false_intervention_rate": 0.07894736842105263,
  "repeated_intervention_rate": 0.9210526315789473,
  "post_intervention_violation_rate": 0.1171875,
  "mean_drift_after_intervention": 12.253122815799726,
  "min_predicted_distance_mean": 1.1918520849858014
}