{
  "violation_rate": 0.06,
  "collision_rate": 0.0,
  "near_miss_rate": 0.6666666666666666,
  "intervention_rate": 0.9,
  "override_success_rate": 0.9333333333333333,
  "mean_intervention_delay": 0.0,
  "operator_workload": 0.9,
  "mean_drift": 6.6431161558330905,
  "p95_drift": 20.869198187210003,
  "mean_latency_ms": 0.6208471798648437,
  "risk_mean": 0.9449195407636058,
  "risk_p05": 0.5430646994272247,
  "risk_p25": 1.0,
  "risk_p50": 1.0,
  "risk_p75": 1.0,
  "risk_p95": 1.0,
  "separation_risk_mean": 0.5668757465857052,
  "congestion_risk_mean": 0.3102384033304379,
  "speed_risk_mean": 0.7974220245596886,
  "uncertainty_risk_mean": 0.6343976633185245,
  "human_activation_count": 135,
  "cooldown_skips": 15,
  "suppressed_request_count": 15,
  "suppressed_critical_count": 0,
  "cooldown_release_count": 132,
  "critical_override_count": 132,
  "critical_trigger_rate": 0.88,
  "trigger_active_rate": 1.0,
  "confidence_mean": 0.9500000000000002,
  "false_intervention_rate": 0.0962962962962963,
  "repeated_intervention_rate": 0.9629629629629629,
  "post_intervention_violation_rate": 0.06382978723404255,
  "mean_drift_after_intervention": 7.002551619740808,
  "min_predicted_distance_mean": 1.1176824640172223
}