{
  "violation_rate": 0.19333333333333333,
  "collision_rate": 0.0,
  "near_miss_rate": 0.0,
  "intervention_rate": 0.86,
  "override_success_rate": 0.7751937984496124,
  "mean_intervention_delay": 0.0,
  "operator_workload": 0.86,
  "mean_drift": 16.637542210455713,
  "p95_drift": 31.211919090720112,
  "mean_latency_ms": 0.719930863318344,
  "risk_mean": 0.8888199402799932,
  "risk_p05": 0.24599999999991762,
  "risk_p25": 1.0,
  "risk_p50": 1.0,
  "risk_p75": 1.0,
  "risk_p95": 1.0,
  "separation_risk_mean": 0.05292623741495112,
  "congestion_risk_mean": 0.021665306746973454,
  "speed_risk_mean": 0.9681778128260009,
  "uncertainty_risk_mean": 0.64,
  "human_activation_count": 129,
  "cooldown_skips": 21,
  "suppressed_request_count": 21,
  "suppressed_critical_count": 0,
  "cooldown_release_count": 124,
  "critical_override_count": 124,
  "critical_trigger_rate": 0.8266666666666667,
  "trigger_active_rate": 1.0,
  "confidence_mean": 0.9000000000000004,
  "false_intervention_rate": 0.08527131782945736,
  "repeated_intervention_rate": 0.9534883720930233,
  "post_intervention_violation_rate": 0.2116788321167883,
  "mean_drift_after_intervention": 18.21649264629716,
  "min_predicted_distance_mean": 6.6499452289039205
}