{
  "violation_rate": 0.0,
  "collision_rate": 0.0,
  "near_miss_rate": 1.0533333333333332,
  "intervention_rate": 0.8866666666666667,
  "override_success_rate": 1.0,
  "mean_intervention_delay": 0.0,
  "operator_workload": 0.8866666666666667,
  "mean_drift": 6.596155223171831,
  "p95_drift": 35.9364789052197,
  "mean_latency_ms": 0.5197502734760443,
  "risk_mean": 0.9288748444664623,
  "risk_p05": 0.43122653930396304,
  "risk_p25": 1.0,
  "risk_p50": 1.0,
  "risk_p75": 1.0,
  "risk_p95": 1.0,
  "separation_risk_mean": 0.698388626640558,
  "congestion_risk_mean": 0.4469594309093893,
  "speed_risk_mean": 0.6365795678967521,
  "uncertainty_risk_mean": 0.6348081429327146,
  "human_activation_count": 133,
  "cooldown_skips": 17,
  "suppressed_request_count": 17,
  "suppressed_critical_count": 0,
  "cooldown_release_count": 130,
  "critical_override_count": 130,
  "critical_trigger_rate": 0.8666666666666667,
  "trigger_active_rate": 1.0,
  "confidence_mean": 1.0,
  "false_intervention_rate": 0.07518796992481203,
  "repeated_intervention_rate": 0.9548872180451128,
  "post_intervention_violation_rate": 0.0,
  "mean_drift_after_intervention": 7.156328353411208,
  "min_predicted_distance_mean": 0.7458586405499777
}