{
  "violation_rate": 0.12666666666666668,
  "collision_rate": 0.013333333333333334,
  "near_miss_rate": 1.7533333333333334,
  "intervention_rate": 0.8266666666666667,
  "override_success_rate": 0.8629032258064516,
  "mean_intervention_delay": 0.0,
  "operator_workload": 0.8266666666666667,
  "mean_drift": 8.55630715771912,
  "p95_drift": 30.57145109876856,
  "mean_latency_ms": 2.890363597155859,
  "risk_mean": 0.9121996045458817,
  "risk_p05": 0.48113192681817263,
  "risk_p25": 1.0,
  "risk_p50": 1.0,
  "risk_p75": 1.0,
  "risk_p95": 1.0,
  "separation_risk_mean": 0.6355641156201632,
  "congestion_risk_mean": 0.34572504344469196,
  "speed_risk_mean": 0.9008993680833324,
  "uncertainty_risk_mean": 0.64,
  "human_activation_count": 124,
  "cooldown_skips": 26,
  "suppressed_request_count": 26,
  "suppressed_critical_count": 0,
  "cooldown_release_count": 120,
  "critical_override_count": 120,
  "critical_trigger_rate": 0.8,
  "trigger_active_rate": 1.0,
  "confidence_mean": 0.9500000000000002,
  "false_intervention_rate": 0.04838709677419355,
  "repeated_intervention_rate": 0.9435483870967742,
  "post_intervention_violation_rate": 0.14074074074074075,
  "mean_drift_after_intervention": 9.436128634019244,
  "min_predicted_distance_mean": 0.9327360855035974
}