{
  "violation_rate": 0.10666666666666667,
  "collision_rate": 0.0,
  "near_miss_rate": 1.1066666666666667,
  "intervention_rate": 0.8,
  "override_success_rate": 0.8666666666666667,
  "mean_intervention_delay": 0.0,
  "operator_workload": 0.8,
  "mean_drift": 10.05390845713767,
  "p95_drift": 23.73846517028101,
  "mean_latency_ms": 2.3532989512508116,
  "risk_mean": 0.8902543991926277,
  "risk_p05": 0.4537658556191843,
  "risk_p25": 1.0,
  "risk_p50": 1.0,
  "risk_p75": 1.0,
  "risk_p95": 1.0,
  "separation_risk_mean": 0.6130917952523831,
  "congestion_risk_mean": 0.23622782472834472,
  "speed_risk_mean": 0.9551144401197886,
  "uncertainty_risk_mean": 0.64,
  "human_activation_count": 120,
  "cooldown_skips": 30,
  "suppressed_request_count": 30,
  "suppressed_critical_count": 0,
  "cooldown_release_count": 115,
  "critical_override_count": 115,
  "critical_trigger_rate": 0.7666666666666667,
  "trigger_active_rate": 1.0,
  "confidence_mean": 0.9500000000000002,
  "false_intervention_rate": 0.058333333333333334,
  "repeated_intervention_rate": 0.9416666666666667,
  "post_intervention_violation_rate": 0.12213740458015267,
  "mean_drift_after_intervention": 11.208181449545307,
  "min_predicted_distance_mean": 1.2218131798226666
}