{
  "violation_rate": 0.14,
  "collision_rate": 0.02,
  "near_miss_rate": 4.506666666666667,
  "intervention_rate": 0.8866666666666667,
  "override_success_rate": 0.849624060150376,
  "mean_intervention_delay": 0.0,
  "operator_workload": 0.8866666666666667,
  "mean_drift": 2.8517649945203347,
  "p95_drift": 9.509901270015115,
  "mean_latency_ms": 4.835660046276947,
  "risk_mean": 0.9595206693527665,
  "risk_p05": 0.6523576409902387,
  "risk_p25": 1.0,
  "risk_p50": 1.0,
  "risk_p75": 1.0,
  "risk_p95": 1.0,
  "separation_risk_mean": 0.731415233617807,
  "congestion_risk_mean": 0.6054199737661047,
  "speed_risk_mean": 0.6771361132001587,
  "uncertainty_risk_mean": 0.64,
  "human_activation_count": 133,
  "cooldown_skips": 17,
  "suppressed_request_count": 17,
  "suppressed_critical_count": 0,
  "cooldown_release_count": 132,
  "critical_override_count": 132,
  "critical_trigger_rate": 0.88,
  "trigger_active_rate": 1.0,
  "confidence_mean": 0.9500000000000002,
  "false_intervention_rate": 0.0,
  "repeated_intervention_rate": 0.9323308270676691,
  "post_intervention_violation_rate": 0.14482758620689656,
  "mean_drift_after_intervention": 3.0049212013595183,
  "min_predicted_distance_mean": 0.3170752242618351
}