{
  "violation_rate": 0.013333333333333334,
  "collision_rate": 0.0,
  "near_miss_rate": 0.02,
  "intervention_rate": 0.16666666666666666,
  "override_success_rate": 0.96,
  "mean_intervention_delay": 0.0,
  "operator_workload": 0.16666666666666666,
  "mean_drift": 18.05014177013255,
  "p95_drift": 49.34182909394679,
  "mean_latency_ms": 0.23566109952904904,
  "risk_mean": 0.2505387170195121,
  "risk_p95": 0.2459999999999863,
  "separation_risk_mean": 0.011581568122943291,
  "congestion_risk_mean": 0.008865087533782066,
  "speed_risk_mean": 0.9807382632049477,
  "uncertainty_risk_mean": 0.64,
  "human_activation_count": 25,
  "cooldown_skips": 125,
  "trigger_active_rate": 1.0,
  "confidence_mean": 0.9500000000000002,
  "false_intervention_rate": 0.24
}