{
  "violation_rate": 0.7533333333333333,
  "collision_rate": 0.006666666666666667,
  "near_miss_rate": 0.24,
  "intervention_rate": 0.8733333333333333,
  "override_success_rate": 0.13740458015267176,
  "mean_intervention_delay": 3.0,
  "operator_workload": 0.8733333333333333,
  "mean_drift": 15.422031168550069,
  "p95_drift": 34.46373774289914,
  "mean_latency_ms": 2.1844427629063525,
  "risk_mean": 0.9471892671079849,
  "risk_p05": 0.6105008088975177,
  "risk_p25": 1.0,
  "risk_p50": 1.0,
  "risk_p75": 1.0,
  "risk_p95": 1.0,
  "separation_risk_mean": 0.1783641882023317,
  "congestion_risk_mean": 0.154244853554254,
  "speed_risk_mean": 0.9915223529755628,
  "uncertainty_risk_mean": 0.6395059469916106,
  "human_activation_count": 131,
  "cooldown_skips": 19,
  "suppressed_request_count": 19,
  "suppressed_critical_count": 0,
  "cooldown_release_count": 128,
  "critical_override_count": 128,
  "critical_trigger_rate": 0.8533333333333334,
  "trigger_active_rate": 1.0,
  "confidence_mean": 0.5756640540793441,
  "false_intervention_rate": 0.061068702290076333,
  "repeated_intervention_rate": 0.9618320610687023,
  "post_intervention_violation_rate": 0.8188405797101449,
  "mean_drift_after_intervention": 16.63058160726079,
  "min_predicted_distance_mean": 6.584389862302044
}