{
  "violation_rate": 0.06666666666666667,
  "collision_rate": 0.0,
  "near_miss_rate": 0.006666666666666667,
  "intervention_rate": 0.74,
  "override_success_rate": 0.9099099099099099,
  "mean_intervention_delay": 0.0,
  "operator_workload": 0.74,
  "mean_drift": 10.274865285711817,
  "p95_drift": 27.867670695293782,
  "mean_latency_ms": 0.41702692164108157,
  "risk_mean": 0.8357629420255273,
  "risk_p05": 0.24599999999988786,
  "risk_p25": 0.6070622996109298,
  "risk_p50": 1.0,
  "risk_p75": 1.0,
  "risk_p95": 1.0,
  "separation_risk_mean": 0.051339516588394266,
  "congestion_risk_mean": 0.03480063824313735,
  "speed_risk_mean": 0.9128287654526984,
  "uncertainty_risk_mean": 0.64,
  "human_activation_count": 111,
  "cooldown_skips": 0,
  "suppressed_request_count": 0,
  "suppressed_critical_count": 0,
  "cooldown_release_count": 111,
  "critical_override_count": 111,
  "critical_trigger_rate": 0.74,
  "trigger_active_rate": 0.74,
  "confidence_mean": 0.9500000000000002,
  "false_intervention_rate": 0.018018018018018018,
  "repeated_intervention_rate": 0.990990990990991,
  "post_intervention_violation_rate": 0.09090909090909091,
  "mean_drift_after_intervention": 11.710187801002755,
  "min_predicted_distance_mean": 5.98127563421575
}