{
  "violation_rate": 0.22,
  "collision_rate": 0.006666666666666667,
  "near_miss_rate": 0.02666666666666667,
  "intervention_rate": 0.16666666666666666,
  "override_success_rate": 0.32,
  "mean_intervention_delay": 10.0,
  "operator_workload": 0.16666666666666666,
  "mean_drift": 14.662438776382015,
  "p95_drift": 37.0085564692979,
  "mean_latency_ms": 0.8207503400626592,
  "risk_mean": 0.3087811659414283,
  "risk_p95": 0.39739082642283163,
  "separation_risk_mean": 0.11256307672080283,
  "congestion_risk_mean": 0.07535049644506493,
  "speed_risk_mean": 0.9555046149542022,
  "uncertainty_risk_mean": 0.639763100417803,
  "human_activation_count": 25,
  "cooldown_skips": 125,
  "trigger_active_rate": 1.0,
  "confidence_mean": 0.8130947531791306,
  "false_intervention_rate": 0.24
}