{
  "violation_rate": 0.35333333333333333,
  "collision_rate": 0.0,
  "near_miss_rate": 0.11333333333333333,
  "intervention_rate": 0.82,
  "override_success_rate": 0.5691056910569106,
  "mean_intervention_delay": 1.0,
  "operator_workload": 0.82,
  "mean_drift": 9.987099782255468,
  "p95_drift": 25.33008140615861,
  "mean_latency_ms": 1.0158058543068667,
  "risk_mean": 0.8638556714366638,
  "risk_p05": 0.2159999999999228,
  "risk_p25": 1.0,
  "risk_p50": 1.0,
  "risk_p75": 1.0,
  "risk_p95": 1.0,
  "separation_risk_mean": 0.18404895387390086,
  "congestion_risk_mean": 0.08714315225961752,
  "speed_risk_mean": 0.9379510191553212,
  "uncertainty_risk_mean": 0.6390748144865775,
  "human_activation_count": 123,
  "cooldown_skips": 25,
  "suppressed_request_count": 25,
  "suppressed_critical_count": 0,
  "cooldown_release_count": 118,
  "critical_override_count": 118,
  "critical_trigger_rate": 0.7866666666666666,
  "trigger_active_rate": 0.9866666666666667,
  "confidence_mean": 0.8087912566477476,
  "false_intervention_rate": 0.08130081300813008,
  "repeated_intervention_rate": 0.943089430894309,
  "post_intervention_violation_rate": 0.39552238805970147,
  "mean_drift_after_intervention": 11.033136809474017,
  "min_predicted_distance_mean": 3.6096620054287283
}