{
  "violation_rate": 0.08666666666666667,
  "collision_rate": 0.006666666666666667,
  "near_miss_rate": 1.06,
  "intervention_rate": 0.7933333333333333,
  "override_success_rate": 0.8907563025210085,
  "mean_intervention_delay": 0.0,
  "operator_workload": 0.7933333333333333,
  "mean_drift": 13.027171565836024,
  "p95_drift": 36.64614136279348,
  "mean_latency_ms": 2.2656758059747517,
  "risk_mean": 0.8608272644571809,
  "risk_p05": 0.2412673043801107,
  "risk_p25": 1.0,
  "risk_p50": 1.0,
  "risk_p75": 1.0,
  "risk_p95": 1.0,
  "separation_risk_mean": 0.3826098284397693,
  "congestion_risk_mean": 0.19577863614959098,
  "speed_risk_mean": 0.9553463498465772,
  "uncertainty_risk_mean": 0.6371067574481956,
  "human_activation_count": 119,
  "cooldown_skips": 31,
  "suppressed_request_count": 31,
  "suppressed_critical_count": 0,
  "cooldown_release_count": 113,
  "critical_override_count": 113,
  "critical_trigger_rate": 0.7533333333333333,
  "trigger_active_rate": 1.0,
  "confidence_mean": 0.9500000000000002,
  "false_intervention_rate": 0.06722689075630252,
  "repeated_intervention_rate": 0.9327731092436975,
  "post_intervention_violation_rate": 0.0916030534351145,
  "mean_drift_after_intervention": 14.744439123366334,
  "min_predicted_distance_mean": 1.9301977845047327
}