{
  "violation_rate": 0.0,
  "collision_rate": 0.0,
  "near_miss_rate": 0.09333333333333334,
  "intervention_rate": 0.09333333333333334,
  "override_success_rate": 1.0,
  "mean_intervention_delay": 0.0,
  "operator_workload": 0.09333333333333334,
  "mean_drift": 7.51092146767428,
  "p95_drift": 25.520253768397772,
  "mean_latency_ms": 0.34528031343749416,
  "risk_mean": 0.27003232546922323,
  "risk_p95": 0.6382271091175427,
  "separation_risk_mean": 0.07657825522948791,
  "congestion_risk_mean": 0.0685266537086145,
  "speed_risk_mean": 0.8227941520332839,
  "uncertainty_risk_mean": 0.63347549589205,
  "human_activation_count": 14,
  "cooldown_skips": 136,
  "trigger_active_rate": 1.0,
  "confidence_mean": 0.9500000000000002,
  "false_intervention_rate": 0.35714285714285715
}