{
  "violation_rate": 0.10666666666666667,
  "collision_rate": 0.0,
  "near_miss_rate": 0.12666666666666668,
  "intervention_rate": 0.8,
  "override_success_rate": 0.8666666666666667,
  "mean_intervention_delay": 0.0,
  "operator_workload": 0.8,
  "mean_drift": 8.507269067387034,
  "p95_drift": 26.202555048686207,
  "mean_latency_ms": 0.5063155433163047,
  "risk_mean": 0.8147532895776071,
  "risk_p05": 0.24272686940635424,
  "risk_p25": 0.7001015333264669,
  "risk_p50": 1.0,
  "risk_p75": 1.0,
  "risk_p95": 1.0,
  "separation_risk_mean": 0.054435444048031696,
  "congestion_risk_mean": 0.06144297626236965,
  "speed_risk_mean": 0.93628655349301,
  "uncertainty_risk_mean": 0.6353315687213058,
  "human_activation_count": 120,
  "cooldown_skips": 0,
  "suppressed_request_count": 0,
  "suppressed_critical_count": 0,
  "cooldown_release_count": 109,
  "critical_override_count": 109,
  "critical_trigger_rate": 0.7266666666666667,
  "trigger_active_rate": 0.8,
  "confidence_mean": 0.9500000000000002,
  "false_intervention_rate": 0.075,
  "repeated_intervention_rate": 0.9833333333333333,
  "post_intervention_violation_rate": 0.1322314049586777,
  "mean_drift_after_intervention": 9.449364946859287,
  "min_predicted_distance_mean": 12.548773763332205
}