{
  "violation_rate": 0.0,
  "collision_rate": 0.006666666666666667,
  "near_miss_rate": 0.17333333333333334,
  "intervention_rate": 0.8533333333333334,
  "override_success_rate": 1.0,
  "mean_intervention_delay": 0.0,
  "operator_workload": 0.8533333333333334,
  "mean_drift": 11.255949261985593,
  "p95_drift": 36.801357555195,
  "mean_latency_ms": 0.4736288528268536,
  "risk_mean": 0.9097589485322253,
  "risk_p05": 0.4044065914082795,
  "risk_p25": 1.0,
  "risk_p50": 1.0,
  "risk_p75": 1.0,
  "risk_p95": 1.0,
  "separation_risk_mean": 0.15162303062424556,
  "congestion_risk_mean": 0.08625480120625738,
  "speed_risk_mean": 0.895814158274316,
  "uncertainty_risk_mean": 0.6323547270106349,
  "human_activation_count": 128,
  "cooldown_skips": 22,
  "suppressed_request_count": 22,
  "suppressed_critical_count": 0,
  "cooldown_release_count": 125,
  "critical_override_count": 124,
  "critical_trigger_rate": 0.8266666666666667,
  "trigger_active_rate": 1.0,
  "confidence_mean": 1.0,
  "false_intervention_rate": 0.1015625,
  "repeated_intervention_rate": 0.953125,
  "post_intervention_violation_rate": 0.0,
  "mean_drift_after_intervention": 12.275511120350563,
  "min_predicted_distance_mean": 5.0062359617235375
}