{
  "violation_rate": 0.06,
  "collision_rate": 0.006666666666666667,
  "near_miss_rate": 3.1933333333333334,
  "intervention_rate": 0.8266666666666667,
  "override_success_rate": 0.9354838709677419,
  "mean_intervention_delay": 0.0,
  "operator_workload": 0.8266666666666667,
  "mean_drift": 11.609251316786576,
  "p95_drift": 26.388010984646062,
  "mean_latency_ms": 6.693334694330891,
  "risk_mean": 0.9364475413136978,
  "risk_p05": 0.6345604212002892,
  "risk_p25": 1.0,
  "risk_p50": 1.0,
  "risk_p75": 1.0,
  "risk_p95": 1.0,
  "separation_risk_mean": 0.7052084996961222,
  "congestion_risk_mean": 0.4335079964428415,
  "speed_risk_mean": 0.8271620891630314,
  "uncertainty_risk_mean": 0.6380644261923442,
  "human_activation_count": 124,
  "cooldown_skips": 26,
  "suppressed_request_count": 26,
  "suppressed_critical_count": 0,
  "cooldown_release_count": 122,
  "critical_override_count": 122,
  "critical_trigger_rate": 0.8133333333333334,
  "trigger_active_rate": 1.0,
  "confidence_mean": 0.9500000000000002,
  "false_intervention_rate": 0.024193548387096774,
  "repeated_intervention_rate": 0.9032258064516129,
  "post_intervention_violation_rate": 0.057971014492753624,
  "mean_drift_after_intervention": 12.617640633080061,
  "min_predicted_distance_mean": 0.6798557768758029
}