{
  "violation_rate": 0.04666666666666667,
  "collision_rate": 0.0,
  "near_miss_rate": 1.0533333333333332,
  "intervention_rate": 0.82,
  "override_success_rate": 0.943089430894309,
  "mean_intervention_delay": 0.0,
  "operator_workload": 0.82,
  "mean_drift": 14.361601953691789,
  "p95_drift": 42.74936709123201,
  "mean_latency_ms": 4.0801630246763425,
  "risk_mean": 0.8840333963985478,
  "risk_p05": 0.3350743710186183,
  "risk_p25": 1.0,
  "risk_p50": 1.0,
  "risk_p75": 1.0,
  "risk_p95": 1.0,
  "separation_risk_mean": 0.473107736123022,
  "congestion_risk_mean": 0.2442359766051923,
  "speed_risk_mean": 0.9284313931996182,
  "uncertainty_risk_mean": 0.6389938465603371,
  "human_activation_count": 123,
  "cooldown_skips": 27,
  "suppressed_request_count": 27,
  "suppressed_critical_count": 0,
  "cooldown_release_count": 119,
  "critical_override_count": 119,
  "critical_trigger_rate": 0.7933333333333333,
  "trigger_active_rate": 1.0,
  "confidence_mean": 0.9500000000000002,
  "false_intervention_rate": 0.04878048780487805,
  "repeated_intervention_rate": 0.926829268292683,
  "post_intervention_violation_rate": 0.044444444444444446,
  "mean_drift_after_intervention": 16.005450058626494,
  "min_predicted_distance_mean": 1.3974103590235687
}