{
  "violation_rate": 0.02,
  "collision_rate": 0.006666666666666667,
  "near_miss_rate": 0.26666666666666666,
  "intervention_rate": 0.72,
  "override_success_rate": 0.9722222222222222,
  "mean_intervention_delay": 0.0,
  "operator_workload": 0.72,
  "mean_drift": 9.447549772952517,
  "p95_drift": 26.864061259632287,
  "mean_latency_ms": 0.42108413608123857,
  "risk_mean": 0.79315558290721,
  "risk_p05": 0.21599999999987574,
  "risk_p25": 0.47553289824774037,
  "risk_p50": 1.0,
  "risk_p75": 1.0,
  "risk_p95": 1.0,
  "separation_risk_mean": 0.22874976191097138,
  "congestion_risk_mean": 0.1252252648048869,
  "speed_risk_mean": 0.9127872630541635,
  "uncertainty_risk_mean": 0.6368670004470705,
  "human_activation_count": 108,
  "cooldown_skips": 17,
  "suppressed_request_count": 17,
  "suppressed_critical_count": 0,
  "cooldown_release_count": 106,
  "critical_override_count": 106,
  "critical_trigger_rate": 0.7066666666666667,
  "trigger_active_rate": 0.8266666666666667,
  "confidence_mean": 0.9500000000000002,
  "false_intervention_rate": 0.046296296296296294,
  "repeated_intervention_rate": 0.9444444444444444,
  "post_intervention_violation_rate": 0.017391304347826087,
  "mean_drift_after_intervention": 11.446720116576987,
  "min_predicted_distance_mean": 4.043278268294191
}