{
  "violation_rate": 0.03333333333333333,
  "collision_rate": 0.0,
  "near_miss_rate": 0.62,
  "intervention_rate": 0.16666666666666666,
  "override_success_rate": 0.88,
  "mean_intervention_delay": 0.0,
  "operator_workload": 0.16666666666666666,
  "mean_drift": 6.618544821732202,
  "p95_drift": 20.891078062038662,
  "mean_latency_ms": 0.9025289265749356,
  "risk_mean": 0.5341594818084504,
  "risk_p95": 0.6726818171168318,
  "separation_risk_mean": 0.5221317760420067,
  "congestion_risk_mean": 0.2989598716934814,
  "speed_risk_mean": 0.862746653283092,
  "uncertainty_risk_mean": 0.6336547778247547,
  "human_activation_count": 25,
  "cooldown_skips": 125,
  "trigger_active_rate": 1.0,
  "confidence_mean": 0.75,
  "false_intervention_rate": 0.24
}