{
  "violation_rate": 0.6666666666666666,
  "collision_rate": 0.006666666666666667,
  "near_miss_rate": 0.13333333333333333,
  "intervention_rate": 0.7266666666666667,
  "override_success_rate": 0.08256880733944955,
  "mean_intervention_delay": 10.0,
  "operator_workload": 0.7266666666666667,
  "mean_drift": 18.944498012687518,
  "p95_drift": 55.301480017937294,
  "mean_latency_ms": 2.0224947396976254,
  "risk_mean": 0.8486081468498344,
  "risk_p05": 0.44395907874557444,
  "risk_p25": 0.6479725379455311,
  "risk_p50": 1.0,
  "risk_p75": 1.0,
  "risk_p95": 1.0,
  "separation_risk_mean": 0.17622884574536385,
  "congestion_risk_mean": 0.1125894476948724,
  "speed_risk_mean": 0.9706807673731449,
  "uncertainty_risk_mean": 0.6364904708730872,
  "human_activation_count": 109,
  "cooldown_skips": 41,
  "suppressed_request_count": 41,
  "suppressed_critical_count": 0,
  "cooldown_release_count": 102,
  "critical_override_count": 102,
  "critical_trigger_rate": 0.68,
  "trigger_active_rate": 1.0,
  "confidence_mean": 0.3530931238610083,
  "false_intervention_rate": 0.08256880733944955,
  "repeated_intervention_rate": 0.8990825688073395,
  "post_intervention_violation_rate": 0.7857142857142857,
  "mean_drift_after_intervention": 23.67621245588974,
  "min_predicted_distance_mean": 4.6429119554320115
}