{
  "violation_rate": 0.02666666666666667,
  "collision_rate": 0.0,
  "near_miss_rate": 0.0,
  "intervention_rate": 0.16666666666666666,
  "override_success_rate": 0.92,
  "mean_intervention_delay": 0.0,
  "operator_workload": 0.16666666666666666,
  "mean_drift": 17.182590501442135,
  "p95_drift": 34.22966719625656,
  "mean_latency_ms": 0.2512966402961562,
  "risk_mean": 0.24230654789658299,
  "risk_p95": 0.24599999999998076,
  "separation_risk_mean": 0.002160573655851895,
  "congestion_risk_mean": 0.0053131295825961326,
  "speed_risk_mean": 0.9603587902022512,
  "uncertainty_risk_mean": 0.6396812588364196,
  "human_activation_count": 25,
  "cooldown_skips": 125,
  "trigger_active_rate": 1.0,
  "confidence_mean": 0.9500000000000002,
  "false_intervention_rate": 0.28
}