{
  "violation_rate": 0.68,
  "collision_rate": 0.013333333333333334,
  "near_miss_rate": 0.19333333333333333,
  "intervention_rate": 0.76,
  "override_success_rate": 0.10526315789473684,
  "mean_intervention_delay": 5.0,
  "operator_workload": 0.76,
  "mean_drift": 7.203434793967883,
  "p95_drift": 27.464656258248926,
  "mean_latency_ms": 1.8176441732794046,
  "risk_mean": 0.8278393255931811,
  "risk_p05": 0.28724008275003043,
  "risk_p25": 0.5317963931178799,
  "risk_p50": 1.0,
  "risk_p75": 1.0,
  "risk_p95": 1.0,
  "separation_risk_mean": 0.47033262431210154,
  "congestion_risk_mean": 0.2510086986267604,
  "speed_risk_mean": 0.5851088017796451,
  "uncertainty_risk_mean": 0.6333800311479554,
  "human_activation_count": 114,
  "cooldown_skips": 36,
  "suppressed_request_count": 36,
  "suppressed_critical_count": 0,
  "cooldown_release_count": 108,
  "critical_override_count": 107,
  "critical_trigger_rate": 0.7133333333333334,
  "trigger_active_rate": 1.0,
  "confidence_mean": 0.49360895652578135,
  "false_intervention_rate": 0.07894736842105263,
  "repeated_intervention_rate": 0.9210526315789473,
  "post_intervention_violation_rate": 0.7829457364341085,
  "mean_drift_after_intervention": 8.361232535526494,
  "min_predicted_distance_mean": 1.6785562545950654
}