{
  "violation_rate": 0.34,
  "collision_rate": 0.04,
  "near_miss_rate": 0.35333333333333333,
  "intervention_rate": 0.78,
  "override_success_rate": 0.5641025641025641,
  "mean_intervention_delay": 0.0,
  "operator_workload": 0.78,
  "mean_drift": 11.453409631068537,
  "p95_drift": 19.298058628584435,
  "mean_latency_ms": 1.0757178246664505,
  "risk_mean": 0.8151490212231763,
  "risk_p05": 0.24599999999986577,
  "risk_p25": 0.6561691642639194,
  "risk_p50": 1.0,
  "risk_p75": 1.0,
  "risk_p95": 1.0,
  "separation_risk_mean": 0.49664778951360505,
  "congestion_risk_mean": 0.28850622971041817,
  "speed_risk_mean": 0.9701808011100339,
  "uncertainty_risk_mean": 0.6357727539360895,
  "human_activation_count": 117,
  "cooldown_skips": 33,
  "suppressed_request_count": 33,
  "suppressed_critical_count": 0,
  "cooldown_release_count": 111,
  "critical_override_count": 111,
  "critical_trigger_rate": 0.74,
  "trigger_active_rate": 1.0,
  "confidence_mean": 0.75,
  "false_intervention_rate": 0.08547008547008547,
  "repeated_intervention_rate": 0.9316239316239316,
  "post_intervention_violation_rate": 0.38461538461538464,
  "mean_drift_after_intervention": 13.329493250297109,
  "min_predicted_distance_mean": 1.235291761534399
}