{
  "violation_rate": 0.07333333333333333,
  "collision_rate": 0.0,
  "near_miss_rate": 0.04666666666666667,
  "intervention_rate": 0.68,
  "override_success_rate": 0.8921568627450981,
  "mean_intervention_delay": 0.0,
  "operator_workload": 0.68,
  "mean_drift": 11.70062426820537,
  "p95_drift": 38.0060370891787,
  "mean_latency_ms": 0.5352988955564797,
  "risk_mean": 0.7760886838585628,
  "risk_p05": 0.24599999999981237,
  "risk_p25": 0.4185281223743875,
  "risk_p50": 1.0,
  "risk_p75": 1.0,
  "risk_p95": 1.0,
  "separation_risk_mean": 0.11150594912248775,
  "congestion_risk_mean": 0.047964153160912355,
  "speed_risk_mean": 0.9506065889869645,
  "uncertainty_risk_mean": 0.64,
  "human_activation_count": 102,
  "cooldown_skips": 33,
  "suppressed_request_count": 33,
  "suppressed_critical_count": 0,
  "cooldown_release_count": 97,
  "critical_override_count": 96,
  "critical_trigger_rate": 0.64,
  "trigger_active_rate": 0.8866666666666667,
  "confidence_mean": 0.9500000000000002,
  "false_intervention_rate": 0.12745098039215685,
  "repeated_intervention_rate": 0.9117647058823529,
  "post_intervention_violation_rate": 0.09401709401709402,
  "mean_drift_after_intervention": 15.339636144301595,
  "min_predicted_distance_mean": 5.194699922656218
}