{
  "violation_rate": 0.013333333333333334,
  "collision_rate": 0.0,
  "near_miss_rate": 0.11333333333333333,
  "intervention_rate": 0.15333333333333332,
  "override_success_rate": 0.9565217391304348,
  "mean_intervention_delay": 0.0,
  "operator_workload": 0.15333333333333332,
  "mean_drift": 8.550625855883345,
  "p95_drift": 23.897767736354414,
  "mean_latency_ms": 0.3076344195869751,
  "risk_mean": 0.3105135552923816,
  "risk_p95": 0.6478537887068988,
  "separation_risk_mean": 0.11615506768784599,
  "congestion_risk_mean": 0.06786201362646255,
  "speed_risk_mean": 0.9685218095082352,
  "uncertainty_risk_mean": 0.64,
  "human_activation_count": 23,
  "cooldown_skips": 110,
  "trigger_active_rate": 0.8866666666666667,
  "confidence_mean": 0.9500000000000002,
  "false_intervention_rate": 0.08695652173913043
}