{
  "violation_rate": 0.0,
  "collision_rate": 0.0,
  "near_miss_rate": 0.52,
  "intervention_rate": 0.7933333333333333,
  "override_success_rate": 1.0,
  "mean_intervention_delay": 0.0,
  "operator_workload": 0.7933333333333333,
  "mean_drift": 7.624677210796963,
  "p95_drift": 22.045965917386837,
  "mean_latency_ms": 0.428861981878678,
  "risk_mean": 0.8867331673282011,
  "risk_p05": 0.3781679673284111,
  "risk_p25": 1.0,
  "risk_p50": 1.0,
  "risk_p75": 1.0,
  "risk_p95": 1.0,
  "separation_risk_mean": 0.393074855885711,
  "congestion_risk_mean": 0.23953698091755748,
  "speed_risk_mean": 0.8389666205591763,
  "uncertainty_risk_mean": 0.6292451099306895,
  "human_activation_count": 119,
  "cooldown_skips": 27,
  "suppressed_request_count": 27,
  "suppressed_critical_count": 0,
  "cooldown_release_count": 115,
  "critical_override_count": 115,
  "critical_trigger_rate": 0.7666666666666667,
  "trigger_active_rate": 0.9666666666666667,
  "confidence_mean": 1.0,
  "false_intervention_rate": 0.04201680672268908,
  "repeated_intervention_rate": 0.9327731092436975,
  "post_intervention_violation_rate": 0.0,
  "mean_drift_after_intervention": 8.957017835829364,
  "min_predicted_distance_mean": 2.9476185627360887
}