{
  "violation_rate": 0.22666666666666666,
  "collision_rate": 0.006666666666666667,
  "near_miss_rate": 0.2733333333333333,
  "intervention_rate": 0.7,
  "override_success_rate": 0.6857142857142857,
  "mean_intervention_delay": 1.0,
  "operator_workload": 0.7,
  "mean_drift": 4.189994452305491,
  "p95_drift": 11.876568737558937,
  "mean_latency_ms": 0.6201450061053038,
  "risk_mean": 0.7901452199895848,
  "risk_p05": 0.2159999999999023,
  "risk_p25": 0.5732568429078055,
  "risk_p50": 1.0,
  "risk_p75": 1.0,
  "risk_p95": 1.0,
  "separation_risk_mean": 0.17617791107662056,
  "congestion_risk_mean": 0.14341238798881914,
  "speed_risk_mean": 0.7926869743483655,
  "uncertainty_risk_mean": 0.581648296625216,
  "human_activation_count": 105,
  "cooldown_skips": 45,
  "suppressed_request_count": 45,
  "suppressed_critical_count": 0,
  "cooldown_release_count": 97,
  "critical_override_count": 97,
  "critical_trigger_rate": 0.6466666666666666,
  "trigger_active_rate": 1.0,
  "confidence_mean": 0.8294559507968577,
  "false_intervention_rate": 0.10476190476190476,
  "repeated_intervention_rate": 0.8952380952380953,
  "post_intervention_violation_rate": 0.27419354838709675,
  "mean_drift_after_intervention": 5.231095886452001,
  "min_predicted_distance_mean": 4.880653606924419
}