{
  "violation_rate": 0.06,
  "collision_rate": 0.0,
  "near_miss_rate": 0.5266666666666666,
  "intervention_rate": 0.9733333333333334,
  "override_success_rate": 0.9383561643835616,
  "mean_intervention_delay": 0.0,
  "operator_workload": 0.9733333333333334,
  "mean_drift": 11.061480475493932,
  "p95_drift": 36.501762077769115,
  "mean_latency_ms": 0.48663671283672255,
  "risk_mean": 0.9798933333333317,
  "risk_p05": 1.0,
  "risk_p25": 1.0,
  "risk_p50": 1.0,
  "risk_p75": 1.0,
  "risk_p95": 1.0,
  "separation_risk_mean": 0.47651559208517674,
  "congestion_risk_mean": 0.2500318684558201,
  "speed_risk_mean": 0.7931626614244889,
  "uncertainty_risk_mean": 0.64,
  "human_activation_count": 146,
  "cooldown_skips": 0,
  "suppressed_request_count": 0,
  "suppressed_critical_count": 0,
  "cooldown_release_count": 146,
  "critical_override_count": 146,
  "critical_trigger_rate": 0.9733333333333334,
  "trigger_active_rate": 0.9733333333333334,
  "confidence_mean": 0.9500000000000002,
  "false_intervention_rate": 0.0136986301369863,
  "repeated_intervention_rate": 0.9931506849315068,
  "post_intervention_violation_rate": 0.06206896551724138,
  "mean_drift_after_intervention": 10.9872039827084,
  "min_predicted_distance_mean": 3.862293182528343
}