{
  "violation_rate": 0.06666666666666667,
  "collision_rate": 0.0,
  "near_miss_rate": 0.08666666666666667,
  "intervention_rate": 0.7133333333333334,
  "override_success_rate": 0.9065420560747663,
  "mean_intervention_delay": 0.0,
  "operator_workload": 0.7133333333333334,
  "mean_drift": 7.48868889215993,
  "p95_drift": 25.535363532729907,
  "mean_latency_ms": 0.39076443761587143,
  "risk_mean": 0.8019771282413436,
  "risk_p05": 0.21599999999987188,
  "risk_p25": 0.6183697728179123,
  "risk_p50": 1.0,
  "risk_p75": 1.0,
  "risk_p95": 1.0,
  "separation_risk_mean": 0.07664403984403767,
  "congestion_risk_mean": 0.06715094488674174,
  "speed_risk_mean": 0.7926411685658395,
  "uncertainty_risk_mean": 0.63347549589205,
  "human_activation_count": 107,
  "cooldown_skips": 43,
  "suppressed_request_count": 43,
  "suppressed_critical_count": 0,
  "cooldown_release_count": 105,
  "critical_override_count": 105,
  "critical_trigger_rate": 0.7,
  "trigger_active_rate": 1.0,
  "confidence_mean": 0.9500000000000002,
  "false_intervention_rate": 0.04672897196261682,
  "repeated_intervention_rate": 0.9626168224299065,
  "post_intervention_violation_rate": 0.08928571428571429,
  "mean_drift_after_intervention": 9.13924012125942,
  "min_predicted_distance_mean": 8.210989172631626
}