{
  "violation_rate": 0.09333333333333334,
  "collision_rate": 0.0,
  "near_miss_rate": 0.3933333333333333,
  "intervention_rate": 0.9533333333333334,
  "override_success_rate": 0.9020979020979021,
  "mean_intervention_delay": 0.0,
  "operator_workload": 0.9533333333333334,
  "mean_drift": 18.897066116870658,
  "p95_drift": 40.37105978053596,
  "mean_latency_ms": 0.5896241722318033,
  "risk_mean": 0.9648133333333305,
  "risk_p05": 1.0,
  "risk_p25": 1.0,
  "risk_p50": 1.0,
  "risk_p75": 1.0,
  "risk_p95": 1.0,
  "separation_risk_mean": 0.3656590481824888,
  "congestion_risk_mean": 0.19515023496071662,
  "speed_risk_mean": 0.9999999999995024,
  "uncertainty_risk_mean": 0.64,
  "human_activation_count": 143,
  "cooldown_skips": 0,
  "suppressed_request_count": 0,
  "suppressed_critical_count": 0,
  "cooldown_release_count": 143,
  "critical_override_count": 143,
  "critical_trigger_rate": 0.9533333333333334,
  "trigger_active_rate": 0.9533333333333334,
  "confidence_mean": 0.9500000000000002,
  "false_intervention_rate": 0.013986013986013986,
  "repeated_intervention_rate": 0.993006993006993,
  "post_intervention_violation_rate": 0.09859154929577464,
  "mean_drift_after_intervention": 18.943914767120397,
  "min_predicted_distance_mean": 5.079797097675429
}