{
  "violation_rate": 0.7266666666666667,
  "collision_rate": 0.0,
  "near_miss_rate": 0.006666666666666667,
  "intervention_rate": 0.8,
  "override_success_rate": 0.09166666666666666,
  "mean_intervention_delay": 10.0,
  "operator_workload": 0.8,
  "mean_drift": 15.553449535017899,
  "p95_drift": 57.22972322628325,
  "mean_latency_ms": 2.2742610657587647,
  "risk_mean": 0.8493376616525439,
  "risk_p05": 0.2459999999998843,
  "risk_p25": 1.0,
  "risk_p50": 1.0,
  "risk_p75": 1.0,
  "risk_p95": 1.0,
  "separation_risk_mean": 0.05408489063950879,
  "congestion_risk_mean": 0.0346236740094564,
  "speed_risk_mean": 0.9856132582676899,
  "uncertainty_risk_mean": 0.64,
  "human_activation_count": 120,
  "cooldown_skips": 30,
  "suppressed_request_count": 30,
  "suppressed_critical_count": 0,
  "cooldown_release_count": 114,
  "critical_override_count": 114,
  "critical_trigger_rate": 0.76,
  "trigger_active_rate": 1.0,
  "confidence_mean": 0.2928548152598256,
  "false_intervention_rate": 0.09166666666666666,
  "repeated_intervention_rate": 0.9416666666666667,
  "post_intervention_violation_rate": 0.8320610687022901,
  "mean_drift_after_intervention": 17.913186179048772,
  "min_predicted_distance_mean": 5.427343346823451
}