{
  "violation_rate": 0.06666666666666667,
  "collision_rate": 0.0,
  "near_miss_rate": 0.03333333333333333,
  "intervention_rate": 0.7666666666666667,
  "override_success_rate": 0.9130434782608695,
  "mean_intervention_delay": 0.0,
  "operator_workload": 0.7666666666666667,
  "mean_drift": 14.654535991035514,
  "p95_drift": 39.20894165945711,
  "mean_latency_ms": 0.5002302979119122,
  "risk_mean": 0.8147360030893408,
  "risk_p05": 0.28348296512779353,
  "risk_p25": 0.5262820573382484,
  "risk_p50": 1.0,
  "risk_p75": 1.0,
  "risk_p95": 1.0,
  "separation_risk_mean": 0.023525484879759105,
  "congestion_risk_mean": 0.02823208937565628,
  "speed_risk_mean": 0.9594402009394605,
  "uncertainty_risk_mean": 0.9945032160571785,
  "human_activation_count": 115,
  "cooldown_skips": 35,
  "suppressed_request_count": 35,
  "suppressed_critical_count": 0,
  "cooldown_release_count": 108,
  "critical_override_count": 108,
  "critical_trigger_rate": 0.72,
  "trigger_active_rate": 1.0,
  "confidence_mean": 0.9500000000000002,
  "false_intervention_rate": 0.09565217391304348,
  "repeated_intervention_rate": 0.9304347826086956,
  "post_intervention_violation_rate": 0.078125,
  "mean_drift_after_intervention": 17.236596348813013,
  "min_predicted_distance_mean": 10.234848117509676
}