{
  "violation_rate": 0.05333333333333334,
  "collision_rate": 0.0,
  "near_miss_rate": 0.09333333333333334,
  "intervention_rate": 0.3333333333333333,
  "override_success_rate": 0.9,
  "mean_intervention_delay": 0.0,
  "operator_workload": 0.3333333333333333,
  "mean_drift": 7.487973610773547,
  "p95_drift": 25.48603170957067,
  "mean_latency_ms": 0.358986393645561,
  "risk_mean": 0.2690504064441805,
  "risk_p95": 0.6350466681367517,
  "separation_risk_mean": 0.07457404090976176,
  "congestion_risk_mean": 0.06775531053329938,
  "speed_risk_mean": 0.8237087402084654,
  "uncertainty_risk_mean": 0.633312995801287,
  "human_activation_count": 50,
  "cooldown_skips": 100,
  "trigger_active_rate": 1.0,
  "confidence_mean": 0.9500000000000002,
  "false_intervention_rate": 0.32
}