{
  "violation_rate": 0.06,
  "collision_rate": 0.0,
  "near_miss_rate": 0.13333333333333333,
  "intervention_rate": 0.16666666666666666,
  "override_success_rate": 0.72,
  "mean_intervention_delay": 0.0,
  "operator_workload": 0.16666666666666666,
  "mean_drift": 7.564987055790673,
  "p95_drift": 25.776657275561522,
  "mean_latency_ms": 0.38900387298781425,
  "risk_mean": 0.33171699503396196,
  "risk_p95": 0.6227460613914948,
  "separation_risk_mean": 0.19770370602321238,
  "congestion_risk_mean": 0.1285619814030749,
  "speed_risk_mean": 0.7653311342587098,
  "uncertainty_risk_mean": 0.6387344122262747,
  "human_activation_count": 25,
  "cooldown_skips": 125,
  "trigger_active_rate": 1.0,
  "confidence_mean": 0.75,
  "false_intervention_rate": 0.24
}