{
  "violation_rate": 0.04666666666666667,
  "collision_rate": 0.0,
  "near_miss_rate": 0.18666666666666668,
  "intervention_rate": 0.8266666666666667,
  "override_success_rate": 0.9435483870967742,
  "mean_intervention_delay": 0.0,
  "operator_workload": 0.8266666666666667,
  "mean_drift": 13.578440919374906,
  "p95_drift": 29.850933121670074,
  "mean_latency_ms": 0.5560244728500644,
  "risk_mean": 0.8692527102712025,
  "risk_p05": 0.4417618549192211,
  "risk_p25": 0.7417880135364945,
  "risk_p50": 1.0,
  "risk_p75": 1.0,
  "risk_p95": 1.0,
  "separation_risk_mean": 0.24020211165193994,
  "congestion_risk_mean": 0.14720087219041603,
  "speed_risk_mean": 0.9697560708362679,
  "uncertainty_risk_mean": 0.6358197814168217,
  "human_activation_count": 124,
  "cooldown_skips": 26,
  "suppressed_request_count": 26,
  "suppressed_critical_count": 0,
  "cooldown_release_count": 112,
  "critical_override_count": 112,
  "critical_trigger_rate": 0.7466666666666667,
  "trigger_active_rate": 1.0,
  "confidence_mean": 0.9500000000000002,
  "false_intervention_rate": 0.13709677419354838,
  "repeated_intervention_rate": 0.8790322580645161,
  "post_intervention_violation_rate": 0.04697986577181208,
  "mean_drift_after_intervention": 15.18072904345632,
  "min_predicted_distance_mean": 2.807514713921613
}