{
  "violation_rate": 0.0,
  "collision_rate": 0.0,
  "near_miss_rate": 0.5133333333333333,
  "intervention_rate": 0.8666666666666667,
  "override_success_rate": 1.0,
  "mean_intervention_delay": 0.0,
  "operator_workload": 0.8666666666666667,
  "mean_drift": 7.587152973829238,
  "p95_drift": 22.06049346783022,
  "mean_latency_ms": 0.5515236702437202,
  "risk_mean": 0.9214087201336596,
  "risk_p05": 0.4478530188446118,
  "risk_p25": 1.0,
  "risk_p50": 1.0,
  "risk_p75": 1.0,
  "risk_p95": 1.0,
  "separation_risk_mean": 0.388025915479105,
  "congestion_risk_mean": 0.23627988163742775,
  "speed_risk_mean": 0.8391936843577458,
  "uncertainty_risk_mean": 0.6290518403920841,
  "human_activation_count": 130,
  "cooldown_skips": 20,
  "suppressed_request_count": 20,
  "suppressed_critical_count": 0,
  "cooldown_release_count": 128,
  "critical_override_count": 128,
  "critical_trigger_rate": 0.8533333333333334,
  "trigger_active_rate": 1.0,
  "confidence_mean": 1.0,
  "false_intervention_rate": 0.09230769230769231,
  "repeated_intervention_rate": 0.9230769230769231,
  "post_intervention_violation_rate": 0.0,
  "mean_drift_after_intervention": 8.375817881797971,
  "min_predicted_distance_mean": 2.9530178341002187
}