{
  "violation_rate": 0.06,
  "collision_rate": 0.006666666666666667,
  "near_miss_rate": 0.16,
  "intervention_rate": 0.7866666666666666,
  "override_success_rate": 0.923728813559322,
  "mean_intervention_delay": 0.0,
  "operator_workload": 0.7866666666666666,
  "mean_drift": 11.77577020605668,
  "p95_drift": 41.62733120629812,
  "mean_latency_ms": 0.43375472305342555,
  "risk_mean": 0.8855771321224133,
  "risk_p05": 0.4317926264659989,
  "risk_p25": 1.0,
  "risk_p50": 1.0,
  "risk_p75": 1.0,
  "risk_p95": 1.0,
  "separation_risk_mean": 0.19886260698437425,
  "congestion_risk_mean": 0.12121423093894611,
  "speed_risk_mean": 0.6927930743396509,
  "uncertainty_risk_mean": 0.6389644975348836,
  "human_activation_count": 118,
  "cooldown_skips": 32,
  "suppressed_request_count": 32,
  "suppressed_critical_count": 0,
  "cooldown_release_count": 113,
  "critical_override_count": 113,
  "critical_trigger_rate": 0.7533333333333333,
  "trigger_active_rate": 1.0,
  "confidence_mean": 0.9500000000000002,
  "false_intervention_rate": 0.06779661016949153,
  "repeated_intervention_rate": 0.923728813559322,
  "post_intervention_violation_rate": 0.06818181818181818,
  "mean_drift_after_intervention": 13.448987815087431,
  "min_predicted_distance_mean": 3.190740149446027
}