{
  "violation_rate": 0.07333333333333333,
  "collision_rate": 0.006666666666666667,
  "near_miss_rate": 0.44,
  "intervention_rate": 0.7,
  "override_success_rate": 0.8952380952380953,
  "mean_intervention_delay": 0.0,
  "operator_workload": 0.7,
  "mean_drift": 5.2104244808647975,
  "p95_drift": 16.176746652702032,
  "mean_latency_ms": 0.4314744526830812,
  "risk_mean": 0.8002563093093739,
  "risk_p05": 0.21599999999988523,
  "risk_p25": 0.6189874995015626,
  "risk_p50": 1.0,
  "risk_p75": 1.0,
  "risk_p95": 1.0,
  "separation_risk_mean": 0.22789281702619718,
  "congestion_risk_mean": 0.1821199280851879,
  "speed_risk_mean": 0.7911497578368397,
  "uncertainty_risk_mean": 0.5855672777973294,
  "human_activation_count": 105,
  "cooldown_skips": 18,
  "suppressed_request_count": 18,
  "suppressed_critical_count": 0,
  "cooldown_release_count": 102,
  "critical_override_count": 102,
  "critical_trigger_rate": 0.68,
  "trigger_active_rate": 0.82,
  "confidence_mean": 0.9500000000000002,
  "false_intervention_rate": 0.05714285714285714,
  "repeated_intervention_rate": 0.9428571428571428,
  "post_intervention_violation_rate": 0.09734513274336283,
  "mean_drift_after_intervention": 6.549021245953871,
  "min_predicted_distance_mean": 5.307382118399767
}