{
  "violation_rate": 0.0,
  "collision_rate": 0.0,
  "near_miss_rate": 0.05333333333333334,
  "intervention_rate": 0.7933333333333333,
  "override_success_rate": 1.0,
  "mean_intervention_delay": 0.0,
  "operator_workload": 0.7933333333333333,
  "mean_drift": 13.623263718181146,
  "p95_drift": 35.65097053697226,
  "mean_latency_ms": 0.46316971924776834,
  "risk_mean": 0.8478000758992464,
  "risk_p05": 0.22101564652064204,
  "risk_p25": 1.0,
  "risk_p50": 1.0,
  "risk_p75": 1.0,
  "risk_p95": 1.0,
  "separation_risk_mean": 0.1154277047340746,
  "congestion_risk_mean": 0.07553340999426819,
  "speed_risk_mean": 0.9142400511527667,
  "uncertainty_risk_mean": 0.639763100417803,
  "human_activation_count": 119,
  "cooldown_skips": 5,
  "suppressed_request_count": 5,
  "suppressed_critical_count": 0,
  "cooldown_release_count": 119,
  "critical_override_count": 119,
  "critical_trigger_rate": 0.7933333333333333,
  "trigger_active_rate": 0.82,
  "confidence_mean": 1.0,
  "false_intervention_rate": 0.03361344537815126,
  "repeated_intervention_rate": 0.9831932773109243,
  "post_intervention_violation_rate": 0.0,
  "mean_drift_after_intervention": 15.129850667859035,
  "min_predicted_distance_mean": 4.595359435255526
}