{
  "violation_rate": 0.04,
  "collision_rate": 0.0,
  "near_miss_rate": 0.013333333333333334,
  "intervention_rate": 0.7466666666666667,
  "override_success_rate": 0.9464285714285714,
  "mean_intervention_delay": 0.0,
  "operator_workload": 0.7466666666666667,
  "mean_drift": 9.350003604498701,
  "p95_drift": 20.4449957547806,
  "mean_latency_ms": 0.39278131366396946,
  "risk_mean": 0.8055360094224949,
  "risk_p05": 0.21599999999989855,
  "risk_p25": 0.5081315448626752,
  "risk_p50": 1.0,
  "risk_p75": 1.0,
  "risk_p95": 1.0,
  "separation_risk_mean": 0.02478426920743292,
  "congestion_risk_mean": 0.017004571912409824,
  "speed_risk_mean": 0.8571181995947362,
  "uncertainty_risk_mean": 0.64,
  "human_activation_count": 112,
  "cooldown_skips": 38,
  "suppressed_request_count": 38,
  "suppressed_critical_count": 0,
  "cooldown_release_count": 110,
  "critical_override_count": 110,
  "critical_trigger_rate": 0.7333333333333333,
  "trigger_active_rate": 1.0,
  "confidence_mean": 0.9500000000000002,
  "false_intervention_rate": 0.03571428571428571,
  "repeated_intervention_rate": 0.9732142857142857,
  "post_intervention_violation_rate": 0.05217391304347826,
  "mean_drift_after_intervention": 11.210901694770362,
  "min_predicted_distance_mean": 12.714916727864198
}