{
  "violation_rate": 0.03333333333333333,
  "collision_rate": 0.0,
  "near_miss_rate": 0.02,
  "intervention_rate": 0.7666666666666667,
  "override_success_rate": 0.9565217391304348,
  "mean_intervention_delay": 0.0,
  "operator_workload": 0.7666666666666667,
  "mean_drift": 12.39951343578447,
  "p95_drift": 26.509586328840108,
  "mean_latency_ms": 0.380844979857405,
  "risk_mean": 0.8135305176618937,
  "risk_p05": 0.29824168708986937,
  "risk_p25": 0.5374575960892494,
  "risk_p50": 1.0,
  "risk_p75": 1.0,
  "risk_p95": 1.0,
  "separation_risk_mean": 0.02820443480201287,
  "congestion_risk_mean": 0.02388470701295025,
  "speed_risk_mean": 0.9642357780319741,
  "uncertainty_risk_mean": 1.0,
  "human_activation_count": 115,
  "cooldown_skips": 35,
  "suppressed_request_count": 35,
  "suppressed_critical_count": 0,
  "cooldown_release_count": 107,
  "critical_override_count": 107,
  "critical_trigger_rate": 0.7133333333333334,
  "trigger_active_rate": 1.0,
  "confidence_mean": 0.9500000000000002,
  "false_intervention_rate": 0.0782608695652174,
  "repeated_intervention_rate": 0.9304347826086956,
  "post_intervention_violation_rate": 0.0390625,
  "mean_drift_after_intervention": 14.320479183955579,
  "min_predicted_distance_mean": 11.351968073719528
}