{
  "violation_rate": 0.03333333333333333,
  "collision_rate": 0.0,
  "near_miss_rate": 0.07333333333333333,
  "intervention_rate": 0.72,
  "override_success_rate": 0.9537037037037037,
  "mean_intervention_delay": 0.0,
  "operator_workload": 0.72,
  "mean_drift": 7.023798530362283,
  "p95_drift": 16.959404062061626,
  "mean_latency_ms": 0.47958611821134883,
  "risk_mean": 0.8093387415956198,
  "risk_p05": 0.21599999999987732,
  "risk_p25": 0.5728233228889351,
  "risk_p50": 1.0,
  "risk_p75": 1.0,
  "risk_p95": 1.0,
  "separation_risk_mean": 0.0731290043865313,
  "congestion_risk_mean": 0.049685057205896686,
  "speed_risk_mean": 0.8906710908788588,
  "uncertainty_risk_mean": 0.6333209310036702,
  "human_activation_count": 108,
  "cooldown_skips": 30,
  "suppressed_request_count": 30,
  "suppressed_critical_count": 0,
  "cooldown_release_count": 106,
  "critical_override_count": 106,
  "critical_trigger_rate": 0.7066666666666667,
  "trigger_active_rate": 0.8666666666666667,
  "confidence_mean": 0.9500000000000002,
  "false_intervention_rate": 0.06481481481481481,
  "repeated_intervention_rate": 0.9629629629629629,
  "post_intervention_violation_rate": 0.04424778761061947,
  "mean_drift_after_intervention": 8.783825878858945,
  "min_predicted_distance_mean": 7.08537000291725
}