{
  "violation_rate": 0.12666666666666668,
  "collision_rate": 0.0,
  "near_miss_rate": 0.7533333333333333,
  "intervention_rate": 0.9733333333333334,
  "override_success_rate": 0.8698630136986302,
  "mean_intervention_delay": 0.0,
  "operator_workload": 0.9733333333333334,
  "mean_drift": 21.58189112637121,
  "p95_drift": 79.33061054806984,
  "mean_latency_ms": 1.2417630789180596,
  "risk_mean": 0.9798933333333318,
  "risk_p05": 1.0,
  "risk_p25": 1.0,
  "risk_p50": 1.0,
  "risk_p75": 1.0,
  "risk_p95": 1.0,
  "separation_risk_mean": 0.38644737187768796,
  "congestion_risk_mean": 0.2695256628820195,
  "speed_risk_mean": 0.8779085735997524,
  "uncertainty_risk_mean": 0.64,
  "human_activation_count": 146,
  "cooldown_skips": 0,
  "suppressed_request_count": 0,
  "suppressed_critical_count": 0,
  "cooldown_release_count": 146,
  "critical_override_count": 146,
  "critical_trigger_rate": 0.9733333333333334,
  "trigger_active_rate": 0.9733333333333334,
  "confidence_mean": 0.9500000000000002,
  "false_intervention_rate": 0.0136986301369863,
  "repeated_intervention_rate": 0.9931506849315068,
  "post_intervention_violation_rate": 0.1310344827586207,
  "mean_drift_after_intervention": 21.66128667620381,
  "min_predicted_distance_mean": 5.095799738889615
}