{
  "violation_rate": 0.0,
  "collision_rate": 0.0,
  "near_miss_rate": 0.38666666666666666,
  "intervention_rate": 0.08666666666666667,
  "override_success_rate": 1.0,
  "mean_intervention_delay": 0.0,
  "operator_workload": 0.08666666666666667,
  "mean_drift": 9.620858749865416,
  "p95_drift": 19.65443693224263,
  "mean_latency_ms": 1.0581555335860078,
  "risk_mean": 0.45338901408470744,
  "risk_p95": 0.6744999999999772,
  "separation_risk_mean": 0.35776552504286246,
  "congestion_risk_mean": 0.2190094468836187,
  "speed_risk_mean": 0.9522009444357585,
  "uncertainty_risk_mean": 0.6320801628610062,
  "human_activation_count": 13,
  "cooldown_skips": 61,
  "trigger_active_rate": 0.46,
  "confidence_mean": 0.9500000000000002,
  "false_intervention_rate": 0.07692307692307693
}