{
  "violation_rate": 0.3,
  "collision_rate": 0.006666666666666667,
  "near_miss_rate": 0.26,
  "intervention_rate": 0.7533333333333333,
  "override_success_rate": 0.6017699115044248,
  "mean_intervention_delay": 0.0,
  "operator_workload": 0.7533333333333333,
  "mean_drift": 10.792345445939288,
  "p95_drift": 39.23374217009811,
  "mean_latency_ms": 0.7802850163231293,
  "risk_mean": 0.8449714699940526,
  "risk_p05": 0.3674942747394535,
  "risk_p25": 0.6378708134929564,
  "risk_p50": 1.0,
  "risk_p75": 1.0,
  "risk_p95": 1.0,
  "separation_risk_mean": 0.1973369232979068,
  "congestion_risk_mean": 0.14290178302455028,
  "speed_risk_mean": 0.5505426329947064,
  "uncertainty_risk_mean": 0.6194023461018482,
  "human_activation_count": 113,
  "cooldown_skips": 37,
  "suppressed_request_count": 37,
  "suppressed_critical_count": 0,
  "cooldown_release_count": 107,
  "critical_override_count": 107,
  "critical_trigger_rate": 0.7133333333333334,
  "trigger_active_rate": 0.98,
  "confidence_mean": 0.75,
  "false_intervention_rate": 0.07079646017699115,
  "repeated_intervention_rate": 0.8938053097345132,
  "post_intervention_violation_rate": 0.3384615384615385,
  "mean_drift_after_intervention": 12.739300352184744,
  "min_predicted_distance_mean": 4.051856926423767
}