{
  "violation_rate": 0.06,
  "collision_rate": 0.0,
  "near_miss_rate": 0.6733333333333333,
  "intervention_rate": 0.9266666666666666,
  "override_success_rate": 0.935251798561151,
  "mean_intervention_delay": 0.0,
  "operator_workload": 0.9266666666666666,
  "mean_drift": 6.701952734171021,
  "p95_drift": 20.97823774526212,
  "mean_latency_ms": 0.6434625154361129,
  "risk_mean": 0.953106782443809,
  "risk_p05": 0.5503399756238645,
  "risk_p25": 1.0,
  "risk_p50": 1.0,
  "risk_p75": 1.0,
  "risk_p95": 1.0,
  "separation_risk_mean": 0.5751611619931433,
  "congestion_risk_mean": 0.3147970232076176,
  "speed_risk_mean": 0.8003782038142845,
  "uncertainty_risk_mean": 0.6343976633185245,
  "human_activation_count": 139,
  "cooldown_skips": 11,
  "suppressed_request_count": 11,
  "suppressed_critical_count": 0,
  "cooldown_release_count": 134,
  "critical_override_count": 134,
  "critical_trigger_rate": 0.8933333333333333,
  "trigger_active_rate": 1.0,
  "confidence_mean": 0.9500000000000002,
  "false_intervention_rate": 0.10071942446043165,
  "repeated_intervention_rate": 0.9424460431654677,
  "post_intervention_violation_rate": 0.06040268456375839,
  "mean_drift_after_intervention": 7.0029893109953445,
  "min_predicted_distance_mean": 1.0578376453588436
}