{
  "violation_rate": 0.8933333333333333,
  "collision_rate": 0.37333333333333335,
  "near_miss_rate": 0.56,
  "intervention_rate": 1.0,
  "override_success_rate": 0.10666666666666667,
  "mean_intervention_delay": 5.0,
  "operator_workload": 1.0,
  "mean_drift": 13.815407768700485,
  "p95_drift": 39.71046038525693,
  "mean_latency_ms": 2.251413057092577,
  "risk_mean": 1.0,
  "risk_p05": 1.0,
  "risk_p25": 1.0,
  "risk_p50": 1.0,
  "risk_p75": 1.0,
  "risk_p95": 1.0,
  "separation_risk_mean": 0.739748086766261,
  "congestion_risk_mean": 0.4460915531030464,
  "speed_risk_mean": 0.5756801285132969,
  "uncertainty_risk_mean": 0.6361516985808489,
  "human_activation_count": 150,
  "cooldown_skips": 0,
  "suppressed_request_count": 0,
  "suppressed_critical_count": 0,
  "cooldown_release_count": 150,
  "critical_override_count": 150,
  "critical_trigger_rate": 1.0,
  "trigger_active_rate": 1.0,
  "confidence_mean": 0.3494854691128703,
  "false_intervention_rate": 0.0,
  "repeated_intervention_rate": 0.9933333333333333,
  "post_intervention_violation_rate": 0.8926174496644296,
  "mean_drift_after_intervention": 13.815407768700485,
  "min_predicted_distance_mean": 0.3775449535876468
}