{
  "violation_rate": 0.0,
  "collision_rate": 0.0,
  "near_miss_rate": 0.52,
  "intervention_rate": 0.7266666666666667,
  "override_success_rate": 1.0,
  "mean_intervention_delay": 0.0,
  "operator_workload": 0.7266666666666667,
  "mean_drift": 3.2237305619892775,
  "p95_drift": 12.645115953976964,
  "mean_latency_ms": 0.3716830707465609,
  "risk_mean": 0.8269872294219315,
  "risk_p05": 0.24599999999981786,
  "risk_p25": 0.6286750560418382,
  "risk_p50": 1.0,
  "risk_p75": 1.0,
  "risk_p95": 1.0,
  "separation_risk_mean": 0.20817705676485454,
  "congestion_risk_mean": 0.17303484375810535,
  "speed_risk_mean": 0.8166757727903778,
  "uncertainty_risk_mean": 0.578170129485922,
  "human_activation_count": 109,
  "cooldown_skips": 41,
  "suppressed_request_count": 41,
  "suppressed_critical_count": 0,
  "cooldown_release_count": 102,
  "critical_override_count": 102,
  "critical_trigger_rate": 0.68,
  "trigger_active_rate": 1.0,
  "confidence_mean": 1.0,
  "false_intervention_rate": 0.09174311926605505,
  "repeated_intervention_rate": 0.8899082568807339,
  "post_intervention_violation_rate": 0.0,
  "mean_drift_after_intervention": 3.849891768431633,
  "min_predicted_distance_mean": 5.692810224455111
}