{
  "violation_rate": 0.17333333333333334,
  "collision_rate": 0.013333333333333334,
  "near_miss_rate": 0.3,
  "intervention_rate": 0.16666666666666666,
  "override_success_rate": 0.32,
  "mean_intervention_delay": 10.0,
  "operator_workload": 0.16666666666666666,
  "mean_drift": 13.7769851424287,
  "p95_drift": 28.87807626403093,
  "mean_latency_ms": 0.6930358734098263,
  "risk_mean": 0.3184152346384261,
  "risk_p95": 0.7680423374628865,
  "separation_risk_mean": 0.12533215443187665,
  "congestion_risk_mean": 0.10326012487044728,
  "speed_risk_mean": 0.934671559509799,
  "uncertainty_risk_mean": 0.64,
  "human_activation_count": 25,
  "cooldown_skips": 125,
  "trigger_active_rate": 1.0,
  "confidence_mean": 0.8130947531791306,
  "false_intervention_rate": 0.12
}