{
  "violation_rate": 0.0,
  "collision_rate": 0.0,
  "near_miss_rate": 0.35333333333333333,
  "intervention_rate": 0.16666666666666666,
  "override_success_rate": 1.0,
  "mean_intervention_delay": 0.0,
  "operator_workload": 0.16666666666666666,
  "mean_drift": 14.710409041111777,
  "p95_drift": 25.595938165456225,
  "mean_latency_ms": 0.40685586699207005,
  "risk_mean": 0.46676445554304524,
  "risk_p95": 0.6618239680033178,
  "separation_risk_mean": 0.3777964961256936,
  "congestion_risk_mean": 0.21259837600003567,
  "speed_risk_mean": 0.984042921909828,
  "uncertainty_risk_mean": 0.64,
  "human_activation_count": 25,
  "cooldown_skips": 125,
  "trigger_active_rate": 1.0,
  "confidence_mean": 0.9500000000000002,
  "false_intervention_rate": 0.24
}