{
  "violation_rate": 0.0,
  "collision_rate": 0.0,
  "near_miss_rate": 0.02,
  "intervention_rate": 0.16666666666666666,
  "override_success_rate": 1.0,
  "mean_intervention_delay": 0.0,
  "operator_workload": 0.16666666666666666,
  "mean_drift": 9.45520260829642,
  "p95_drift": 24.036941342353625,
  "mean_latency_ms": 0.2139714325312525,
  "risk_mean": 0.26779390827928384,
  "risk_p95": 0.522631003750411,
  "separation_risk_mean": 0.05556347243916598,
  "congestion_risk_mean": 0.05340029977535308,
  "speed_risk_mean": 0.8905272727396585,
  "uncertainty_risk_mean": 0.6390745321791474,
  "human_activation_count": 25,
  "cooldown_skips": 125,
  "trigger_active_rate": 1.0,
  "confidence_mean": 1.0,
  "false_intervention_rate": 0.32
}