{
  "violation_rate": 0.03333333333333333,
  "collision_rate": 0.0,
  "near_miss_rate": 0.0,
  "intervention_rate": 0.8866666666666667,
  "override_success_rate": 0.9624060150375939,
  "mean_intervention_delay": 0.0,
  "operator_workload": 0.8866666666666667,
  "mean_drift": 9.968656139073522,
  "p95_drift": 23.731830026411455,
  "mean_latency_ms": 0.3783555196908613,
  "risk_mean": 0.9142530380087929,
  "risk_p05": 0.24599999999993594,
  "risk_p25": 1.0,
  "risk_p50": 1.0,
  "risk_p75": 1.0,
  "risk_p95": 1.0,
  "separation_risk_mean": 0.001436484155758934,
  "congestion_risk_mean": 0.0018416225277463612,
  "speed_risk_mean": 0.9239628421670742,
  "uncertainty_risk_mean": 0.64,
  "human_activation_count": 133,
  "cooldown_skips": 5,
  "suppressed_request_count": 5,
  "suppressed_critical_count": 0,
  "cooldown_release_count": 133,
  "critical_override_count": 133,
  "critical_trigger_rate": 0.8866666666666667,
  "trigger_active_rate": 0.92,
  "confidence_mean": 0.9500000000000002,
  "false_intervention_rate": 0.015037593984962405,
  "repeated_intervention_rate": 0.9624060150375939,
  "post_intervention_violation_rate": 0.0364963503649635,
  "mean_drift_after_intervention": 9.595297855697309,
  "min_predicted_distance_mean": 8.604687970950554
}