{
  "violation_rate": 0.02666666666666667,
  "collision_rate": 0.0,
  "near_miss_rate": 0.3,
  "intervention_rate": 0.8066666666666666,
  "override_success_rate": 0.9669421487603306,
  "mean_intervention_delay": 0.0,
  "operator_workload": 0.8066666666666666,
  "mean_drift": 14.89182681148005,
  "p95_drift": 32.08377260156817,
  "mean_latency_ms": 0.5030381159546474,
  "risk_mean": 0.9203214774696187,
  "risk_p05": 0.6176213083236183,
  "risk_p25": 1.0,
  "risk_p50": 1.0,
  "risk_p75": 1.0,
  "risk_p95": 1.0,
  "separation_risk_mean": 0.1910032781523072,
  "congestion_risk_mean": 0.14343352528777079,
  "speed_risk_mean": 0.9796477149213259,
  "uncertainty_risk_mean": 0.6395059469916106,
  "human_activation_count": 121,
  "cooldown_skips": 29,
  "suppressed_request_count": 29,
  "suppressed_critical_count": 0,
  "cooldown_release_count": 115,
  "critical_override_count": 115,
  "critical_trigger_rate": 0.7666666666666667,
  "trigger_active_rate": 1.0,
  "confidence_mean": 0.9500000000000002,
  "false_intervention_rate": 0.049586776859504134,
  "repeated_intervention_rate": 0.9421487603305785,
  "post_intervention_violation_rate": 0.030303030303030304,
  "mean_drift_after_intervention": 17.032903599464884,
  "min_predicted_distance_mean": 6.2819149614042695
}