{
  "violation_rate": 0.12,
  "collision_rate": 0.0,
  "near_miss_rate": 0.2733333333333333,
  "intervention_rate": 0.16666666666666666,
  "override_success_rate": 0.6,
  "mean_intervention_delay": 5.0,
  "operator_workload": 0.16666666666666666,
  "mean_drift": 15.021082226820916,
  "p95_drift": 32.54695738267515,
  "mean_latency_ms": 1.0344752930298757,
  "risk_mean": 0.35609579727088353,
  "risk_p95": 0.7600649754173086,
  "separation_risk_mean": 0.1744142984208826,
  "congestion_risk_mean": 0.13529371280657285,
  "speed_risk_mean": 0.985733618207344,
  "uncertainty_risk_mean": 0.6395059469916106,
  "human_activation_count": 25,
  "cooldown_skips": 125,
  "trigger_active_rate": 1.0,
  "confidence_mean": 0.8499142448521452,
  "false_intervention_rate": 0.16
}