{
  "violation_rate": 0.6666666666666666,
  "collision_rate": 0.0,
  "near_miss_rate": 0.02,
  "intervention_rate": 0.7933333333333333,
  "override_success_rate": 0.15966386554621848,
  "mean_intervention_delay": 0.0,
  "operator_workload": 0.7933333333333333,
  "mean_drift": 15.417053347581154,
  "p95_drift": 50.501130001123684,
  "mean_latency_ms": 1.8790294594752293,
  "risk_mean": 0.8374987687720773,
  "risk_p05": 0.21917696453949462,
  "risk_p25": 1.0,
  "risk_p50": 1.0,
  "risk_p75": 1.0,
  "risk_p95": 1.0,
  "separation_risk_mean": 0.05572230350187334,
  "congestion_risk_mean": 0.04130980559433727,
  "speed_risk_mean": 0.8908270386429327,
  "uncertainty_risk_mean": 0.639763100417803,
  "human_activation_count": 119,
  "cooldown_skips": 15,
  "suppressed_request_count": 15,
  "suppressed_critical_count": 0,
  "cooldown_release_count": 117,
  "critical_override_count": 117,
  "critical_trigger_rate": 0.78,
  "trigger_active_rate": 0.8933333333333333,
  "confidence_mean": 0.5,
  "false_intervention_rate": 0.05042016806722689,
  "repeated_intervention_rate": 0.9663865546218487,
  "post_intervention_violation_rate": 0.8064516129032258,
  "mean_drift_after_intervention": 17.45521397924619,
  "min_predicted_distance_mean": 4.584205389014489
}