{
  "violation_rate": 0.006666666666666667,
  "collision_rate": 0.006666666666666667,
  "near_miss_rate": 0.82,
  "intervention_rate": 0.05333333333333334,
  "override_success_rate": 0.875,
  "mean_intervention_delay": 0.0,
  "operator_workload": 0.05333333333333334,
  "mean_drift": 16.07278350862258,
  "p95_drift": 48.77971068618257,
  "mean_latency_ms": 0.593186666277082,
  "risk_mean": 0.6022056745552257,
  "risk_p95": 0.6744999999999829,
  "separation_risk_mean": 0.6126134739652336,
  "congestion_risk_mean": 0.34188602690029,
  "speed_risk_mean": 0.9728450968158944,
  "uncertainty_risk_mean": 0.6342089334894266,
  "human_activation_count": 8,
  "cooldown_skips": 142,
  "trigger_active_rate": 1.0,
  "confidence_mean": 0.9500000000000002,
  "false_intervention_rate": 0.25
}