{
  "violation_rate": 0.0,
  "collision_rate": 0.0,
  "near_miss_rate": 0.02,
  "intervention_rate": 0.3333333333333333,
  "override_success_rate": 1.0,
  "mean_intervention_delay": 0.0,
  "operator_workload": 0.3333333333333333,
  "mean_drift": 8.922733996247555,
  "p95_drift": 28.434609093280688,
  "mean_latency_ms": 0.5336380455022057,
  "risk_mean": 0.26529028480714273,
  "risk_p95": 0.367622405711988,
  "separation_risk_mean": 0.04303925527048847,
  "congestion_risk_mean": 0.029486472119343896,
  "speed_risk_mean": 0.952252112651507,
  "uncertainty_risk_mean": 0.6380879000524062,
  "human_activation_count": 50,
  "cooldown_skips": 100,
  "trigger_active_rate": 1.0,
  "confidence_mean": 0.9500000000000002,
  "false_intervention_rate": 0.32
}