{
  "violation_rate": 0.08,
  "collision_rate": 0.0,
  "near_miss_rate": 0.06,
  "intervention_rate": 0.68,
  "override_success_rate": 0.8823529411764706,
  "mean_intervention_delay": 0.0,
  "operator_workload": 0.68,
  "mean_drift": 7.131737952615128,
  "p95_drift": 17.861984292201473,
  "mean_latency_ms": 0.42853139030436677,
  "risk_mean": 0.7890960340422437,
  "risk_p05": 0.21599999999986616,
  "risk_p25": 0.5269684739795834,
  "risk_p50": 1.0,
  "risk_p75": 1.0,
  "risk_p95": 1.0,
  "separation_risk_mean": 0.063921890923038,
  "congestion_risk_mean": 0.0462722452311079,
  "speed_risk_mean": 0.8903512716544306,
  "uncertainty_risk_mean": 0.6334193739856191,
  "human_activation_count": 102,
  "cooldown_skips": 0,
  "suppressed_request_count": 0,
  "suppressed_critical_count": 0,
  "cooldown_release_count": 102,
  "critical_override_count": 102,
  "critical_trigger_rate": 0.68,
  "trigger_active_rate": 0.68,
  "confidence_mean": 0.9500000000000002,
  "false_intervention_rate": 0.0196078431372549,
  "repeated_intervention_rate": 0.9901960784313726,
  "post_intervention_violation_rate": 0.1188118811881188,
  "mean_drift_after_intervention": 9.296562665680264,
  "min_predicted_distance_mean": 7.394349238301934
}