{
  "violation_rate": 0.013333333333333334,
  "collision_rate": 0.0,
  "near_miss_rate": 0.3466666666666667,
  "intervention_rate": 0.15333333333333332,
  "override_success_rate": 0.9565217391304348,
  "mean_intervention_delay": 0.0,
  "operator_workload": 0.15333333333333332,
  "mean_drift": 9.537888962762153,
  "p95_drift": 21.973562729569355,
  "mean_latency_ms": 0.357193347493497,
  "risk_mean": 0.39578378818410714,
  "risk_p95": 0.6744999999999609,
  "separation_risk_mean": 0.2809250111548236,
  "congestion_risk_mean": 0.15146534564116224,
  "speed_risk_mean": 0.9033413116943071,
  "uncertainty_risk_mean": 0.64,
  "human_activation_count": 23,
  "cooldown_skips": 110,
  "trigger_active_rate": 0.8866666666666667,
  "confidence_mean": 0.9500000000000002,
  "false_intervention_rate": 0.043478260869565216
}