{
  "violation_rate": 0.04,
  "collision_rate": 0.006666666666666667,
  "near_miss_rate": 0.24,
  "intervention_rate": 0.76,
  "override_success_rate": 0.9473684210526315,
  "mean_intervention_delay": 0.0,
  "operator_workload": 0.76,
  "mean_drift": 5.97823266254601,
  "p95_drift": 22.425363837878695,
  "mean_latency_ms": 0.4919258163621028,
  "risk_mean": 0.8504991382156656,
  "risk_p05": 0.3180942297797696,
  "risk_p25": 1.0,
  "risk_p50": 1.0,
  "risk_p75": 1.0,
  "risk_p95": 1.0,
  "separation_risk_mean": 0.4945799870383032,
  "congestion_risk_mean": 0.25942835565914574,
  "speed_risk_mean": 0.5895971000673971,
  "uncertainty_risk_mean": 0.6328107985847483,
  "human_activation_count": 114,
  "cooldown_skips": 21,
  "suppressed_request_count": 21,
  "suppressed_critical_count": 0,
  "cooldown_release_count": 113,
  "critical_override_count": 113,
  "critical_trigger_rate": 0.7533333333333333,
  "trigger_active_rate": 0.84,
  "confidence_mean": 0.9500000000000002,
  "false_intervention_rate": 0.07017543859649122,
  "repeated_intervention_rate": 0.9473684210526315,
  "post_intervention_violation_rate": 0.04878048780487805,
  "mean_drift_after_intervention": 6.735823534533597,
  "min_predicted_distance_mean": 1.5887039216467949
}