{
  "violation_rate": 0.26666666666666666,
  "collision_rate": 0.0,
  "near_miss_rate": 0.46,
  "intervention_rate": 0.78,
  "override_success_rate": 0.6581196581196581,
  "mean_intervention_delay": 1.0,
  "operator_workload": 0.78,
  "mean_drift": 12.058686846857425,
  "p95_drift": 28.07825345600621,
  "mean_latency_ms": 0.8871686287845174,
  "risk_mean": 0.8172917104351757,
  "risk_p05": 0.24599999999987462,
  "risk_p25": 0.589990103302338,
  "risk_p50": 1.0,
  "risk_p75": 1.0,
  "risk_p95": 1.0,
  "separation_risk_mean": 0.5556811974213403,
  "congestion_risk_mean": 0.3250871122654834,
  "speed_risk_mean": 0.9033857065388361,
  "uncertainty_risk_mean": 0.6321701213154951,
  "human_activation_count": 117,
  "cooldown_skips": 33,
  "suppressed_request_count": 33,
  "suppressed_critical_count": 0,
  "cooldown_release_count": 111,
  "critical_override_count": 111,
  "critical_trigger_rate": 0.74,
  "trigger_active_rate": 1.0,
  "confidence_mean": 0.8156794880307843,
  "false_intervention_rate": 0.08547008547008547,
  "repeated_intervention_rate": 0.9316239316239316,
  "post_intervention_violation_rate": 0.3076923076923077,
  "mean_drift_after_intervention": 13.823722692420692,
  "min_predicted_distance_mean": 0.9550627586427919
}