{
  "violation_rate": 0.0,
  "collision_rate": 0.0,
  "near_miss_rate": 0.04,
  "intervention_rate": 0.05333333333333334,
  "override_success_rate": 1.0,
  "mean_intervention_delay": 0.0,
  "operator_workload": 0.05333333333333334,
  "mean_drift": 15.012424390355761,
  "p95_drift": 32.71215544113572,
  "mean_latency_ms": 0.3526109063144152,
  "risk_mean": 0.2633077865810567,
  "risk_p95": 0.33053288028627537,
  "separation_risk_mean": 0.026816972789804053,
  "congestion_risk_mean": 0.030572868461424284,
  "speed_risk_mean": 0.9839795447352581,
  "uncertainty_risk_mean": 0.64,
  "human_activation_count": 8,
  "cooldown_skips": 142,
  "trigger_active_rate": 1.0,
  "confidence_mean": 0.9500000000000002,
  "false_intervention_rate": 0.125
}