{
  "violation_rate": 0.16666666666666666,
  "collision_rate": 0.006666666666666667,
  "near_miss_rate": 0.02666666666666667,
  "intervention_rate": 0.16666666666666666,
  "override_success_rate": 0.48,
  "mean_intervention_delay": 5.0,
  "operator_workload": 0.16666666666666666,
  "mean_drift": 14.649091739891222,
  "p95_drift": 36.89969111487637,
  "mean_latency_ms": 0.8180914131420044,
  "risk_mean": 0.3104568131463037,
  "risk_p95": 0.4015530466774783,
  "separation_risk_mean": 0.11540186227593371,
  "congestion_risk_mean": 0.07694327126533126,
  "speed_risk_mean": 0.9555046149542022,
  "uncertainty_risk_mean": 0.639763100417803,
  "human_activation_count": 25,
  "cooldown_skips": 125,
  "trigger_active_rate": 1.0,
  "confidence_mean": 0.8499142448521452,
  "false_intervention_rate": 0.24
}