{
  "violation_rate": 0.06666666666666667,
  "collision_rate": 0.0,
  "near_miss_rate": 0.3466666666666667,
  "intervention_rate": 0.84,
  "override_success_rate": 0.9206349206349206,
  "mean_intervention_delay": 0.0,
  "operator_workload": 0.84,
  "mean_drift": 12.345503362566244,
  "p95_drift": 29.05741617866426,
  "mean_latency_ms": 0.477529716057082,
  "risk_mean": 0.823786470767676,
  "risk_p05": 0.24599999999988767,
  "risk_p25": 1.0,
  "risk_p50": 1.0,
  "risk_p75": 1.0,
  "risk_p95": 1.0,
  "separation_risk_mean": 0.1838770274215117,
  "congestion_risk_mean": 0.16800140412666156,
  "speed_risk_mean": 0.9646412684631513,
  "uncertainty_risk_mean": 0.6379323874773102,
  "human_activation_count": 126,
  "cooldown_skips": 24,
  "suppressed_request_count": 24,
  "suppressed_critical_count": 0,
  "cooldown_release_count": 113,
  "critical_override_count": 113,
  "critical_trigger_rate": 0.7533333333333333,
  "trigger_active_rate": 1.0,
  "confidence_mean": 0.9500000000000002,
  "false_intervention_rate": 0.11904761904761904,
  "repeated_intervention_rate": 0.8968253968253969,
  "post_intervention_violation_rate": 0.06711409395973154,
  "mean_drift_after_intervention": 13.424613724996059,
  "min_predicted_distance_mean": 5.169440602432052
}