{
  "violation_rate": 0.28,
  "collision_rate": 0.006666666666666667,
  "near_miss_rate": 0.07333333333333333,
  "intervention_rate": 0.84,
  "override_success_rate": 0.6666666666666666,
  "mean_intervention_delay": 0.0,
  "operator_workload": 0.84,
  "mean_drift": 8.723680386038755,
  "p95_drift": 26.26150574464659,
  "mean_latency_ms": 0.7120549733129641,
  "risk_mean": 0.885092399765925,
  "risk_p05": 0.2205799862517766,
  "risk_p25": 1.0,
  "risk_p50": 1.0,
  "risk_p75": 1.0,
  "risk_p95": 1.0,
  "separation_risk_mean": 0.16237431447414333,
  "congestion_risk_mean": 0.06155224039637981,
  "speed_risk_mean": 0.8139375127729681,
  "uncertainty_risk_mean": 0.6372968967987811,
  "human_activation_count": 126,
  "cooldown_skips": 15,
  "suppressed_request_count": 15,
  "suppressed_critical_count": 0,
  "cooldown_release_count": 124,
  "critical_override_count": 124,
  "critical_trigger_rate": 0.8266666666666667,
  "trigger_active_rate": 0.92,
  "confidence_mean": 0.75,
  "false_intervention_rate": 0.07936507936507936,
  "repeated_intervention_rate": 0.9682539682539683,
  "post_intervention_violation_rate": 0.32061068702290074,
  "mean_drift_after_intervention": 9.613101534677256,
  "min_predicted_distance_mean": 4.334887004939425
}