{
  "violation_rate": 0.013333333333333334,
  "collision_rate": 0.0,
  "near_miss_rate": 1.0666666666666667,
  "intervention_rate": 0.16666666666666666,
  "override_success_rate": 0.96,
  "mean_intervention_delay": 0.0,
  "operator_workload": 0.16666666666666666,
  "mean_drift": 6.634808880300161,
  "p95_drift": 35.84056610463091,
  "mean_latency_ms": 0.25000637319559854,
  "risk_mean": 0.6151813099059912,
  "risk_p95": 0.7019110441170178,
  "separation_risk_mean": 0.6736744153761992,
  "congestion_risk_mean": 0.4267939476533914,
  "speed_risk_mean": 0.7340540975563098,
  "uncertainty_risk_mean": 0.6348081429327146,
  "human_activation_count": 25,
  "cooldown_skips": 125,
  "trigger_active_rate": 1.0,
  "confidence_mean": 0.9000000000000004,
  "false_intervention_rate": 0.2
}