{
  "violation_rate": 0.013333333333333334,
  "collision_rate": 0.0,
  "near_miss_rate": 0.06,
  "intervention_rate": 0.05333333333333334,
  "override_success_rate": 0.875,
  "mean_intervention_delay": 0.0,
  "operator_workload": 0.05333333333333334,
  "mean_drift": 10.036199144344554,
  "p95_drift": 24.713078806089012,
  "mean_latency_ms": 0.4138585800925891,
  "risk_mean": 0.2790435984737336,
  "risk_p95": 0.5584917432561608,
  "separation_risk_mean": 0.07101307618628096,
  "congestion_risk_mean": 0.04537393483795693,
  "speed_risk_mean": 0.9368960149399068,
  "uncertainty_risk_mean": 0.6347321882628795,
  "human_activation_count": 8,
  "cooldown_skips": 142,
  "trigger_active_rate": 1.0,
  "confidence_mean": 0.9500000000000002,
  "false_intervention_rate": 0.125
}