{
  "violation_rate": 0.02666666666666667,
  "collision_rate": 0.0,
  "near_miss_rate": 0.02,
  "intervention_rate": 0.7666666666666667,
  "override_success_rate": 0.9652173913043478,
  "mean_intervention_delay": 0.0,
  "operator_workload": 0.7666666666666667,
  "mean_drift": 8.774916362827474,
  "p95_drift": 26.91030761188699,
  "mean_latency_ms": 0.48297495503599447,
  "risk_mean": 0.8285502248633344,
  "risk_p05": 0.2459999999997681,
  "risk_p25": 0.7166881437662569,
  "risk_p50": 1.0,
  "risk_p75": 1.0,
  "risk_p95": 1.0,
  "separation_risk_mean": 0.0659152927322356,
  "congestion_risk_mean": 0.028959561401642624,
  "speed_risk_mean": 0.9189328627499818,
  "uncertainty_risk_mean": 0.6379463370092036,
  "human_activation_count": 115,
  "cooldown_skips": 19,
  "suppressed_request_count": 19,
  "suppressed_critical_count": 0,
  "cooldown_release_count": 114,
  "critical_override_count": 112,
  "critical_trigger_rate": 0.7466666666666667,
  "trigger_active_rate": 0.8733333333333333,
  "confidence_mean": 0.9500000000000002,
  "false_intervention_rate": 0.09565217391304348,
  "repeated_intervention_rate": 0.9304347826086956,
  "post_intervention_violation_rate": 0.03225806451612903,
  "mean_drift_after_intervention": 10.354992770436933,
  "min_predicted_distance_mean": 4.25369238565628
}