{
  "violation_rate": 0.04666666666666667,
  "collision_rate": 0.0,
  "near_miss_rate": 0.02,
  "intervention_rate": 0.7333333333333333,
  "override_success_rate": 0.9363636363636364,
  "mean_intervention_delay": 0.0,
  "operator_workload": 0.7333333333333333,
  "mean_drift": 9.868942744261581,
  "p95_drift": 20.57682387544323,
  "mean_latency_ms": 0.36680699326097965,
  "risk_mean": 0.8050187242026017,
  "risk_p05": 0.21599999999990022,
  "risk_p25": 0.530420033905123,
  "risk_p50": 1.0,
  "risk_p75": 1.0,
  "risk_p95": 1.0,
  "separation_risk_mean": 0.024417907227717927,
  "congestion_risk_mean": 0.01722668709312886,
  "speed_risk_mean": 0.8535010092942927,
  "uncertainty_risk_mean": 0.64,
  "human_activation_count": 110,
  "cooldown_skips": 0,
  "suppressed_request_count": 0,
  "suppressed_critical_count": 0,
  "cooldown_release_count": 110,
  "critical_override_count": 110,
  "critical_trigger_rate": 0.7333333333333333,
  "trigger_active_rate": 0.7333333333333333,
  "confidence_mean": 0.9500000000000002,
  "false_intervention_rate": 0.01818181818181818,
  "repeated_intervention_rate": 0.990909090909091,
  "post_intervention_violation_rate": 0.06422018348623854,
  "mean_drift_after_intervention": 12.018272309012547,
  "min_predicted_distance_mean": 12.706167646248565
}