{
  "violation_rate": 0.03333333333333333,
  "collision_rate": 0.013333333333333334,
  "near_miss_rate": 0.2,
  "intervention_rate": 0.16666666666666666,
  "override_success_rate": 0.84,
  "mean_intervention_delay": 0.0,
  "operator_workload": 0.16666666666666666,
  "mean_drift": 11.385398311216472,
  "p95_drift": 38.01961063593065,
  "mean_latency_ms": 0.25066832662560046,
  "risk_mean": 0.32632236913941515,
  "risk_p95": 0.6520305723062164,
  "separation_risk_mean": 0.15677022667608742,
  "congestion_risk_mean": 0.09965663408444328,
  "speed_risk_mean": 0.9084520670426783,
  "uncertainty_risk_mean": 0.630625323717755,
  "human_activation_count": 25,
  "cooldown_skips": 125,
  "trigger_active_rate": 1.0,
  "confidence_mean": 0.9500000000000002,
  "false_intervention_rate": 0.24
}