{
  "violation_rate": 0.1,
  "collision_rate": 0.006666666666666667,
  "near_miss_rate": 0.18,
  "intervention_rate": 0.7733333333333333,
  "override_success_rate": 0.8706896551724138,
  "mean_intervention_delay": 0.0,
  "operator_workload": 0.7733333333333333,
  "mean_drift": 14.406490944148546,
  "p95_drift": 34.95835804743162,
  "mean_latency_ms": 0.4870559088885784,
  "risk_mean": 0.8735511088928388,
  "risk_p05": 0.42319764979619995,
  "risk_p25": 0.6584292558757598,
  "risk_p50": 1.0,
  "risk_p75": 1.0,
  "risk_p95": 1.0,
  "separation_risk_mean": 0.15761384257335614,
  "congestion_risk_mean": 0.0973623183564994,
  "speed_risk_mean": 0.9089107620421552,
  "uncertainty_risk_mean": 0.6383688850919048,
  "human_activation_count": 116,
  "cooldown_skips": 34,
  "suppressed_request_count": 34,
  "suppressed_critical_count": 0,
  "cooldown_release_count": 109,
  "critical_override_count": 109,
  "critical_trigger_rate": 0.7266666666666667,
  "trigger_active_rate": 1.0,
  "confidence_mean": 0.9500000000000002,
  "false_intervention_rate": 0.06896551724137931,
  "repeated_intervention_rate": 0.9224137931034483,
  "post_intervention_violation_rate": 0.1076923076923077,
  "mean_drift_after_intervention": 16.93580590578044,
  "min_predicted_distance_mean": 7.066381106540717
}