{
  "violation_rate": 0.07333333333333333,
  "collision_rate": 0.006666666666666667,
  "near_miss_rate": 0.5333333333333333,
  "intervention_rate": 0.7733333333333333,
  "override_success_rate": 0.9051724137931034,
  "mean_intervention_delay": 0.0,
  "operator_workload": 0.7733333333333333,
  "mean_drift": 16.15832006640397,
  "p95_drift": 48.914202743902266,
  "mean_latency_ms": 0.6482605348962048,
  "risk_mean": 0.8497932561740259,
  "risk_p05": 0.311514710506863,
  "risk_p25": 0.5637065051354783,
  "risk_p50": 1.0,
  "risk_p75": 1.0,
  "risk_p95": 1.0,
  "separation_risk_mean": 0.5635051550854594,
  "congestion_risk_mean": 0.3089351097244848,
  "speed_risk_mean": 0.9638591886731965,
  "uncertainty_risk_mean": 0.6342481109983557,
  "human_activation_count": 116,
  "cooldown_skips": 32,
  "suppressed_request_count": 32,
  "suppressed_critical_count": 0,
  "cooldown_release_count": 111,
  "critical_override_count": 111,
  "critical_trigger_rate": 0.74,
  "trigger_active_rate": 0.9533333333333334,
  "confidence_mean": 0.9500000000000002,
  "false_intervention_rate": 0.08620689655172414,
  "repeated_intervention_rate": 0.9310344827586207,
  "post_intervention_violation_rate": 0.07751937984496124,
  "mean_drift_after_intervention": 19.494521857179304,
  "min_predicted_distance_mean": 1.3434421758822896
}