{
  "violation_rate": 0.58,
  "collision_rate": 0.02,
  "near_miss_rate": 0.09333333333333334,
  "intervention_rate": 0.7666666666666667,
  "override_success_rate": 0.24347826086956523,
  "mean_intervention_delay": 0.0,
  "operator_workload": 0.7666666666666667,
  "mean_drift": 11.808816182313745,
  "p95_drift": 31.54887790865708,
  "mean_latency_ms": 1.670668029692024,
  "risk_mean": 0.8073047530112111,
  "risk_p05": 0.24599999999987712,
  "risk_p25": 0.463368318325731,
  "risk_p50": 1.0,
  "risk_p75": 1.0,
  "risk_p95": 1.0,
  "separation_risk_mean": 0.1632111599380371,
  "congestion_risk_mean": 0.09785166046914559,
  "speed_risk_mean": 0.9178407147434509,
  "uncertainty_risk_mean": 0.6318802700574634,
  "human_activation_count": 115,
  "cooldown_skips": 35,
  "suppressed_request_count": 35,
  "suppressed_critical_count": 0,
  "cooldown_release_count": 107,
  "critical_override_count": 107,
  "critical_trigger_rate": 0.7133333333333334,
  "trigger_active_rate": 1.0,
  "confidence_mean": 0.5,
  "false_intervention_rate": 0.0782608695652174,
  "repeated_intervention_rate": 0.9304347826086956,
  "post_intervention_violation_rate": 0.6796875,
  "mean_drift_after_intervention": 13.599476543930606,
  "min_predicted_distance_mean": 4.160194624444281
}