{
  "violation_rate": 0.21333333333333335,
  "collision_rate": 0.0,
  "near_miss_rate": 0.30666666666666664,
  "intervention_rate": 0.16666666666666666,
  "override_success_rate": 0.32,
  "mean_intervention_delay": 10.0,
  "operator_workload": 0.16666666666666666,
  "mean_drift": 12.419099612684324,
  "p95_drift": 28.909002915359828,
  "mean_latency_ms": 0.8317241736222059,
  "risk_mean": 0.3771065476188653,
  "risk_p95": 0.7879999999999611,
  "separation_risk_mean": 0.19741251010526203,
  "congestion_risk_mean": 0.18213035953104442,
  "speed_risk_mean": 0.9798897745220123,
  "uncertainty_risk_mean": 0.6383657467362299,
  "human_activation_count": 25,
  "cooldown_skips": 125,
  "trigger_active_rate": 1.0,
  "confidence_mean": 0.8130947531791306,
  "false_intervention_rate": 0.28
}