{
  "violation_rate": 0.08,
  "collision_rate": 0.0,
  "near_miss_rate": 0.3933333333333333,
  "intervention_rate": 0.16666666666666666,
  "override_success_rate": 0.68,
  "mean_intervention_delay": 3.0,
  "operator_workload": 0.16666666666666666,
  "mean_drift": 14.908050259895404,
  "p95_drift": 28.254785776400706,
  "mean_latency_ms": 0.46259722012716037,
  "risk_mean": 0.47958625736788757,
  "risk_p95": 0.6744999999999839,
  "separation_risk_mean": 0.40297838507095673,
  "congestion_risk_mean": 0.22916513003762418,
  "speed_risk_mean": 0.9672102817745039,
  "uncertainty_risk_mean": 0.6391543954025022,
  "human_activation_count": 25,
  "cooldown_skips": 125,
  "trigger_active_rate": 1.0,
  "confidence_mean": 0.8785618423815542,
  "false_intervention_rate": 0.24
}