{
  "violation_rate": 0.09333333333333334,
  "collision_rate": 0.0,
  "near_miss_rate": 0.32,
  "intervention_rate": 1.0,
  "override_success_rate": 0.9066666666666666,
  "mean_intervention_delay": 0.0,
  "operator_workload": 1.0,
  "mean_drift": 7.886051779982483,
  "p95_drift": 21.508847479602498,
  "mean_latency_ms": 0.523318361180524,
  "risk_mean": 0.8613613249185699,
  "risk_p05": 0.39514756143309043,
  "risk_p25": 0.6402067474188056,
  "risk_p50": 1.0,
  "risk_p75": 1.0,
  "risk_p95": 1.0,
  "separation_risk_mean": 0.397374629938369,
  "congestion_risk_mean": 0.24178393174155607,
  "speed_risk_mean": 0.8379958599440918,
  "uncertainty_risk_mean": 0.628980883470188,
  "human_activation_count": 150,
  "cooldown_skips": 0,
  "suppressed_request_count": 0,
  "suppressed_critical_count": 0,
  "cooldown_release_count": 107,
  "critical_override_count": 107,
  "critical_trigger_rate": 0.7133333333333334,
  "trigger_active_rate": 1.0,
  "confidence_mean": 0.9500000000000002,
  "false_intervention_rate": 0.24,
  "repeated_intervention_rate": 0.9933333333333333,
  "post_intervention_violation_rate": 0.09395973154362416,
  "mean_drift_after_intervention": 7.886051779982483,
  "min_predicted_distance_mean": 1.9063438873092808
}