{
  "violation_rate": 0.06,
  "collision_rate": 0.006666666666666667,
  "near_miss_rate": 0.5,
  "intervention_rate": 0.74,
  "override_success_rate": 0.918918918918919,
  "mean_intervention_delay": 0.0,
  "operator_workload": 0.74,
  "mean_drift": 12.507760056326765,
  "p95_drift": 23.20094600315722,
  "mean_latency_ms": 0.6308963685296476,
  "risk_mean": 0.803056794420946,
  "risk_p05": 0.21148400915738122,
  "risk_p25": 0.4874480277571918,
  "risk_p50": 1.0,
  "risk_p75": 1.0,
  "risk_p95": 1.0,
  "separation_risk_mean": 0.4328096962738124,
  "congestion_risk_mean": 0.22997270558290392,
  "speed_risk_mean": 0.9330490427293139,
  "uncertainty_risk_mean": 0.6248798790618457,
  "human_activation_count": 111,
  "cooldown_skips": 10,
  "suppressed_request_count": 10,
  "suppressed_critical_count": 0,
  "cooldown_release_count": 110,
  "critical_override_count": 110,
  "critical_trigger_rate": 0.7333333333333333,
  "trigger_active_rate": 0.8,
  "confidence_mean": 0.9500000000000002,
  "false_intervention_rate": 0.04504504504504504,
  "repeated_intervention_rate": 0.972972972972973,
  "post_intervention_violation_rate": 0.07017543859649122,
  "mean_drift_after_intervention": 15.16703890247658,
  "min_predicted_distance_mean": 2.222102007637945
}