{
  "violation_rate": 0.013333333333333334,
  "collision_rate": 0.0,
  "near_miss_rate": 0.38666666666666666,
  "intervention_rate": 0.05333333333333334,
  "override_success_rate": 0.875,
  "mean_intervention_delay": 0.0,
  "operator_workload": 0.05333333333333334,
  "mean_drift": 9.640468176447317,
  "p95_drift": 19.986585433041995,
  "mean_latency_ms": 0.49077194610921043,
  "risk_mean": 0.4532071820680602,
  "risk_p95": 0.6744999999999777,
  "separation_risk_mean": 0.3567506649223267,
  "congestion_risk_mean": 0.21842493824327297,
  "speed_risk_mean": 0.9550074924202931,
  "uncertainty_risk_mean": 0.6320801628610062,
  "human_activation_count": 8,
  "cooldown_skips": 142,
  "trigger_active_rate": 1.0,
  "confidence_mean": 0.9500000000000002,
  "false_intervention_rate": 0.125
}