{
  "violation_rate": 0.08666666666666667,
  "collision_rate": 0.02,
  "near_miss_rate": 0.5933333333333334,
  "intervention_rate": 1.0,
  "override_success_rate": 0.9133333333333333,
  "mean_intervention_delay": 0.0,
  "operator_workload": 1.0,
  "mean_drift": 11.40385704038977,
  "p95_drift": 19.17417032598262,
  "mean_latency_ms": 0.6117944202075402,
  "risk_mean": 0.8026740100143109,
  "risk_p05": 0.2459999999998678,
  "risk_p25": 0.5073275789644259,
  "risk_p50": 1.0,
  "risk_p75": 1.0,
  "risk_p95": 1.0,
  "separation_risk_mean": 0.49940258926325964,
  "congestion_risk_mean": 0.2907040345126767,
  "speed_risk_mean": 0.967726993861766,
  "uncertainty_risk_mean": 0.635732362848763,
  "human_activation_count": 150,
  "cooldown_skips": 0,
  "suppressed_request_count": 0,
  "suppressed_critical_count": 0,
  "cooldown_release_count": 108,
  "critical_override_count": 108,
  "critical_trigger_rate": 0.72,
  "trigger_active_rate": 1.0,
  "confidence_mean": 0.9500000000000002,
  "false_intervention_rate": 0.2866666666666667,
  "repeated_intervention_rate": 0.9933333333333333,
  "post_intervention_violation_rate": 0.08053691275167785,
  "mean_drift_after_intervention": 11.40385704038977,
  "min_predicted_distance_mean": 1.3671436446868468
}