{
  "violation_rate": 0.06666666666666667,
  "collision_rate": 0.0,
  "near_miss_rate": 0.17333333333333334,
  "intervention_rate": 0.8,
  "override_success_rate": 0.9166666666666666,
  "mean_intervention_delay": 0.0,
  "operator_workload": 0.8,
  "mean_drift": 9.826667578747346,
  "p95_drift": 25.296531347809967,
  "mean_latency_ms": 0.5320330748024086,
  "risk_mean": 0.8657766659686281,
  "risk_p05": 0.215999999999921,
  "risk_p25": 1.0,
  "risk_p50": 1.0,
  "risk_p75": 1.0,
  "risk_p95": 1.0,
  "separation_risk_mean": 0.22449084770528402,
  "congestion_risk_mean": 0.110156641902297,
  "speed_risk_mean": 0.9364010559822172,
  "uncertainty_risk_mean": 0.6390748144865775,
  "human_activation_count": 120,
  "cooldown_skips": 28,
  "suppressed_request_count": 28,
  "suppressed_critical_count": 0,
  "cooldown_release_count": 119,
  "critical_override_count": 119,
  "critical_trigger_rate": 0.7933333333333333,
  "trigger_active_rate": 0.9866666666666667,
  "confidence_mean": 0.9500000000000002,
  "false_intervention_rate": 0.058333333333333334,
  "repeated_intervention_rate": 0.9666666666666667,
  "post_intervention_violation_rate": 0.08064516129032258,
  "mean_drift_after_intervention": 10.934606020265814,
  "min_predicted_distance_mean": 3.3788797439481426
}