{
  "violation_rate": 0.3,
  "collision_rate": 0.0,
  "near_miss_rate": 0.10666666666666667,
  "intervention_rate": 0.7733333333333333,
  "override_success_rate": 0.6120689655172413,
  "mean_intervention_delay": 0.0,
  "operator_workload": 0.7733333333333333,
  "mean_drift": 8.548750777919636,
  "p95_drift": 26.206137045231287,
  "mean_latency_ms": 0.9055358699212471,
  "risk_mean": 0.8311724301780375,
  "risk_p05": 0.2347300746981445,
  "risk_p25": 1.0,
  "risk_p50": 1.0,
  "risk_p75": 1.0,
  "risk_p95": 1.0,
  "separation_risk_mean": 0.052030561768764465,
  "congestion_risk_mean": 0.06062384857379907,
  "speed_risk_mean": 0.9338907897724426,
  "uncertainty_risk_mean": 0.635310605080632,
  "human_activation_count": 116,
  "cooldown_skips": 10,
  "suppressed_request_count": 10,
  "suppressed_critical_count": 0,
  "cooldown_release_count": 115,
  "critical_override_count": 115,
  "critical_trigger_rate": 0.7666666666666667,
  "trigger_active_rate": 0.8066666666666666,
  "confidence_mean": 0.75,
  "false_intervention_rate": 0.04310344827586207,
  "repeated_intervention_rate": 0.9741379310344828,
  "post_intervention_violation_rate": 0.37815126050420167,
  "mean_drift_after_intervention": 9.87025555577787,
  "min_predicted_distance_mean": 12.6605289001384
}