{
  "violation_rate": 0.2,
  "collision_rate": 0.006666666666666667,
  "near_miss_rate": 0.22666666666666666,
  "intervention_rate": 0.7933333333333333,
  "override_success_rate": 0.7478991596638656,
  "mean_intervention_delay": 1.0,
  "operator_workload": 0.7933333333333333,
  "mean_drift": 6.074482331883497,
  "p95_drift": 22.02518863899271,
  "mean_latency_ms": 0.6545795088944336,
  "risk_mean": 0.8439804930282283,
  "risk_p05": 0.3180942297797696,
  "risk_p25": 0.5443531259852683,
  "risk_p50": 1.0,
  "risk_p75": 1.0,
  "risk_p95": 1.0,
  "separation_risk_mean": 0.47771639767625174,
  "congestion_risk_mean": 0.2506225572305173,
  "speed_risk_mean": 0.585274555375085,
  "uncertainty_risk_mean": 0.6328107985847483,
  "human_activation_count": 119,
  "cooldown_skips": 31,
  "suppressed_request_count": 31,
  "suppressed_critical_count": 0,
  "cooldown_release_count": 115,
  "critical_override_count": 111,
  "critical_trigger_rate": 0.74,
  "trigger_active_rate": 1.0,
  "confidence_mean": 0.8133834109031054,
  "false_intervention_rate": 0.1092436974789916,
  "repeated_intervention_rate": 0.9159663865546218,
  "post_intervention_violation_rate": 0.22388059701492538,
  "mean_drift_after_intervention": 6.79607731275448,
  "min_predicted_distance_mean": 1.6384663392266807
}