{
  "violation_rate": 0.06,
  "collision_rate": 0.0,
  "near_miss_rate": 0.38,
  "intervention_rate": 0.9,
  "override_success_rate": 0.9333333333333333,
  "mean_intervention_delay": 0.0,
  "operator_workload": 0.9,
  "mean_drift": 9.651967965925094,
  "p95_drift": 20.089571887955348,
  "mean_latency_ms": 0.5659255672556659,
  "risk_mean": 0.9081308558866471,
  "risk_p05": 0.2459999999999157,
  "risk_p25": 1.0,
  "risk_p50": 1.0,
  "risk_p75": 1.0,
  "risk_p95": 1.0,
  "separation_risk_mean": 0.3668497622582866,
  "congestion_risk_mean": 0.22138568280763204,
  "speed_risk_mean": 0.9345431967125749,
  "uncertainty_risk_mean": 0.6322011459873624,
  "human_activation_count": 135,
  "cooldown_skips": 15,
  "suppressed_request_count": 15,
  "suppressed_critical_count": 0,
  "cooldown_release_count": 129,
  "critical_override_count": 129,
  "critical_trigger_rate": 0.86,
  "trigger_active_rate": 1.0,
  "confidence_mean": 0.9500000000000002,
  "false_intervention_rate": 0.08148148148148149,
  "repeated_intervention_rate": 0.9333333333333333,
  "post_intervention_violation_rate": 0.06040268456375839,
  "mean_drift_after_intervention": 10.02796502249681,
  "min_predicted_distance_mean": 1.992429728261897
}