{
  "violation_rate": 0.04,
  "collision_rate": 0.006666666666666667,
  "near_miss_rate": 1.8933333333333333,
  "intervention_rate": 0.88,
  "override_success_rate": 0.9545454545454546,
  "mean_intervention_delay": 0.0,
  "operator_workload": 0.88,
  "mean_drift": 8.535607263056923,
  "p95_drift": 30.869931731938845,
  "mean_latency_ms": 2.9710327430317798,
  "risk_mean": 0.933498630791408,
  "risk_p05": 0.48974120420519346,
  "risk_p25": 1.0,
  "risk_p50": 1.0,
  "risk_p75": 1.0,
  "risk_p95": 1.0,
  "separation_risk_mean": 0.6492281315311669,
  "congestion_risk_mean": 0.35155460946537403,
  "speed_risk_mean": 0.9073244156153235,
  "uncertainty_risk_mean": 0.64,
  "human_activation_count": 132,
  "cooldown_skips": 18,
  "suppressed_request_count": 18,
  "suppressed_critical_count": 0,
  "cooldown_release_count": 129,
  "critical_override_count": 129,
  "critical_trigger_rate": 0.86,
  "trigger_active_rate": 1.0,
  "confidence_mean": 0.9500000000000002,
  "false_intervention_rate": 0.06060606060606061,
  "repeated_intervention_rate": 0.9621212121212122,
  "post_intervention_violation_rate": 0.04316546762589928,
  "mean_drift_after_intervention": 9.079998054736784,
  "min_predicted_distance_mean": 0.7631872757205591
}