{
  "violation_rate": 0.04,
  "collision_rate": 0.006666666666666667,
  "near_miss_rate": 0.02666666666666667,
  "intervention_rate": 0.6866666666666666,
  "override_success_rate": 0.941747572815534,
  "mean_intervention_delay": 0.0,
  "operator_workload": 0.6866666666666666,
  "mean_drift": 10.735685110031069,
  "p95_drift": 33.266078736798185,
  "mean_latency_ms": 0.38367640459910035,
  "risk_mean": 0.7603148101778389,
  "risk_p05": 0.1999597606121971,
  "risk_p25": 0.2521743308383807,
  "risk_p50": 1.0,
  "risk_p75": 1.0,
  "risk_p95": 1.0,
  "separation_risk_mean": 0.049602392537085115,
  "congestion_risk_mean": 0.029871484550626885,
  "speed_risk_mean": 0.7743424848610757,
  "uncertainty_risk_mean": 0.6327901902227744,
  "human_activation_count": 103,
  "cooldown_skips": 20,
  "suppressed_request_count": 20,
  "suppressed_critical_count": 0,
  "cooldown_release_count": 100,
  "critical_override_count": 100,
  "critical_trigger_rate": 0.6666666666666666,
  "trigger_active_rate": 0.7866666666666666,
  "confidence_mean": 0.9500000000000002,
  "false_intervention_rate": 0.04854368932038835,
  "repeated_intervention_rate": 0.9514563106796117,
  "post_intervention_violation_rate": 0.045454545454545456,
  "mean_drift_after_intervention": 13.528178451815881,
  "min_predicted_distance_mean": 12.229317196101228
}