{
  "violation_rate": 0.74,
  "collision_rate": 0.0,
  "near_miss_rate": 0.0,
  "intervention_rate": 0.8,
  "override_success_rate": 0.075,
  "mean_intervention_delay": 5.0,
  "operator_workload": 0.8,
  "mean_drift": 19.036585367644452,
  "p95_drift": 45.95646381458042,
  "mean_latency_ms": 2.153823853780826,
  "risk_mean": 0.8164494004477127,
  "risk_p05": 0.21599999999992975,
  "risk_p25": 1.0,
  "risk_p50": 1.0,
  "risk_p75": 1.0,
  "risk_p95": 1.0,
  "separation_risk_mean": 0.00206428717026888,
  "congestion_risk_mean": 0.0053131295825961326,
  "speed_risk_mean": 0.9237060489041256,
  "uncertainty_risk_mean": 0.6396812588364196,
  "human_activation_count": 120,
  "cooldown_skips": 30,
  "suppressed_request_count": 30,
  "suppressed_critical_count": 0,
  "cooldown_release_count": 114,
  "critical_override_count": 114,
  "critical_trigger_rate": 0.76,
  "trigger_active_rate": 1.0,
  "confidence_mean": 0.4695883752902962,
  "false_intervention_rate": 0.06666666666666667,
  "repeated_intervention_rate": 0.9416666666666667,
  "post_intervention_violation_rate": 0.8473282442748091,
  "mean_drift_after_intervention": 21.79913307985042,
  "min_predicted_distance_mean": 14.838570490746008
}