{
  "violation_rate": 0.05333333333333334,
  "collision_rate": 0.0,
  "near_miss_rate": 0.02,
  "intervention_rate": 0.74,
  "override_success_rate": 0.9279279279279279,
  "mean_intervention_delay": 0.0,
  "operator_workload": 0.74,
  "mean_drift": 8.837276603004437,
  "p95_drift": 27.90482523083234,
  "mean_latency_ms": 0.4036447630884747,
  "risk_mean": 0.8045250141531755,
  "risk_p05": 0.22794716548240118,
  "risk_p25": 0.47456683867136223,
  "risk_p50": 1.0,
  "risk_p75": 1.0,
  "risk_p95": 1.0,
  "separation_risk_mean": 0.057199560591335324,
  "congestion_risk_mean": 0.029403796259085884,
  "speed_risk_mean": 0.9152987243972335,
  "uncertainty_risk_mean": 0.6379463370092036,
  "human_activation_count": 111,
  "cooldown_skips": 39,
  "suppressed_request_count": 39,
  "suppressed_critical_count": 0,
  "cooldown_release_count": 107,
  "critical_override_count": 107,
  "critical_trigger_rate": 0.7133333333333334,
  "trigger_active_rate": 1.0,
  "confidence_mean": 0.9500000000000002,
  "false_intervention_rate": 0.06306306306306306,
  "repeated_intervention_rate": 0.9459459459459459,
  "post_intervention_violation_rate": 0.06722689075630252,
  "mean_drift_after_intervention": 10.722331545231944,
  "min_predicted_distance_mean": 4.252933285642883
}