{
  "violation_rate": 0.1,
  "collision_rate": 0.0,
  "near_miss_rate": 0.9066666666666666,
  "intervention_rate": 0.7533333333333333,
  "override_success_rate": 0.8672566371681416,
  "mean_intervention_delay": 0.0,
  "operator_workload": 0.7533333333333333,
  "mean_drift": 6.715750805471692,
  "p95_drift": 35.874072375321816,
  "mean_latency_ms": 0.5144325092745324,
  "risk_mean": 0.8695849330184302,
  "risk_p05": 0.4285217074156085,
  "risk_p25": 0.6662828064842328,
  "risk_p50": 1.0,
  "risk_p75": 1.0,
  "risk_p95": 1.0,
  "separation_risk_mean": 0.6810758354863172,
  "congestion_risk_mean": 0.4055467758043407,
  "speed_risk_mean": 0.6641798039185922,
  "uncertainty_risk_mean": 0.6348081429327146,
  "human_activation_count": 113,
  "cooldown_skips": 37,
  "suppressed_request_count": 37,
  "suppressed_critical_count": 0,
  "cooldown_release_count": 107,
  "critical_override_count": 106,
  "critical_trigger_rate": 0.7066666666666667,
  "trigger_active_rate": 1.0,
  "confidence_mean": 0.9000000000000004,
  "false_intervention_rate": 0.05309734513274336,
  "repeated_intervention_rate": 0.911504424778761,
  "post_intervention_violation_rate": 0.11627906976744186,
  "mean_drift_after_intervention": 7.781799271622892,
  "min_predicted_distance_mean": 0.8744440931326957
}