{
  "violation_rate": 0.12,
  "collision_rate": 0.0,
  "near_miss_rate": 0.6333333333333333,
  "intervention_rate": 0.7666666666666667,
  "override_success_rate": 0.8434782608695652,
  "mean_intervention_delay": 0.0,
  "operator_workload": 0.7666666666666667,
  "mean_drift": 12.04434198538785,
  "p95_drift": 28.054156950219213,
  "mean_latency_ms": 0.649754999515911,
  "risk_mean": 0.8073047530112111,
  "risk_p05": 0.24599999999987712,
  "risk_p25": 0.463368318325731,
  "risk_p50": 1.0,
  "risk_p75": 1.0,
  "risk_p95": 1.0,
  "separation_risk_mean": 0.5615605212567979,
  "congestion_risk_mean": 0.3312384021444738,
  "speed_risk_mean": 0.881629070187408,
  "uncertainty_risk_mean": 0.6318802700574634,
  "human_activation_count": 115,
  "cooldown_skips": 35,
  "suppressed_request_count": 35,
  "suppressed_critical_count": 0,
  "cooldown_release_count": 107,
  "critical_override_count": 107,
  "critical_trigger_rate": 0.7133333333333334,
  "trigger_active_rate": 1.0,
  "confidence_mean": 0.9000000000000004,
  "false_intervention_rate": 0.0782608695652174,
  "repeated_intervention_rate": 0.9304347826086956,
  "post_intervention_violation_rate": 0.140625,
  "mean_drift_after_intervention": 13.906684113157704,
  "min_predicted_distance_mean": 0.9596109473603154
}