{
  "violation_rate": 0.10666666666666667,
  "collision_rate": 0.0,
  "near_miss_rate": 0.19333333333333333,
  "intervention_rate": 0.7866666666666666,
  "override_success_rate": 0.864406779661017,
  "mean_intervention_delay": 0.0,
  "operator_workload": 0.7866666666666666,
  "mean_drift": 13.580229957535911,
  "p95_drift": 29.869478654152527,
  "mean_latency_ms": 0.6282872380688787,
  "risk_mean": 0.8710448724702256,
  "risk_p05": 0.4520890899554897,
  "risk_p25": 0.7417880135364945,
  "risk_p50": 1.0,
  "risk_p75": 1.0,
  "risk_p95": 1.0,
  "separation_risk_mean": 0.23469437753064976,
  "congestion_risk_mean": 0.14493857977826635,
  "speed_risk_mean": 0.9697560708362671,
  "uncertainty_risk_mean": 0.6358197814168217,
  "human_activation_count": 118,
  "cooldown_skips": 32,
  "suppressed_request_count": 32,
  "suppressed_critical_count": 0,
  "cooldown_release_count": 112,
  "critical_override_count": 112,
  "critical_trigger_rate": 0.7466666666666667,
  "trigger_active_rate": 1.0,
  "confidence_mean": 0.9000000000000004,
  "false_intervention_rate": 0.09322033898305085,
  "repeated_intervention_rate": 0.923728813559322,
  "post_intervention_violation_rate": 0.12213740458015267,
  "mean_drift_after_intervention": 15.633050349286949,
  "min_predicted_distance_mean": 2.972622973619002
}