{
  "violation_rate": 0.10666666666666667,
  "collision_rate": 0.0,
  "near_miss_rate": 0.12,
  "intervention_rate": 0.9533333333333334,
  "override_success_rate": 0.8881118881118881,
  "mean_intervention_delay": 0.0,
  "operator_workload": 0.9533333333333334,
  "mean_drift": 14.903011263078884,
  "p95_drift": 26.180249977242607,
  "mean_latency_ms": 0.5072427843697369,
  "risk_mean": 0.9648133333333305,
  "risk_p05": 1.0,
  "risk_p25": 1.0,
  "risk_p50": 1.0,
  "risk_p75": 1.0,
  "risk_p95": 1.0,
  "separation_risk_mean": 0.1395621855142101,
  "congestion_risk_mean": 0.07566933723393822,
  "speed_risk_mean": 0.9055425658564462,
  "uncertainty_risk_mean": 0.64,
  "human_activation_count": 143,
  "cooldown_skips": 0,
  "suppressed_request_count": 0,
  "suppressed_critical_count": 0,
  "cooldown_release_count": 143,
  "critical_override_count": 143,
  "critical_trigger_rate": 0.9533333333333334,
  "trigger_active_rate": 0.9533333333333334,
  "confidence_mean": 0.9500000000000002,
  "false_intervention_rate": 0.013986013986013986,
  "repeated_intervention_rate": 0.993006993006993,
  "post_intervention_violation_rate": 0.11267605633802817,
  "mean_drift_after_intervention": 14.768439689704705,
  "min_predicted_distance_mean": 4.73435019445811
}