{
  "violation_rate": 0.5866666666666667,
  "collision_rate": 0.0,
  "near_miss_rate": 0.02,
  "intervention_rate": 0.7266666666666667,
  "override_success_rate": 0.1926605504587156,
  "mean_intervention_delay": 3.0,
  "operator_workload": 0.7266666666666667,
  "mean_drift": 13.653971530968079,
  "p95_drift": 32.35020414303677,
  "mean_latency_ms": 1.4068075354831915,
  "risk_mean": 0.7953382833895084,
  "risk_p05": 0.2159999999998998,
  "risk_p25": 0.4396521937229559,
  "risk_p50": 1.0,
  "risk_p75": 1.0,
  "risk_p95": 1.0,
  "separation_risk_mean": 0.02641384355639501,
  "congestion_risk_mean": 0.023209587752015145,
  "speed_risk_mean": 0.9586421567850191,
  "uncertainty_risk_mean": 0.64,
  "human_activation_count": 109,
  "cooldown_skips": 10,
  "suppressed_request_count": 10,
  "suppressed_critical_count": 0,
  "cooldown_release_count": 107,
  "critical_override_count": 107,
  "critical_trigger_rate": 0.7133333333333334,
  "trigger_active_rate": 0.7866666666666666,
  "confidence_mean": 0.6385296327835762,
  "false_intervention_rate": 0.027522935779816515,
  "repeated_intervention_rate": 0.9724770642201835,
  "post_intervention_violation_rate": 0.7767857142857143,
  "mean_drift_after_intervention": 16.962618473519466,
  "min_predicted_distance_mean": 14.731945073015758
}