{
  "violation_rate": 0.04666666666666667,
  "collision_rate": 0.0,
  "near_miss_rate": 0.09333333333333334,
  "intervention_rate": 0.7666666666666667,
  "override_success_rate": 0.9391304347826087,
  "mean_intervention_delay": 0.0,
  "operator_workload": 0.7666666666666667,
  "mean_drift": 7.452120260745241,
  "p95_drift": 25.51605450140877,
  "mean_latency_ms": 0.4875703458674252,
  "risk_mean": 0.8194864620096518,
  "risk_p05": 0.1839999999998684,
  "risk_p25": 1.0,
  "risk_p50": 1.0,
  "risk_p75": 1.0,
  "risk_p95": 1.0,
  "separation_risk_mean": 0.07342993108847241,
  "congestion_risk_mean": 0.0629798354068532,
  "speed_risk_mean": 0.7941335608855574,
  "uncertainty_risk_mean": 0.632761148942908,
  "human_activation_count": 115,
  "cooldown_skips": 11,
  "suppressed_request_count": 11,
  "suppressed_critical_count": 0,
  "cooldown_release_count": 114,
  "critical_override_count": 114,
  "critical_trigger_rate": 0.76,
  "trigger_active_rate": 0.8333333333333334,
  "confidence_mean": 0.9500000000000002,
  "false_intervention_rate": 0.09565217391304348,
  "repeated_intervention_rate": 0.9652173913043478,
  "post_intervention_violation_rate": 0.058823529411764705,
  "mean_drift_after_intervention": 8.60930812532329,
  "min_predicted_distance_mean": 7.984367667331511
}