{
  "violation_rate": 0.76,
  "collision_rate": 0.006666666666666667,
  "near_miss_rate": 0.08666666666666667,
  "intervention_rate": 0.8533333333333334,
  "override_success_rate": 0.109375,
  "mean_intervention_delay": 5.0,
  "operator_workload": 0.8533333333333334,
  "mean_drift": 13.091092989487539,
  "p95_drift": 30.00632509001972,
  "mean_latency_ms": 2.2945447840417423,
  "risk_mean": 0.8960754373794362,
  "risk_p05": 0.3270426685696117,
  "risk_p25": 1.0,
  "risk_p50": 1.0,
  "risk_p75": 1.0,
  "risk_p95": 1.0,
  "separation_risk_mean": 0.15712624181135013,
  "congestion_risk_mean": 0.07881842601535993,
  "speed_risk_mean": 0.795873610628707,
  "uncertainty_risk_mean": 0.64,
  "human_activation_count": 128,
  "cooldown_skips": 22,
  "suppressed_request_count": 22,
  "suppressed_critical_count": 0,
  "cooldown_release_count": 126,
  "critical_override_count": 124,
  "critical_trigger_rate": 0.8266666666666667,
  "trigger_active_rate": 1.0,
  "confidence_mean": 0.43756093364298265,
  "false_intervention_rate": 0.078125,
  "repeated_intervention_rate": 0.9375,
  "post_intervention_violation_rate": 0.8142857142857143,
  "mean_drift_after_intervention": 14.488547275198474,
  "min_predicted_distance_mean": 7.605179570088926
}