{
  "violation_rate": 0.0,
  "collision_rate": 0.0,
  "near_miss_rate": 0.17333333333333334,
  "intervention_rate": 0.7666666666666667,
  "override_success_rate": 1.0,
  "mean_intervention_delay": 0.0,
  "operator_workload": 0.7666666666666667,
  "mean_drift": 7.479005866813497,
  "p95_drift": 26.04647586936964,
  "mean_latency_ms": 0.3655394709979494,
  "risk_mean": 0.8435943438241998,
  "risk_p05": 0.2091302867946294,
  "risk_p25": 0.6483354110375799,
  "risk_p50": 1.0,
  "risk_p75": 1.0,
  "risk_p95": 1.0,
  "separation_risk_mean": 0.2008175047148332,
  "congestion_risk_mean": 0.12036744560843163,
  "speed_risk_mean": 0.6737864223069387,
  "uncertainty_risk_mean": 0.6390118463796821,
  "human_activation_count": 115,
  "cooldown_skips": 29,
  "suppressed_request_count": 29,
  "suppressed_critical_count": 0,
  "cooldown_release_count": 109,
  "critical_override_count": 109,
  "critical_trigger_rate": 0.7266666666666667,
  "trigger_active_rate": 0.9266666666666666,
  "confidence_mean": 1.0,
  "false_intervention_rate": 0.06086956521739131,
  "repeated_intervention_rate": 0.9391304347826087,
  "post_intervention_violation_rate": 0.0,
  "mean_drift_after_intervention": 8.700309156799774,
  "min_predicted_distance_mean": 4.9114962975040655
}