{
  "violation_rate": 0.6866666666666666,
  "collision_rate": 0.17333333333333334,
  "near_miss_rate": 0.7533333333333333,
  "intervention_rate": 1.0,
  "override_success_rate": 0.31333333333333335,
  "mean_intervention_delay": 0.0,
  "operator_workload": 1.0,
  "mean_drift": 13.114883790903336,
  "p95_drift": 33.64287004683188,
  "mean_latency_ms": 1.4662385871633887,
  "risk_mean": 1.0,
  "risk_p05": 1.0,
  "risk_p25": 1.0,
  "risk_p50": 1.0,
  "risk_p75": 1.0,
  "risk_p95": 1.0,
  "separation_risk_mean": 0.7357935378959941,
  "congestion_risk_mean": 0.4370473842521455,
  "speed_risk_mean": 0.6158461769470219,
  "uncertainty_risk_mean": 0.6362347256034111,
  "human_activation_count": 150,
  "cooldown_skips": 0,
  "suppressed_request_count": 0,
  "suppressed_critical_count": 0,
  "cooldown_release_count": 150,
  "critical_override_count": 150,
  "critical_trigger_rate": 1.0,
  "trigger_active_rate": 1.0,
  "confidence_mean": 0.5,
  "false_intervention_rate": 0.0,
  "repeated_intervention_rate": 0.9933333333333333,
  "post_intervention_violation_rate": 0.6845637583892618,
  "mean_drift_after_intervention": 13.114883790903336,
  "min_predicted_distance_mean": 0.39513350936179054
}