{
  "violation_rate": 0.6866666666666666,
  "collision_rate": 0.0,
  "near_miss_rate": 0.03333333333333333,
  "intervention_rate": 0.7866666666666666,
  "override_success_rate": 0.1271186440677966,
  "mean_intervention_delay": 10.0,
  "operator_workload": 0.7866666666666666,
  "mean_drift": 12.030966033580194,
  "p95_drift": 37.62969856425239,
  "mean_latency_ms": 2.1127225404294827,
  "risk_mean": 0.8217742090377187,
  "risk_p05": 0.23198626035900483,
  "risk_p25": 0.5959941250198033,
  "risk_p50": 1.0,
  "risk_p75": 1.0,
  "risk_p95": 1.0,
  "separation_risk_mean": 0.06473996123413871,
  "congestion_risk_mean": 0.04854876587739255,
  "speed_risk_mean": 0.8179783481958921,
  "uncertainty_risk_mean": 0.6389644975348836,
  "human_activation_count": 118,
  "cooldown_skips": 32,
  "suppressed_request_count": 32,
  "suppressed_critical_count": 0,
  "cooldown_release_count": 112,
  "critical_override_count": 110,
  "critical_trigger_rate": 0.7333333333333333,
  "trigger_active_rate": 1.0,
  "confidence_mean": 0.30380723500549517,
  "false_intervention_rate": 0.11864406779661017,
  "repeated_intervention_rate": 0.9152542372881356,
  "post_intervention_violation_rate": 0.7686567164179104,
  "mean_drift_after_intervention": 14.22163881297516,
  "min_predicted_distance_mean": 5.729630166722233
}