{
  "violation_rate": 0.19333333333333333,
  "collision_rate": 0.02666666666666667,
  "near_miss_rate": 1.1933333333333334,
  "intervention_rate": 0.8866666666666667,
  "override_success_rate": 0.7819548872180451,
  "mean_intervention_delay": 0.0,
  "operator_workload": 0.8866666666666667,
  "mean_drift": 12.829683586729828,
  "p95_drift": 32.38659159261688,
  "mean_latency_ms": 0.6589857946770886,
  "risk_mean": 0.9622946353335212,
  "risk_p05": 0.660053496434713,
  "risk_p25": 1.0,
  "risk_p50": 1.0,
  "risk_p75": 1.0,
  "risk_p95": 1.0,
  "separation_risk_mean": 0.7390520405614691,
  "congestion_risk_mean": 0.4379591070983609,
  "speed_risk_mean": 0.6276905811829264,
  "uncertainty_risk_mean": 0.6365352836035922,
  "human_activation_count": 133,
  "cooldown_skips": 17,
  "suppressed_request_count": 17,
  "suppressed_critical_count": 0,
  "cooldown_release_count": 133,
  "critical_override_count": 133,
  "critical_trigger_rate": 0.8866666666666667,
  "trigger_active_rate": 1.0,
  "confidence_mean": 0.9000000000000004,
  "false_intervention_rate": 0.0,
  "repeated_intervention_rate": 0.9323308270676691,
  "post_intervention_violation_rate": 0.19444444444444445,
  "mean_drift_after_intervention": 13.900464091737152,
  "min_predicted_distance_mean": 0.4489406782086593
}