{
  "violation_rate": 0.013333333333333334,
  "collision_rate": 0.0,
  "near_miss_rate": 0.30666666666666664,
  "intervention_rate": 0.16666666666666666,
  "override_success_rate": 0.96,
  "mean_intervention_delay": 0.0,
  "operator_workload": 0.16666666666666666,
  "mean_drift": 7.97591537603578,
  "p95_drift": 21.51198388564867,
  "mean_latency_ms": 0.26135640626307577,
  "risk_mean": 0.4411995374724535,
  "risk_p95": 0.6688696022363574,
  "separation_risk_mean": 0.34327989961052796,
  "congestion_risk_mean": 0.22754802079240644,
  "speed_risk_mean": 0.9018882092897085,
  "uncertainty_risk_mean": 0.6303556403743868,
  "human_activation_count": 25,
  "cooldown_skips": 125,
  "trigger_active_rate": 1.0,
  "confidence_mean": 0.9500000000000002,
  "false_intervention_rate": 0.28
}