{
  "violation_rate": 0.7133333333333334,
  "collision_rate": 0.0,
  "near_miss_rate": 0.03333333333333333,
  "intervention_rate": 0.78,
  "override_success_rate": 0.08547008547008547,
  "mean_intervention_delay": 10.0,
  "operator_workload": 0.78,
  "mean_drift": 19.72778222282663,
  "p95_drift": 53.93386708350398,
  "mean_latency_ms": 2.2943772034098706,
  "risk_mean": 0.8484850280911188,
  "risk_p05": 0.3073199861917492,
  "risk_p25": 0.616481921974739,
  "risk_p50": 1.0,
  "risk_p75": 1.0,
  "risk_p95": 1.0,
  "separation_risk_mean": 0.09438329654631455,
  "congestion_risk_mean": 0.07429284802891939,
  "speed_risk_mean": 0.9678045444231206,
  "uncertainty_risk_mean": 0.6206849195433775,
  "human_activation_count": 117,
  "cooldown_skips": 33,
  "suppressed_request_count": 33,
  "suppressed_critical_count": 0,
  "cooldown_release_count": 111,
  "critical_override_count": 111,
  "critical_trigger_rate": 0.74,
  "trigger_active_rate": 1.0,
  "confidence_mean": 0.30928344487833,
  "false_intervention_rate": 0.08547008547008547,
  "repeated_intervention_rate": 0.9316239316239316,
  "post_intervention_violation_rate": 0.8153846153846154,
  "mean_drift_after_intervention": 23.63766766996723,
  "min_predicted_distance_mean": 4.836949174701822
}