{
  "violation_rate": 0.05333333333333334,
  "collision_rate": 0.0,
  "near_miss_rate": 0.9933333333333333,
  "intervention_rate": 0.7133333333333334,
  "override_success_rate": 0.9252336448598131,
  "mean_intervention_delay": 0.0,
  "operator_workload": 0.7133333333333334,
  "mean_drift": 6.716442390564754,
  "p95_drift": 35.86353744442558,
  "mean_latency_ms": 0.4956786489735047,
  "risk_mean": 0.8642710783960736,
  "risk_p05": 0.4285217074156085,
  "risk_p25": 0.6590881577615543,
  "risk_p50": 1.0,
  "risk_p75": 1.0,
  "risk_p95": 1.0,
  "separation_risk_mean": 0.6842876714772496,
  "congestion_risk_mean": 0.4295287468889532,
  "speed_risk_mean": 0.63704144480004,
  "uncertainty_risk_mean": 0.6351769536001635,
  "human_activation_count": 107,
  "cooldown_skips": 43,
  "suppressed_request_count": 43,
  "suppressed_critical_count": 0,
  "cooldown_release_count": 104,
  "critical_override_count": 104,
  "critical_trigger_rate": 0.6933333333333334,
  "trigger_active_rate": 1.0,
  "confidence_mean": 0.9500000000000002,
  "false_intervention_rate": 0.028037383177570093,
  "repeated_intervention_rate": 0.9345794392523364,
  "post_intervention_violation_rate": 0.06779661016949153,
  "mean_drift_after_intervention": 8.027402229658914,
  "min_predicted_distance_mean": 0.8707268094717432
}