{
  "violation_rate": 0.06666666666666667,
  "collision_rate": 0.0,
  "near_miss_rate": 0.05333333333333334,
  "intervention_rate": 0.7733333333333333,
  "override_success_rate": 0.9137931034482759,
  "mean_intervention_delay": 0.0,
  "operator_workload": 0.7733333333333333,
  "mean_drift": 13.41816771389306,
  "p95_drift": 30.936557093007313,
  "mean_latency_ms": 0.545949450849245,
  "risk_mean": 0.8434412224362575,
  "risk_p05": 0.28677587972454405,
  "risk_p25": 0.5958613468072254,
  "risk_p50": 1.0,
  "risk_p75": 1.0,
  "risk_p95": 1.0,
  "separation_risk_mean": 0.10192000748652978,
  "congestion_risk_mean": 0.08511496336704598,
  "speed_risk_mean": 0.9689710729047065,
  "uncertainty_risk_mean": 0.6212555325310132,
  "human_activation_count": 116,
  "cooldown_skips": 30,
  "suppressed_request_count": 30,
  "suppressed_critical_count": 0,
  "cooldown_release_count": 111,
  "critical_override_count": 111,
  "critical_trigger_rate": 0.74,
  "trigger_active_rate": 0.9666666666666667,
  "confidence_mean": 0.9500000000000002,
  "false_intervention_rate": 0.07758620689655173,
  "repeated_intervention_rate": 0.9396551724137931,
  "post_intervention_violation_rate": 0.07874015748031496,
  "mean_drift_after_intervention": 15.572378339639132,
  "min_predicted_distance_mean": 2.7576284868487613
}