{
  "violation_rate": 0.05333333333333334,
  "collision_rate": 0.006666666666666667,
  "near_miss_rate": 1.2533333333333334,
  "intervention_rate": 1.0,
  "override_success_rate": 0.9466666666666667,
  "mean_intervention_delay": 0.0,
  "operator_workload": 1.0,
  "mean_drift": 2.319551144006435,
  "p95_drift": 5.851528450050534,
  "mean_latency_ms": 0.5829286063089967,
  "risk_mean": 0.8153344815254788,
  "risk_p05": 0.569877764599493,
  "risk_p25": 0.6363584097708048,
  "risk_p50": 0.85045157127546,
  "risk_p75": 1.0,
  "risk_p95": 1.0,
  "separation_risk_mean": 0.7249952261140401,
  "congestion_risk_mean": 0.47556337765221873,
  "speed_risk_mean": 0.6479465643198487,
  "uncertainty_risk_mean": 0.6237206311320632,
  "human_activation_count": 150,
  "cooldown_skips": 0,
  "suppressed_request_count": 0,
  "suppressed_critical_count": 0,
  "cooldown_release_count": 75,
  "critical_override_count": 75,
  "critical_trigger_rate": 0.5,
  "trigger_active_rate": 1.0,
  "confidence_mean": 0.9500000000000002,
  "false_intervention_rate": 0.16,
  "repeated_intervention_rate": 0.9933333333333333,
  "post_intervention_violation_rate": 0.053691275167785234,
  "mean_drift_after_intervention": 2.319551144006435,
  "min_predicted_distance_mean": 0.6838060651272708
}