{
  "violation_rate": 0.08666666666666667,
  "collision_rate": 0.006666666666666667,
  "near_miss_rate": 1.12,
  "intervention_rate": 0.7466666666666667,
  "override_success_rate": 0.8839285714285714,
  "mean_intervention_delay": 0.0,
  "operator_workload": 0.7466666666666667,
  "mean_drift": 3.611890519252069,
  "p95_drift": 11.630640128927343,
  "mean_latency_ms": 0.6472316764605542,
  "risk_mean": 0.9034532352315419,
  "risk_p05": 0.6226802848992471,
  "risk_p25": 0.695194712999837,
  "risk_p50": 1.0,
  "risk_p75": 1.0,
  "risk_p95": 1.0,
  "separation_risk_mean": 0.7217469995568205,
  "congestion_risk_mean": 0.4438896282891999,
  "speed_risk_mean": 0.7393455627729534,
  "uncertainty_risk_mean": 0.6306338304657892,
  "human_activation_count": 112,
  "cooldown_skips": 38,
  "suppressed_request_count": 38,
  "suppressed_critical_count": 0,
  "cooldown_release_count": 109,
  "critical_override_count": 109,
  "critical_trigger_rate": 0.7266666666666667,
  "trigger_active_rate": 1.0,
  "confidence_mean": 0.9500000000000002,
  "false_intervention_rate": 0.026785714285714284,
  "repeated_intervention_rate": 0.875,
  "post_intervention_violation_rate": 0.09774436090225563,
  "mean_drift_after_intervention": 4.186553060956643,
  "min_predicted_distance_mean": 0.6915178893710029
}