{
  "violation_rate": 0.05333333333333334,
  "collision_rate": 0.0,
  "near_miss_rate": 0.7066666666666667,
  "intervention_rate": 0.7666666666666667,
  "override_success_rate": 0.9304347826086956,
  "mean_intervention_delay": 0.0,
  "operator_workload": 0.7666666666666667,
  "mean_drift": 12.031432668845921,
  "p95_drift": 28.025070503006148,
  "mean_latency_ms": 0.5829519328350822,
  "risk_mean": 0.8341418307255343,
  "risk_p05": 0.37399999999986966,
  "risk_p25": 0.5036440821223636,
  "risk_p50": 1.0,
  "risk_p75": 1.0,
  "risk_p95": 1.0,
  "separation_risk_mean": 0.5617516016987636,
  "congestion_risk_mean": 0.3337742817311714,
  "speed_risk_mean": 0.8869624035207314,
  "uncertainty_risk_mean": 0.6318802700574634,
  "human_activation_count": 115,
  "cooldown_skips": 35,
  "suppressed_request_count": 35,
  "suppressed_critical_count": 0,
  "cooldown_release_count": 107,
  "critical_override_count": 107,
  "critical_trigger_rate": 0.7133333333333334,
  "trigger_active_rate": 1.0,
  "confidence_mean": 0.9500000000000002,
  "false_intervention_rate": 0.0782608695652174,
  "repeated_intervention_rate": 0.9304347826086956,
  "post_intervention_violation_rate": 0.0625,
  "mean_drift_after_intervention": 13.88984587418997,
  "min_predicted_distance_mean": 0.9609667745438357
}