{
  "violation_rate": 0.0,
  "collision_rate": 0.013333333333333334,
  "near_miss_rate": 1.4266666666666667,
  "intervention_rate": 0.78,
  "override_success_rate": 1.0,
  "mean_intervention_delay": 0.0,
  "operator_workload": 0.78,
  "mean_drift": 7.648525603382722,
  "p95_drift": 30.116985970186978,
  "mean_latency_ms": 0.5104508522587518,
  "risk_mean": 0.9001510281257947,
  "risk_p05": 0.5681913753181463,
  "risk_p25": 0.8036864123960753,
  "risk_p50": 1.0,
  "risk_p75": 1.0,
  "risk_p95": 1.0,
  "separation_risk_mean": 0.7350065301764241,
  "congestion_risk_mean": 0.6374926313965444,
  "speed_risk_mean": 0.5983411715885641,
  "uncertainty_risk_mean": 0.6374400709792301,
  "human_activation_count": 117,
  "cooldown_skips": 33,
  "suppressed_request_count": 33,
  "suppressed_critical_count": 0,
  "cooldown_release_count": 112,
  "critical_override_count": 112,
  "critical_trigger_rate": 0.7466666666666667,
  "trigger_active_rate": 1.0,
  "confidence_mean": 1.0,
  "false_intervention_rate": 0.017094017094017096,
  "repeated_intervention_rate": 0.9230769230769231,
  "post_intervention_violation_rate": 0.0,
  "mean_drift_after_intervention": 8.746860912565891,
  "min_predicted_distance_mean": 0.7710997272244197
}