{
  "violation_rate": 0.04666666666666667,
  "collision_rate": 0.0,
  "near_miss_rate": 0.05333333333333334,
  "intervention_rate": 0.7733333333333333,
  "override_success_rate": 0.9396551724137931,
  "mean_intervention_delay": 0.0,
  "operator_workload": 0.7733333333333333,
  "mean_drift": 10.141496682956069,
  "p95_drift": 19.09205181533694,
  "mean_latency_ms": 0.40918696283673245,
  "risk_mean": 0.8490600277483314,
  "risk_p05": 0.29301742689485133,
  "risk_p25": 0.6122025679872094,
  "risk_p50": 1.0,
  "risk_p75": 1.0,
  "risk_p95": 1.0,
  "separation_risk_mean": 0.09445590907922571,
  "congestion_risk_mean": 0.045933656489451635,
  "speed_risk_mean": 0.7996096803235452,
  "uncertainty_risk_mean": 0.64,
  "human_activation_count": 116,
  "cooldown_skips": 21,
  "suppressed_request_count": 21,
  "suppressed_critical_count": 0,
  "cooldown_release_count": 111,
  "critical_override_count": 111,
  "critical_trigger_rate": 0.74,
  "trigger_active_rate": 0.9,
  "confidence_mean": 0.9500000000000002,
  "false_intervention_rate": 0.0603448275862069,
  "repeated_intervention_rate": 0.9482758620689655,
  "post_intervention_violation_rate": 0.056451612903225805,
  "mean_drift_after_intervention": 11.501921393019062,
  "min_predicted_distance_mean": 6.377568853426488
}