{
  "violation_rate": 0.07333333333333333,
  "collision_rate": 0.0,
  "near_miss_rate": 0.08,
  "intervention_rate": 0.7066666666666667,
  "override_success_rate": 0.8962264150943396,
  "mean_intervention_delay": 0.0,
  "operator_workload": 0.7066666666666667,
  "mean_drift": 9.525986214895639,
  "p95_drift": 42.19557546871646,
  "mean_latency_ms": 0.40198499569669366,
  "risk_mean": 0.828639599370238,
  "risk_p05": 0.33598905266016477,
  "risk_p25": 0.5638831556582251,
  "risk_p50": 1.0,
  "risk_p75": 1.0,
  "risk_p95": 1.0,
  "separation_risk_mean": 0.2446580714854737,
  "congestion_risk_mean": 0.09238055700833046,
  "speed_risk_mean": 0.9341540673640765,
  "uncertainty_risk_mean": 0.6398622429629875,
  "human_activation_count": 106,
  "cooldown_skips": 44,
  "suppressed_request_count": 44,
  "suppressed_critical_count": 0,
  "cooldown_release_count": 105,
  "critical_override_count": 102,
  "critical_trigger_rate": 0.68,
  "trigger_active_rate": 0.9933333333333333,
  "confidence_mean": 0.9500000000000002,
  "false_intervention_rate": 0.08490566037735849,
  "repeated_intervention_rate": 0.9056603773584906,
  "post_intervention_violation_rate": 0.09090909090909091,
  "mean_drift_after_intervention": 11.684419362276316,
  "min_predicted_distance_mean": 2.438828121438592
}