{
  "violation_rate": 0.0,
  "collision_rate": 0.006666666666666667,
  "near_miss_rate": 0.26666666666666666,
  "intervention_rate": 0.16666666666666666,
  "override_success_rate": 1.0,
  "mean_intervention_delay": 0.0,
  "operator_workload": 0.16666666666666666,
  "mean_drift": 6.063240398409017,
  "p95_drift": 22.14317223695571,
  "mean_latency_ms": 0.2231175206058348,
  "risk_mean": 0.4508683976312246,
  "risk_p95": 0.6331315909381285,
  "separation_risk_mean": 0.432536044661596,
  "congestion_risk_mean": 0.24670515822294295,
  "speed_risk_mean": 0.6651626262536293,
  "uncertainty_risk_mean": 0.631843293598175,
  "human_activation_count": 25,
  "cooldown_skips": 125,
  "trigger_active_rate": 1.0,
  "confidence_mean": 0.9500000000000002,
  "false_intervention_rate": 0.28
}