{
  "violation_rate": 0.06666666666666667,
  "collision_rate": 0.0,
  "near_miss_rate": 0.04666666666666667,
  "intervention_rate": 0.9466666666666667,
  "override_success_rate": 0.9295774647887324,
  "mean_intervention_delay": 0.0,
  "operator_workload": 0.9466666666666667,
  "mean_drift": 13.27026684278595,
  "p95_drift": 28.439296755125206,
  "mean_latency_ms": 0.45460752910003066,
  "risk_mean": 0.9597866666666645,
  "risk_p05": 0.5852999999999813,
  "risk_p25": 1.0,
  "risk_p50": 1.0,
  "risk_p75": 1.0,
  "risk_p95": 1.0,
  "separation_risk_mean": 0.08149508036173549,
  "congestion_risk_mean": 0.03809553699867702,
  "speed_risk_mean": 0.9793130382665144,
  "uncertainty_risk_mean": 0.64,
  "human_activation_count": 142,
  "cooldown_skips": 0,
  "suppressed_request_count": 0,
  "suppressed_critical_count": 0,
  "cooldown_release_count": 142,
  "critical_override_count": 142,
  "critical_trigger_rate": 0.9466666666666667,
  "trigger_active_rate": 0.9466666666666667,
  "confidence_mean": 0.9500000000000002,
  "false_intervention_rate": 0.014084507042253521,
  "repeated_intervention_rate": 0.9929577464788732,
  "post_intervention_violation_rate": 0.07092198581560284,
  "mean_drift_after_intervention": 12.988378797901566,
  "min_predicted_distance_mean": 5.927992611298648
}