{
  "violation_rate": 0.013333333333333334,
  "collision_rate": 0.0,
  "near_miss_rate": 0.74,
  "intervention_rate": 0.16666666666666666,
  "override_success_rate": 0.96,
  "mean_intervention_delay": 0.0,
  "operator_workload": 0.16666666666666666,
  "mean_drift": 19.120510105120708,
  "p95_drift": 36.59632878585641,
  "mean_latency_ms": 0.5021549936888429,
  "risk_mean": 0.6065754067716065,
  "risk_p95": 0.6744999999999864,
  "separation_risk_mean": 0.6176710342371395,
  "congestion_risk_mean": 0.33751582902072547,
  "speed_risk_mean": 0.9882965607314156,
  "uncertainty_risk_mean": 0.64,
  "human_activation_count": 25,
  "cooldown_skips": 120,
  "trigger_active_rate": 0.9666666666666667,
  "confidence_mean": 0.9500000000000002,
  "false_intervention_rate": 0.2
}