{
  "violation_rate": 0.06,
  "collision_rate": 0.0,
  "near_miss_rate": 3.86,
  "intervention_rate": 0.9533333333333334,
  "override_success_rate": 0.9440559440559441,
  "mean_intervention_delay": 0.0,
  "operator_workload": 0.9533333333333334,
  "mean_drift": 7.336366347474843,
  "p95_drift": 24.191150620043565,
  "mean_latency_ms": 3.342540586988131,
  "risk_mean": 0.9848230878226292,
  "risk_p05": 1.0,
  "risk_p25": 1.0,
  "risk_p50": 1.0,
  "risk_p75": 1.0,
  "risk_p95": 1.0,
  "separation_risk_mean": 0.7234922058077493,
  "congestion_risk_mean": 0.41217933427239956,
  "speed_risk_mean": 0.7405168200389018,
  "uncertainty_risk_mean": 0.632315623509821,
  "human_activation_count": 143,
  "cooldown_skips": 7,
  "suppressed_request_count": 7,
  "suppressed_critical_count": 0,
  "cooldown_release_count": 143,
  "critical_override_count": 143,
  "critical_trigger_rate": 0.9533333333333334,
  "trigger_active_rate": 1.0,
  "confidence_mean": 0.9500000000000002,
  "false_intervention_rate": 0.0,
  "repeated_intervention_rate": 0.958041958041958,
  "post_intervention_violation_rate": 0.06040268456375839,
  "mean_drift_after_intervention": 7.587965947629697,
  "min_predicted_distance_mean": 0.5183469588596215
}