{
  "violation_rate": 0.06,
  "collision_rate": 0.013333333333333334,
  "near_miss_rate": 1.2866666666666666,
  "intervention_rate": 0.7666666666666667,
  "override_success_rate": 0.9217391304347826,
  "mean_intervention_delay": 0.0,
  "operator_workload": 0.7666666666666667,
  "mean_drift": 7.71144361184592,
  "p95_drift": 30.122615264242484,
  "mean_latency_ms": 0.5489502614364028,
  "risk_mean": 0.9008456075610968,
  "risk_p05": 0.5456010444629614,
  "risk_p25": 1.0,
  "risk_p50": 1.0,
  "risk_p75": 1.0,
  "risk_p95": 1.0,
  "separation_risk_mean": 0.7206374276974384,
  "congestion_risk_mean": 0.6070449344985498,
  "speed_risk_mean": 0.6182245151048643,
  "uncertainty_risk_mean": 0.6374400709792301,
  "human_activation_count": 115,
  "cooldown_skips": 35,
  "suppressed_request_count": 35,
  "suppressed_critical_count": 0,
  "cooldown_release_count": 113,
  "critical_override_count": 113,
  "critical_trigger_rate": 0.7533333333333333,
  "trigger_active_rate": 1.0,
  "confidence_mean": 0.9500000000000002,
  "false_intervention_rate": 0.008695652173913044,
  "repeated_intervention_rate": 0.9478260869565217,
  "post_intervention_violation_rate": 0.07258064516129033,
  "mean_drift_after_intervention": 8.9153485752901,
  "min_predicted_distance_mean": 0.813023434989379
}