{
  "violation_rate": 0.26,
  "collision_rate": 0.0,
  "near_miss_rate": 0.5466666666666666,
  "intervention_rate": 0.9,
  "override_success_rate": 0.7111111111111111,
  "mean_intervention_delay": 1.0,
  "operator_workload": 0.9,
  "mean_drift": 6.65255491448925,
  "p95_drift": 21.183995524250122,
  "mean_latency_ms": 0.8437055869338413,
  "risk_mean": 0.9449195407636058,
  "risk_p05": 0.5430646994272247,
  "risk_p25": 1.0,
  "risk_p50": 1.0,
  "risk_p75": 1.0,
  "risk_p95": 1.0,
  "separation_risk_mean": 0.5577600189516405,
  "congestion_risk_mean": 0.30495633870839134,
  "speed_risk_mean": 0.7957179783844217,
  "uncertainty_risk_mean": 0.6343976633185245,
  "human_activation_count": 135,
  "cooldown_skips": 15,
  "suppressed_request_count": 15,
  "suppressed_critical_count": 0,
  "cooldown_release_count": 132,
  "critical_override_count": 132,
  "critical_trigger_rate": 0.88,
  "trigger_active_rate": 1.0,
  "confidence_mean": 0.7950147938816742,
  "false_intervention_rate": 0.0962962962962963,
  "repeated_intervention_rate": 0.9629629629629629,
  "post_intervention_violation_rate": 0.2765957446808511,
  "mean_drift_after_intervention": 7.013039129358763,
  "min_predicted_distance_mean": 1.185842616234083
}