{
  "violation_rate": 0.08666666666666667,
  "collision_rate": 0.02,
  "near_miss_rate": 0.6066666666666667,
  "intervention_rate": 0.78,
  "override_success_rate": 0.8888888888888888,
  "mean_intervention_delay": 0.0,
  "operator_workload": 0.78,
  "mean_drift": 11.409496957469436,
  "p95_drift": 19.1839665864291,
  "mean_latency_ms": 0.7076905652259787,
  "risk_mean": 0.8184430874482257,
  "risk_p05": 0.24599999999987543,
  "risk_p25": 0.6818524289069939,
  "risk_p50": 1.0,
  "risk_p75": 1.0,
  "risk_p95": 1.0,
  "separation_risk_mean": 0.528162509185329,
  "congestion_risk_mean": 0.30308153246823155,
  "speed_risk_mean": 0.9703992901129197,
  "uncertainty_risk_mean": 0.6360226347329069,
  "human_activation_count": 117,
  "cooldown_skips": 33,
  "suppressed_request_count": 33,
  "suppressed_critical_count": 0,
  "cooldown_release_count": 111,
  "critical_override_count": 111,
  "critical_trigger_rate": 0.74,
  "trigger_active_rate": 1.0,
  "confidence_mean": 0.9500000000000002,
  "false_intervention_rate": 0.08547008547008547,
  "repeated_intervention_rate": 0.9316239316239316,
  "post_intervention_violation_rate": 0.09230769230769231,
  "mean_drift_after_intervention": 13.254434282455138,
  "min_predicted_distance_mean": 1.0105817046321106
}