{
  "violation_rate": 0.06,
  "collision_rate": 0.0,
  "near_miss_rate": 0.02,
  "intervention_rate": 0.16666666666666666,
  "override_success_rate": 0.8,
  "mean_intervention_delay": 1.0,
  "operator_workload": 0.16666666666666666,
  "mean_drift": 22.61535699696407,
  "p95_drift": 63.9550141734715,
  "mean_latency_ms": 0.2872841928425866,
  "risk_mean": 0.30147221311196565,
  "risk_p95": 0.45275967441404363,
  "separation_risk_mean": 0.09159298936135253,
  "congestion_risk_mean": 0.05835654408594244,
  "speed_risk_mean": 0.9991950042231929,
  "uncertainty_risk_mean": 0.6385798749626165,
  "human_activation_count": 25,
  "cooldown_skips": 125,
  "trigger_active_rate": 1.0,
  "confidence_mean": 0.9212990359040137,
  "false_intervention_rate": 0.28
}