{
  "violation_rate": 0.20666666666666667,
  "collision_rate": 0.006666666666666667,
  "near_miss_rate": 0.2733333333333333,
  "intervention_rate": 0.76,
  "override_success_rate": 0.7280701754385965,
  "mean_intervention_delay": 0.0,
  "operator_workload": 0.76,
  "mean_drift": 6.0492658577740315,
  "p95_drift": 22.262609489272783,
  "mean_latency_ms": 0.5895730876363814,
  "risk_mean": 0.8285354773043978,
  "risk_p05": 0.27717253417560045,
  "risk_p25": 0.5147776637977645,
  "risk_p50": 1.0,
  "risk_p75": 1.0,
  "risk_p95": 1.0,
  "separation_risk_mean": 0.48476657892059233,
  "congestion_risk_mean": 0.26086496945139726,
  "speed_risk_mean": 0.5887343435880674,
  "uncertainty_risk_mean": 0.631843293598175,
  "human_activation_count": 114,
  "cooldown_skips": 36,
  "suppressed_request_count": 36,
  "suppressed_critical_count": 0,
  "cooldown_release_count": 107,
  "critical_override_count": 107,
  "critical_trigger_rate": 0.7133333333333334,
  "trigger_active_rate": 1.0,
  "confidence_mean": 0.75,
  "false_intervention_rate": 0.07894736842105263,
  "repeated_intervention_rate": 0.9210526315789473,
  "post_intervention_violation_rate": 0.2421875,
  "mean_drift_after_intervention": 6.872031179713211,
  "min_predicted_distance_mean": 1.6352477036636848
}