{
  "violation_rate": 0.7266666666666667,
  "collision_rate": 0.0,
  "near_miss_rate": 0.02666666666666667,
  "intervention_rate": 0.7933333333333333,
  "override_success_rate": 0.08403361344537816,
  "mean_intervention_delay": 5.0,
  "operator_workload": 0.7933333333333333,
  "mean_drift": 13.607525858749039,
  "p95_drift": 42.194925859818184,
  "mean_latency_ms": 1.9712725188583136,
  "risk_mean": 0.8278509544019221,
  "risk_p05": 0.21599999999992206,
  "risk_p25": 0.8106624402893563,
  "risk_p50": 1.0,
  "risk_p75": 1.0,
  "risk_p95": 1.0,
  "separation_risk_mean": 0.046122697167703765,
  "congestion_risk_mean": 0.034445928587720255,
  "speed_risk_mean": 0.8417979772719102,
  "uncertainty_risk_mean": 0.64,
  "human_activation_count": 119,
  "cooldown_skips": 31,
  "suppressed_request_count": 31,
  "suppressed_critical_count": 0,
  "cooldown_release_count": 112,
  "critical_override_count": 112,
  "critical_trigger_rate": 0.7466666666666667,
  "trigger_active_rate": 1.0,
  "confidence_mean": 0.4735918054962103,
  "false_intervention_rate": 0.07563025210084033,
  "repeated_intervention_rate": 0.9327731092436975,
  "post_intervention_violation_rate": 0.8320610687022901,
  "mean_drift_after_intervention": 15.786041096978302,
  "min_predicted_distance_mean": 7.71587284984051
}