{
  "violation_rate": 0.12666666666666668,
  "collision_rate": 0.013333333333333334,
  "near_miss_rate": 1.26,
  "intervention_rate": 0.9333333333333333,
  "override_success_rate": 0.8642857142857143,
  "mean_intervention_delay": 0.0,
  "operator_workload": 0.9333333333333333,
  "mean_drift": 7.654850766486306,
  "p95_drift": 30.189970647716994,
  "mean_latency_ms": 0.7891651933702329,
  "risk_mean": 0.9572658051379793,
  "risk_p05": 0.5578114991031492,
  "risk_p25": 1.0,
  "risk_p50": 1.0,
  "risk_p75": 1.0,
  "risk_p95": 1.0,
  "separation_risk_mean": 0.7271181487260779,
  "congestion_risk_mean": 0.6416523377115146,
  "speed_risk_mean": 0.626495642811412,
  "uncertainty_risk_mean": 0.6374310093181734,
  "human_activation_count": 140,
  "cooldown_skips": 10,
  "suppressed_request_count": 10,
  "suppressed_critical_count": 0,
  "cooldown_release_count": 136,
  "critical_override_count": 136,
  "critical_trigger_rate": 0.9066666666666666,
  "trigger_active_rate": 1.0,
  "confidence_mean": 0.9500000000000002,
  "false_intervention_rate": 0.07857142857142857,
  "repeated_intervention_rate": 0.95,
  "post_intervention_violation_rate": 0.12751677852348994,
  "mean_drift_after_intervention": 7.937323430550025,
  "min_predicted_distance_mean": 0.7074503075404186
}