{
  "violation_rate": 0.0,
  "collision_rate": 0.0,
  "near_miss_rate": 0.0,
  "intervention_rate": 0.02,
  "override_success_rate": 1.0,
  "mean_intervention_delay": 0.0,
  "operator_workload": 0.02,
  "mean_drift": 16.500684321766425,
  "p95_drift": 30.48896496530426,
  "mean_latency_ms": 0.4182447345616917,
  "risk_mean": 0.2672918539825067,
  "risk_p95": 0.4262035327871833,
  "separation_risk_mean": 0.04122246664601322,
  "congestion_risk_mean": 0.02367544334387529,
  "speed_risk_mean": 0.9788192210388801,
  "uncertainty_risk_mean": 0.64,
  "human_activation_count": 3,
  "cooldown_skips": 15,
  "trigger_active_rate": 0.12,
  "confidence_mean": 0.9500000000000002,
  "false_intervention_rate": 1.0
}