{
  "violation_rate": 0.8333333333333334,
  "collision_rate": 0.013333333333333334,
  "near_miss_rate": 0.14,
  "intervention_rate": 0.8933333333333333,
  "override_success_rate": 0.06716417910447761,
  "mean_intervention_delay": 10.0,
  "operator_workload": 0.8933333333333333,
  "mean_drift": 22.047809927590293,
  "p95_drift": 60.99661097810104,
  "mean_latency_ms": 2.453272759448737,
  "risk_mean": 0.9167140368628911,
  "risk_p05": 0.24599999999986852,
  "risk_p25": 1.0,
  "risk_p50": 1.0,
  "risk_p75": 1.0,
  "risk_p95": 1.0,
  "separation_risk_mean": 0.08766638369380626,
  "congestion_risk_mean": 0.08001124441064043,
  "speed_risk_mean": 0.9164945779450832,
  "uncertainty_risk_mean": 0.64,
  "human_activation_count": 134,
  "cooldown_skips": 16,
  "suppressed_request_count": 16,
  "suppressed_critical_count": 0,
  "cooldown_release_count": 132,
  "critical_override_count": 132,
  "critical_trigger_rate": 0.88,
  "trigger_active_rate": 1.0,
  "confidence_mean": 0.21618787704013864,
  "false_intervention_rate": 0.04477611940298507,
  "repeated_intervention_rate": 0.9626865671641791,
  "post_intervention_violation_rate": 0.8857142857142857,
  "mean_drift_after_intervention": 23.824543607397317,
  "min_predicted_distance_mean": 19.807527421208913
}