{
  "violation_rate": 0.02666666666666667,
  "collision_rate": 0.0,
  "near_miss_rate": 0.2,
  "intervention_rate": 0.7,
  "override_success_rate": 0.9619047619047619,
  "mean_intervention_delay": 0.0,
  "operator_workload": 0.7,
  "mean_drift": 13.59314430368631,
  "p95_drift": 29.99303086817539,
  "mean_latency_ms": 0.4274897347204387,
  "risk_mean": 0.844605914034094,
  "risk_p05": 0.42533300402594565,
  "risk_p25": 0.6476616552708812,
  "risk_p50": 1.0,
  "risk_p75": 1.0,
  "risk_p95": 1.0,
  "separation_risk_mean": 0.2403795454197855,
  "congestion_risk_mean": 0.15016352655987938,
  "speed_risk_mean": 0.9696377460635777,
  "uncertainty_risk_mean": 0.6356159681806567,
  "human_activation_count": 105,
  "cooldown_skips": 45,
  "suppressed_request_count": 45,
  "suppressed_critical_count": 0,
  "cooldown_release_count": 101,
  "critical_override_count": 101,
  "critical_trigger_rate": 0.6733333333333333,
  "trigger_active_rate": 1.0,
  "confidence_mean": 0.9500000000000002,
  "false_intervention_rate": 0.06666666666666667,
  "repeated_intervention_rate": 0.9238095238095239,
  "post_intervention_violation_rate": 0.034482758620689655,
  "mean_drift_after_intervention": 17.053510771330494,
  "min_predicted_distance_mean": 2.859403785232872
}