{
  "violation_rate": 0.05333333333333334,
  "collision_rate": 0.0,
  "near_miss_rate": 0.02,
  "intervention_rate": 0.7266666666666667,
  "override_success_rate": 0.926605504587156,
  "mean_intervention_delay": 0.0,
  "operator_workload": 0.7266666666666667,
  "mean_drift": 8.779234137374358,
  "p95_drift": 27.205178919162698,
  "mean_latency_ms": 0.40509801901256043,
  "risk_mean": 0.8044335330275018,
  "risk_p05": 0.24295155718872102,
  "risk_p25": 0.47456683867136223,
  "risk_p50": 1.0,
  "risk_p75": 1.0,
  "risk_p95": 1.0,
  "separation_risk_mean": 0.05596917047010824,
  "congestion_risk_mean": 0.029129811025876223,
  "speed_risk_mean": 0.9199626726391886,
  "uncertainty_risk_mean": 0.6379463370092036,
  "human_activation_count": 109,
  "cooldown_skips": 41,
  "suppressed_request_count": 41,
  "suppressed_critical_count": 0,
  "cooldown_release_count": 107,
  "critical_override_count": 107,
  "critical_trigger_rate": 0.7133333333333334,
  "trigger_active_rate": 1.0,
  "confidence_mean": 0.9500000000000002,
  "false_intervention_rate": 0.045871559633027525,
  "repeated_intervention_rate": 0.963302752293578,
  "post_intervention_violation_rate": 0.07079646017699115,
  "mean_drift_after_intervention": 10.74677727274964,
  "min_predicted_distance_mean": 4.254058966784952
}