{
  "violation_rate": 0.05333333333333334,
  "collision_rate": 0.006666666666666667,
  "near_miss_rate": 0.22666666666666666,
  "intervention_rate": 0.7266666666666667,
  "override_success_rate": 0.926605504587156,
  "mean_intervention_delay": 0.0,
  "operator_workload": 0.7266666666666667,
  "mean_drift": 6.0734121380202595,
  "p95_drift": 22.195202752975597,
  "mean_latency_ms": 0.39431188177938264,
  "risk_mean": 0.8308981417520005,
  "risk_p05": 0.28983363668808243,
  "risk_p25": 0.5350036854697933,
  "risk_p50": 1.0,
  "risk_p75": 1.0,
  "risk_p95": 1.0,
  "separation_risk_mean": 0.4494533591838364,
  "congestion_risk_mean": 0.24210560575206083,
  "speed_risk_mean": 0.580618477287005,
  "uncertainty_risk_mean": 0.631843293598175,
  "human_activation_count": 109,
  "cooldown_skips": 15,
  "suppressed_request_count": 15,
  "suppressed_critical_count": 0,
  "cooldown_release_count": 107,
  "critical_override_count": 107,
  "critical_trigger_rate": 0.7133333333333334,
  "trigger_active_rate": 0.82,
  "confidence_mean": 0.9500000000000002,
  "false_intervention_rate": 0.03669724770642202,
  "repeated_intervention_rate": 0.963302752293578,
  "post_intervention_violation_rate": 0.07017543859649122,
  "mean_drift_after_intervention": 6.999049412740857,
  "min_predicted_distance_mean": 1.7328768548496642
}