{
  "violation_rate": 0.013333333333333334,
  "collision_rate": 0.0,
  "near_miss_rate": 0.07333333333333333,
  "intervention_rate": 0.16666666666666666,
  "override_success_rate": 0.96,
  "mean_intervention_delay": 0.0,
  "operator_workload": 0.16666666666666666,
  "mean_drift": 9.576768934987658,
  "p95_drift": 42.065091741539256,
  "mean_latency_ms": 0.22698225356483212,
  "risk_mean": 0.3406705956286956,
  "risk_p95": 0.5935898409614524,
  "separation_risk_mean": 0.16599925945150545,
  "congestion_risk_mean": 0.09532957043166042,
  "speed_risk_mean": 0.974394665487699,
  "uncertainty_risk_mean": 0.6398622429629875,
  "human_activation_count": 25,
  "cooldown_skips": 125,
  "trigger_active_rate": 1.0,
  "confidence_mean": 0.9500000000000002,
  "false_intervention_rate": 0.4
}