{
  "violation_rate": 0.02,
  "collision_rate": 0.0,
  "near_miss_rate": 0.12666666666666668,
  "intervention_rate": 0.16666666666666666,
  "override_success_rate": 0.92,
  "mean_intervention_delay": 0.0,
  "operator_workload": 0.16666666666666666,
  "mean_drift": 14.123517298473052,
  "p95_drift": 26.34762518599967,
  "mean_latency_ms": 0.40431002688516554,
  "risk_mean": 0.29812656697215734,
  "risk_p95": 0.6202944963441978,
  "separation_risk_mean": 0.08039274099951936,
  "congestion_risk_mean": 0.07351230979165564,
  "speed_risk_mean": 0.9872016063010927,
  "uncertainty_risk_mean": 0.6366101008619723,
  "human_activation_count": 25,
  "cooldown_skips": 125,
  "trigger_active_rate": 1.0,
  "confidence_mean": 0.9500000000000002,
  "false_intervention_rate": 0.28
}