{
  "violation_rate": 0.7733333333333333,
  "collision_rate": 0.14,
  "near_miss_rate": 0.38666666666666666,
  "intervention_rate": 0.8066666666666666,
  "override_success_rate": 0.04132231404958678,
  "mean_intervention_delay": 10.0,
  "operator_workload": 0.8066666666666666,
  "mean_drift": 12.012149407052117,
  "p95_drift": 67.85534347311928,
  "mean_latency_ms": 2.0171433112894497,
  "risk_mean": 0.9117380063223152,
  "risk_p05": 0.5732953629593232,
  "risk_p25": 1.0,
  "risk_p50": 1.0,
  "risk_p75": 1.0,
  "risk_p95": 1.0,
  "separation_risk_mean": 0.6831500137012082,
  "congestion_risk_mean": 0.4035044451705393,
  "speed_risk_mean": 0.6633923753063553,
  "uncertainty_risk_mean": 0.6372780295940058,
  "human_activation_count": 121,
  "cooldown_skips": 29,
  "suppressed_request_count": 29,
  "suppressed_critical_count": 0,
  "cooldown_release_count": 116,
  "critical_override_count": 116,
  "critical_trigger_rate": 0.7733333333333333,
  "trigger_active_rate": 1.0,
  "confidence_mean": 0.28737860538699084,
  "false_intervention_rate": 0.024793388429752067,
  "repeated_intervention_rate": 0.9338842975206612,
  "post_intervention_violation_rate": 0.835820895522388,
  "mean_drift_after_intervention": 13.961947729311298,
  "min_predicted_distance_mean": 0.858092145872411
}