{
  "violation_rate": 0.0,
  "collision_rate": 0.0,
  "near_miss_rate": 0.006666666666666667,
  "intervention_rate": 0.0,
  "override_success_rate": 0.0,
  "mean_intervention_delay": 0.0,
  "operator_workload": 0.0,
  "mean_drift": 10.188806196585993,
  "p95_drift": 18.68561300888735,
  "mean_latency_ms": 0.3838283327058889,
  "risk_mean": 0.260680495482151,
  "risk_p95": 0.4700571069039268,
  "separation_risk_mean": 0.06669866151754875,
  "congestion_risk_mean": 0.03845318372971617,
  "speed_risk_mean": 0.8336853457788335,
  "uncertainty_risk_mean": 0.64,
  "human_activation_count": 0,
  "cooldown_skips": 0,
  "trigger_active_rate": 0.0,
  "confidence_mean": 0.9500000000000002,
  "false_intervention_rate": 0.0
}