{
  "violation_rate": 0.09333333333333334,
  "collision_rate": 0.0,
  "near_miss_rate": 0.2,
  "intervention_rate": 1.0,
  "override_success_rate": 0.9066666666666666,
  "mean_intervention_delay": 0.0,
  "operator_workload": 1.0,
  "mean_drift": 15.418925632832899,
  "p95_drift": 37.170166438430854,
  "mean_latency_ms": 0.49884451863666374,
  "risk_mean": 0.8815928254203258,
  "risk_p05": 0.4713814098325278,
  "risk_p25": 0.6723894440126177,
  "risk_p50": 1.0,
  "risk_p75": 1.0,
  "risk_p95": 1.0,
  "separation_risk_mean": 0.19934964801895888,
  "congestion_risk_mean": 0.12592592747311954,
  "speed_risk_mean": 0.9953802441322341,
  "uncertainty_risk_mean": 0.64,
  "human_activation_count": 150,
  "cooldown_skips": 0,
  "suppressed_request_count": 0,
  "suppressed_critical_count": 0,
  "cooldown_release_count": 109,
  "critical_override_count": 109,
  "critical_trigger_rate": 0.7266666666666667,
  "trigger_active_rate": 1.0,
  "confidence_mean": 0.9500000000000002,
  "false_intervention_rate": 0.2866666666666667,
  "repeated_intervention_rate": 0.9933333333333333,
  "post_intervention_violation_rate": 0.09395973154362416,
  "mean_drift_after_intervention": 15.418925632832899,
  "min_predicted_distance_mean": 5.521629343292154
}