{
  "violation_rate": 0.0,
  "collision_rate": 0.0,
  "near_miss_rate": 0.04666666666666667,
  "intervention_rate": 0.013333333333333334,
  "override_success_rate": 1.0,
  "mean_intervention_delay": 0.0,
  "operator_workload": 0.013333333333333334,
  "mean_drift": 14.456210886471053,
  "p95_drift": 37.29868228250301,
  "mean_latency_ms": 0.5144594136315087,
  "risk_mean": 0.3110501585266563,
  "risk_p95": 0.4773634997863476,
  "separation_risk_mean": 0.11926803996073543,
  "congestion_risk_mean": 0.07706826624957118,
  "speed_risk_mean": 0.9476533927950808,
  "uncertainty_risk_mean": 0.639763100417803,
  "human_activation_count": 2,
  "cooldown_skips": 10,
  "trigger_active_rate": 0.06666666666666667,
  "confidence_mean": 0.9500000000000002,
  "false_intervention_rate": 0.5
}