{
  "violation_rate": 0.7266666666666667,
  "collision_rate": 0.013333333333333334,
  "near_miss_rate": 0.06666666666666667,
  "intervention_rate": 0.8,
  "override_success_rate": 0.09166666666666666,
  "mean_intervention_delay": 5.0,
  "operator_workload": 0.8,
  "mean_drift": 14.071230782536617,
  "p95_drift": 42.9817473778839,
  "mean_latency_ms": 2.160928101123621,
  "risk_mean": 0.849818094444698,
  "risk_p05": 0.26133704998401763,
  "risk_p25": 1.0,
  "risk_p50": 1.0,
  "risk_p75": 1.0,
  "risk_p95": 1.0,
  "separation_risk_mean": 0.14940566367033292,
  "congestion_risk_mean": 0.08651767339663709,
  "speed_risk_mean": 0.9340280987406573,
  "uncertainty_risk_mean": 0.6294827646841118,
  "human_activation_count": 120,
  "cooldown_skips": 30,
  "suppressed_request_count": 30,
  "suppressed_critical_count": 0,
  "cooldown_release_count": 114,
  "critical_override_count": 114,
  "critical_trigger_rate": 0.76,
  "trigger_active_rate": 1.0,
  "confidence_mean": 0.4695883752902962,
  "false_intervention_rate": 0.08333333333333333,
  "repeated_intervention_rate": 0.9416666666666667,
  "post_intervention_violation_rate": 0.8244274809160306,
  "mean_drift_after_intervention": 16.25857171024157,
  "min_predicted_distance_mean": 5.320994803599663
}