{
  "violation_rate": 0.09333333333333334,
  "collision_rate": 0.0,
  "near_miss_rate": 0.02666666666666667,
  "intervention_rate": 0.84,
  "override_success_rate": 0.8888888888888888,
  "mean_intervention_delay": 0.0,
  "operator_workload": 0.84,
  "mean_drift": 11.680340542492054,
  "p95_drift": 30.767176022576912,
  "mean_latency_ms": 0.5503488906348745,
  "risk_mean": 0.8397237829357524,
  "risk_p05": 0.21599999999992184,
  "risk_p25": 1.0,
  "risk_p50": 1.0,
  "risk_p75": 1.0,
  "risk_p95": 1.0,
  "separation_risk_mean": 0.04548030835519004,
  "congestion_risk_mean": 0.03383526944094207,
  "speed_risk_mean": 0.8350097132252219,
  "uncertainty_risk_mean": 0.64,
  "human_activation_count": 126,
  "cooldown_skips": 24,
  "suppressed_request_count": 24,
  "suppressed_critical_count": 0,
  "cooldown_release_count": 115,
  "critical_override_count": 115,
  "critical_trigger_rate": 0.7666666666666667,
  "trigger_active_rate": 1.0,
  "confidence_mean": 0.9500000000000002,
  "false_intervention_rate": 0.12698412698412698,
  "repeated_intervention_rate": 0.8968253968253969,
  "post_intervention_violation_rate": 0.09395973154362416,
  "mean_drift_after_intervention": 12.93763806671317,
  "min_predicted_distance_mean": 6.075749219949724
}