{
  "violation_rate": 0.07333333333333333,
  "collision_rate": 0.006666666666666667,
  "near_miss_rate": 0.006666666666666667,
  "intervention_rate": 0.7666666666666667,
  "override_success_rate": 0.9043478260869565,
  "mean_intervention_delay": 0.0,
  "operator_workload": 0.7666666666666667,
  "mean_drift": 12.411036885063004,
  "p95_drift": 30.199179026640483,
  "mean_latency_ms": 0.4662083485163748,
  "risk_mean": 0.8004972185181443,
  "risk_p05": 0.21599999999995345,
  "risk_p25": 0.39283622279385666,
  "risk_p50": 1.0,
  "risk_p75": 1.0,
  "risk_p95": 1.0,
  "separation_risk_mean": 0.03829820612370294,
  "congestion_risk_mean": 0.022427210008077233,
  "speed_risk_mean": 0.8182583588003944,
  "uncertainty_risk_mean": 0.637837919433599,
  "human_activation_count": 115,
  "cooldown_skips": 35,
  "suppressed_request_count": 35,
  "suppressed_critical_count": 0,
  "cooldown_release_count": 107,
  "critical_override_count": 107,
  "critical_trigger_rate": 0.7133333333333334,
  "trigger_active_rate": 1.0,
  "confidence_mean": 0.9500000000000002,
  "false_intervention_rate": 0.0782608695652174,
  "repeated_intervention_rate": 0.9304347826086956,
  "post_intervention_violation_rate": 0.078125,
  "mean_drift_after_intervention": 14.615854050375663,
  "min_predicted_distance_mean": 8.155587505143705
}