{
  "violation_rate": 0.7466666666666667,
  "collision_rate": 0.04,
  "near_miss_rate": 0.32666666666666666,
  "intervention_rate": 0.84,
  "override_success_rate": 0.12698412698412698,
  "mean_intervention_delay": 0.0,
  "operator_workload": 0.84,
  "mean_drift": 11.981124418002612,
  "p95_drift": 39.29339245052658,
  "mean_latency_ms": 2.0545339320475855,
  "risk_mean": 0.9304939475781333,
  "risk_p05": 0.5961639211115481,
  "risk_p25": 1.0,
  "risk_p50": 1.0,
  "risk_p75": 1.0,
  "risk_p95": 1.0,
  "separation_risk_mean": 0.2977673603586888,
  "congestion_risk_mean": 0.1793301635478383,
  "speed_risk_mean": 0.863460045588915,
  "uncertainty_risk_mean": 0.6285425705801528,
  "human_activation_count": 126,
  "cooldown_skips": 24,
  "suppressed_request_count": 24,
  "suppressed_critical_count": 0,
  "cooldown_release_count": 124,
  "critical_override_count": 124,
  "critical_trigger_rate": 0.8266666666666667,
  "trigger_active_rate": 1.0,
  "confidence_mean": 0.5,
  "false_intervention_rate": 0.023809523809523808,
  "repeated_intervention_rate": 0.9285714285714286,
  "post_intervention_violation_rate": 0.8102189781021898,
  "mean_drift_after_intervention": 13.32370994788655,
  "min_predicted_distance_mean": 3.6461062270641955
}