{
  "violation_rate": 0.013333333333333334,
  "collision_rate": 0.0,
  "near_miss_rate": 0.0,
  "intervention_rate": 0.15333333333333332,
  "override_success_rate": 0.9565217391304348,
  "mean_intervention_delay": 0.0,
  "operator_workload": 0.15333333333333332,
  "mean_drift": 12.918851170997172,
  "p95_drift": 33.51887363905473,
  "mean_latency_ms": 0.22254694728568816,
  "risk_mean": 0.24881916280556643,
  "risk_p95": 0.31254644122807507,
  "separation_risk_mean": 0.01685462905645732,
  "congestion_risk_mean": 0.00923541318162045,
  "speed_risk_mean": 0.9528381762317034,
  "uncertainty_risk_mean": 0.64,
  "human_activation_count": 23,
  "cooldown_skips": 114,
  "trigger_active_rate": 0.9133333333333333,
  "confidence_mean": 0.9500000000000002,
  "false_intervention_rate": 0.2608695652173913
}