{
  "violation_rate": 0.06,
  "collision_rate": 0.0,
  "near_miss_rate": 0.02666666666666667,
  "intervention_rate": 0.7733333333333333,
  "override_success_rate": 0.9224137931034483,
  "mean_intervention_delay": 0.0,
  "operator_workload": 0.7733333333333333,
  "mean_drift": 11.75445197064577,
  "p95_drift": 30.758899403619676,
  "mean_latency_ms": 0.40079075765485567,
  "risk_mean": 0.8282693787020246,
  "risk_p05": 0.2159999999999232,
  "risk_p25": 0.8106624402893563,
  "risk_p50": 1.0,
  "risk_p75": 1.0,
  "risk_p95": 1.0,
  "separation_risk_mean": 0.046733964504851344,
  "congestion_risk_mean": 0.03490283880514957,
  "speed_risk_mean": 0.8381446121494331,
  "uncertainty_risk_mean": 0.64,
  "human_activation_count": 116,
  "cooldown_skips": 34,
  "suppressed_request_count": 34,
  "suppressed_critical_count": 0,
  "cooldown_release_count": 112,
  "critical_override_count": 112,
  "critical_trigger_rate": 0.7466666666666667,
  "trigger_active_rate": 1.0,
  "confidence_mean": 0.9500000000000002,
  "false_intervention_rate": 0.05172413793103448,
  "repeated_intervention_rate": 0.9568965517241379,
  "post_intervention_violation_rate": 0.07317073170731707,
  "mean_drift_after_intervention": 13.650611104977365,
  "min_predicted_distance_mean": 6.011806579341613
}