{
  "violation_rate": 0.02,
  "collision_rate": 0.0,
  "near_miss_rate": 0.37333333333333335,
  "intervention_rate": 0.16666666666666666,
  "override_success_rate": 0.92,
  "mean_intervention_delay": 0.0,
  "operator_workload": 0.16666666666666666,
  "mean_drift": 9.612392840394138,
  "p95_drift": 19.785946117629152,
  "mean_latency_ms": 0.27662049998374033,
  "risk_mean": 0.4537800027319006,
  "risk_p95": 0.6744999999999777,
  "separation_risk_mean": 0.35813091964113053,
  "congestion_risk_mean": 0.21922700808887574,
  "speed_risk_mean": 0.9533487496134804,
  "uncertainty_risk_mean": 0.6320801628610062,
  "human_activation_count": 25,
  "cooldown_skips": 125,
  "trigger_active_rate": 1.0,
  "confidence_mean": 0.9000000000000004,
  "false_intervention_rate": 0.12
}