{
  "violation_rate": 0.05333333333333334,
  "collision_rate": 0.0,
  "near_miss_rate": 1.0733333333333333,
  "intervention_rate": 0.86,
  "override_success_rate": 0.937984496124031,
  "mean_intervention_delay": 0.0,
  "operator_workload": 0.86,
  "mean_drift": 10.072474178645109,
  "p95_drift": 23.732560132432564,
  "mean_latency_ms": 2.622202809434384,
  "risk_mean": 0.9202640638973094,
  "risk_p05": 0.46416031394156443,
  "risk_p25": 1.0,
  "risk_p50": 1.0,
  "risk_p75": 1.0,
  "risk_p95": 1.0,
  "separation_risk_mean": 0.6156020713017967,
  "congestion_risk_mean": 0.23604429615425052,
  "speed_risk_mean": 0.9609023530198836,
  "uncertainty_risk_mean": 0.64,
  "human_activation_count": 129,
  "cooldown_skips": 21,
  "suppressed_request_count": 21,
  "suppressed_critical_count": 0,
  "cooldown_release_count": 126,
  "critical_override_count": 126,
  "critical_trigger_rate": 0.84,
  "trigger_active_rate": 1.0,
  "confidence_mean": 0.9500000000000002,
  "false_intervention_rate": 0.07751937984496124,
  "repeated_intervention_rate": 0.9457364341085271,
  "post_intervention_violation_rate": 0.05755395683453238,
  "mean_drift_after_intervention": 10.848641835293884,
  "min_predicted_distance_mean": 1.1918337774884216
}