{
  "violation_rate": 0.72,
  "collision_rate": 0.06,
  "near_miss_rate": 0.5533333333333333,
  "intervention_rate": 0.8066666666666666,
  "override_success_rate": 0.10743801652892562,
  "mean_intervention_delay": 5.0,
  "operator_workload": 0.8066666666666666,
  "mean_drift": 9.313911100032218,
  "p95_drift": 43.81843221856231,
  "mean_latency_ms": 1.8452372254493337,
  "risk_mean": 0.9115456837795993,
  "risk_p05": 0.5501897017906807,
  "risk_p25": 1.0,
  "risk_p50": 1.0,
  "risk_p75": 1.0,
  "risk_p95": 1.0,
  "separation_risk_mean": 0.6865991970225367,
  "congestion_risk_mean": 0.4324313136248804,
  "speed_risk_mean": 0.616982352193805,
  "uncertainty_risk_mean": 0.6374400709792301,
  "human_activation_count": 121,
  "cooldown_skips": 29,
  "suppressed_request_count": 29,
  "suppressed_critical_count": 0,
  "cooldown_release_count": 117,
  "critical_override_count": 117,
  "critical_trigger_rate": 0.78,
  "trigger_active_rate": 1.0,
  "confidence_mean": 0.46558494508438203,
  "false_intervention_rate": 0.01652892561983471,
  "repeated_intervention_rate": 0.9338842975206612,
  "post_intervention_violation_rate": 0.7910447761194029,
  "mean_drift_after_intervention": 10.692725209587286,
  "min_predicted_distance_mean": 0.8654260673820838
}