{
  "violation_rate": 0.12,
  "collision_rate": 0.0,
  "near_miss_rate": 1.54,
  "intervention_rate": 0.8466666666666667,
  "override_success_rate": 0.8582677165354331,
  "mean_intervention_delay": 0.0,
  "operator_workload": 0.8466666666666667,
  "mean_drift": 11.538555109771597,
  "p95_drift": 27.139862228325548,
  "mean_latency_ms": 3.5727483321291706,
  "risk_mean": 0.9367672814548409,
  "risk_p05": 0.6151376271477608,
  "risk_p25": 1.0,
  "risk_p50": 1.0,
  "risk_p75": 1.0,
  "risk_p95": 1.0,
  "separation_risk_mean": 0.708578672851172,
  "congestion_risk_mean": 0.30393180220510785,
  "speed_risk_mean": 0.9294645724069013,
  "uncertainty_risk_mean": 0.6390894797660431,
  "human_activation_count": 127,
  "cooldown_skips": 23,
  "suppressed_request_count": 23,
  "suppressed_critical_count": 0,
  "cooldown_release_count": 123,
  "critical_override_count": 123,
  "critical_trigger_rate": 0.82,
  "trigger_active_rate": 1.0,
  "confidence_mean": 0.9500000000000002,
  "false_intervention_rate": 0.023622047244094488,
  "repeated_intervention_rate": 0.952755905511811,
  "post_intervention_violation_rate": 0.1323529411764706,
  "mean_drift_after_intervention": 12.694600849647289,
  "min_predicted_distance_mean": 0.7410091954182987
}