{
  "violation_rate": 0.02666666666666667,
  "collision_rate": 0.0,
  "near_miss_rate": 0.02,
  "intervention_rate": 0.7533333333333333,
  "override_success_rate": 0.9646017699115044,
  "mean_intervention_delay": 0.0,
  "operator_workload": 0.7533333333333333,
  "mean_drift": 22.595935880198745,
  "p95_drift": 63.90427427435753,
  "mean_latency_ms": 0.4777447576634586,
  "risk_mean": 0.8251723765083655,
  "risk_p05": 0.2459999999999323,
  "risk_p25": 1.0,
  "risk_p50": 1.0,
  "risk_p75": 1.0,
  "risk_p95": 1.0,
  "separation_risk_mean": 0.08797791487128237,
  "congestion_risk_mean": 0.056332486483676204,
  "speed_risk_mean": 0.9979192068990108,
  "uncertainty_risk_mean": 0.6385798749626165,
  "human_activation_count": 113,
  "cooldown_skips": 5,
  "suppressed_request_count": 5,
  "suppressed_critical_count": 0,
  "cooldown_release_count": 113,
  "critical_override_count": 113,
  "critical_trigger_rate": 0.7533333333333333,
  "trigger_active_rate": 0.78,
  "confidence_mean": 0.9500000000000002,
  "false_intervention_rate": 0.04424778761061947,
  "repeated_intervention_rate": 0.9823008849557522,
  "post_intervention_violation_rate": 0.03508771929824561,
  "mean_drift_after_intervention": 26.751522853771167,
  "min_predicted_distance_mean": 3.779746022081925
}