{
  "violation_rate": 0.0,
  "collision_rate": 0.0,
  "near_miss_rate": 0.06,
  "intervention_rate": 0.0,
  "override_success_rate": 0.0,
  "mean_intervention_delay": 0.0,
  "operator_workload": 0.0,
  "mean_drift": 7.163999261658448,
  "p95_drift": 17.97427288110781,
  "mean_latency_ms": 0.3397185935561235,
  "risk_mean": 0.2734587042372627,
  "risk_p95": 0.5642368594674295,
  "separation_risk_mean": 0.0607940431658416,
  "congestion_risk_mean": 0.0462722452311079,
  "speed_risk_mean": 0.9301361160467608,
  "uncertainty_risk_mean": 0.6334193739856191,
  "human_activation_count": 0,
  "cooldown_skips": 0,
  "trigger_active_rate": 0.0,
  "confidence_mean": 0.9500000000000002,
  "false_intervention_rate": 0.0
}