{
  "violation_rate": 0.0,
  "collision_rate": 0.0,
  "near_miss_rate": 0.02,
  "intervention_rate": 0.09333333333333334,
  "override_success_rate": 1.0,
  "mean_intervention_delay": 0.0,
  "operator_workload": 0.09333333333333334,
  "mean_drift": 22.596907218185475,
  "p95_drift": 63.87561953596344,
  "mean_latency_ms": 0.3263097338882896,
  "risk_mean": 0.30195994536699194,
  "risk_p95": 0.45121917646735843,
  "separation_risk_mean": 0.09243495736836574,
  "congestion_risk_mean": 0.058791930693423686,
  "speed_risk_mean": 0.9991950042231934,
  "uncertainty_risk_mean": 0.6385798749626165,
  "human_activation_count": 14,
  "cooldown_skips": 136,
  "trigger_active_rate": 1.0,
  "confidence_mean": 0.9500000000000002,
  "false_intervention_rate": 0.2857142857142857
}