{
  "violation_rate": 0.04666666666666667,
  "collision_rate": 0.006666666666666667,
  "near_miss_rate": 0.8333333333333334,
  "intervention_rate": 0.9,
  "override_success_rate": 0.9481481481481482,
  "mean_intervention_delay": 0.0,
  "operator_workload": 0.9,
  "mean_drift": 13.531930408797246,
  "p95_drift": 37.5828497727046,
  "mean_latency_ms": 0.5281239181446532,
  "risk_mean": 0.9683214381015036,
  "risk_p05": 0.7326963166469828,
  "risk_p25": 1.0,
  "risk_p50": 1.0,
  "risk_p75": 1.0,
  "risk_p95": 1.0,
  "separation_risk_mean": 0.5173175418204327,
  "congestion_risk_mean": 0.3065992088720906,
  "speed_risk_mean": 0.7575152474276727,
  "uncertainty_risk_mean": 1.0,
  "human_activation_count": 135,
  "cooldown_skips": 15,
  "suppressed_request_count": 15,
  "suppressed_critical_count": 0,
  "cooldown_release_count": 135,
  "critical_override_count": 135,
  "critical_trigger_rate": 0.9,
  "trigger_active_rate": 1.0,
  "confidence_mean": 0.9500000000000002,
  "false_intervention_rate": 0.044444444444444446,
  "repeated_intervention_rate": 0.9629629629629629,
  "post_intervention_violation_rate": 0.0425531914893617,
  "mean_drift_after_intervention": 14.388083515731275,
  "min_predicted_distance_mean": 1.4566265263867675
}