{
  "violation_rate": 0.08,
  "collision_rate": 0.0,
  "near_miss_rate": 0.35333333333333333,
  "intervention_rate": 0.16666666666666666,
  "override_success_rate": 0.72,
  "mean_intervention_delay": 0.0,
  "operator_workload": 0.16666666666666666,
  "mean_drift": 9.621928875614163,
  "p95_drift": 19.623308717315833,
  "mean_latency_ms": 0.8249566528441695,
  "risk_mean": 0.45343174974567413,
  "risk_p95": 0.6744999999999777,
  "separation_risk_mean": 0.35750999096879077,
  "congestion_risk_mean": 0.21886406949547543,
  "speed_risk_mean": 0.9534947467113233,
  "uncertainty_risk_mean": 0.6320801628610062,
  "human_activation_count": 25,
  "cooldown_skips": 125,
  "trigger_active_rate": 1.0,
  "confidence_mean": 0.75,
  "false_intervention_rate": 0.12
}