{
  "violation_rate": 0.03333333333333333,
  "collision_rate": 0.0,
  "near_miss_rate": 0.09333333333333334,
  "intervention_rate": 0.7933333333333333,
  "override_success_rate": 0.957983193277311,
  "mean_intervention_delay": 0.0,
  "operator_workload": 0.7933333333333333,
  "mean_drift": 7.485746032875972,
  "p95_drift": 25.346587124534206,
  "mean_latency_ms": 0.4862078186124563,
  "risk_mean": 0.825993059406002,
  "risk_p05": 0.21599999999987224,
  "risk_p25": 1.0,
  "risk_p50": 1.0,
  "risk_p75": 1.0,
  "risk_p95": 1.0,
  "separation_risk_mean": 0.07342993108847241,
  "congestion_risk_mean": 0.0629798354068532,
  "speed_risk_mean": 0.7976700190095695,
  "uncertainty_risk_mean": 0.632761148942908,
  "human_activation_count": 119,
  "cooldown_skips": 31,
  "suppressed_request_count": 31,
  "suppressed_critical_count": 0,
  "cooldown_release_count": 114,
  "critical_override_count": 114,
  "critical_trigger_rate": 0.76,
  "trigger_active_rate": 1.0,
  "confidence_mean": 0.9500000000000002,
  "false_intervention_rate": 0.12605042016806722,
  "repeated_intervention_rate": 0.9327731092436975,
  "post_intervention_violation_rate": 0.03816793893129771,
  "mean_drift_after_intervention": 8.493603840958748,
  "min_predicted_distance_mean": 8.02334168159487
}