{
  "violation_rate": 0.08,
  "collision_rate": 0.0,
  "near_miss_rate": 0.17333333333333334,
  "intervention_rate": 0.16666666666666666,
  "override_success_rate": 0.76,
  "mean_intervention_delay": 3.0,
  "operator_workload": 0.16666666666666666,
  "mean_drift": 15.35817762994434,
  "p95_drift": 37.491100990411866,
  "mean_latency_ms": 0.33707920636516064,
  "risk_mean": 0.3841882694426344,
  "risk_p95": 0.6627384558644678,
  "separation_risk_mean": 0.27106358038495143,
  "congestion_risk_mean": 0.17766512903507728,
  "speed_risk_mean": 0.8160285160837121,
  "uncertainty_risk_mean": 0.6359273239872006,
  "human_activation_count": 25,
  "cooldown_skips": 125,
  "trigger_active_rate": 1.0,
  "confidence_mean": 0.8785618423815542,
  "false_intervention_rate": 0.28
}