{
  "violation_rate": 0.5533333333333333,
  "collision_rate": 0.013333333333333334,
  "near_miss_rate": 0.13333333333333333,
  "intervention_rate": 0.7533333333333333,
  "override_success_rate": 0.26548672566371684,
  "mean_intervention_delay": 0.0,
  "operator_workload": 0.7533333333333333,
  "mean_drift": 11.550103636819996,
  "p95_drift": 41.85742214856911,
  "mean_latency_ms": 1.5535755408927798,
  "risk_mean": 0.8155447976105908,
  "risk_p05": 0.18599999999993136,
  "risk_p25": 0.5396342931519251,
  "risk_p50": 1.0,
  "risk_p75": 1.0,
  "risk_p95": 1.0,
  "separation_risk_mean": 0.12921178065558409,
  "congestion_risk_mean": 0.09332584769062889,
  "speed_risk_mean": 0.5738125392983208,
  "uncertainty_risk_mean": 0.6214865350822876,
  "human_activation_count": 113,
  "cooldown_skips": 22,
  "suppressed_request_count": 22,
  "suppressed_critical_count": 0,
  "cooldown_release_count": 110,
  "critical_override_count": 109,
  "critical_trigger_rate": 0.7266666666666667,
  "trigger_active_rate": 0.8866666666666667,
  "confidence_mean": 0.5,
  "false_intervention_rate": 0.07964601769911504,
  "repeated_intervention_rate": 0.9380530973451328,
  "post_intervention_violation_rate": 0.6721311475409836,
  "mean_drift_after_intervention": 13.555659877676783,
  "min_predicted_distance_mean": 4.762124091267862
}