{
  "violation_rate": 0.06,
  "collision_rate": 0.006666666666666667,
  "near_miss_rate": 0.013333333333333334,
  "intervention_rate": 0.7666666666666667,
  "override_success_rate": 0.9217391304347826,
  "mean_intervention_delay": 0.0,
  "operator_workload": 0.7666666666666667,
  "mean_drift": 16.796887141193512,
  "p95_drift": 32.654260547862755,
  "mean_latency_ms": 0.46000360666463774,
  "risk_mean": 0.8012839201692856,
  "risk_p05": 0.21599999999992187,
  "risk_p25": 0.48785192240720054,
  "risk_p50": 1.0,
  "risk_p75": 1.0,
  "risk_p95": 1.0,
  "separation_risk_mean": 0.024439441465753022,
  "congestion_risk_mean": 0.016233572320967202,
  "speed_risk_mean": 0.9665034076897719,
  "uncertainty_risk_mean": 0.64,
  "human_activation_count": 115,
  "cooldown_skips": 35,
  "suppressed_request_count": 35,
  "suppressed_critical_count": 0,
  "cooldown_release_count": 109,
  "critical_override_count": 109,
  "critical_trigger_rate": 0.7266666666666667,
  "trigger_active_rate": 1.0,
  "confidence_mean": 0.9500000000000002,
  "false_intervention_rate": 0.06956521739130435,
  "repeated_intervention_rate": 0.9304347826086956,
  "post_intervention_violation_rate": 0.0625,
  "mean_drift_after_intervention": 19.27640078107042,
  "min_predicted_distance_mean": 6.015037445147056
}