{
  "violation_rate": 0.06,
  "collision_rate": 0.0,
  "near_miss_rate": 0.2866666666666667,
  "intervention_rate": 0.8666666666666667,
  "override_success_rate": 0.9307692307692308,
  "mean_intervention_delay": 0.0,
  "operator_workload": 0.8666666666666667,
  "mean_drift": 8.056028061958518,
  "p95_drift": 21.588363207367117,
  "mean_latency_ms": 0.5549238761886954,
  "risk_mean": 0.8981866686073243,
  "risk_p05": 0.37486918569041955,
  "risk_p25": 1.0,
  "risk_p50": 1.0,
  "risk_p75": 1.0,
  "risk_p95": 1.0,
  "separation_risk_mean": 0.3829558242983145,
  "congestion_risk_mean": 0.22213091947140592,
  "speed_risk_mean": 0.843164842290738,
  "uncertainty_risk_mean": 0.6293106237257821,
  "human_activation_count": 130,
  "cooldown_skips": 20,
  "suppressed_request_count": 20,
  "suppressed_critical_count": 0,
  "cooldown_release_count": 122,
  "critical_override_count": 122,
  "critical_trigger_rate": 0.8133333333333334,
  "trigger_active_rate": 1.0,
  "confidence_mean": 0.9500000000000002,
  "false_intervention_rate": 0.12307692307692308,
  "repeated_intervention_rate": 0.9153846153846154,
  "post_intervention_violation_rate": 0.06040268456375839,
  "mean_drift_after_intervention": 8.814174290827696,
  "min_predicted_distance_mean": 1.9333667230132976
}