{
  "violation_rate": 0.0,
  "collision_rate": 0.0,
  "near_miss_rate": 0.08,
  "intervention_rate": 0.05333333333333334,
  "override_success_rate": 1.0,
  "mean_intervention_delay": 0.0,
  "operator_workload": 0.05333333333333334,
  "mean_drift": 9.546780262717473,
  "p95_drift": 42.26493163674552,
  "mean_latency_ms": 0.3628627734724432,
  "risk_mean": 0.33497137524331433,
  "risk_p95": 0.5889008896062187,
  "separation_risk_mean": 0.15726975433489712,
  "congestion_risk_mean": 0.09123186031504633,
  "speed_risk_mean": 0.9694178951293393,
  "uncertainty_risk_mean": 0.6398622429629875,
  "human_activation_count": 8,
  "cooldown_skips": 142,
  "trigger_active_rate": 1.0,
  "confidence_mean": 0.9500000000000002,
  "false_intervention_rate": 0.375
}