{
  "violation_rate": 0.05333333333333334,
  "collision_rate": 0.0,
  "near_miss_rate": 0.68,
  "intervention_rate": 0.84,
  "override_success_rate": 0.9365079365079365,
  "mean_intervention_delay": 0.0,
  "operator_workload": 0.84,
  "mean_drift": 11.013943225298329,
  "p95_drift": 32.88315539698705,
  "mean_latency_ms": 2.484665838225434,
  "risk_mean": 0.8962173968972699,
  "risk_p05": 0.38461353791050673,
  "risk_p25": 1.0,
  "risk_p50": 1.0,
  "risk_p75": 1.0,
  "risk_p95": 1.0,
  "separation_risk_mean": 0.49180535164460254,
  "congestion_risk_mean": 0.20323820763888173,
  "speed_risk_mean": 0.8861746825230161,
  "uncertainty_risk_mean": 0.64,
  "human_activation_count": 126,
  "cooldown_skips": 24,
  "suppressed_request_count": 24,
  "suppressed_critical_count": 0,
  "cooldown_release_count": 122,
  "critical_override_count": 122,
  "critical_trigger_rate": 0.8133333333333334,
  "trigger_active_rate": 1.0,
  "confidence_mean": 0.9500000000000002,
  "false_intervention_rate": 0.0873015873015873,
  "repeated_intervention_rate": 0.9523809523809523,
  "post_intervention_violation_rate": 0.05925925925925926,
  "mean_drift_after_intervention": 12.005944400951858,
  "min_predicted_distance_mean": 1.2921243019133297
}