{
  "violation_rate": 0.04,
  "collision_rate": 0.0,
  "near_miss_rate": 0.02,
  "intervention_rate": 0.6266666666666667,
  "override_success_rate": 0.9361702127659575,
  "mean_intervention_delay": 0.0,
  "operator_workload": 0.6266666666666667,
  "mean_drift": 10.796059791700856,
  "p95_drift": 32.54547870988983,
  "mean_latency_ms": 0.3671927400864661,
  "risk_mean": 0.7526973689039863,
  "risk_p05": 0.24599999999987823,
  "risk_p25": 0.3750443379166365,
  "risk_p50": 1.0,
  "risk_p75": 1.0,
  "risk_p95": 1.0,
  "separation_risk_mean": 0.0727240029739131,
  "congestion_risk_mean": 0.03596880986790724,
  "speed_risk_mean": 0.9448504201654297,
  "uncertainty_risk_mean": 0.64,
  "human_activation_count": 94,
  "cooldown_skips": 0,
  "suppressed_request_count": 0,
  "suppressed_critical_count": 0,
  "cooldown_release_count": 94,
  "critical_override_count": 94,
  "critical_trigger_rate": 0.6266666666666667,
  "trigger_active_rate": 0.6266666666666667,
  "confidence_mean": 0.9500000000000002,
  "false_intervention_rate": 0.02127659574468085,
  "repeated_intervention_rate": 0.9893617021276596,
  "post_intervention_violation_rate": 0.06451612903225806,
  "mean_drift_after_intervention": 14.768635968089827,
  "min_predicted_distance_mean": 3.7423562224165803
}