{
  "violation_rate": 0.74,
  "collision_rate": 0.013333333333333334,
  "near_miss_rate": 0.013333333333333334,
  "intervention_rate": 0.8,
  "override_success_rate": 0.08333333333333333,
  "mean_intervention_delay": 10.0,
  "operator_workload": 0.8,
  "mean_drift": 17.86279929674904,
  "p95_drift": 51.511503849917645,
  "mean_latency_ms": 2.100764982557545,
  "risk_mean": 0.8220914213459217,
  "risk_p05": 0.24599999999988734,
  "risk_p25": 1.0,
  "risk_p50": 1.0,
  "risk_p75": 1.0,
  "risk_p95": 1.0,
  "separation_risk_mean": 0.028534624366061346,
  "congestion_risk_mean": 0.022277044041492028,
  "speed_risk_mean": 0.9805614776229429,
  "uncertainty_risk_mean": 0.6384934700580063,
  "human_activation_count": 120,
  "cooldown_skips": 30,
  "suppressed_request_count": 30,
  "suppressed_critical_count": 0,
  "cooldown_release_count": 113,
  "critical_override_count": 113,
  "critical_trigger_rate": 0.7533333333333333,
  "trigger_active_rate": 1.0,
  "confidence_mean": 0.2928548152598256,
  "false_intervention_rate": 0.075,
  "repeated_intervention_rate": 0.9416666666666667,
  "post_intervention_violation_rate": 0.8473282442748091,
  "mean_drift_after_intervention": 20.630383978043334,
  "min_predicted_distance_mean": 9.373516630304234
}