{
  "violation_rate": 0.05333333333333334,
  "collision_rate": 0.0,
  "near_miss_rate": 0.0,
  "intervention_rate": 0.7333333333333333,
  "override_success_rate": 0.9272727272727272,
  "mean_intervention_delay": 0.0,
  "operator_workload": 0.7333333333333333,
  "mean_drift": 15.338123980280978,
  "p95_drift": 31.962142045210776,
  "mean_latency_ms": 0.4124836251139641,
  "risk_mean": 0.818328424899936,
  "risk_p05": 0.24599999999991665,
  "risk_p25": 0.5340146877787944,
  "risk_p50": 1.0,
  "risk_p75": 1.0,
  "risk_p95": 1.0,
  "separation_risk_mean": 0.05277111280861523,
  "congestion_risk_mean": 0.02988270318888152,
  "speed_risk_mean": 0.9830277753920439,
  "uncertainty_risk_mean": 0.64,
  "human_activation_count": 110,
  "cooldown_skips": 40,
  "suppressed_request_count": 40,
  "suppressed_critical_count": 0,
  "cooldown_release_count": 108,
  "critical_override_count": 108,
  "critical_trigger_rate": 0.72,
  "trigger_active_rate": 1.0,
  "confidence_mean": 0.9500000000000002,
  "false_intervention_rate": 0.02727272727272727,
  "repeated_intervention_rate": 0.9727272727272728,
  "post_intervention_violation_rate": 0.07079646017699115,
  "mean_drift_after_intervention": 17.79111188569191,
  "min_predicted_distance_mean": 4.727916283547867
}