{
  "violation_rate": 0.04666666666666667,
  "collision_rate": 0.006666666666666667,
  "near_miss_rate": 0.5466666666666666,
  "intervention_rate": 0.7666666666666667,
  "override_success_rate": 0.9391304347826087,
  "mean_intervention_delay": 0.0,
  "operator_workload": 0.7666666666666667,
  "mean_drift": 15.992166317181423,
  "p95_drift": 29.579083315439604,
  "mean_latency_ms": 0.537047479301691,
  "risk_mean": 0.8062491806904069,
  "risk_p05": 0.24599999999992472,
  "risk_p25": 0.42624888691879126,
  "risk_p50": 1.0,
  "risk_p75": 1.0,
  "risk_p95": 1.0,
  "separation_risk_mean": 0.4792304586064489,
  "congestion_risk_mean": 0.2575821198375432,
  "speed_risk_mean": 0.9937204906532493,
  "uncertainty_risk_mean": 0.6397078656567545,
  "human_activation_count": 115,
  "cooldown_skips": 35,
  "suppressed_request_count": 35,
  "suppressed_critical_count": 0,
  "cooldown_release_count": 108,
  "critical_override_count": 108,
  "critical_trigger_rate": 0.72,
  "trigger_active_rate": 1.0,
  "confidence_mean": 0.9500000000000002,
  "false_intervention_rate": 0.06956521739130435,
  "repeated_intervention_rate": 0.9304347826086956,
  "post_intervention_violation_rate": 0.046875,
  "mean_drift_after_intervention": 18.514418547136835,
  "min_predicted_distance_mean": 1.6725892153758948
}