{
  "violation_rate": 0.6866666666666666,
  "collision_rate": 0.07333333333333333,
  "near_miss_rate": 0.25333333333333335,
  "intervention_rate": 0.7933333333333333,
  "override_success_rate": 0.13445378151260504,
  "mean_intervention_delay": 3.0,
  "operator_workload": 0.7933333333333333,
  "mean_drift": 7.327957590263281,
  "p95_drift": 24.263524224472373,
  "mean_latency_ms": 1.7096291622146964,
  "risk_mean": 0.8842965365920815,
  "risk_p05": 0.3858184648033559,
  "risk_p25": 1.0,
  "risk_p50": 1.0,
  "risk_p75": 1.0,
  "risk_p95": 1.0,
  "separation_risk_mean": 0.36340402000442507,
  "congestion_risk_mean": 0.2243824178854123,
  "speed_risk_mean": 0.8318111104093457,
  "uncertainty_risk_mean": 0.6292451099306895,
  "human_activation_count": 119,
  "cooldown_skips": 31,
  "suppressed_request_count": 31,
  "suppressed_critical_count": 0,
  "cooldown_release_count": 114,
  "critical_override_count": 114,
  "critical_trigger_rate": 0.76,
  "trigger_active_rate": 0.9666666666666667,
  "confidence_mean": 0.609954369736198,
  "false_intervention_rate": 0.05042016806722689,
  "repeated_intervention_rate": 0.9327731092436975,
  "post_intervention_violation_rate": 0.7709923664122137,
  "mean_drift_after_intervention": 8.591131419676254,
  "min_predicted_distance_mean": 3.141810334224256
}