{
  "violation_rate": 0.03333333333333333,
  "collision_rate": 0.0,
  "near_miss_rate": 0.06,
  "intervention_rate": 0.16666666666666666,
  "override_success_rate": 0.88,
  "mean_intervention_delay": 1.0,
  "operator_workload": 0.16666666666666666,
  "mean_drift": 6.600287759369615,
  "p95_drift": 16.74750975685202,
  "mean_latency_ms": 0.23115469977104416,
  "risk_mean": 0.27173454916653184,
  "risk_p95": 0.5719554690879638,
  "separation_risk_mean": 0.05932060775864881,
  "congestion_risk_mean": 0.04573296151193967,
  "speed_risk_mean": 0.9238877431606238,
  "uncertainty_risk_mean": 0.6334924921537425,
  "human_activation_count": 25,
  "cooldown_skips": 125,
  "trigger_active_rate": 1.0,
  "confidence_mean": 0.9212990359040137,
  "false_intervention_rate": 0.36
}