{
  "violation_rate": 0.7933333333333333,
  "collision_rate": 0.006666666666666667,
  "near_miss_rate": 0.3,
  "intervention_rate": 0.92,
  "override_success_rate": 0.13768115942028986,
  "mean_intervention_delay": 3.0,
  "operator_workload": 0.92,
  "mean_drift": 14.904553245315496,
  "p95_drift": 33.58133726942521,
  "mean_latency_ms": 2.247578347257028,
  "risk_mean": 0.9593807659879062,
  "risk_p05": 0.6337518114943682,
  "risk_p25": 1.0,
  "risk_p50": 1.0,
  "risk_p75": 1.0,
  "risk_p95": 1.0,
  "separation_risk_mean": 0.14112326327993893,
  "congestion_risk_mean": 0.1177880847727558,
  "speed_risk_mean": 0.8971401130998583,
  "uncertainty_risk_mean": 0.64,
  "human_activation_count": 138,
  "cooldown_skips": 12,
  "suppressed_request_count": 12,
  "suppressed_critical_count": 0,
  "cooldown_release_count": 136,
  "critical_override_count": 136,
  "critical_trigger_rate": 0.9066666666666666,
  "trigger_active_rate": 1.0,
  "confidence_mean": 0.5556613699461792,
  "false_intervention_rate": 0.043478260869565216,
  "repeated_intervention_rate": 0.9637681159420289,
  "post_intervention_violation_rate": 0.8251748251748252,
  "mean_drift_after_intervention": 15.66186681007028,
  "min_predicted_distance_mean": 13.00803708490272
}