{
  "violation_rate": 0.1,
  "collision_rate": 0.0,
  "near_miss_rate": 0.006666666666666667,
  "intervention_rate": 0.82,
  "override_success_rate": 0.8780487804878049,
  "mean_intervention_delay": 0.0,
  "operator_workload": 0.82,
  "mean_drift": 16.705960116936282,
  "p95_drift": 31.982526647172087,
  "mean_latency_ms": 0.5789753460946182,
  "risk_mean": 0.8860734262446268,
  "risk_p05": 0.2459999999999132,
  "risk_p25": 1.0,
  "risk_p50": 1.0,
  "risk_p75": 1.0,
  "risk_p95": 1.0,
  "separation_risk_mean": 0.04982429535704411,
  "congestion_risk_mean": 0.0211567440481449,
  "speed_risk_mean": 0.9714510583390353,
  "uncertainty_risk_mean": 0.64,
  "human_activation_count": 123,
  "cooldown_skips": 5,
  "suppressed_request_count": 5,
  "suppressed_critical_count": 0,
  "cooldown_release_count": 123,
  "critical_override_count": 123,
  "critical_trigger_rate": 0.82,
  "trigger_active_rate": 0.82,
  "confidence_mean": 0.9500000000000002,
  "false_intervention_rate": 0.04065040650406504,
  "repeated_intervention_rate": 0.983739837398374,
  "post_intervention_violation_rate": 0.12096774193548387,
  "mean_drift_after_intervention": 18.88100927831912,
  "min_predicted_distance_mean": 6.772306893582997
}