{
  "violation_rate": 0.1,
  "collision_rate": 0.0,
  "near_miss_rate": 1.7666666666666666,
  "intervention_rate": 0.9666666666666667,
  "override_success_rate": 0.896551724137931,
  "mean_intervention_delay": 0.0,
  "operator_workload": 0.9666666666666667,
  "mean_drift": 8.277402340745223,
  "p95_drift": 23.440796710251472,
  "mean_latency_ms": 3.450330273869137,
  "risk_mean": 0.9876622944318573,
  "risk_p05": 1.0,
  "risk_p25": 1.0,
  "risk_p50": 1.0,
  "risk_p75": 1.0,
  "risk_p95": 1.0,
  "separation_risk_mean": 0.7041817013253503,
  "congestion_risk_mean": 0.4119854719802959,
  "speed_risk_mean": 0.7431983037087887,
  "uncertainty_risk_mean": 0.64,
  "human_activation_count": 145,
  "cooldown_skips": 5,
  "suppressed_request_count": 5,
  "suppressed_critical_count": 0,
  "cooldown_release_count": 145,
  "critical_override_count": 145,
  "critical_trigger_rate": 0.9666666666666667,
  "trigger_active_rate": 1.0,
  "confidence_mean": 0.9500000000000002,
  "false_intervention_rate": 0.034482758620689655,
  "repeated_intervention_rate": 0.9862068965517241,
  "post_intervention_violation_rate": 0.10273972602739725,
  "mean_drift_after_intervention": 8.308777097753675,
  "min_predicted_distance_mean": 0.6333378349741517
}