{
  "violation_rate": 0.04,
  "collision_rate": 0.0,
  "near_miss_rate": 0.36,
  "intervention_rate": 0.8466666666666667,
  "override_success_rate": 0.952755905511811,
  "mean_intervention_delay": 0.0,
  "operator_workload": 0.8466666666666667,
  "mean_drift": 14.690877315471132,
  "p95_drift": 32.00640443641368,
  "mean_latency_ms": 0.5460894348410269,
  "risk_mean": 0.9261834119338316,
  "risk_p05": 0.6651885679091262,
  "risk_p25": 1.0,
  "risk_p50": 1.0,
  "risk_p75": 1.0,
  "risk_p95": 1.0,
  "separation_risk_mean": 0.2252595697036521,
  "congestion_risk_mean": 0.16317386142915224,
  "speed_risk_mean": 0.9782951833061285,
  "uncertainty_risk_mean": 0.6395059469916106,
  "human_activation_count": 127,
  "cooldown_skips": 23,
  "suppressed_request_count": 23,
  "suppressed_critical_count": 0,
  "cooldown_release_count": 115,
  "critical_override_count": 115,
  "critical_trigger_rate": 0.7666666666666667,
  "trigger_active_rate": 1.0,
  "confidence_mean": 0.9500000000000002,
  "false_intervention_rate": 0.07086614173228346,
  "repeated_intervention_rate": 0.8976377952755905,
  "post_intervention_violation_rate": 0.040268456375838924,
  "mean_drift_after_intervention": 16.272248716039133,
  "min_predicted_distance_mean": 5.94823767963288
}