{
  "violation_rate": 0.10666666666666667,
  "collision_rate": 0.0,
  "near_miss_rate": 2.04,
  "intervention_rate": 0.9466666666666667,
  "override_success_rate": 0.8873239436619719,
  "mean_intervention_delay": 0.0,
  "operator_workload": 0.9466666666666667,
  "mean_drift": 6.231339179047287,
  "p95_drift": 17.587780921072238,
  "mean_latency_ms": 3.375716954469681,
  "risk_mean": 0.9683327718050304,
  "risk_p05": 0.5923854206726976,
  "risk_p25": 1.0,
  "risk_p50": 1.0,
  "risk_p75": 1.0,
  "risk_p95": 1.0,
  "separation_risk_mean": 0.6873525290450408,
  "congestion_risk_mean": 0.3778290202456096,
  "speed_risk_mean": 0.8290025755865202,
  "uncertainty_risk_mean": 0.6395113319632443,
  "human_activation_count": 142,
  "cooldown_skips": 8,
  "suppressed_request_count": 8,
  "suppressed_critical_count": 0,
  "cooldown_release_count": 141,
  "critical_override_count": 141,
  "critical_trigger_rate": 0.94,
  "trigger_active_rate": 1.0,
  "confidence_mean": 0.9500000000000002,
  "false_intervention_rate": 0.04929577464788732,
  "repeated_intervention_rate": 0.971830985915493,
  "post_intervention_violation_rate": 0.1095890410958904,
  "mean_drift_after_intervention": 6.369862090633571,
  "min_predicted_distance_mean": 0.7995086998565267
}