{
  "violation_rate": 0.0,
  "collision_rate": 0.0,
  "near_miss_rate": 0.4066666666666667,
  "intervention_rate": 0.16666666666666666,
  "override_success_rate": 1.0,
  "mean_intervention_delay": 0.0,
  "operator_workload": 0.16666666666666666,
  "mean_drift": 12.383668501798988,
  "p95_drift": 28.90249455174014,
  "mean_latency_ms": 0.2747936012262168,
  "risk_mean": 0.3788331504143926,
  "risk_p95": 0.787999999999962,
  "separation_risk_mean": 0.19786815522914808,
  "congestion_risk_mean": 0.18358668929837482,
  "speed_risk_mean": 0.9876063081749858,
  "uncertainty_risk_mean": 0.6383657467362299,
  "human_activation_count": 25,
  "cooldown_skips": 125,
  "trigger_active_rate": 1.0,
  "confidence_mean": 1.0,
  "false_intervention_rate": 0.28
}