{
  "violation_rate": 0.0,
  "collision_rate": 0.0,
  "near_miss_rate": 1.2733333333333334,
  "intervention_rate": 0.05333333333333334,
  "override_success_rate": 1.0,
  "mean_intervention_delay": 0.0,
  "operator_workload": 0.05333333333333334,
  "mean_drift": 12.952088606048564,
  "p95_drift": 32.346294189690234,
  "mean_latency_ms": 0.4804399794860122,
  "risk_mean": 0.6519809626464862,
  "risk_p95": 0.6956569985413593,
  "separation_risk_mean": 0.7389882837658427,
  "congestion_risk_mean": 0.4341179334889285,
  "speed_risk_mean": 0.7697239209779589,
  "uncertainty_risk_mean": 0.636321089552873,
  "human_activation_count": 8,
  "cooldown_skips": 142,
  "trigger_active_rate": 1.0,
  "confidence_mean": 0.9500000000000002,
  "false_intervention_rate": 0.0
}