{
  "violation_rate": 0.07333333333333333,
  "collision_rate": 0.0,
  "near_miss_rate": 0.7733333333333333,
  "intervention_rate": 0.8866666666666667,
  "override_success_rate": 0.9172932330827067,
  "mean_intervention_delay": 0.0,
  "operator_workload": 0.8866666666666667,
  "mean_drift": 9.363837294553038,
  "p95_drift": 26.345852378552333,
  "mean_latency_ms": 2.5090924937588475,
  "risk_mean": 0.9381539152507905,
  "risk_p05": 0.5086390288483634,
  "risk_p25": 1.0,
  "risk_p50": 1.0,
  "risk_p75": 1.0,
  "risk_p95": 1.0,
  "separation_risk_mean": 0.5125387876651394,
  "congestion_risk_mean": 0.17591699127220287,
  "speed_risk_mean": 0.9106337592127303,
  "uncertainty_risk_mean": 0.6374327196393885,
  "human_activation_count": 133,
  "cooldown_skips": 17,
  "suppressed_request_count": 17,
  "suppressed_critical_count": 0,
  "cooldown_release_count": 131,
  "critical_override_count": 131,
  "critical_trigger_rate": 0.8733333333333333,
  "trigger_active_rate": 1.0,
  "confidence_mean": 0.9500000000000002,
  "false_intervention_rate": 0.07518796992481203,
  "repeated_intervention_rate": 0.9548872180451128,
  "post_intervention_violation_rate": 0.07857142857142857,
  "mean_drift_after_intervention": 10.036467398927469,
  "min_predicted_distance_mean": 1.395092853111989
}