{
  "violation_rate": 0.0,
  "collision_rate": 0.0,
  "near_miss_rate": 0.02,
  "intervention_rate": 0.7933333333333333,
  "override_success_rate": 1.0,
  "mean_intervention_delay": 0.0,
  "operator_workload": 0.7933333333333333,
  "mean_drift": 22.60129059471384,
  "p95_drift": 63.96591668652566,
  "mean_latency_ms": 0.46201221955319244,
  "risk_mean": 0.8251885211123253,
  "risk_p05": 0.24599999999993272,
  "risk_p25": 1.0,
  "risk_p50": 1.0,
  "risk_p75": 1.0,
  "risk_p95": 1.0,
  "separation_risk_mean": 0.0912177858722417,
  "congestion_risk_mean": 0.05814452722712184,
  "speed_risk_mean": 0.9979192068990115,
  "uncertainty_risk_mean": 0.6385798749626165,
  "human_activation_count": 119,
  "cooldown_skips": 31,
  "suppressed_request_count": 31,
  "suppressed_critical_count": 0,
  "cooldown_release_count": 113,
  "critical_override_count": 113,
  "critical_trigger_rate": 0.7533333333333333,
  "trigger_active_rate": 1.0,
  "confidence_mean": 1.0,
  "false_intervention_rate": 0.09243697478991597,
  "repeated_intervention_rate": 0.9327731092436975,
  "post_intervention_violation_rate": 0.0,
  "mean_drift_after_intervention": 25.954294694977737,
  "min_predicted_distance_mean": 3.7486009232236484
}