{
  "violation_rate": 0.0,
  "collision_rate": 0.0,
  "near_miss_rate": 0.02,
  "intervention_rate": 0.16666666666666666,
  "override_success_rate": 1.0,
  "mean_intervention_delay": 0.0,
  "operator_workload": 0.16666666666666666,
  "mean_drift": 22.600364052643926,
  "p95_drift": 63.96279761917897,
  "mean_latency_ms": 0.23040107965546971,
  "risk_mean": 0.3014833910731909,
  "risk_p95": 0.4521093035651608,
  "separation_risk_mean": 0.09161478722669764,
  "congestion_risk_mean": 0.05836201977322214,
  "speed_risk_mean": 0.9991950042231933,
  "uncertainty_risk_mean": 0.6385798749626165,
  "human_activation_count": 25,
  "cooldown_skips": 125,
  "trigger_active_rate": 1.0,
  "confidence_mean": 1.0,
  "false_intervention_rate": 0.28
}