{
  "violation_rate": 0.05333333333333334,
  "collision_rate": 0.0,
  "near_miss_rate": 0.5933333333333334,
  "intervention_rate": 0.9533333333333334,
  "override_success_rate": 0.9440559440559441,
  "mean_intervention_delay": 0.0,
  "operator_workload": 0.9533333333333334,
  "mean_drift": 14.427860144228415,
  "p95_drift": 24.360337103564255,
  "mean_latency_ms": 0.5497161205857992,
  "risk_mean": 0.9648133333333311,
  "risk_p05": 1.0,
  "risk_p25": 1.0,
  "risk_p50": 1.0,
  "risk_p75": 1.0,
  "risk_p95": 1.0,
  "separation_risk_mean": 0.4847971255857998,
  "congestion_risk_mean": 0.2534099819919555,
  "speed_risk_mean": 0.8608980427456713,
  "uncertainty_risk_mean": 0.64,
  "human_activation_count": 143,
  "cooldown_skips": 0,
  "suppressed_request_count": 0,
  "suppressed_critical_count": 0,
  "cooldown_release_count": 143,
  "critical_override_count": 143,
  "critical_trigger_rate": 0.9533333333333334,
  "trigger_active_rate": 0.9533333333333334,
  "confidence_mean": 0.9500000000000002,
  "false_intervention_rate": 0.013986013986013986,
  "repeated_intervention_rate": 0.993006993006993,
  "post_intervention_violation_rate": 0.056338028169014086,
  "mean_drift_after_intervention": 14.323292609383385,
  "min_predicted_distance_mean": 2.585911300430659
}