{
  "violation_rate": 0.0,
  "collision_rate": 0.0,
  "near_miss_rate": 0.21333333333333335,
  "intervention_rate": 0.05333333333333334,
  "override_success_rate": 1.0,
  "mean_intervention_delay": 0.0,
  "operator_workload": 0.05333333333333334,
  "mean_drift": 13.900556924250903,
  "p95_drift": 30.052098295283585,
  "mean_latency_ms": 0.4217741933340828,
  "risk_mean": 0.38630816950141056,
  "risk_p95": 0.6799986076207343,
  "separation_risk_mean": 0.23528726560962232,
  "congestion_risk_mean": 0.14952417242255436,
  "speed_risk_mean": 0.9841861368401701,
  "uncertainty_risk_mean": 0.6361329089694426,
  "human_activation_count": 8,
  "cooldown_skips": 142,
  "trigger_active_rate": 1.0,
  "confidence_mean": 0.9500000000000002,
  "false_intervention_rate": 0.375
}