{
  "violation_rate": 0.12666666666666668,
  "collision_rate": 0.0,
  "near_miss_rate": 0.6066666666666667,
  "intervention_rate": 0.9733333333333334,
  "override_success_rate": 0.8698630136986302,
  "mean_intervention_delay": 0.0,
  "operator_workload": 0.9733333333333334,
  "mean_drift": 16.476317440306747,
  "p95_drift": 40.659373547669595,
  "mean_latency_ms": 0.7662874522308508,
  "risk_mean": 0.9798933333333317,
  "risk_p05": 1.0,
  "risk_p25": 1.0,
  "risk_p50": 1.0,
  "risk_p75": 1.0,
  "risk_p95": 1.0,
  "separation_risk_mean": 0.536486152731772,
  "congestion_risk_mean": 0.28269054278208455,
  "speed_risk_mean": 0.9157036014731162,
  "uncertainty_risk_mean": 0.64,
  "human_activation_count": 146,
  "cooldown_skips": 0,
  "suppressed_request_count": 0,
  "suppressed_critical_count": 0,
  "cooldown_release_count": 146,
  "critical_override_count": 146,
  "critical_trigger_rate": 0.9733333333333334,
  "trigger_active_rate": 0.9733333333333334,
  "confidence_mean": 0.9500000000000002,
  "false_intervention_rate": 0.0273972602739726,
  "repeated_intervention_rate": 0.9931506849315068,
  "post_intervention_violation_rate": 0.1310344827586207,
  "mean_drift_after_intervention": 16.565545980728498,
  "min_predicted_distance_mean": 3.0626043528915794
}