{
  "violation_rate": 0.0,
  "collision_rate": 0.0,
  "near_miss_rate": 0.31333333333333335,
  "intervention_rate": 0.9133333333333333,
  "override_success_rate": 1.0,
  "mean_intervention_delay": 0.0,
  "operator_workload": 0.9133333333333333,
  "mean_drift": 10.546147905895426,
  "p95_drift": 29.690462031728785,
  "mean_latency_ms": 0.48412551094467443,
  "risk_mean": 0.9631026012355024,
  "risk_p05": 0.6595392606167159,
  "risk_p25": 1.0,
  "risk_p50": 1.0,
  "risk_p75": 1.0,
  "risk_p95": 1.0,
  "separation_risk_mean": 0.5639090876142887,
  "congestion_risk_mean": 0.3158555289963635,
  "speed_risk_mean": 0.9732381335227781,
  "uncertainty_risk_mean": 0.6368372589625774,
  "human_activation_count": 137,
  "cooldown_skips": 13,
  "suppressed_request_count": 13,
  "suppressed_critical_count": 0,
  "cooldown_release_count": 136,
  "critical_override_count": 136,
  "critical_trigger_rate": 0.9066666666666666,
  "trigger_active_rate": 1.0,
  "confidence_mean": 1.0,
  "false_intervention_rate": 0.058394160583941604,
  "repeated_intervention_rate": 0.9635036496350365,
  "post_intervention_violation_rate": 0.0,
  "mean_drift_after_intervention": 10.951650211452657,
  "min_predicted_distance_mean": 1.408466109165493
}