{
  "violation_rate": 0.3466666666666667,
  "collision_rate": 0.0,
  "near_miss_rate": 0.17333333333333334,
  "intervention_rate": 0.78,
  "override_success_rate": 0.5555555555555556,
  "mean_intervention_delay": 1.0,
  "operator_workload": 0.78,
  "mean_drift": 13.625428948810415,
  "p95_drift": 29.801867994394946,
  "mean_latency_ms": 0.9519389116515716,
  "risk_mean": 0.8685566720811869,
  "risk_p05": 0.44764617652079475,
  "risk_p25": 0.6600444443132694,
  "risk_p50": 1.0,
  "risk_p75": 1.0,
  "risk_p95": 1.0,
  "separation_risk_mean": 0.22291599112372307,
  "congestion_risk_mean": 0.13959655737805082,
  "speed_risk_mean": 0.9699092566104459,
  "uncertainty_risk_mean": 0.6358197814168217,
  "human_activation_count": 117,
  "cooldown_skips": 33,
  "suppressed_request_count": 33,
  "suppressed_critical_count": 0,
  "cooldown_release_count": 111,
  "critical_override_count": 111,
  "critical_trigger_rate": 0.74,
  "trigger_active_rate": 1.0,
  "confidence_mean": 0.8156794880307843,
  "false_intervention_rate": 0.09401709401709402,
  "repeated_intervention_rate": 0.9145299145299145,
  "post_intervention_violation_rate": 0.3969465648854962,
  "mean_drift_after_intervention": 15.790543184758697,
  "min_predicted_distance_mean": 3.0732309771198145
}