{
  "violation_rate": 0.02,
  "collision_rate": 0.006666666666666667,
  "near_miss_rate": 0.08,
  "intervention_rate": 0.8466666666666667,
  "override_success_rate": 0.9763779527559056,
  "mean_intervention_delay": 0.0,
  "operator_workload": 0.8466666666666667,
  "mean_drift": 8.695520702693766,
  "p95_drift": 25.985746541042108,
  "mean_latency_ms": 0.4552666113401453,
  "risk_mean": 0.901833406239032,
  "risk_p05": 0.3802775989866349,
  "risk_p25": 1.0,
  "risk_p50": 1.0,
  "risk_p75": 1.0,
  "risk_p95": 1.0,
  "separation_risk_mean": 0.22189972600182897,
  "congestion_risk_mean": 0.08457094664662243,
  "speed_risk_mean": 0.8239265556861268,
  "uncertainty_risk_mean": 0.6372968967987811,
  "human_activation_count": 127,
  "cooldown_skips": 23,
  "suppressed_request_count": 23,
  "suppressed_critical_count": 0,
  "cooldown_release_count": 124,
  "critical_override_count": 124,
  "critical_trigger_rate": 0.8266666666666667,
  "trigger_active_rate": 1.0,
  "confidence_mean": 0.9500000000000002,
  "false_intervention_rate": 0.08661417322834646,
  "repeated_intervention_rate": 0.952755905511811,
  "post_intervention_violation_rate": 0.022058823529411766,
  "mean_drift_after_intervention": 9.553605983417356,
  "min_predicted_distance_mean": 4.292476669853484
}