{
  "violation_rate": 0.04666666666666667,
  "collision_rate": 0.006666666666666667,
  "near_miss_rate": 0.9333333333333333,
  "intervention_rate": 0.8133333333333334,
  "override_success_rate": 0.9426229508196722,
  "mean_intervention_delay": 0.0,
  "operator_workload": 0.8133333333333334,
  "mean_drift": 6.23161094048737,
  "p95_drift": 22.479522499892447,
  "mean_latency_ms": 2.0512330260438225,
  "risk_mean": 0.9123196921104539,
  "risk_p05": 0.5728618272024703,
  "risk_p25": 1.0,
  "risk_p50": 1.0,
  "risk_p75": 1.0,
  "risk_p95": 1.0,
  "separation_risk_mean": 0.5927522599605304,
  "congestion_risk_mean": 0.22297185931143565,
  "speed_risk_mean": 0.8194410265228312,
  "uncertainty_risk_mean": 0.634213053256448,
  "human_activation_count": 122,
  "cooldown_skips": 28,
  "suppressed_request_count": 28,
  "suppressed_critical_count": 0,
  "cooldown_release_count": 117,
  "critical_override_count": 117,
  "critical_trigger_rate": 0.78,
  "trigger_active_rate": 1.0,
  "confidence_mean": 0.9500000000000002,
  "false_intervention_rate": 0.03278688524590164,
  "repeated_intervention_rate": 0.9180327868852459,
  "post_intervention_violation_rate": 0.051470588235294115,
  "mean_drift_after_intervention": 7.11187854177491,
  "min_predicted_distance_mean": 1.1801229794113746
}