{
  "violation_rate": 0.0,
  "collision_rate": 0.013333333333333334,
  "near_miss_rate": 1.2533333333333334,
  "intervention_rate": 0.09333333333333334,
  "override_success_rate": 1.0,
  "mean_intervention_delay": 0.0,
  "operator_workload": 0.09333333333333334,
  "mean_drift": 7.60024243512643,
  "p95_drift": 30.098803974759427,
  "mean_latency_ms": 0.5578405802953057,
  "risk_mean": 0.6634570231950954,
  "risk_p95": 0.7619595033450989,
  "separation_risk_mean": 0.7108905128647734,
  "congestion_risk_mean": 0.5756897439685323,
  "speed_risk_mean": 0.6934523051128646,
  "uncertainty_risk_mean": 0.6374400709792301,
  "human_activation_count": 14,
  "cooldown_skips": 136,
  "trigger_active_rate": 1.0,
  "confidence_mean": 0.9500000000000002,
  "false_intervention_rate": 0.14285714285714285
}