{
  "violation_rate": 0.10666666666666667,
  "collision_rate": 0.0,
  "near_miss_rate": 0.26666666666666666,
  "intervention_rate": 0.8266666666666667,
  "override_success_rate": 0.8709677419354839,
  "mean_intervention_delay": 0.0,
  "operator_workload": 0.8266666666666667,
  "mean_drift": 7.9030747196647155,
  "p95_drift": 21.4326340303284,
  "mean_latency_ms": 0.6163311229708294,
  "risk_mean": 0.8916205878754336,
  "risk_p05": 0.3727802915274544,
  "risk_p25": 1.0,
  "risk_p50": 1.0,
  "risk_p75": 1.0,
  "risk_p95": 1.0,
  "separation_risk_mean": 0.38384507209153584,
  "congestion_risk_mean": 0.22103576603586286,
  "speed_risk_mean": 0.8487026655699804,
  "uncertainty_risk_mean": 0.6293665706822452,
  "human_activation_count": 124,
  "cooldown_skips": 26,
  "suppressed_request_count": 26,
  "suppressed_critical_count": 0,
  "cooldown_release_count": 120,
  "critical_override_count": 119,
  "critical_trigger_rate": 0.7933333333333333,
  "trigger_active_rate": 1.0,
  "confidence_mean": 0.9500000000000002,
  "false_intervention_rate": 0.08870967741935484,
  "repeated_intervention_rate": 0.9435483870967742,
  "post_intervention_violation_rate": 0.11940298507462686,
  "mean_drift_after_intervention": 8.92127168993765,
  "min_predicted_distance_mean": 1.942316313888894
}