{
  "violation_rate": 0.05333333333333334,
  "collision_rate": 0.0,
  "near_miss_rate": 0.006666666666666667,
  "intervention_rate": 0.16666666666666666,
  "override_success_rate": 0.84,
  "mean_intervention_delay": 1.0,
  "operator_workload": 0.16666666666666666,
  "mean_drift": 10.302549324828078,
  "p95_drift": 27.87383228419129,
  "mean_latency_ms": 0.2732697204919532,
  "risk_mean": 0.2635511845855604,
  "risk_p95": 0.5218307288083747,
  "separation_risk_mean": 0.04776877092235889,
  "congestion_risk_mean": 0.034589717739125884,
  "speed_risk_mean": 0.9160520549047833,
  "uncertainty_risk_mean": 0.64,
  "human_activation_count": 25,
  "cooldown_skips": 125,
  "trigger_active_rate": 1.0,
  "confidence_mean": 0.9212990359040137,
  "false_intervention_rate": 0.28
}