{
  "violation_rate": 0.32,
  "collision_rate": 0.0,
  "near_miss_rate": 0.03333333333333333,
  "intervention_rate": 0.7666666666666667,
  "override_success_rate": 0.5826086956521739,
  "mean_intervention_delay": 1.0,
  "operator_workload": 0.7666666666666667,
  "mean_drift": 14.473688354471243,
  "p95_drift": 37.60949116203567,
  "mean_latency_ms": 0.7836055631438891,
  "risk_mean": 0.8229387588490336,
  "risk_p05": 0.22034993313427448,
  "risk_p25": 1.0,
  "risk_p50": 1.0,
  "risk_p75": 1.0,
  "risk_p95": 1.0,
  "separation_risk_mean": 0.09825832834310208,
  "congestion_risk_mean": 0.06546983971058319,
  "speed_risk_mean": 0.9159946671751819,
  "uncertainty_risk_mean": 0.639763100417803,
  "human_activation_count": 115,
  "cooldown_skips": 15,
  "suppressed_request_count": 15,
  "suppressed_critical_count": 0,
  "cooldown_release_count": 113,
  "critical_override_count": 113,
  "critical_trigger_rate": 0.7533333333333333,
  "trigger_active_rate": 0.86,
  "confidence_mean": 0.8179755651584631,
  "false_intervention_rate": 0.034782608695652174,
  "repeated_intervention_rate": 0.9652173913043478,
  "post_intervention_violation_rate": 0.4,
  "mean_drift_after_intervention": 16.568711154562457,
  "min_predicted_distance_mean": 4.467975696907621
}