{
  "violation_rate": 0.07333333333333333,
  "collision_rate": 0.0,
  "near_miss_rate": 0.16666666666666666,
  "intervention_rate": 0.76,
  "override_success_rate": 0.9035087719298246,
  "mean_intervention_delay": 0.0,
  "operator_workload": 0.76,
  "mean_drift": 15.36202631388917,
  "p95_drift": 37.5592519781169,
  "mean_latency_ms": 0.5574764117288092,
  "risk_mean": 0.8723391018208866,
  "risk_p05": 0.4528668341025577,
  "risk_p25": 1.0,
  "risk_p50": 1.0,
  "risk_p75": 1.0,
  "risk_p95": 1.0,
  "separation_risk_mean": 0.26544889426544627,
  "congestion_risk_mean": 0.1748833471927004,
  "speed_risk_mean": 0.7908198657849486,
  "uncertainty_risk_mean": 0.6352058273710635,
  "human_activation_count": 114,
  "cooldown_skips": 36,
  "suppressed_request_count": 36,
  "suppressed_critical_count": 0,
  "cooldown_release_count": 113,
  "critical_override_count": 113,
  "critical_trigger_rate": 0.7533333333333333,
  "trigger_active_rate": 1.0,
  "confidence_mean": 0.9500000000000002,
  "false_intervention_rate": 0.05263157894736842,
  "repeated_intervention_rate": 0.9649122807017544,
  "post_intervention_violation_rate": 0.09322033898305085,
  "mean_drift_after_intervention": 17.808875020410632,
  "min_predicted_distance_mean": 2.5038918610172005
}