{
  "violation_rate": 0.006666666666666667,
  "collision_rate": 0.006666666666666667,
  "near_miss_rate": 0.5933333333333334,
  "intervention_rate": 0.7666666666666667,
  "override_success_rate": 0.991304347826087,
  "mean_intervention_delay": 0.0,
  "operator_workload": 0.7666666666666667,
  "mean_drift": 16.20726296136707,
  "p95_drift": 48.80365974479918,
  "mean_latency_ms": 0.5920841257708768,
  "risk_mean": 0.8559493311055754,
  "risk_p05": 0.32087356682630336,
  "risk_p25": 0.5740705642487903,
  "risk_p50": 1.0,
  "risk_p75": 1.0,
  "risk_p95": 1.0,
  "separation_risk_mean": 0.6023607958130842,
  "congestion_risk_mean": 0.332289425117137,
  "speed_risk_mean": 0.9656296019925918,
  "uncertainty_risk_mean": 0.6348680362825778,
  "human_activation_count": 115,
  "cooldown_skips": 29,
  "suppressed_request_count": 29,
  "suppressed_critical_count": 0,
  "cooldown_release_count": 110,
  "critical_override_count": 110,
  "critical_trigger_rate": 0.7333333333333333,
  "trigger_active_rate": 0.9533333333333334,
  "confidence_mean": 1.0,
  "false_intervention_rate": 0.0782608695652174,
  "repeated_intervention_rate": 0.9391304347826087,
  "post_intervention_violation_rate": 0.0,
  "mean_drift_after_intervention": 19.715650682281503,
  "min_predicted_distance_mean": 1.2319560624403287
}