{
  "violation_rate": 0.006666666666666667,
  "collision_rate": 0.006666666666666667,
  "near_miss_rate": 1.0133333333333334,
  "intervention_rate": 0.09333333333333334,
  "override_success_rate": 0.9285714285714286,
  "mean_intervention_delay": 0.0,
  "operator_workload": 0.09333333333333334,
  "mean_drift": 13.582555362783724,
  "p95_drift": 36.913919603396764,
  "mean_latency_ms": 0.5356449463094274,
  "risk_mean": 0.5438556263862886,
  "risk_p95": 0.7720453663374579,
  "separation_risk_mean": 0.5272767363188893,
  "congestion_risk_mean": 0.34060083321052076,
  "speed_risk_mean": 0.8362059116010545,
  "uncertainty_risk_mean": 0.64,
  "human_activation_count": 14,
  "cooldown_skips": 136,
  "trigger_active_rate": 1.0,
  "confidence_mean": 0.9500000000000002,
  "false_intervention_rate": 0.14285714285714285
}