{
  "violation_rate": 0.02,
  "collision_rate": 0.006666666666666667,
  "near_miss_rate": 0.08,
  "intervention_rate": 0.8466666666666667,
  "override_success_rate": 0.9763779527559056,
  "mean_intervention_delay": 0.0,
  "operator_workload": 0.8466666666666667,
  "mean_drift": 8.627302066780004,
  "p95_drift": 25.7260337904812,
  "mean_latency_ms": 0.46470998087897897,
  "risk_mean": 0.8859485707667105,
  "risk_p05": 0.21965386856207386,
  "risk_p25": 1.0,
  "risk_p50": 1.0,
  "risk_p75": 1.0,
  "risk_p95": 1.0,
  "separation_risk_mean": 0.15982360664482187,
  "congestion_risk_mean": 0.055292776651532684,
  "speed_risk_mean": 0.8038339248560513,
  "uncertainty_risk_mean": 0.6372968967987811,
  "human_activation_count": 127,
  "cooldown_skips": 19,
  "suppressed_request_count": 19,
  "suppressed_critical_count": 0,
  "cooldown_release_count": 124,
  "critical_override_count": 124,
  "critical_trigger_rate": 0.8266666666666667,
  "trigger_active_rate": 0.9466666666666667,
  "confidence_mean": 0.9500000000000002,
  "false_intervention_rate": 0.08661417322834646,
  "repeated_intervention_rate": 0.9606299212598425,
  "post_intervention_violation_rate": 0.022388059701492536,
  "mean_drift_after_intervention": 9.483789887195375,
  "min_predicted_distance_mean": 4.0697064923516395
}