{
  "violation_rate": 0.1,
  "collision_rate": 0.0,
  "near_miss_rate": 0.0,
  "intervention_rate": 0.82,
  "override_success_rate": 0.8780487804878049,
  "mean_intervention_delay": 0.0,
  "operator_workload": 0.82,
  "mean_drift": 16.550601313748007,
  "p95_drift": 31.00365084751486,
  "mean_latency_ms": 0.4789133315595488,
  "risk_mean": 0.8712336084680231,
  "risk_p05": 0.24599999999991834,
  "risk_p25": 1.0,
  "risk_p50": 1.0,
  "risk_p75": 1.0,
  "risk_p95": 1.0,
  "separation_risk_mean": 0.050710483255069556,
  "congestion_risk_mean": 0.023192259883361904,
  "speed_risk_mean": 0.9692050493038642,
  "uncertainty_risk_mean": 0.64,
  "human_activation_count": 123,
  "cooldown_skips": 15,
  "suppressed_request_count": 15,
  "suppressed_critical_count": 0,
  "cooldown_release_count": 120,
  "critical_override_count": 120,
  "critical_trigger_rate": 0.8,
  "trigger_active_rate": 0.92,
  "confidence_mean": 0.9500000000000002,
  "false_intervention_rate": 0.04065040650406504,
  "repeated_intervention_rate": 0.967479674796748,
  "post_intervention_violation_rate": 0.1171875,
  "mean_drift_after_intervention": 18.572106067719986,
  "min_predicted_distance_mean": 6.6316411717714585
}