{
  "violation_rate": 0.06,
  "collision_rate": 0.006666666666666667,
  "near_miss_rate": 2.66,
  "intervention_rate": 0.8133333333333334,
  "override_success_rate": 0.9262295081967213,
  "mean_intervention_delay": 0.0,
  "operator_workload": 0.8133333333333334,
  "mean_drift": 8.206352839549837,
  "p95_drift": 26.822546101350028,
  "mean_latency_ms": 2.600026651440809,
  "risk_mean": 0.9273249993442315,
  "risk_p05": 0.6257733728250304,
  "risk_p25": 1.0,
  "risk_p50": 1.0,
  "risk_p75": 1.0,
  "risk_p95": 1.0,
  "separation_risk_mean": 0.7059819146558116,
  "congestion_risk_mean": 0.40281726851277144,
  "speed_risk_mean": 0.7451363600961414,
  "uncertainty_risk_mean": 0.639997218901823,
  "human_activation_count": 122,
  "cooldown_skips": 28,
  "suppressed_request_count": 28,
  "suppressed_critical_count": 0,
  "cooldown_release_count": 120,
  "critical_override_count": 120,
  "critical_trigger_rate": 0.8,
  "trigger_active_rate": 1.0,
  "confidence_mean": 0.9500000000000002,
  "false_intervention_rate": 0.0,
  "repeated_intervention_rate": 0.9426229508196722,
  "post_intervention_violation_rate": 0.06766917293233082,
  "mean_drift_after_intervention": 8.93732473407745,
  "min_predicted_distance_mean": 0.744679000391869
}