{
  "violation_rate": 0.03333333333333333,
  "collision_rate": 0.0,
  "near_miss_rate": 0.04,
  "intervention_rate": 0.3333333333333333,
  "override_success_rate": 0.94,
  "mean_intervention_delay": 0.0,
  "operator_workload": 0.3333333333333333,
  "mean_drift": 15.015323271320485,
  "p95_drift": 32.60737043677463,
  "mean_latency_ms": 0.3658742002638367,
  "risk_mean": 0.2631105085366939,
  "risk_p95": 0.331520232399915,
  "separation_risk_mean": 0.026810987185467473,
  "congestion_risk_mean": 0.03051743489929811,
  "speed_risk_mean": 0.98277470385606,
  "uncertainty_risk_mean": 0.64,
  "human_activation_count": 50,
  "cooldown_skips": 100,
  "trigger_active_rate": 1.0,
  "confidence_mean": 0.9500000000000002,
  "false_intervention_rate": 0.26
}