{
  "violation_rate": 0.08,
  "collision_rate": 0.0,
  "near_miss_rate": 0.03333333333333333,
  "intervention_rate": 0.74,
  "override_success_rate": 0.8918918918918919,
  "mean_intervention_delay": 0.0,
  "operator_workload": 0.74,
  "mean_drift": 9.115521777727036,
  "p95_drift": 23.418001283518468,
  "mean_latency_ms": 0.544411635491997,
  "risk_mean": 0.8201597577520048,
  "risk_p05": 0.22850826224204976,
  "risk_p25": 0.5959941250198033,
  "risk_p50": 1.0,
  "risk_p75": 1.0,
  "risk_p95": 1.0,
  "separation_risk_mean": 0.06306504139752157,
  "congestion_risk_mean": 0.05020831394607945,
  "speed_risk_mean": 0.8283565112701464,
  "uncertainty_risk_mean": 0.6389644975348836,
  "human_activation_count": 111,
  "cooldown_skips": 9,
  "suppressed_request_count": 9,
  "suppressed_critical_count": 0,
  "cooldown_release_count": 110,
  "critical_override_count": 110,
  "critical_trigger_rate": 0.7333333333333333,
  "trigger_active_rate": 0.7866666666666666,
  "confidence_mean": 0.9500000000000002,
  "false_intervention_rate": 0.06306306306306306,
  "repeated_intervention_rate": 0.963963963963964,
  "post_intervention_violation_rate": 0.10344827586206896,
  "mean_drift_after_intervention": 10.837189963240958,
  "min_predicted_distance_mean": 3.9241604862527684
}