{
  "violation_rate": 0.05333333333333334,
  "collision_rate": 0.0,
  "near_miss_rate": 0.02666666666666667,
  "intervention_rate": 0.3333333333333333,
  "override_success_rate": 0.92,
  "mean_intervention_delay": 0.0,
  "operator_workload": 0.3333333333333333,
  "mean_drift": 11.714088474024695,
  "p95_drift": 30.85807598896166,
  "mean_latency_ms": 0.6821850533985222,
  "risk_mean": 0.2573500522422404,
  "risk_p95": 0.4960154192797207,
  "separation_risk_mean": 0.04401158643604598,
  "congestion_risk_mean": 0.03383526944094207,
  "speed_risk_mean": 0.8872401399052275,
  "uncertainty_risk_mean": 0.64,
  "human_activation_count": 50,
  "cooldown_skips": 100,
  "trigger_active_rate": 1.0,
  "confidence_mean": 0.9500000000000002,
  "false_intervention_rate": 0.28
}