{
  "violation_rate": 0.7133333333333334,
  "collision_rate": 0.09333333333333334,
  "near_miss_rate": 0.6533333333333333,
  "intervention_rate": 0.9133333333333333,
  "override_success_rate": 0.21897810218978103,
  "mean_intervention_delay": 0.0,
  "operator_workload": 0.9133333333333333,
  "mean_drift": 3.7980963527426423,
  "p95_drift": 12.684887872682168,
  "mean_latency_ms": 1.7691797281925876,
  "risk_mean": 0.9633908564516059,
  "risk_p05": 0.6040041650600403,
  "risk_p25": 1.0,
  "risk_p50": 1.0,
  "risk_p75": 1.0,
  "risk_p95": 1.0,
  "separation_risk_mean": 0.70747549568685,
  "congestion_risk_mean": 0.4146579309883718,
  "speed_risk_mean": 0.7492548311882932,
  "uncertainty_risk_mean": 0.6252442822513699,
  "human_activation_count": 137,
  "cooldown_skips": 13,
  "suppressed_request_count": 13,
  "suppressed_critical_count": 0,
  "cooldown_release_count": 137,
  "critical_override_count": 137,
  "critical_trigger_rate": 0.9133333333333333,
  "trigger_active_rate": 1.0,
  "confidence_mean": 0.5,
  "false_intervention_rate": 0.043795620437956206,
  "repeated_intervention_rate": 0.948905109489051,
  "post_intervention_violation_rate": 0.7142857142857143,
  "mean_drift_after_intervention": 4.030462576647746,
  "min_predicted_distance_mean": 0.6725652216605035
}