{
  "violation_rate": 0.04,
  "collision_rate": 0.0,
  "near_miss_rate": 0.16,
  "intervention_rate": 0.8266666666666667,
  "override_success_rate": 0.9516129032258065,
  "mean_intervention_delay": 0.0,
  "operator_workload": 0.8266666666666667,
  "mean_drift": 7.441631797160306,
  "p95_drift": 25.55204922137049,
  "mean_latency_ms": 0.4874050073946516,
  "risk_mean": 0.886476232296223,
  "risk_p05": 0.34455463941508396,
  "risk_p25": 1.0,
  "risk_p50": 1.0,
  "risk_p75": 1.0,
  "risk_p95": 1.0,
  "separation_risk_mean": 0.2180728828526324,
  "congestion_risk_mean": 0.12229814226708288,
  "speed_risk_mean": 0.6689866688013116,
  "uncertainty_risk_mean": 0.6390636506498047,
  "human_activation_count": 124,
  "cooldown_skips": 26,
  "suppressed_request_count": 26,
  "suppressed_critical_count": 0,
  "cooldown_release_count": 119,
  "critical_override_count": 119,
  "critical_trigger_rate": 0.7933333333333333,
  "trigger_active_rate": 1.0,
  "confidence_mean": 0.9500000000000002,
  "false_intervention_rate": 0.10483870967741936,
  "repeated_intervention_rate": 0.9435483870967742,
  "post_intervention_violation_rate": 0.04477611940298507,
  "mean_drift_after_intervention": 8.352640275427698,
  "min_predicted_distance_mean": 5.079209328147239
}