{
  "violation_rate": 0.05333333333333334,
  "collision_rate": 0.0,
  "near_miss_rate": 0.09333333333333334,
  "intervention_rate": 0.8333333333333334,
  "override_success_rate": 0.936,
  "mean_intervention_delay": 0.0,
  "operator_workload": 0.8333333333333334,
  "mean_drift": 7.496729561704502,
  "p95_drift": 25.548280061943654,
  "mean_latency_ms": 0.4961119537862639,
  "risk_mean": 0.8264364606421588,
  "risk_p05": 0.21599999999987068,
  "risk_p25": 1.0,
  "risk_p50": 1.0,
  "risk_p75": 1.0,
  "risk_p95": 1.0,
  "separation_risk_mean": 0.07407717170156923,
  "congestion_risk_mean": 0.06332472118737882,
  "speed_risk_mean": 0.7908208824922929,
  "uncertainty_risk_mean": 0.632761148942908,
  "human_activation_count": 125,
  "cooldown_skips": 25,
  "suppressed_request_count": 25,
  "suppressed_critical_count": 0,
  "cooldown_release_count": 114,
  "critical_override_count": 114,
  "critical_trigger_rate": 0.76,
  "trigger_active_rate": 1.0,
  "confidence_mean": 0.9500000000000002,
  "false_intervention_rate": 0.168,
  "repeated_intervention_rate": 0.888,
  "post_intervention_violation_rate": 0.053691275167785234,
  "mean_drift_after_intervention": 8.27812101965022,
  "min_predicted_distance_mean": 7.96142779469154
}