{
  "violation_rate": 0.15333333333333332,
  "collision_rate": 0.0,
  "near_miss_rate": 0.0,
  "intervention_rate": 0.7733333333333333,
  "override_success_rate": 0.8017241379310345,
  "mean_intervention_delay": 0.0,
  "operator_workload": 0.7733333333333333,
  "mean_drift": 15.39618583776065,
  "p95_drift": 32.2679401824376,
  "mean_latency_ms": 0.5252507872258624,
  "risk_mean": 0.8227751386220533,
  "risk_p05": 0.24599999999991704,
  "risk_p25": 0.5323497171602087,
  "risk_p50": 1.0,
  "risk_p75": 1.0,
  "risk_p95": 1.0,
  "separation_risk_mean": 0.05191872423276022,
  "congestion_risk_mean": 0.02910573990563275,
  "speed_risk_mean": 0.985902734806797,
  "uncertainty_risk_mean": 0.64,
  "human_activation_count": 116,
  "cooldown_skips": 34,
  "suppressed_request_count": 34,
  "suppressed_critical_count": 0,
  "cooldown_release_count": 109,
  "critical_override_count": 109,
  "critical_trigger_rate": 0.7266666666666667,
  "trigger_active_rate": 1.0,
  "confidence_mean": 0.9000000000000004,
  "false_intervention_rate": 0.07758620689655173,
  "repeated_intervention_rate": 0.9310344827586207,
  "post_intervention_violation_rate": 0.17829457364341086,
  "mean_drift_after_intervention": 17.45008796905323,
  "min_predicted_distance_mean": 4.658640758450414
}