{
  "violation_rate": 0.0,
  "collision_rate": 0.0,
  "near_miss_rate": 0.36666666666666664,
  "intervention_rate": 0.16666666666666666,
  "override_success_rate": 1.0,
  "mean_intervention_delay": 0.0,
  "operator_workload": 0.16666666666666666,
  "mean_drift": 10.620693824870907,
  "p95_drift": 28.73131939684635,
  "mean_latency_ms": 0.6520433271847045,
  "risk_mean": 0.418430422953381,
  "risk_p95": 0.6744999999999756,
  "separation_risk_mean": 0.2959150316736173,
  "congestion_risk_mean": 0.16304043590782843,
  "speed_risk_mean": 0.9900569981553075,
  "uncertainty_risk_mean": 0.64,
  "human_activation_count": 25,
  "cooldown_skips": 125,
  "trigger_active_rate": 1.0,
  "confidence_mean": 0.9500000000000002,
  "false_intervention_rate": 0.36
}