{
  "violation_rate": 0.18666666666666668,
  "collision_rate": 0.0,
  "near_miss_rate": 0.04,
  "intervention_rate": 0.8,
  "override_success_rate": 0.7666666666666667,
  "mean_intervention_delay": 0.0,
  "operator_workload": 0.8,
  "mean_drift": 15.065868974798553,
  "p95_drift": 32.769787974537195,
  "mean_latency_ms": 0.696405292643855,
  "risk_mean": 0.8301866720060954,
  "risk_p05": 0.21599999999994005,
  "risk_p25": 1.0,
  "risk_p50": 1.0,
  "risk_p75": 1.0,
  "risk_p95": 1.0,
  "separation_risk_mean": 0.025961797914708103,
  "congestion_risk_mean": 0.030591219479687924,
  "speed_risk_mean": 0.9695732567196512,
  "uncertainty_risk_mean": 0.64,
  "human_activation_count": 120,
  "cooldown_skips": 30,
  "suppressed_request_count": 30,
  "suppressed_critical_count": 0,
  "cooldown_release_count": 114,
  "critical_override_count": 114,
  "critical_trigger_rate": 0.76,
  "trigger_active_rate": 1.0,
  "confidence_mean": 0.9000000000000004,
  "false_intervention_rate": 0.08333333333333333,
  "repeated_intervention_rate": 0.9416666666666667,
  "post_intervention_violation_rate": 0.21374045801526717,
  "mean_drift_after_intervention": 16.989364560000084,
  "min_predicted_distance_mean": 8.152907616422295
}