{
  "violation_rate": 0.006666666666666667,
  "collision_rate": 0.006666666666666667,
  "near_miss_rate": 0.8866666666666667,
  "intervention_rate": 0.8666666666666667,
  "override_success_rate": 0.9923076923076923,
  "mean_intervention_delay": 0.0,
  "operator_workload": 0.8666666666666667,
  "mean_drift": 7.820094715109705,
  "p95_drift": 36.1814937000703,
  "mean_latency_ms": 0.4743835935369134,
  "risk_mean": 0.9207800164181495,
  "risk_p05": 0.4388872172674293,
  "risk_p25": 1.0,
  "risk_p50": 1.0,
  "risk_p75": 1.0,
  "risk_p95": 1.0,
  "separation_risk_mean": 0.6683533228462705,
  "congestion_risk_mean": 0.37075730154755293,
  "speed_risk_mean": 0.6967314378175343,
  "uncertainty_risk_mean": 0.64,
  "human_activation_count": 130,
  "cooldown_skips": 20,
  "suppressed_request_count": 20,
  "suppressed_critical_count": 0,
  "cooldown_release_count": 128,
  "critical_override_count": 127,
  "critical_trigger_rate": 0.8466666666666667,
  "trigger_active_rate": 1.0,
  "confidence_mean": 0.9500000000000002,
  "false_intervention_rate": 0.08461538461538462,
  "repeated_intervention_rate": 0.9538461538461539,
  "post_intervention_violation_rate": 0.0,
  "mean_drift_after_intervention": 8.396364955504524,
  "min_predicted_distance_mean": 0.8951437205080734
}