{
  "violation_rate": 0.0,
  "collision_rate": 0.0,
  "near_miss_rate": 0.42,
  "intervention_rate": 0.16666666666666666,
  "override_success_rate": 1.0,
  "mean_intervention_delay": 0.0,
  "operator_workload": 0.16666666666666666,
  "mean_drift": 4.876599262231702,
  "p95_drift": 13.732994505585474,
  "mean_latency_ms": 0.44049752682136994,
  "risk_mean": 0.44691359844888834,
  "risk_p95": 0.6613720316534241,
  "separation_risk_mean": 0.38319922472743423,
  "congestion_risk_mean": 0.20867126639983188,
  "speed_risk_mean": 0.8420408714772329,
  "uncertainty_risk_mean": 0.64,
  "human_activation_count": 25,
  "cooldown_skips": 124,
  "trigger_active_rate": 0.9933333333333333,
  "confidence_mean": 0.9500000000000002,
  "false_intervention_rate": 0.52
}