{
  "violation_rate": 0.02,
  "collision_rate": 0.0,
  "near_miss_rate": 0.12666666666666668,
  "intervention_rate": 0.3333333333333333,
  "override_success_rate": 0.96,
  "mean_intervention_delay": 0.0,
  "operator_workload": 0.3333333333333333,
  "mean_drift": 11.916735935932818,
  "p95_drift": 38.53284457662868,
  "mean_latency_ms": 0.2894444793734389,
  "risk_mean": 0.3233035658366172,
  "risk_p95": 0.6918258924077113,
  "separation_risk_mean": 0.12829851738988315,
  "congestion_risk_mean": 0.09016029650787767,
  "speed_risk_mean": 0.9801943925613356,
  "uncertainty_risk_mean": 0.64,
  "human_activation_count": 50,
  "cooldown_skips": 100,
  "trigger_active_rate": 1.0,
  "confidence_mean": 0.9500000000000002,
  "false_intervention_rate": 0.38
}