{
  "violation_rate": 0.24666666666666667,
  "collision_rate": 0.0,
  "near_miss_rate": 0.15333333333333332,
  "intervention_rate": 0.8066666666666666,
  "override_success_rate": 0.6942148760330579,
  "mean_intervention_delay": 0.0,
  "operator_workload": 0.8066666666666666,
  "mean_drift": 7.524608444354332,
  "p95_drift": 26.608855165149485,
  "mean_latency_ms": 0.7006033121918639,
  "risk_mean": 0.8683480533263044,
  "risk_p05": 0.21172978764603986,
  "risk_p25": 1.0,
  "risk_p50": 1.0,
  "risk_p75": 1.0,
  "risk_p95": 1.0,
  "separation_risk_mean": 0.23707409898437773,
  "congestion_risk_mean": 0.1349881866758447,
  "speed_risk_mean": 0.6641032539151442,
  "uncertainty_risk_mean": 0.6388389143763051,
  "human_activation_count": 121,
  "cooldown_skips": 19,
  "suppressed_request_count": 19,
  "suppressed_critical_count": 0,
  "cooldown_release_count": 118,
  "critical_override_count": 118,
  "critical_trigger_rate": 0.7866666666666666,
  "trigger_active_rate": 0.9333333333333333,
  "confidence_mean": 0.75,
  "false_intervention_rate": 0.09090909090909091,
  "repeated_intervention_rate": 0.9504132231404959,
  "post_intervention_violation_rate": 0.27906976744186046,
  "mean_drift_after_intervention": 8.57895814205745,
  "min_predicted_distance_mean": 4.67169144939083
}