{
  "violation_rate": 0.0,
  "collision_rate": 0.0,
  "near_miss_rate": 0.06666666666666667,
  "intervention_rate": 0.7666666666666667,
  "override_success_rate": 1.0,
  "mean_intervention_delay": 0.0,
  "operator_workload": 0.7666666666666667,
  "mean_drift": 10.053837153670122,
  "p95_drift": 24.81096947607139,
  "mean_latency_ms": 0.35927334722752374,
  "risk_mean": 0.8382406908040313,
  "risk_p05": 0.21599999999986888,
  "risk_p25": 0.7524073680628774,
  "risk_p50": 1.0,
  "risk_p75": 1.0,
  "risk_p95": 1.0,
  "separation_risk_mean": 0.07824320866434108,
  "congestion_risk_mean": 0.04369626869078111,
  "speed_risk_mean": 0.8986102731723432,
  "uncertainty_risk_mean": 0.6345596678617086,
  "human_activation_count": 115,
  "cooldown_skips": 20,
  "suppressed_request_count": 20,
  "suppressed_critical_count": 0,
  "cooldown_release_count": 112,
  "critical_override_count": 112,
  "critical_trigger_rate": 0.7466666666666667,
  "trigger_active_rate": 0.8933333333333333,
  "confidence_mean": 1.0,
  "false_intervention_rate": 0.043478260869565216,
  "repeated_intervention_rate": 0.9565217391304348,
  "post_intervention_violation_rate": 0.0,
  "mean_drift_after_intervention": 11.87995953102471,
  "min_predicted_distance_mean": 9.647444842796007
}