{
  "violation_rate": 0.07333333333333333,
  "collision_rate": 0.0,
  "near_miss_rate": 0.5466666666666666,
  "intervention_rate": 0.8133333333333334,
  "override_success_rate": 0.9098360655737705,
  "mean_intervention_delay": 0.0,
  "operator_workload": 0.8133333333333334,
  "mean_drift": 3.1874254571665976,
  "p95_drift": 12.656742556676177,
  "mean_latency_ms": 0.5231511142725745,
  "risk_mean": 0.8683098677284385,
  "risk_p05": 0.21399999999979463,
  "risk_p25": 1.0,
  "risk_p50": 1.0,
  "risk_p75": 1.0,
  "risk_p95": 1.0,
  "separation_risk_mean": 0.22297517361417638,
  "congestion_risk_mean": 0.1816562268249677,
  "speed_risk_mean": 0.801161407010376,
  "uncertainty_risk_mean": 0.5727830826883121,
  "human_activation_count": 122,
  "cooldown_skips": 18,
  "suppressed_request_count": 18,
  "suppressed_critical_count": 0,
  "cooldown_release_count": 120,
  "critical_override_count": 120,
  "critical_trigger_rate": 0.8,
  "trigger_active_rate": 0.9066666666666666,
  "confidence_mean": 0.9500000000000002,
  "false_intervention_rate": 0.10655737704918032,
  "repeated_intervention_rate": 0.9426229508196722,
  "post_intervention_violation_rate": 0.08461538461538462,
  "mean_drift_after_intervention": 3.47395541763495,
  "min_predicted_distance_mean": 5.633855562726341
}