{
  "violation_rate": 0.0,
  "collision_rate": 0.0,
  "near_miss_rate": 0.02,
  "intervention_rate": 0.0,
  "override_success_rate": 0.0,
  "mean_intervention_delay": 0.0,
  "operator_workload": 0.0,
  "mean_drift": 9.585080331766807,
  "p95_drift": 20.702442927697913,
  "mean_latency_ms": 0.4991757989046164,
  "risk_mean": 0.2418411715899909,
  "risk_p95": 0.27964353334717834,
  "separation_risk_mean": 0.023692722996673854,
  "congestion_risk_mean": 0.01722668709312886,
  "speed_risk_mean": 0.87248516312137,
  "uncertainty_risk_mean": 0.64,
  "human_activation_count": 0,
  "cooldown_skips": 0,
  "trigger_active_rate": 0.0,
  "confidence_mean": 0.9500000000000002,
  "false_intervention_rate": 0.0
}