{
  "violation_rate": 0.02666666666666667,
  "collision_rate": 0.0,
  "near_miss_rate": 0.04666666666666667,
  "intervention_rate": 0.16666666666666666,
  "override_success_rate": 0.88,
  "mean_intervention_delay": 0.0,
  "operator_workload": 0.16666666666666666,
  "mean_drift": 15.75300942003828,
  "p95_drift": 35.34611276581957,
  "mean_latency_ms": 0.24136999301845208,
  "risk_mean": 0.2689957947760589,
  "risk_p95": 0.4549985481520522,
  "separation_risk_mean": 0.03501989709692026,
  "congestion_risk_mean": 0.035327910651426084,
  "speed_risk_mean": 0.990866955224444,
  "uncertainty_risk_mean": 0.6384988009061447,
  "human_activation_count": 25,
  "cooldown_skips": 125,
  "trigger_active_rate": 1.0,
  "confidence_mean": 0.9000000000000004,
  "false_intervention_rate": 0.28
}