{
  "violation_rate": 0.04666666666666667,
  "collision_rate": 0.0,
  "near_miss_rate": 0.0,
  "intervention_rate": 0.9733333333333334,
  "override_success_rate": 0.952054794520548,
  "mean_intervention_delay": 0.0,
  "operator_workload": 0.9733333333333334,
  "mean_drift": 12.123196412109294,
  "p95_drift": 36.608491037378975,
  "mean_latency_ms": 0.40038831532001495,
  "risk_mean": 0.9798933333333321,
  "risk_p05": 1.0,
  "risk_p25": 1.0,
  "risk_p50": 1.0,
  "risk_p75": 1.0,
  "risk_p95": 1.0,
  "separation_risk_mean": 0.0656923742893679,
  "congestion_risk_mean": 0.0031521763553152577,
  "speed_risk_mean": 0.9654360546035226,
  "uncertainty_risk_mean": 0.64,
  "human_activation_count": 146,
  "cooldown_skips": 0,
  "suppressed_request_count": 0,
  "suppressed_critical_count": 0,
  "cooldown_release_count": 146,
  "critical_override_count": 146,
  "critical_trigger_rate": 0.9733333333333334,
  "trigger_active_rate": 0.9733333333333334,
  "confidence_mean": 0.9500000000000002,
  "false_intervention_rate": 0.02054794520547945,
  "repeated_intervention_rate": 0.9931506849315068,
  "post_intervention_violation_rate": 0.04827586206896552,
  "mean_drift_after_intervention": 11.910350556642864,
  "min_predicted_distance_mean": 6.404289373865439
}