{
  "violation_rate": 0.0,
  "collision_rate": 0.0,
  "near_miss_rate": 0.46,
  "intervention_rate": 0.08,
  "override_success_rate": 1.0,
  "mean_intervention_delay": 0.0,
  "operator_workload": 0.08,
  "mean_drift": 10.843068432012444,
  "p95_drift": 23.216637131231682,
  "mean_latency_ms": 0.44957778717313585,
  "risk_mean": 0.42219275655051214,
  "risk_p95": 0.6508291706182878,
  "separation_risk_mean": 0.34122716212381915,
  "congestion_risk_mean": 0.1869145372206039,
  "speed_risk_mean": 0.8394126619309498,
  "uncertainty_risk_mean": 0.64,
  "human_activation_count": 12,
  "cooldown_skips": 60,
  "trigger_active_rate": 0.48,
  "confidence_mean": 0.9500000000000002,
  "false_intervention_rate": 0.0
}