{
  "violation_rate": 0.06666666666666667,
  "collision_rate": 0.0,
  "near_miss_rate": 0.18666666666666668,
  "intervention_rate": 1.0,
  "override_success_rate": 0.9333333333333333,
  "mean_intervention_delay": 0.0,
  "operator_workload": 1.0,
  "mean_drift": 15.374789975700303,
  "p95_drift": 37.5655252150649,
  "mean_latency_ms": 0.3515382873592898,
  "risk_mean": 0.3823796836611037,
  "risk_p95": 0.6647412400312517,
  "separation_risk_mean": 0.270032503564859,
  "congestion_risk_mean": 0.17706763453843558,
  "speed_risk_mean": 0.8084964912859882,
  "uncertainty_risk_mean": 0.6354911648627334,
  "human_activation_count": 150,
  "cooldown_skips": 0,
  "trigger_active_rate": 1.0,
  "confidence_mean": 0.9500000000000002,
  "false_intervention_rate": 0.2733333333333333
}