{
  "violation_rate": 0.006666666666666667,
  "collision_rate": 0.0,
  "near_miss_rate": 0.04,
  "intervention_rate": 1.0,
  "override_success_rate": 0.9933333333333333,
  "mean_intervention_delay": 0.0,
  "operator_workload": 1.0,
  "mean_drift": 15.024726095894431,
  "p95_drift": 32.71076500041171,
  "mean_latency_ms": 0.4623008069271843,
  "risk_mean": 0.830526778731526,
  "risk_p05": 0.21599999999993777,
  "risk_p25": 1.0,
  "risk_p50": 1.0,
  "risk_p75": 1.0,
  "risk_p95": 1.0,
  "separation_risk_mean": 0.02666989353300178,
  "congestion_risk_mean": 0.03107286626534999,
  "speed_risk_mean": 0.9680851502494486,
  "uncertainty_risk_mean": 0.64,
  "human_activation_count": 150,
  "cooldown_skips": 0,
  "suppressed_request_count": 0,
  "suppressed_critical_count": 0,
  "cooldown_release_count": 114,
  "critical_override_count": 114,
  "critical_trigger_rate": 0.76,
  "trigger_active_rate": 1.0,
  "confidence_mean": 0.9500000000000002,
  "false_intervention_rate": 0.26666666666666666,
  "repeated_intervention_rate": 0.9933333333333333,
  "post_intervention_violation_rate": 0.006711409395973154,
  "mean_drift_after_intervention": 15.024726095894431,
  "min_predicted_distance_mean": 8.138063374544872
}