{
  "violation_rate": 0.0,
  "collision_rate": 0.0,
  "near_miss_rate": 0.8133333333333334,
  "intervention_rate": 0.16666666666666666,
  "override_success_rate": 1.0,
  "mean_intervention_delay": 0.0,
  "operator_workload": 0.16666666666666666,
  "mean_drift": 8.745845909513564,
  "p95_drift": 37.3236865843554,
  "mean_latency_ms": 0.38971272627046954,
  "risk_mean": 0.5737190781758915,
  "risk_p95": 0.6868924998812412,
  "separation_risk_mean": 0.6001922949506453,
  "congestion_risk_mean": 0.3583147974041942,
  "speed_risk_mean": 0.7870256406470175,
  "uncertainty_risk_mean": 0.64,
  "human_activation_count": 25,
  "cooldown_skips": 125,
  "trigger_active_rate": 1.0,
  "confidence_mean": 0.9500000000000002,
  "false_intervention_rate": 0.08
}