{
  "violation_rate": 0.32,
  "collision_rate": 0.0,
  "near_miss_rate": 0.36666666666666664,
  "intervention_rate": 0.7933333333333333,
  "override_success_rate": 0.5966386554621849,
  "mean_intervention_delay": 1.0,
  "operator_workload": 0.7933333333333333,
  "mean_drift": 7.190935221576944,
  "p95_drift": 21.73859746035512,
  "mean_latency_ms": 0.8361991370717684,
  "risk_mean": 0.8841155411769883,
  "risk_p05": 0.38326782426144224,
  "risk_p25": 1.0,
  "risk_p50": 1.0,
  "risk_p75": 1.0,
  "risk_p95": 1.0,
  "separation_risk_mean": 0.39278798596486786,
  "congestion_risk_mean": 0.23899218978500975,
  "speed_risk_mean": 0.8352625609658824,
  "uncertainty_risk_mean": 0.6292451099306895,
  "human_activation_count": 119,
  "cooldown_skips": 31,
  "suppressed_request_count": 31,
  "suppressed_critical_count": 0,
  "cooldown_release_count": 114,
  "critical_override_count": 114,
  "critical_trigger_rate": 0.76,
  "trigger_active_rate": 0.9666666666666667,
  "confidence_mean": 0.8133834109031054,
  "false_intervention_rate": 0.05042016806722689,
  "repeated_intervention_rate": 0.9327731092436975,
  "post_intervention_violation_rate": 0.35877862595419846,
  "mean_drift_after_intervention": 8.419627592756209,
  "min_predicted_distance_mean": 2.8832916022123545
}