{
  "violation_rate": 0.06666666666666667,
  "collision_rate": 0.0,
  "near_miss_rate": 0.006666666666666667,
  "intervention_rate": 1.0,
  "override_success_rate": 0.9333333333333333,
  "mean_intervention_delay": 0.0,
  "operator_workload": 1.0,
  "mean_drift": 16.692562467783407,
  "p95_drift": 32.2868848389736,
  "mean_latency_ms": 0.45334311046948034,
  "risk_mean": 0.870436396400864,
  "risk_p05": 0.24599999999991182,
  "risk_p25": 1.0,
  "risk_p50": 1.0,
  "risk_p75": 1.0,
  "risk_p95": 1.0,
  "separation_risk_mean": 0.04000485170279603,
  "congestion_risk_mean": 0.020334717626202002,
  "speed_risk_mean": 0.9701282692002027,
  "uncertainty_risk_mean": 0.64,
  "human_activation_count": 150,
  "cooldown_skips": 0,
  "suppressed_request_count": 0,
  "suppressed_critical_count": 0,
  "cooldown_release_count": 120,
  "critical_override_count": 120,
  "critical_trigger_rate": 0.8,
  "trigger_active_rate": 1.0,
  "confidence_mean": 0.9500000000000002,
  "false_intervention_rate": 0.21333333333333335,
  "repeated_intervention_rate": 0.9933333333333333,
  "post_intervention_violation_rate": 0.06711409395973154,
  "mean_drift_after_intervention": 16.692562467783407,
  "min_predicted_distance_mean": 6.986315025643547
}