{
  "violation_rate": 0.8066666666666666,
  "collision_rate": 0.013333333333333334,
  "near_miss_rate": 0.21333333333333335,
  "intervention_rate": 0.88,
  "override_success_rate": 0.08333333333333333,
  "mean_intervention_delay": 5.0,
  "operator_workload": 0.88,
  "mean_drift": 17.81640030789783,
  "p95_drift": 45.8507892481907,
  "mean_latency_ms": 2.3872041570333145,
  "risk_mean": 0.92327112025136,
  "risk_p05": 0.2574028972668962,
  "risk_p25": 1.0,
  "risk_p50": 1.0,
  "risk_p75": 1.0,
  "risk_p95": 1.0,
  "separation_risk_mean": 0.10308645306862527,
  "congestion_risk_mean": 0.09722766545884816,
  "speed_risk_mean": 0.900239101629496,
  "uncertainty_risk_mean": 0.64,
  "human_activation_count": 132,
  "cooldown_skips": 18,
  "suppressed_request_count": 18,
  "suppressed_critical_count": 0,
  "cooldown_release_count": 129,
  "critical_override_count": 129,
  "critical_trigger_rate": 0.86,
  "trigger_active_rate": 1.0,
  "confidence_mean": 0.42154721281932583,
  "false_intervention_rate": 0.05303030303030303,
  "repeated_intervention_rate": 0.9621212121212122,
  "post_intervention_violation_rate": 0.8633093525179856,
  "mean_drift_after_intervention": 19.397664435880998,
  "min_predicted_distance_mean": 15.899986079028352
}