{
  "violation_rate": 0.02,
  "collision_rate": 0.0,
  "near_miss_rate": 0.02,
  "intervention_rate": 0.76,
  "override_success_rate": 0.9736842105263158,
  "mean_intervention_delay": 0.0,
  "operator_workload": 0.76,
  "mean_drift": 22.60053019446239,
  "p95_drift": 63.938080585247604,
  "mean_latency_ms": 0.35931637588267523,
  "risk_mean": 0.8129132887998283,
  "risk_p05": 0.24599999999993274,
  "risk_p25": 0.6439296597411635,
  "risk_p50": 1.0,
  "risk_p75": 1.0,
  "risk_p95": 1.0,
  "separation_risk_mean": 0.0911426237065788,
  "congestion_risk_mean": 0.05796079750693188,
  "speed_risk_mean": 0.9979192068990114,
  "uncertainty_risk_mean": 0.6385798749626165,
  "human_activation_count": 114,
  "cooldown_skips": 36,
  "suppressed_request_count": 36,
  "suppressed_critical_count": 0,
  "cooldown_release_count": 110,
  "critical_override_count": 110,
  "critical_trigger_rate": 0.7333333333333333,
  "trigger_active_rate": 1.0,
  "confidence_mean": 0.9500000000000002,
  "false_intervention_rate": 0.05263157894736842,
  "repeated_intervention_rate": 0.956140350877193,
  "post_intervention_violation_rate": 0.024793388429752067,
  "mean_drift_after_intervention": 26.474704868793072,
  "min_predicted_distance_mean": 3.755079663527819
}