{
  "violation_rate": 0.37333333333333335,
  "collision_rate": 0.0,
  "near_miss_rate": 0.17333333333333334,
  "intervention_rate": 0.78,
  "override_success_rate": 0.5213675213675214,
  "mean_intervention_delay": 0.0,
  "operator_workload": 0.78,
  "mean_drift": 13.64962393559136,
  "p95_drift": 29.928246166348313,
  "mean_latency_ms": 1.0037172531398635,
  "risk_mean": 0.8685566720811869,
  "risk_p05": 0.44764617652079475,
  "risk_p25": 0.6600444443132694,
  "risk_p50": 1.0,
  "risk_p75": 1.0,
  "risk_p95": 1.0,
  "separation_risk_mean": 0.2217421327074496,
  "congestion_risk_mean": 0.13942208348819046,
  "speed_risk_mean": 0.9699092566104462,
  "uncertainty_risk_mean": 0.6358197814168217,
  "human_activation_count": 117,
  "cooldown_skips": 33,
  "suppressed_request_count": 33,
  "suppressed_critical_count": 0,
  "cooldown_release_count": 111,
  "critical_override_count": 111,
  "critical_trigger_rate": 0.74,
  "trigger_active_rate": 1.0,
  "confidence_mean": 0.75,
  "false_intervention_rate": 0.09401709401709402,
  "repeated_intervention_rate": 0.9145299145299145,
  "post_intervention_violation_rate": 0.42748091603053434,
  "mean_drift_after_intervention": 15.821562398580419,
  "min_predicted_distance_mean": 3.077808733036447
}