{
  "violation_rate": 0.06666666666666667,
  "collision_rate": 0.0,
  "near_miss_rate": 0.4,
  "intervention_rate": 0.76,
  "override_success_rate": 0.9122807017543859,
  "mean_intervention_delay": 0.0,
  "operator_workload": 0.76,
  "mean_drift": 14.957324155808147,
  "p95_drift": 28.391376888329543,
  "mean_latency_ms": 0.4883847657280664,
  "risk_mean": 0.864935157360588,
  "risk_p05": 0.32260081414331004,
  "risk_p25": 0.742070263309435,
  "risk_p50": 1.0,
  "risk_p75": 1.0,
  "risk_p95": 1.0,
  "separation_risk_mean": 0.40575392184516784,
  "congestion_risk_mean": 0.22173728376099458,
  "speed_risk_mean": 0.9419090027232871,
  "uncertainty_risk_mean": 0.6391543954025022,
  "human_activation_count": 114,
  "cooldown_skips": 36,
  "suppressed_request_count": 36,
  "suppressed_critical_count": 0,
  "cooldown_release_count": 112,
  "critical_override_count": 112,
  "critical_trigger_rate": 0.7466666666666667,
  "trigger_active_rate": 0.9733333333333334,
  "confidence_mean": 0.9500000000000002,
  "false_intervention_rate": 0.043859649122807015,
  "repeated_intervention_rate": 0.9649122807017544,
  "post_intervention_violation_rate": 0.08403361344537816,
  "mean_drift_after_intervention": 18.308865342765927,
  "min_predicted_distance_mean": 2.1292701407943646
}