{
  "violation_rate": 0.0,
  "collision_rate": 0.0,
  "near_miss_rate": 0.07333333333333333,
  "intervention_rate": 0.09333333333333334,
  "override_success_rate": 1.0,
  "mean_intervention_delay": 0.0,
  "operator_workload": 0.09333333333333334,
  "mean_drift": 7.111483460457183,
  "p95_drift": 17.487258897039847,
  "mean_latency_ms": 0.3457096869048352,
  "risk_mean": 0.27702727269319366,
  "risk_p95": 0.5717461852672365,
  "separation_risk_mean": 0.06792805646062884,
  "congestion_risk_mean": 0.05045026568074945,
  "speed_risk_mean": 0.9256712479933498,
  "uncertainty_risk_mean": 0.633309291111472,
  "human_activation_count": 14,
  "cooldown_skips": 136,
  "trigger_active_rate": 1.0,
  "confidence_mean": 0.9500000000000002,
  "false_intervention_rate": 0.2857142857142857
}