{
  "violation_rate": 0.04,
  "collision_rate": 0.006666666666666667,
  "near_miss_rate": 0.21333333333333335,
  "intervention_rate": 0.3333333333333333,
  "override_success_rate": 0.94,
  "mean_intervention_delay": 0.0,
  "operator_workload": 0.3333333333333333,
  "mean_drift": 6.112514668677569,
  "p95_drift": 22.058128435071957,
  "mean_latency_ms": 0.3289652803990369,
  "risk_mean": 0.44410893704110305,
  "risk_p95": 0.6184409906048198,
  "separation_risk_mean": 0.4152377354089696,
  "congestion_risk_mean": 0.23728195976690983,
  "speed_risk_mean": 0.6878327333375046,
  "uncertainty_risk_mean": 0.6317103744314239,
  "human_activation_count": 50,
  "cooldown_skips": 100,
  "trigger_active_rate": 1.0,
  "confidence_mean": 0.9500000000000002,
  "false_intervention_rate": 0.3
}