{
  "violation_rate": 0.06666666666666667,
  "collision_rate": 0.0,
  "near_miss_rate": 0.02,
  "intervention_rate": 1.0,
  "override_success_rate": 0.9333333333333333,
  "mean_intervention_delay": 0.0,
  "operator_workload": 1.0,
  "mean_drift": 22.515145579788474,
  "p95_drift": 63.97618518385236,
  "mean_latency_ms": 0.4300088924355805,
  "risk_mean": 0.8129304724657773,
  "risk_p05": 0.245999999999935,
  "risk_p25": 0.6397171125101296,
  "risk_p50": 1.0,
  "risk_p75": 1.0,
  "risk_p95": 1.0,
  "separation_risk_mean": 0.0865243558781389,
  "congestion_risk_mean": 0.05518012124859536,
  "speed_risk_mean": 0.9953880227731369,
  "uncertainty_risk_mean": 0.6389814715630503,
  "human_activation_count": 150,
  "cooldown_skips": 0,
  "suppressed_request_count": 0,
  "suppressed_critical_count": 0,
  "cooldown_release_count": 110,
  "critical_override_count": 110,
  "critical_trigger_rate": 0.7333333333333333,
  "trigger_active_rate": 1.0,
  "confidence_mean": 0.9500000000000002,
  "false_intervention_rate": 0.28,
  "repeated_intervention_rate": 0.9933333333333333,
  "post_intervention_violation_rate": 0.06711409395973154,
  "mean_drift_after_intervention": 22.515145579788474,
  "min_predicted_distance_mean": 3.826036046696331
}