{
  "violation_rate": 0.006666666666666667,
  "collision_rate": 0.006666666666666667,
  "near_miss_rate": 0.5866666666666667,
  "intervention_rate": 0.16666666666666666,
  "override_success_rate": 0.96,
  "mean_intervention_delay": 0.0,
  "operator_workload": 0.16666666666666666,
  "mean_drift": 16.224238976984747,
  "p95_drift": 48.81828520357359,
  "mean_latency_ms": 0.37020503999277327,
  "risk_mean": 0.5932694293294175,
  "risk_p95": 0.6744999999999829,
  "separation_risk_mean": 0.5959355508222937,
  "congestion_risk_mean": 0.3329441461857124,
  "speed_risk_mean": 0.9775479298038044,
  "uncertainty_risk_mean": 0.6348680362825778,
  "human_activation_count": 25,
  "cooldown_skips": 125,
  "trigger_active_rate": 1.0,
  "confidence_mean": 1.0,
  "false_intervention_rate": 0.28
}