{
  "violation_rate": 0.06,
  "collision_rate": 0.006666666666666667,
  "near_miss_rate": 1.6733333333333333,
  "intervention_rate": 0.8133333333333334,
  "override_success_rate": 0.9262295081967213,
  "mean_intervention_delay": 0.0,
  "operator_workload": 0.8133333333333334,
  "mean_drift": 11.203439252406271,
  "p95_drift": 27.48264290514015,
  "mean_latency_ms": 5.585885826343049,
  "risk_mean": 0.8811453886803868,
  "risk_p05": 0.22529136160719498,
  "risk_p25": 1.0,
  "risk_p50": 1.0,
  "risk_p75": 1.0,
  "risk_p95": 1.0,
  "separation_risk_mean": 0.5212233649997413,
  "congestion_risk_mean": 0.28973502003893425,
  "speed_risk_mean": 0.903012560389393,
  "uncertainty_risk_mean": 0.64,
  "human_activation_count": 122,
  "cooldown_skips": 21,
  "suppressed_request_count": 21,
  "suppressed_critical_count": 0,
  "cooldown_release_count": 120,
  "critical_override_count": 120,
  "critical_trigger_rate": 0.8,
  "trigger_active_rate": 0.94,
  "confidence_mean": 0.9500000000000002,
  "false_intervention_rate": 0.08196721311475409,
  "repeated_intervention_rate": 0.9426229508196722,
  "post_intervention_violation_rate": 0.06870229007633588,
  "mean_drift_after_intervention": 12.59708693531619,
  "min_predicted_distance_mean": 1.240208696170892
}