{
  "violation_rate": 0.08,
  "collision_rate": 0.0,
  "near_miss_rate": 0.02666666666666667,
  "intervention_rate": 0.7933333333333333,
  "override_success_rate": 0.8991596638655462,
  "mean_intervention_delay": 0.0,
  "operator_workload": 0.7933333333333333,
  "mean_drift": 11.735490938160257,
  "p95_drift": 30.68711956896792,
  "mean_latency_ms": 0.4675347202767928,
  "risk_mean": 0.8278509544019221,
  "risk_p05": 0.21599999999992206,
  "risk_p25": 0.8106624402893563,
  "risk_p50": 1.0,
  "risk_p75": 1.0,
  "risk_p95": 1.0,
  "separation_risk_mean": 0.046122697167703765,
  "congestion_risk_mean": 0.034445928587720255,
  "speed_risk_mean": 0.8353172790854118,
  "uncertainty_risk_mean": 0.64,
  "human_activation_count": 119,
  "cooldown_skips": 31,
  "suppressed_request_count": 31,
  "suppressed_critical_count": 0,
  "cooldown_release_count": 112,
  "critical_override_count": 112,
  "critical_trigger_rate": 0.7466666666666667,
  "trigger_active_rate": 1.0,
  "confidence_mean": 0.9500000000000002,
  "false_intervention_rate": 0.07563025210084033,
  "repeated_intervention_rate": 0.9327731092436975,
  "post_intervention_violation_rate": 0.0916030534351145,
  "mean_drift_after_intervention": 13.4263332138832,
  "min_predicted_distance_mean": 6.107277294979384
}