{
  "violation_rate": 0.05333333333333334,
  "collision_rate": 0.0,
  "near_miss_rate": 0.19333333333333333,
  "intervention_rate": 1.0,
  "override_success_rate": 0.9466666666666667,
  "mean_intervention_delay": 0.0,
  "operator_workload": 1.0,
  "mean_drift": 13.887433603691408,
  "p95_drift": 30.174479140348605,
  "mean_latency_ms": 0.45370389707386494,
  "risk_mean": 0.834760231109741,
  "risk_p05": 0.39819536595582655,
  "risk_p25": 0.616148172008099,
  "risk_p50": 1.0,
  "risk_p75": 1.0,
  "risk_p95": 1.0,
  "separation_risk_mean": 0.23320984343656614,
  "congestion_risk_mean": 0.14532999938889404,
  "speed_risk_mean": 0.9673972923248004,
  "uncertainty_risk_mean": 0.6353120877407081,
  "human_activation_count": 150,
  "cooldown_skips": 0,
  "suppressed_request_count": 0,
  "suppressed_critical_count": 0,
  "cooldown_release_count": 100,
  "critical_override_count": 100,
  "critical_trigger_rate": 0.6666666666666666,
  "trigger_active_rate": 1.0,
  "confidence_mean": 0.9500000000000002,
  "false_intervention_rate": 0.30666666666666664,
  "repeated_intervention_rate": 0.9933333333333333,
  "post_intervention_violation_rate": 0.053691275167785234,
  "mean_drift_after_intervention": 13.887433603691408,
  "min_predicted_distance_mean": 2.8077419244660864
}