{
  "violation_rate": 0.06,
  "collision_rate": 0.0,
  "near_miss_rate": 0.2733333333333333,
  "intervention_rate": 0.8666666666666667,
  "override_success_rate": 0.9307692307692308,
  "mean_intervention_delay": 0.0,
  "operator_workload": 0.8666666666666667,
  "mean_drift": 14.985234458331592,
  "p95_drift": 32.29672276911723,
  "mean_latency_ms": 0.6090264099960526,
  "risk_mean": 0.9448682392957966,
  "risk_p05": 0.6172111402325594,
  "risk_p25": 1.0,
  "risk_p50": 1.0,
  "risk_p75": 1.0,
  "risk_p95": 1.0,
  "separation_risk_mean": 0.1810610113424514,
  "congestion_risk_mean": 0.1391431743249377,
  "speed_risk_mean": 0.9797136405352108,
  "uncertainty_risk_mean": 0.6395059469916106,
  "human_activation_count": 130,
  "cooldown_skips": 20,
  "suppressed_request_count": 20,
  "suppressed_critical_count": 0,
  "cooldown_release_count": 128,
  "critical_override_count": 128,
  "critical_trigger_rate": 0.8533333333333334,
  "trigger_active_rate": 1.0,
  "confidence_mean": 0.9500000000000002,
  "false_intervention_rate": 0.05384615384615385,
  "repeated_intervention_rate": 0.9769230769230769,
  "post_intervention_violation_rate": 0.06766917293233082,
  "mean_drift_after_intervention": 16.27095607156516,
  "min_predicted_distance_mean": 6.38065344155275
}