{
  "violation_rate": 0.82,
  "collision_rate": 0.013333333333333334,
  "near_miss_rate": 0.24,
  "intervention_rate": 0.86,
  "override_success_rate": 0.05426356589147287,
  "mean_intervention_delay": 5.0,
  "operator_workload": 0.86,
  "mean_drift": 18.154305552912668,
  "p95_drift": 46.4753385002268,
  "mean_latency_ms": 2.3111758225907884,
  "risk_mean": 0.9237518689366905,
  "risk_p05": 0.47232438142034566,
  "risk_p25": 1.0,
  "risk_p50": 1.0,
  "risk_p75": 1.0,
  "risk_p95": 1.0,
  "separation_risk_mean": 0.12470960618377852,
  "congestion_risk_mean": 0.10612081497131048,
  "speed_risk_mean": 0.9037928073821073,
  "uncertainty_risk_mean": 0.64,
  "human_activation_count": 129,
  "cooldown_skips": 21,
  "suppressed_request_count": 21,
  "suppressed_critical_count": 0,
  "cooldown_release_count": 126,
  "critical_override_count": 126,
  "critical_trigger_rate": 0.84,
  "trigger_active_rate": 1.0,
  "confidence_mean": 0.4335575034370684,
  "false_intervention_rate": 0.031007751937984496,
  "repeated_intervention_rate": 0.9534883720930233,
  "post_intervention_violation_rate": 0.8905109489051095,
  "mean_drift_after_intervention": 20.051704609862107,
  "min_predicted_distance_mean": 15.852216387976538
}