{
  "violation_rate": 0.1,
  "collision_rate": 0.006666666666666667,
  "near_miss_rate": 0.34,
  "intervention_rate": 0.16666666666666666,
  "override_success_rate": 0.68,
  "mean_intervention_delay": 1.0,
  "operator_workload": 0.16666666666666666,
  "mean_drift": 10.597934357828434,
  "p95_drift": 39.33344024736005,
  "mean_latency_ms": 0.36413002652504173,
  "risk_mean": 0.324293764230448,
  "risk_p95": 0.6850587157842959,
  "separation_risk_mean": 0.2165812336790204,
  "congestion_risk_mean": 0.15602734888083403,
  "speed_risk_mean": 0.6317034869257742,
  "uncertainty_risk_mean": 0.6204656587720945,
  "human_activation_count": 25,
  "cooldown_skips": 125,
  "trigger_active_rate": 1.0,
  "confidence_mean": 0.9212990359040137,
  "false_intervention_rate": 0.28
}