{
  "violation_rate": 0.10666666666666667,
  "collision_rate": 0.0,
  "near_miss_rate": 0.46,
  "intervention_rate": 0.8533333333333334,
  "override_success_rate": 0.875,
  "mean_intervention_delay": 0.0,
  "operator_workload": 0.8533333333333334,
  "mean_drift": 7.6146358975038435,
  "p95_drift": 22.165243465977067,
  "mean_latency_ms": 0.6841860859033962,
  "risk_mean": 0.9212630852343492,
  "risk_p05": 0.4478530188446118,
  "risk_p25": 1.0,
  "risk_p50": 1.0,
  "risk_p75": 1.0,
  "risk_p95": 1.0,
  "separation_risk_mean": 0.3845832605787135,
  "congestion_risk_mean": 0.2350424367413333,
  "speed_risk_mean": 0.8401594963625808,
  "uncertainty_risk_mean": 0.6290518403920841,
  "human_activation_count": 128,
  "cooldown_skips": 19,
  "suppressed_request_count": 19,
  "suppressed_critical_count": 0,
  "cooldown_release_count": 128,
  "critical_override_count": 128,
  "critical_trigger_rate": 0.8533333333333334,
  "trigger_active_rate": 0.98,
  "confidence_mean": 0.9500000000000002,
  "false_intervention_rate": 0.078125,
  "repeated_intervention_rate": 0.9375,
  "post_intervention_violation_rate": 0.11678832116788321,
  "mean_drift_after_intervention": 8.474326246926736,
  "min_predicted_distance_mean": 3.0289295199907325
}