{
  "violation_rate": 0.76,
  "collision_rate": 0.006666666666666667,
  "near_miss_rate": 0.04666666666666667,
  "intervention_rate": 0.8533333333333334,
  "override_success_rate": 0.109375,
  "mean_intervention_delay": 10.0,
  "operator_workload": 0.8533333333333334,
  "mean_drift": 15.521633527055863,
  "p95_drift": 39.46839810210371,
  "mean_latency_ms": 2.30483443941921,
  "risk_mean": 0.8959758682894055,
  "risk_p05": 0.3270426685696117,
  "risk_p25": 1.0,
  "risk_p50": 1.0,
  "risk_p75": 1.0,
  "risk_p95": 1.0,
  "separation_risk_mean": 0.12388907278110392,
  "congestion_risk_mean": 0.060561554880278784,
  "speed_risk_mean": 0.8004704227805971,
  "uncertainty_risk_mean": 0.64,
  "human_activation_count": 128,
  "cooldown_skips": 22,
  "suppressed_request_count": 22,
  "suppressed_critical_count": 0,
  "cooldown_release_count": 126,
  "critical_override_count": 124,
  "critical_trigger_rate": 0.8266666666666667,
  "trigger_active_rate": 1.0,
  "confidence_mean": 0.24904513627714736,
  "false_intervention_rate": 0.1015625,
  "repeated_intervention_rate": 0.9375,
  "post_intervention_violation_rate": 0.8142857142857143,
  "mean_drift_after_intervention": 17.336835862337317,
  "min_predicted_distance_mean": 8.886444537809705
}