{
  "violation_rate": 0.06,
  "collision_rate": 0.0,
  "near_miss_rate": 0.03333333333333333,
  "intervention_rate": 0.76,
  "override_success_rate": 0.9210526315789473,
  "mean_intervention_delay": 0.0,
  "operator_workload": 0.76,
  "mean_drift": 13.757741444800066,
  "p95_drift": 36.856572782763315,
  "mean_latency_ms": 0.44583160740633804,
  "risk_mean": 0.8165294009180069,
  "risk_p05": 0.18399999999993918,
  "risk_p25": 1.0,
  "risk_p50": 1.0,
  "risk_p75": 1.0,
  "risk_p95": 1.0,
  "separation_risk_mean": 0.10914853057155341,
  "congestion_risk_mean": 0.07188811394531121,
  "speed_risk_mean": 0.917449154812571,
  "uncertainty_risk_mean": 0.639763100417803,
  "human_activation_count": 114,
  "cooldown_skips": 10,
  "suppressed_request_count": 10,
  "suppressed_critical_count": 0,
  "cooldown_release_count": 113,
  "critical_override_count": 113,
  "critical_trigger_rate": 0.7533333333333333,
  "trigger_active_rate": 0.7933333333333333,
  "confidence_mean": 0.9500000000000002,
  "false_intervention_rate": 0.02631578947368421,
  "repeated_intervention_rate": 0.9736842105263158,
  "post_intervention_violation_rate": 0.07692307692307693,
  "mean_drift_after_intervention": 15.737285177755924,
  "min_predicted_distance_mean": 4.461174595664962
}