{
  "violation_rate": 0.06666666666666667,
  "collision_rate": 0.013333333333333334,
  "near_miss_rate": 0.14666666666666667,
  "intervention_rate": 0.7466666666666667,
  "override_success_rate": 0.9107142857142857,
  "mean_intervention_delay": 0.0,
  "operator_workload": 0.7466666666666667,
  "mean_drift": 6.908048815780147,
  "p95_drift": 16.66991525552906,
  "mean_latency_ms": 0.5311030700492362,
  "risk_mean": 0.8119569958024742,
  "risk_p05": 0.2159999999998766,
  "risk_p25": 0.5648235241738757,
  "risk_p50": 1.0,
  "risk_p75": 1.0,
  "risk_p95": 1.0,
  "separation_risk_mean": 0.18786672676742985,
  "congestion_risk_mean": 0.09744987819569186,
  "speed_risk_mean": 0.8917337710982023,
  "uncertainty_risk_mean": 0.64,
  "human_activation_count": 112,
  "cooldown_skips": 15,
  "suppressed_request_count": 15,
  "suppressed_critical_count": 0,
  "cooldown_release_count": 110,
  "critical_override_count": 110,
  "critical_trigger_rate": 0.7333333333333333,
  "trigger_active_rate": 0.8133333333333334,
  "confidence_mean": 0.9500000000000002,
  "false_intervention_rate": 0.05357142857142857,
  "repeated_intervention_rate": 0.9642857142857143,
  "post_intervention_violation_rate": 0.07692307692307693,
  "mean_drift_after_intervention": 7.871857216501095,
  "min_predicted_distance_mean": 3.666005175189498
}