{
  "violation_rate": 0.5066666666666667,
  "collision_rate": 0.0,
  "near_miss_rate": 0.29333333333333333,
  "intervention_rate": 0.8266666666666667,
  "override_success_rate": 0.3870967741935484,
  "mean_intervention_delay": 0.0,
  "operator_workload": 0.8266666666666667,
  "mean_drift": 7.841736499202315,
  "p95_drift": 23.880764682099215,
  "mean_latency_ms": 1.1786342086270452,
  "risk_mean": 0.89171374213018,
  "risk_p05": 0.3859982420754565,
  "risk_p25": 1.0,
  "risk_p50": 1.0,
  "risk_p75": 1.0,
  "risk_p95": 1.0,
  "separation_risk_mean": 0.428489762680101,
  "congestion_risk_mean": 0.25396812485399406,
  "speed_risk_mean": 0.8393989542265776,
  "uncertainty_risk_mean": 0.6293665706822452,
  "human_activation_count": 124,
  "cooldown_skips": 26,
  "suppressed_request_count": 26,
  "suppressed_critical_count": 0,
  "cooldown_release_count": 119,
  "critical_override_count": 119,
  "critical_trigger_rate": 0.7933333333333333,
  "trigger_active_rate": 1.0,
  "confidence_mean": 0.5,
  "false_intervention_rate": 0.08870967741935484,
  "repeated_intervention_rate": 0.9435483870967742,
  "post_intervention_violation_rate": 0.5671641791044776,
  "mean_drift_after_intervention": 8.867134151146454,
  "min_predicted_distance_mean": 1.7964249168651591
}