{
  "violation_rate": 0.24666666666666667,
  "collision_rate": 0.006666666666666667,
  "near_miss_rate": 0.2733333333333333,
  "intervention_rate": 0.8133333333333334,
  "override_success_rate": 0.6967213114754098,
  "mean_intervention_delay": 0.0,
  "operator_workload": 0.8133333333333334,
  "mean_drift": 14.966721085950573,
  "p95_drift": 28.272445790199683,
  "mean_latency_ms": 0.8375497076970836,
  "risk_mean": 0.8709705320533375,
  "risk_p05": 0.2624284721002184,
  "risk_p25": 1.0,
  "risk_p50": 1.0,
  "risk_p75": 1.0,
  "risk_p95": 1.0,
  "separation_risk_mean": 0.4244334022937597,
  "congestion_risk_mean": 0.22898045503577497,
  "speed_risk_mean": 0.9394095990731908,
  "uncertainty_risk_mean": 0.6391543954025022,
  "human_activation_count": 122,
  "cooldown_skips": 26,
  "suppressed_request_count": 26,
  "suppressed_critical_count": 0,
  "cooldown_release_count": 117,
  "critical_override_count": 117,
  "critical_trigger_rate": 0.78,
  "trigger_active_rate": 0.96,
  "confidence_mean": 0.75,
  "false_intervention_rate": 0.09016393442622951,
  "repeated_intervention_rate": 0.9426229508196722,
  "post_intervention_violation_rate": 0.2803030303030303,
  "mean_drift_after_intervention": 17.556199225351854,
  "min_predicted_distance_mean": 1.854410943371972
}