{
  "violation_rate": 0.07333333333333333,
  "collision_rate": 0.006666666666666667,
  "near_miss_rate": 0.5066666666666667,
  "intervention_rate": 0.8066666666666666,
  "override_success_rate": 0.9090909090909091,
  "mean_intervention_delay": 0.0,
  "operator_workload": 0.8066666666666666,
  "mean_drift": 16.10010863602227,
  "p95_drift": 48.78460221364735,
  "mean_latency_ms": 0.659547729883343,
  "risk_mean": 0.8574707399041608,
  "risk_p05": 0.32081750698742967,
  "risk_p25": 0.5730850047500764,
  "risk_p50": 1.0,
  "risk_p75": 1.0,
  "risk_p95": 1.0,
  "separation_risk_mean": 0.593879670978599,
  "congestion_risk_mean": 0.32547133235909104,
  "speed_risk_mean": 0.9594849267805584,
  "uncertainty_risk_mean": 0.634134037505222,
  "human_activation_count": 121,
  "cooldown_skips": 22,
  "suppressed_request_count": 22,
  "suppressed_critical_count": 0,
  "cooldown_release_count": 111,
  "critical_override_count": 111,
  "critical_trigger_rate": 0.74,
  "trigger_active_rate": 0.9533333333333334,
  "confidence_mean": 0.9500000000000002,
  "false_intervention_rate": 0.12396694214876033,
  "repeated_intervention_rate": 0.9008264462809917,
  "post_intervention_violation_rate": 0.07042253521126761,
  "mean_drift_after_intervention": 18.822305877852486,
  "min_predicted_distance_mean": 1.265794332526536
}