{
  "violation_rate": 0.04666666666666667,
  "collision_rate": 0.0,
  "near_miss_rate": 0.72,
  "intervention_rate": 0.74,
  "override_success_rate": 0.9369369369369369,
  "mean_intervention_delay": 0.0,
  "operator_workload": 0.74,
  "mean_drift": 11.952379432638928,
  "p95_drift": 27.976534831349277,
  "mean_latency_ms": 0.6549447456685206,
  "risk_mean": 0.8170288117629184,
  "risk_p05": 0.2159999999999232,
  "risk_p25": 0.589990103302338,
  "risk_p50": 1.0,
  "risk_p75": 1.0,
  "risk_p95": 1.0,
  "separation_risk_mean": 0.5659091393976547,
  "congestion_risk_mean": 0.3388115480768963,
  "speed_risk_mean": 0.8753298994590356,
  "uncertainty_risk_mean": 0.6321807158776135,
  "human_activation_count": 111,
  "cooldown_skips": 5,
  "suppressed_request_count": 5,
  "suppressed_critical_count": 0,
  "cooldown_release_count": 111,
  "critical_override_count": 111,
  "critical_trigger_rate": 0.74,
  "trigger_active_rate": 0.7733333333333333,
  "confidence_mean": 0.9500000000000002,
  "false_intervention_rate": 0.036036036036036036,
  "repeated_intervention_rate": 0.9819819819819819,
  "post_intervention_violation_rate": 0.0625,
  "mean_drift_after_intervention": 14.129652541046505,
  "min_predicted_distance_mean": 0.9064873991855255
}