{
  "violation_rate": 0.04666666666666667,
  "collision_rate": 0.006666666666666667,
  "near_miss_rate": 0.06666666666666667,
  "intervention_rate": 0.7466666666666667,
  "override_success_rate": 0.9375,
  "mean_intervention_delay": 0.0,
  "operator_workload": 0.7466666666666667,
  "mean_drift": 7.457399452019775,
  "p95_drift": 29.616821310198116,
  "mean_latency_ms": 0.37904443917796016,
  "risk_mean": 0.8366632630477017,
  "risk_p05": 0.24599999999983424,
  "risk_p25": 0.6897124388903666,
  "risk_p50": 1.0,
  "risk_p75": 1.0,
  "risk_p95": 1.0,
  "separation_risk_mean": 0.17923078264846196,
  "congestion_risk_mean": 0.08057484796273892,
  "speed_risk_mean": 0.941895540405003,
  "uncertainty_risk_mean": 0.64,
  "human_activation_count": 112,
  "cooldown_skips": 34,
  "suppressed_request_count": 34,
  "suppressed_critical_count": 0,
  "cooldown_release_count": 106,
  "critical_override_count": 106,
  "critical_trigger_rate": 0.7066666666666667,
  "trigger_active_rate": 0.9666666666666667,
  "confidence_mean": 0.9500000000000002,
  "false_intervention_rate": 0.07142857142857142,
  "repeated_intervention_rate": 0.9285714285714286,
  "post_intervention_violation_rate": 0.048,
  "mean_drift_after_intervention": 8.78751619552633,
  "min_predicted_distance_mean": 2.7828121873513503
}