{
  "violation_rate": 0.0,
  "collision_rate": 0.0,
  "near_miss_rate": 0.02666666666666667,
  "intervention_rate": 0.16666666666666666,
  "override_success_rate": 1.0,
  "mean_intervention_delay": 0.0,
  "operator_workload": 0.16666666666666666,
  "mean_drift": 12.682646414894993,
  "p95_drift": 34.387512068050675,
  "mean_latency_ms": 0.23288300658653802,
  "risk_mean": 0.27185258914019955,
  "risk_p95": 0.5280612894235596,
  "separation_risk_mean": 0.041648137566953417,
  "congestion_risk_mean": 0.03501602576861615,
  "speed_risk_mean": 0.9891296599357099,
  "uncertainty_risk_mean": 0.6399164786837332,
  "human_activation_count": 25,
  "cooldown_skips": 125,
  "trigger_active_rate": 1.0,
  "confidence_mean": 1.0,
  "false_intervention_rate": 0.32
}