{
  "violation_rate": 0.013333333333333334,
  "collision_rate": 0.0,
  "near_miss_rate": 0.12666666666666668,
  "intervention_rate": 0.16666666666666666,
  "override_success_rate": 0.96,
  "mean_intervention_delay": 0.0,
  "operator_workload": 0.16666666666666666,
  "mean_drift": 8.484998815138804,
  "p95_drift": 26.121900602108976,
  "mean_latency_ms": 0.4341510998589608,
  "risk_mean": 0.278131632778893,
  "risk_p95": 0.6753233260417388,
  "separation_risk_mean": 0.05493471023123278,
  "congestion_risk_mean": 0.06072084258521071,
  "speed_risk_mean": 0.9523804535291883,
  "uncertainty_risk_mean": 0.635824896661049,
  "human_activation_count": 25,
  "cooldown_skips": 125,
  "trigger_active_rate": 1.0,
  "confidence_mean": 0.9500000000000002,
  "false_intervention_rate": 0.24
}