{
  "violation_rate": 0.10666666666666667,
  "collision_rate": 0.0,
  "near_miss_rate": 0.03333333333333333,
  "intervention_rate": 0.9466666666666667,
  "override_success_rate": 0.8873239436619719,
  "mean_intervention_delay": 0.0,
  "operator_workload": 0.9466666666666667,
  "mean_drift": 11.098952098014207,
  "p95_drift": 32.590666304752915,
  "mean_latency_ms": 0.46718081769843894,
  "risk_mean": 0.74670933019735,
  "risk_p05": 0.23771340384410833,
  "risk_p25": 0.379692912011097,
  "risk_p50": 1.0,
  "risk_p75": 1.0,
  "risk_p95": 1.0,
  "separation_risk_mean": 0.07906268388442744,
  "congestion_risk_mean": 0.039962321911326135,
  "speed_risk_mean": 0.9445028915126291,
  "uncertainty_risk_mean": 0.64,
  "human_activation_count": 142,
  "cooldown_skips": 0,
  "suppressed_request_count": 0,
  "suppressed_critical_count": 0,
  "cooldown_release_count": 92,
  "critical_override_count": 92,
  "critical_trigger_rate": 0.6133333333333333,
  "trigger_active_rate": 0.9466666666666667,
  "confidence_mean": 0.9500000000000002,
  "false_intervention_rate": 0.36619718309859156,
  "repeated_intervention_rate": 0.9859154929577465,
  "post_intervention_violation_rate": 0.11188811188811189,
  "mean_drift_after_intervention": 11.575906468101795,
  "min_predicted_distance_mean": 3.606535572600193
}