{
  "violation_rate": 0.0,
  "collision_rate": 0.0,
  "near_miss_rate": 0.17333333333333334,
  "intervention_rate": 0.7933333333333333,
  "override_success_rate": 1.0,
  "mean_intervention_delay": 0.0,
  "operator_workload": 0.7933333333333333,
  "mean_drift": 15.357173516209075,
  "p95_drift": 37.564007465485496,
  "mean_latency_ms": 0.4695894739901026,
  "risk_mean": 0.872470308318746,
  "risk_p05": 0.4538799371082968,
  "risk_p25": 1.0,
  "risk_p50": 1.0,
  "risk_p75": 1.0,
  "risk_p95": 1.0,
  "separation_risk_mean": 0.26507328520080975,
  "congestion_risk_mean": 0.17459384412123916,
  "speed_risk_mean": 0.7910218929110944,
  "uncertainty_risk_mean": 0.6352034685875146,
  "human_activation_count": 119,
  "cooldown_skips": 31,
  "suppressed_request_count": 31,
  "suppressed_critical_count": 0,
  "cooldown_release_count": 113,
  "critical_override_count": 113,
  "critical_trigger_rate": 0.7533333333333333,
  "trigger_active_rate": 1.0,
  "confidence_mean": 1.0,
  "false_intervention_rate": 0.09243697478991597,
  "repeated_intervention_rate": 0.9327731092436975,
  "post_intervention_violation_rate": 0.0,
  "mean_drift_after_intervention": 17.416885694786178,
  "min_predicted_distance_mean": 2.5075961080837668
}