{
  "violation_rate": 0.11333333333333333,
  "collision_rate": 0.0,
  "near_miss_rate": 0.08666666666666667,
  "intervention_rate": 0.7533333333333333,
  "override_success_rate": 0.8495575221238938,
  "mean_intervention_delay": 0.0,
  "operator_workload": 0.7533333333333333,
  "mean_drift": 8.444205979902462,
  "p95_drift": 27.389895699429555,
  "mean_latency_ms": 0.571516133689632,
  "risk_mean": 0.8209859642803168,
  "risk_p05": 0.23711745485264318,
  "risk_p25": 0.6405374230821677,
  "risk_p50": 1.0,
  "risk_p75": 1.0,
  "risk_p95": 1.0,
  "separation_risk_mean": 0.06718093463809872,
  "congestion_risk_mean": 0.045596476357469565,
  "speed_risk_mean": 0.9020416887465305,
  "uncertainty_risk_mean": 0.6309786422067987,
  "human_activation_count": 113,
  "cooldown_skips": 17,
  "suppressed_request_count": 17,
  "suppressed_critical_count": 0,
  "cooldown_release_count": 111,
  "critical_override_count": 111,
  "critical_trigger_rate": 0.74,
  "trigger_active_rate": 0.8466666666666667,
  "confidence_mean": 0.9500000000000002,
  "false_intervention_rate": 0.05309734513274336,
  "repeated_intervention_rate": 0.9469026548672567,
  "post_intervention_violation_rate": 0.14166666666666666,
  "mean_drift_after_intervention": 9.633118337325392,
  "min_predicted_distance_mean": 5.081983343717286
}