{
  "violation_rate": 0.18666666666666668,
  "collision_rate": 0.0,
  "near_miss_rate": 0.013333333333333334,
  "intervention_rate": 0.78,
  "override_success_rate": 0.7606837606837606,
  "mean_intervention_delay": 1.0,
  "operator_workload": 0.78,
  "mean_drift": 9.54757553428274,
  "p95_drift": 20.76085894319534,
  "mean_latency_ms": 0.5972405686043203,
  "risk_mean": 0.8053732326374168,
  "risk_p05": 0.21599999999990252,
  "risk_p25": 0.5081315448626752,
  "risk_p50": 1.0,
  "risk_p75": 1.0,
  "risk_p95": 1.0,
  "separation_risk_mean": 0.024464971175669942,
  "congestion_risk_mean": 0.01692820122926814,
  "speed_risk_mean": 0.8568941262967519,
  "uncertainty_risk_mean": 0.64,
  "human_activation_count": 117,
  "cooldown_skips": 33,
  "suppressed_request_count": 33,
  "suppressed_critical_count": 0,
  "cooldown_release_count": 110,
  "critical_override_count": 110,
  "critical_trigger_rate": 0.7333333333333333,
  "trigger_active_rate": 1.0,
  "confidence_mean": 0.8156794880307843,
  "false_intervention_rate": 0.07692307692307693,
  "repeated_intervention_rate": 0.9316239316239316,
  "post_intervention_violation_rate": 0.2153846153846154,
  "mean_drift_after_intervention": 11.110209929243595,
  "min_predicted_distance_mean": 12.746684191521078
}