{
  "violation_rate": 0.04,
  "collision_rate": 0.006666666666666667,
  "near_miss_rate": 0.9133333333333333,
  "intervention_rate": 0.16666666666666666,
  "override_success_rate": 0.76,
  "mean_intervention_delay": 0.0,
  "operator_workload": 0.16666666666666666,
  "mean_drift": 13.446839713617306,
  "p95_drift": 37.13145814073152,
  "mean_latency_ms": 0.28782526050539065,
  "risk_mean": 0.5342732275486585,
  "risk_p95": 0.7637560205027306,
  "separation_risk_mean": 0.5196885379440646,
  "congestion_risk_mean": 0.3374358770004423,
  "speed_risk_mean": 0.8003627748247932,
  "uncertainty_risk_mean": 0.64,
  "human_activation_count": 25,
  "cooldown_skips": 125,
  "trigger_active_rate": 1.0,
  "confidence_mean": 0.9000000000000004,
  "false_intervention_rate": 0.08
}