{
  "violation_rate": 0.006666666666666667,
  "collision_rate": 0.006666666666666667,
  "near_miss_rate": 0.34,
  "intervention_rate": 0.16666666666666666,
  "override_success_rate": 0.96,
  "mean_intervention_delay": 0.0,
  "operator_workload": 0.16666666666666666,
  "mean_drift": 10.587100107249187,
  "p95_drift": 39.37437099970386,
  "mean_latency_ms": 0.2703255529437835,
  "risk_mean": 0.32432611673533146,
  "risk_p95": 0.6850587157842959,
  "separation_risk_mean": 0.2165812336790204,
  "congestion_risk_mean": 0.15602734888083403,
  "speed_risk_mean": 0.6319191702916637,
  "uncertainty_risk_mean": 0.6204656587720945,
  "human_activation_count": 25,
  "cooldown_skips": 125,
  "trigger_active_rate": 1.0,
  "confidence_mean": 1.0,
  "false_intervention_rate": 0.28
}