{
  "violation_rate": 0.16,
  "collision_rate": 0.006666666666666667,
  "near_miss_rate": 0.29333333333333333,
  "intervention_rate": 0.16666666666666666,
  "override_success_rate": 0.4,
  "mean_intervention_delay": 5.0,
  "operator_workload": 0.16666666666666666,
  "mean_drift": 13.78631768217577,
  "p95_drift": 28.818778586313563,
  "mean_latency_ms": 0.7395616677240469,
  "risk_mean": 0.3161052919443772,
  "risk_p95": 0.7587680128631276,
  "separation_risk_mean": 0.1201433203789584,
  "congestion_risk_mean": 0.10093367914991676,
  "speed_risk_mean": 0.9387158532424451,
  "uncertainty_risk_mean": 0.64,
  "human_activation_count": 25,
  "cooldown_skips": 125,
  "trigger_active_rate": 1.0,
  "confidence_mean": 0.8499142448521452,
  "false_intervention_rate": 0.12
}