{
  "violation_rate": 0.04666666666666667,
  "collision_rate": 0.0,
  "near_miss_rate": 0.03333333333333333,
  "intervention_rate": 0.7066666666666667,
  "override_success_rate": 0.9339622641509434,
  "mean_intervention_delay": 0.0,
  "operator_workload": 0.7066666666666667,
  "mean_drift": 14.62056341576656,
  "p95_drift": 39.17976473981243,
  "mean_latency_ms": 0.37498199148103595,
  "risk_mean": 0.783146884279813,
  "risk_p05": 0.22949999999983878,
  "risk_p25": 0.26420632643334274,
  "risk_p50": 1.0,
  "risk_p75": 1.0,
  "risk_p95": 1.0,
  "separation_risk_mean": 0.021160814340011946,
  "congestion_risk_mean": 0.02620740951768519,
  "speed_risk_mean": 0.9614183661126212,
  "uncertainty_risk_mean": 0.6337327368696979,
  "human_activation_count": 106,
  "cooldown_skips": 10,
  "suppressed_request_count": 10,
  "suppressed_critical_count": 0,
  "cooldown_release_count": 105,
  "critical_override_count": 105,
  "critical_trigger_rate": 0.7,
  "trigger_active_rate": 0.7666666666666667,
  "confidence_mean": 0.9500000000000002,
  "false_intervention_rate": 0.02830188679245283,
  "repeated_intervention_rate": 0.9811320754716981,
  "post_intervention_violation_rate": 0.06542056074766354,
  "mean_drift_after_intervention": 17.87985933213841,
  "min_predicted_distance_mean": 9.79442660641029
}