{
  "violation_rate": 0.05333333333333334,
  "collision_rate": 0.0,
  "near_miss_rate": 0.19333333333333333,
  "intervention_rate": 0.82,
  "override_success_rate": 0.9349593495934959,
  "mean_intervention_delay": 0.0,
  "operator_workload": 0.82,
  "mean_drift": 15.4104010068535,
  "p95_drift": 37.125520165409235,
  "mean_latency_ms": 0.4395050446813305,
  "risk_mean": 0.8783024907852757,
  "risk_p05": 0.45197177600388094,
  "risk_p25": 0.6667248494281486,
  "risk_p50": 1.0,
  "risk_p75": 1.0,
  "risk_p95": 1.0,
  "separation_risk_mean": 0.19156413269080202,
  "congestion_risk_mean": 0.12227156610661938,
  "speed_risk_mean": 0.9932064580526238,
  "uncertainty_risk_mean": 0.64,
  "human_activation_count": 123,
  "cooldown_skips": 27,
  "suppressed_request_count": 27,
  "suppressed_critical_count": 0,
  "cooldown_release_count": 109,
  "critical_override_count": 109,
  "critical_trigger_rate": 0.7266666666666667,
  "trigger_active_rate": 1.0,
  "confidence_mean": 0.9500000000000002,
  "false_intervention_rate": 0.13008130081300814,
  "repeated_intervention_rate": 0.8780487804878049,
  "post_intervention_violation_rate": 0.053691275167785234,
  "mean_drift_after_intervention": 17.12358088477661,
  "min_predicted_distance_mean": 5.552583353854969
}