{
  "violation_rate": 0.05333333333333334,
  "collision_rate": 0.0,
  "near_miss_rate": 0.18,
  "intervention_rate": 0.8066666666666666,
  "override_success_rate": 0.9338842975206612,
  "mean_intervention_delay": 0.0,
  "operator_workload": 0.8066666666666666,
  "mean_drift": 9.804268296109779,
  "p95_drift": 25.289158704814003,
  "mean_latency_ms": 0.5400033264110485,
  "risk_mean": 0.8659766659686277,
  "risk_p05": 0.21904306695582323,
  "risk_p25": 1.0,
  "risk_p50": 1.0,
  "risk_p75": 1.0,
  "risk_p95": 1.0,
  "separation_risk_mean": 0.229337037851475,
  "congestion_risk_mean": 0.11279362003344069,
  "speed_risk_mean": 0.9362006736519506,
  "uncertainty_risk_mean": 0.6390748144865775,
  "human_activation_count": 121,
  "cooldown_skips": 27,
  "suppressed_request_count": 27,
  "suppressed_critical_count": 0,
  "cooldown_release_count": 119,
  "critical_override_count": 119,
  "critical_trigger_rate": 0.7933333333333333,
  "trigger_active_rate": 0.9866666666666667,
  "confidence_mean": 0.9500000000000002,
  "false_intervention_rate": 0.06611570247933884,
  "repeated_intervention_rate": 0.9586776859504132,
  "post_intervention_violation_rate": 0.06299212598425197,
  "mean_drift_after_intervention": 10.877247261932581,
  "min_predicted_distance_mean": 3.33971052007099
}