{
  "violation_rate": 0.06666666666666667,
  "collision_rate": 0.0,
  "near_miss_rate": 0.6,
  "intervention_rate": 0.7733333333333333,
  "override_success_rate": 0.9137931034482759,
  "mean_intervention_delay": 0.0,
  "operator_workload": 0.7733333333333333,
  "mean_drift": 6.624310295864857,
  "p95_drift": 20.84506766166825,
  "mean_latency_ms": 0.5265336010294656,
  "risk_mean": 0.8868853697585608,
  "risk_p05": 0.4943641012716928,
  "risk_p25": 0.7886973993663501,
  "risk_p50": 1.0,
  "risk_p75": 1.0,
  "risk_p95": 1.0,
  "separation_risk_mean": 0.5347052934653982,
  "congestion_risk_mean": 0.30027546670174987,
  "speed_risk_mean": 0.7890370200029003,
  "uncertainty_risk_mean": 0.6338284242559444,
  "human_activation_count": 116,
  "cooldown_skips": 28,
  "suppressed_request_count": 28,
  "suppressed_critical_count": 0,
  "cooldown_release_count": 112,
  "critical_override_count": 112,
  "critical_trigger_rate": 0.7466666666666667,
  "trigger_active_rate": 0.9533333333333334,
  "confidence_mean": 0.9500000000000002,
  "false_intervention_rate": 0.05172413793103448,
  "repeated_intervention_rate": 0.9396551724137931,
  "post_intervention_violation_rate": 0.07874015748031496,
  "mean_drift_after_intervention": 7.5739421042678305,
  "min_predicted_distance_mean": 1.4025861958380959
}