{
  "violation_rate": 0.006666666666666667,
  "collision_rate": 0.02,
  "near_miss_rate": 0.68,
  "intervention_rate": 0.16666666666666666,
  "override_success_rate": 0.96,
  "mean_intervention_delay": 0.0,
  "operator_workload": 0.16666666666666666,
  "mean_drift": 11.386658083662645,
  "p95_drift": 19.17659134723384,
  "mean_latency_ms": 0.41093501951157424,
  "risk_mean": 0.5662381837692745,
  "risk_p95": 0.6744999999999799,
  "separation_risk_mean": 0.5437187119893487,
  "congestion_risk_mean": 0.31601203335178885,
  "speed_risk_mean": 0.9815282729844867,
  "uncertainty_risk_mean": 0.6355500939229817,
  "human_activation_count": 25,
  "cooldown_skips": 125,
  "trigger_active_rate": 1.0,
  "confidence_mean": 1.0,
  "false_intervention_rate": 0.28
}