{
  "violation_rate": 0.02,
  "collision_rate": 0.0,
  "near_miss_rate": 0.006666666666666667,
  "intervention_rate": 0.78,
  "override_success_rate": 0.9743589743589743,
  "mean_intervention_delay": 0.0,
  "operator_workload": 0.78,
  "mean_drift": 10.250682245650108,
  "p95_drift": 25.79349876777798,
  "mean_latency_ms": 0.4761733564858635,
  "risk_mean": 0.8336453327640615,
  "risk_p05": 0.2141621685573619,
  "risk_p25": 1.0,
  "risk_p50": 1.0,
  "risk_p75": 1.0,
  "risk_p95": 1.0,
  "separation_risk_mean": 0.048083098492221615,
  "congestion_risk_mean": 0.02811785907354872,
  "speed_risk_mean": 0.7996776894648627,
  "uncertainty_risk_mean": 0.6305927889749877,
  "human_activation_count": 117,
  "cooldown_skips": 18,
  "suppressed_request_count": 18,
  "suppressed_critical_count": 0,
  "cooldown_release_count": 115,
  "critical_override_count": 115,
  "critical_trigger_rate": 0.7666666666666667,
  "trigger_active_rate": 0.8733333333333333,
  "confidence_mean": 0.9500000000000002,
  "false_intervention_rate": 0.06837606837606838,
  "repeated_intervention_rate": 0.9487179487179487,
  "post_intervention_violation_rate": 0.016,
  "mean_drift_after_intervention": 12.40777954102015,
  "min_predicted_distance_mean": 8.889023299782263
}