{
  "violation_rate": 0.08,
  "collision_rate": 0.006666666666666667,
  "near_miss_rate": 0.20666666666666667,
  "intervention_rate": 0.78,
  "override_success_rate": 0.8974358974358975,
  "mean_intervention_delay": 0.0,
  "operator_workload": 0.78,
  "mean_drift": 6.010390695778303,
  "p95_drift": 21.98334244681113,
  "mean_latency_ms": 0.5035541501517097,
  "risk_mean": 0.8533418687061508,
  "risk_p05": 0.3663015034917495,
  "risk_p25": 0.6369802452103044,
  "risk_p50": 1.0,
  "risk_p75": 1.0,
  "risk_p95": 1.0,
  "separation_risk_mean": 0.4612729438153848,
  "congestion_risk_mean": 0.24257647392453435,
  "speed_risk_mean": 0.5824106573997175,
  "uncertainty_risk_mean": 0.6328107985847483,
  "human_activation_count": 117,
  "cooldown_skips": 33,
  "suppressed_request_count": 33,
  "suppressed_critical_count": 0,
  "cooldown_release_count": 113,
  "critical_override_count": 112,
  "critical_trigger_rate": 0.7466666666666667,
  "trigger_active_rate": 1.0,
  "confidence_mean": 0.9500000000000002,
  "false_intervention_rate": 0.09401709401709402,
  "repeated_intervention_rate": 0.9230769230769231,
  "post_intervention_violation_rate": 0.09090909090909091,
  "mean_drift_after_intervention": 6.752973947063229,
  "min_predicted_distance_mean": 1.6991676149660877
}