{
  "violation_rate": 0.3466666666666667,
  "collision_rate": 0.08,
  "near_miss_rate": 0.9933333333333333,
  "intervention_rate": 1.0,
  "override_success_rate": 0.6533333333333333,
  "mean_intervention_delay": 1.0,
  "operator_workload": 1.0,
  "mean_drift": 12.927355606642653,
  "p95_drift": 32.50197830300485,
  "mean_latency_ms": 0.9312330783965687,
  "risk_mean": 1.0,
  "risk_p05": 1.0,
  "risk_p25": 1.0,
  "risk_p50": 1.0,
  "risk_p75": 1.0,
  "risk_p95": 1.0,
  "separation_risk_mean": 0.7344022007691643,
  "congestion_risk_mean": 0.4347112175947835,
  "speed_risk_mean": 0.6360562435605766,
  "uncertainty_risk_mean": 0.6362347256034111,
  "human_activation_count": 150,
  "cooldown_skips": 0,
  "suppressed_request_count": 0,
  "suppressed_critical_count": 0,
  "cooldown_release_count": 150,
  "critical_override_count": 150,
  "critical_trigger_rate": 1.0,
  "trigger_active_rate": 1.0,
  "confidence_mean": 0.7777942154240826,
  "false_intervention_rate": 0.0,
  "repeated_intervention_rate": 0.9933333333333333,
  "post_intervention_violation_rate": 0.3422818791946309,
  "mean_drift_after_intervention": 12.927355606642653,
  "min_predicted_distance_mean": 0.4287996301336358
}