{
  "violation_rate": 0.08666666666666667,
  "collision_rate": 0.006666666666666667,
  "near_miss_rate": 1.7066666666666668,
  "intervention_rate": 1.0,
  "override_success_rate": 0.9133333333333333,
  "mean_intervention_delay": 0.0,
  "operator_workload": 1.0,
  "mean_drift": 6.624512576174062,
  "p95_drift": 23.179510082887056,
  "mean_latency_ms": 2.724244728063544,
  "risk_mean": 1.0,
  "risk_p05": 1.0,
  "risk_p25": 1.0,
  "risk_p50": 1.0,
  "risk_p75": 1.0,
  "risk_p95": 1.0,
  "separation_risk_mean": 0.7116997541617701,
  "congestion_risk_mean": 0.33196310454917505,
  "speed_risk_mean": 0.7342729638482185,
  "uncertainty_risk_mean": 0.6361366464129441,
  "human_activation_count": 150,
  "cooldown_skips": 0,
  "suppressed_request_count": 0,
  "suppressed_critical_count": 0,
  "cooldown_release_count": 150,
  "critical_override_count": 150,
  "critical_trigger_rate": 1.0,
  "trigger_active_rate": 1.0,
  "confidence_mean": 0.9500000000000002,
  "false_intervention_rate": 0.0,
  "repeated_intervention_rate": 0.9933333333333333,
  "post_intervention_violation_rate": 0.087248322147651,
  "mean_drift_after_intervention": 6.624512576174062,
  "min_predicted_distance_mean": 0.3572001488586849
}