{
  "violation_rate": 0.08,
  "collision_rate": 0.0,
  "near_miss_rate": 0.12666666666666668,
  "intervention_rate": 0.7733333333333333,
  "override_success_rate": 0.896551724137931,
  "mean_intervention_delay": 0.0,
  "operator_workload": 0.7733333333333333,
  "mean_drift": 8.499102790234312,
  "p95_drift": 26.169171932855665,
  "mean_latency_ms": 0.5697374884039164,
  "risk_mean": 0.8322808149953266,
  "risk_p05": 0.24049825856926813,
  "risk_p25": 1.0,
  "risk_p50": 1.0,
  "risk_p75": 1.0,
  "risk_p95": 1.0,
  "separation_risk_mean": 0.053767388296564016,
  "congestion_risk_mean": 0.061314585241505015,
  "speed_risk_mean": 0.9348258144048543,
  "uncertainty_risk_mean": 0.6353315687213058,
  "human_activation_count": 116,
  "cooldown_skips": 10,
  "suppressed_request_count": 10,
  "suppressed_critical_count": 0,
  "cooldown_release_count": 115,
  "critical_override_count": 115,
  "critical_trigger_rate": 0.7666666666666667,
  "trigger_active_rate": 0.8066666666666666,
  "confidence_mean": 0.9000000000000004,
  "false_intervention_rate": 0.04310344827586207,
  "repeated_intervention_rate": 0.9741379310344828,
  "post_intervention_violation_rate": 0.10084033613445378,
  "mean_drift_after_intervention": 9.804645330170572,
  "min_predicted_distance_mean": 12.568773528155127
}