{
  "violation_rate": 0.04666666666666667,
  "collision_rate": 0.0,
  "near_miss_rate": 0.8933333333333333,
  "intervention_rate": 0.7333333333333333,
  "override_success_rate": 0.9363636363636364,
  "mean_intervention_delay": 0.0,
  "operator_workload": 0.7333333333333333,
  "mean_drift": 6.747394128221759,
  "p95_drift": 35.836390680836004,
  "mean_latency_ms": 0.39760367789616186,
  "risk_mean": 0.8740653934150405,
  "risk_p05": 0.4656033358130355,
  "risk_p25": 0.679875012494766,
  "risk_p50": 1.0,
  "risk_p75": 1.0,
  "risk_p95": 1.0,
  "separation_risk_mean": 0.6682113589814963,
  "congestion_risk_mean": 0.3904835304663817,
  "speed_risk_mean": 0.6822796398672913,
  "uncertainty_risk_mean": 0.635036473262745,
  "human_activation_count": 110,
  "cooldown_skips": 20,
  "suppressed_request_count": 20,
  "suppressed_critical_count": 0,
  "cooldown_release_count": 108,
  "critical_override_count": 108,
  "critical_trigger_rate": 0.72,
  "trigger_active_rate": 0.8666666666666667,
  "confidence_mean": 0.9500000000000002,
  "false_intervention_rate": 0.03636363636363636,
  "repeated_intervention_rate": 0.9272727272727272,
  "post_intervention_violation_rate": 0.05785123966942149,
  "mean_drift_after_intervention": 8.080519881553066,
  "min_predicted_distance_mean": 0.9017097697706034
}