{
  "violation_rate": 0.6466666666666666,
  "collision_rate": 0.0,
  "near_miss_rate": 0.02,
  "intervention_rate": 0.7933333333333333,
  "override_success_rate": 0.18487394957983194,
  "mean_intervention_delay": 3.0,
  "operator_workload": 0.7933333333333333,
  "mean_drift": 24.510799823292324,
  "p95_drift": 71.68097351633742,
  "mean_latency_ms": 1.9335958276254435,
  "risk_mean": 0.8251885211123253,
  "risk_p05": 0.24599999999993272,
  "risk_p25": 1.0,
  "risk_p50": 1.0,
  "risk_p75": 1.0,
  "risk_p95": 1.0,
  "separation_risk_mean": 0.022620601833066422,
  "congestion_risk_mean": 0.018309928534028387,
  "speed_risk_mean": 0.9979192068990361,
  "uncertainty_risk_mean": 0.6385798749626165,
  "human_activation_count": 119,
  "cooldown_skips": 31,
  "suppressed_request_count": 31,
  "suppressed_critical_count": 0,
  "cooldown_release_count": 113,
  "critical_override_count": 113,
  "critical_trigger_rate": 0.7533333333333333,
  "trigger_active_rate": 1.0,
  "confidence_mean": 0.609954369736198,
  "false_intervention_rate": 0.09243697478991597,
  "repeated_intervention_rate": 0.9327731092436975,
  "post_intervention_violation_rate": 0.7404580152671756,
  "mean_drift_after_intervention": 28.36123910074893,
  "min_predicted_distance_mean": 4.322227579839905
}