{
  "violation_rate": 0.04666666666666667,
  "collision_rate": 0.02,
  "near_miss_rate": 0.64,
  "intervention_rate": 0.74,
  "override_success_rate": 0.9369369369369369,
  "mean_intervention_delay": 0.0,
  "operator_workload": 0.74,
  "mean_drift": 11.391747974548482,
  "p95_drift": 19.19033111357532,
  "mean_latency_ms": 0.5534483306109905,
  "risk_mean": 0.813222142995574,
  "risk_p05": 0.24599999999987673,
  "risk_p25": 0.5524047330858398,
  "risk_p50": 1.0,
  "risk_p75": 1.0,
  "risk_p95": 1.0,
  "separation_risk_mean": 0.5440763539343696,
  "congestion_risk_mean": 0.3132116346407028,
  "speed_risk_mean": 0.9728291318473149,
  "uncertainty_risk_mean": 0.6355500939229817,
  "human_activation_count": 111,
  "cooldown_skips": 39,
  "suppressed_request_count": 39,
  "suppressed_critical_count": 0,
  "cooldown_release_count": 108,
  "critical_override_count": 108,
  "critical_trigger_rate": 0.72,
  "trigger_active_rate": 1.0,
  "confidence_mean": 0.9500000000000002,
  "false_intervention_rate": 0.04504504504504504,
  "repeated_intervention_rate": 0.954954954954955,
  "post_intervention_violation_rate": 0.05084745762711865,
  "mean_drift_after_intervention": 13.637326268873194,
  "min_predicted_distance_mean": 1.1295260214057417
}