{
  "violation_rate": 0.25333333333333335,
  "collision_rate": 0.02,
  "near_miss_rate": 1.12,
  "intervention_rate": 0.78,
  "override_success_rate": 0.6752136752136753,
  "mean_intervention_delay": 1.0,
  "operator_workload": 0.78,
  "mean_drift": 7.684385296966541,
  "p95_drift": 30.51095896690542,
  "mean_latency_ms": 0.8223466482013464,
  "risk_mean": 0.9001510281257947,
  "risk_p05": 0.5681913753181463,
  "risk_p25": 0.8036864123960753,
  "risk_p50": 1.0,
  "risk_p75": 1.0,
  "risk_p95": 1.0,
  "separation_risk_mean": 0.7311701748716837,
  "congestion_risk_mean": 0.6295383350085787,
  "speed_risk_mean": 0.5970581855109358,
  "uncertainty_risk_mean": 0.6374400709792301,
  "human_activation_count": 117,
  "cooldown_skips": 33,
  "suppressed_request_count": 33,
  "suppressed_critical_count": 0,
  "cooldown_release_count": 112,
  "critical_override_count": 112,
  "critical_trigger_rate": 0.7466666666666667,
  "trigger_active_rate": 1.0,
  "confidence_mean": 0.8156794880307843,
  "false_intervention_rate": 0.017094017094017096,
  "repeated_intervention_rate": 0.9230769230769231,
  "post_intervention_violation_rate": 0.2878787878787879,
  "mean_drift_after_intervention": 8.792834878698992,
  "min_predicted_distance_mean": 0.7559301278027342
}