{
  "violation_rate": 0.013333333333333334,
  "collision_rate": 0.0,
  "near_miss_rate": 0.42,
  "intervention_rate": 0.16666666666666666,
  "override_success_rate": 0.96,
  "mean_intervention_delay": 0.0,
  "operator_workload": 0.16666666666666666,
  "mean_drift": 9.02203340680029,
  "p95_drift": 26.403810642136648,
  "mean_latency_ms": 0.7318119265255518,
  "risk_mean": 0.4464286321065303,
  "risk_p95": 0.6882367317980503,
  "separation_risk_mean": 0.31581184903023357,
  "congestion_risk_mean": 0.2735463307602473,
  "speed_risk_mean": 0.9328447823524221,
  "uncertainty_risk_mean": 0.64,
  "human_activation_count": 25,
  "cooldown_skips": 125,
  "trigger_active_rate": 1.0,
  "confidence_mean": 0.9500000000000002,
  "false_intervention_rate": 0.2
}