{
  "violation_rate": 0.06,
  "collision_rate": 0.0,
  "near_miss_rate": 0.8266666666666667,
  "intervention_rate": 0.16666666666666666,
  "override_success_rate": 0.92,
  "mean_intervention_delay": 0.0,
  "operator_workload": 0.16666666666666666,
  "mean_drift": 10.724631965168479,
  "p95_drift": 27.136457804059287,
  "mean_latency_ms": 1.9250116333326635,
  "risk_mean": 0.4968540840478141,
  "risk_p95": 0.7492870154980984,
  "separation_risk_mean": 0.40328531830477043,
  "congestion_risk_mean": 0.2891896179445401,
  "speed_risk_mean": 0.9805219088302158,
  "uncertainty_risk_mean": 0.64,
  "human_activation_count": 25,
  "cooldown_skips": 125,
  "trigger_active_rate": 1.0,
  "confidence_mean": 0.9500000000000002,
  "false_intervention_rate": 0.2
}