{
  "violation_rate": 0.02,
  "collision_rate": 0.0,
  "near_miss_rate": 0.16666666666666666,
  "intervention_rate": 0.7466666666666667,
  "override_success_rate": 0.9732142857142857,
  "mean_intervention_delay": 0.0,
  "operator_workload": 0.7466666666666667,
  "mean_drift": 15.346623480834099,
  "p95_drift": 37.589749133141076,
  "mean_latency_ms": 0.36718751459072035,
  "risk_mean": 0.8591276430592468,
  "risk_p05": 0.4530146169030691,
  "risk_p25": 0.6659498739395373,
  "risk_p50": 1.0,
  "risk_p75": 1.0,
  "risk_p95": 1.0,
  "separation_risk_mean": 0.26563816362847936,
  "congestion_risk_mean": 0.17448704567096232,
  "speed_risk_mean": 0.7910839095818064,
  "uncertainty_risk_mean": 0.6351472742165233,
  "human_activation_count": 112,
  "cooldown_skips": 38,
  "suppressed_request_count": 38,
  "suppressed_critical_count": 0,
  "cooldown_release_count": 108,
  "critical_override_count": 108,
  "critical_trigger_rate": 0.72,
  "trigger_active_rate": 1.0,
  "confidence_mean": 0.9500000000000002,
  "false_intervention_rate": 0.05357142857142857,
  "repeated_intervention_rate": 0.9464285714285714,
  "post_intervention_violation_rate": 0.025,
  "mean_drift_after_intervention": 17.967263140671587,
  "min_predicted_distance_mean": 2.502078753475692
}