{
  "violation_rate": 0.06,
  "collision_rate": 0.0,
  "near_miss_rate": 0.1,
  "intervention_rate": 0.84,
  "override_success_rate": 0.9285714285714286,
  "mean_intervention_delay": 0.0,
  "operator_workload": 0.84,
  "mean_drift": 9.875869053893958,
  "p95_drift": 18.985733315542543,
  "mean_latency_ms": 0.5051196917581061,
  "risk_mean": 0.8905642731266592,
  "risk_p05": 0.3270426685696117,
  "risk_p25": 1.0,
  "risk_p50": 1.0,
  "risk_p75": 1.0,
  "risk_p95": 1.0,
  "separation_risk_mean": 0.1386450054016972,
  "congestion_risk_mean": 0.06877672253859372,
  "speed_risk_mean": 0.7976891609850322,
  "uncertainty_risk_mean": 0.64,
  "human_activation_count": 126,
  "cooldown_skips": 24,
  "suppressed_request_count": 24,
  "suppressed_critical_count": 0,
  "cooldown_release_count": 124,
  "critical_override_count": 122,
  "critical_trigger_rate": 0.8133333333333334,
  "trigger_active_rate": 1.0,
  "confidence_mean": 0.9500000000000002,
  "false_intervention_rate": 0.0873015873015873,
  "repeated_intervention_rate": 0.9285714285714286,
  "post_intervention_violation_rate": 0.06428571428571428,
  "mean_drift_after_intervention": 10.769451200914547,
  "min_predicted_distance_mean": 5.923879002115874
}