{
  "violation_rate": 0.08,
  "collision_rate": 0.006666666666666667,
  "near_miss_rate": 0.04666666666666667,
  "intervention_rate": 0.82,
  "override_success_rate": 0.9024390243902439,
  "mean_intervention_delay": 0.0,
  "operator_workload": 0.82,
  "mean_drift": 10.147643157535661,
  "p95_drift": 22.646013366599533,
  "mean_latency_ms": 0.4432277800515294,
  "risk_mean": 0.8369631397253882,
  "risk_p05": 0.24599999999988434,
  "risk_p25": 0.6589538778178617,
  "risk_p50": 1.0,
  "risk_p75": 1.0,
  "risk_p95": 1.0,
  "separation_risk_mean": 0.08046490379764376,
  "congestion_risk_mean": 0.047776365578657935,
  "speed_risk_mean": 0.8809090377910034,
  "uncertainty_risk_mean": 0.64,
  "human_activation_count": 123,
  "cooldown_skips": 27,
  "suppressed_request_count": 27,
  "suppressed_critical_count": 0,
  "cooldown_release_count": 109,
  "critical_override_count": 109,
  "critical_trigger_rate": 0.7266666666666667,
  "trigger_active_rate": 1.0,
  "confidence_mean": 0.9500000000000002,
  "false_intervention_rate": 0.13008130081300814,
  "repeated_intervention_rate": 0.8780487804878049,
  "post_intervention_violation_rate": 0.0738255033557047,
  "mean_drift_after_intervention": 10.88321035616686,
  "min_predicted_distance_mean": 4.853485030902218
}