{
  "violation_rate": 0.02666666666666667,
  "collision_rate": 0.0,
  "near_miss_rate": 0.02,
  "intervention_rate": 0.8266666666666667,
  "override_success_rate": 0.967741935483871,
  "mean_intervention_delay": 0.0,
  "operator_workload": 0.8266666666666667,
  "mean_drift": 22.531020954758326,
  "p95_drift": 63.92430862020558,
  "mean_latency_ms": 0.384733072326829,
  "risk_mean": 0.8159489272756781,
  "risk_p05": 0.24599999999993546,
  "risk_p25": 0.6439296597411635,
  "risk_p50": 1.0,
  "risk_p75": 1.0,
  "risk_p95": 1.0,
  "separation_risk_mean": 0.09618844652234218,
  "congestion_risk_mean": 0.060470648712512585,
  "speed_risk_mean": 0.9976267705774334,
  "uncertainty_risk_mean": 0.6385798749626165,
  "human_activation_count": 124,
  "cooldown_skips": 26,
  "suppressed_request_count": 26,
  "suppressed_critical_count": 0,
  "cooldown_release_count": 110,
  "critical_override_count": 110,
  "critical_trigger_rate": 0.7333333333333333,
  "trigger_active_rate": 1.0,
  "confidence_mean": 0.9500000000000002,
  "false_intervention_rate": 0.12903225806451613,
  "repeated_intervention_rate": 0.8870967741935484,
  "post_intervention_violation_rate": 0.026845637583892617,
  "mean_drift_after_intervention": 25.15388445478195,
  "min_predicted_distance_mean": 3.734426689326828
}