{
  "violation_rate": 0.08,
  "collision_rate": 0.0,
  "near_miss_rate": 0.4,
  "intervention_rate": 0.8266666666666667,
  "override_success_rate": 0.9032258064516129,
  "mean_intervention_delay": 0.0,
  "operator_workload": 0.8266666666666667,
  "mean_drift": 14.995349532658462,
  "p95_drift": 28.56932768774311,
  "mean_latency_ms": 0.5296827744071683,
  "risk_mean": 0.8672620675440252,
  "risk_p05": 0.35971253871752995,
  "risk_p25": 0.742070263309435,
  "risk_p50": 1.0,
  "risk_p75": 1.0,
  "risk_p95": 1.0,
  "separation_risk_mean": 0.4233824211972233,
  "congestion_risk_mean": 0.23141429995665988,
  "speed_risk_mean": 0.9406714075097121,
  "uncertainty_risk_mean": 0.6394292478224824,
  "human_activation_count": 124,
  "cooldown_skips": 26,
  "suppressed_request_count": 26,
  "suppressed_critical_count": 0,
  "cooldown_release_count": 112,
  "critical_override_count": 112,
  "critical_trigger_rate": 0.7466666666666667,
  "trigger_active_rate": 1.0,
  "confidence_mean": 0.9500000000000002,
  "false_intervention_rate": 0.11290322580645161,
  "repeated_intervention_rate": 0.8870967741935484,
  "post_intervention_violation_rate": 0.08053691275167785,
  "mean_drift_after_intervention": 17.206517194701807,
  "min_predicted_distance_mean": 2.0414762117023586
}