{
  "violation_rate": 0.1,
  "collision_rate": 0.0,
  "near_miss_rate": 0.17333333333333334,
  "intervention_rate": 0.7666666666666667,
  "override_success_rate": 0.8695652173913043,
  "mean_intervention_delay": 0.0,
  "operator_workload": 0.7666666666666667,
  "mean_drift": 7.488315695418945,
  "p95_drift": 26.10078381680666,
  "mean_latency_ms": 0.4492969469477733,
  "risk_mean": 0.8435943438241998,
  "risk_p05": 0.2091302867946294,
  "risk_p25": 0.6483354110375799,
  "risk_p50": 1.0,
  "risk_p75": 1.0,
  "risk_p95": 1.0,
  "separation_risk_mean": 0.2008175047148332,
  "congestion_risk_mean": 0.12036744560843163,
  "speed_risk_mean": 0.6734826800906063,
  "uncertainty_risk_mean": 0.6390118463796821,
  "human_activation_count": 115,
  "cooldown_skips": 29,
  "suppressed_request_count": 29,
  "suppressed_critical_count": 0,
  "cooldown_release_count": 109,
  "critical_override_count": 109,
  "critical_trigger_rate": 0.7266666666666667,
  "trigger_active_rate": 0.9266666666666666,
  "confidence_mean": 0.9000000000000004,
  "false_intervention_rate": 0.06086956521739131,
  "repeated_intervention_rate": 0.9391304347826087,
  "post_intervention_violation_rate": 0.11904761904761904,
  "mean_drift_after_intervention": 8.71245241150253,
  "min_predicted_distance_mean": 4.922723559148548
}