{
  "violation_rate": 0.6066666666666667,
  "collision_rate": 0.0,
  "near_miss_rate": 0.013333333333333334,
  "intervention_rate": 0.78,
  "override_success_rate": 0.2222222222222222,
  "mean_intervention_delay": 0.0,
  "operator_workload": 0.78,
  "mean_drift": 11.314284653971828,
  "p95_drift": 21.985521604936483,
  "mean_latency_ms": 1.65117073416089,
  "risk_mean": 0.8053732326374168,
  "risk_p05": 0.21599999999990252,
  "risk_p25": 0.5081315448626752,
  "risk_p50": 1.0,
  "risk_p75": 1.0,
  "risk_p95": 1.0,
  "separation_risk_mean": 0.024464971175669942,
  "congestion_risk_mean": 0.01692820122926814,
  "speed_risk_mean": 0.823990746451245,
  "uncertainty_risk_mean": 0.64,
  "human_activation_count": 117,
  "cooldown_skips": 33,
  "suppressed_request_count": 33,
  "suppressed_critical_count": 0,
  "cooldown_release_count": 110,
  "critical_override_count": 110,
  "critical_trigger_rate": 0.7333333333333333,
  "trigger_active_rate": 1.0,
  "confidence_mean": 0.5,
  "false_intervention_rate": 0.07692307692307693,
  "repeated_intervention_rate": 0.9316239316239316,
  "post_intervention_violation_rate": 0.7,
  "mean_drift_after_intervention": 13.37522162115268,
  "min_predicted_distance_mean": 13.401854907997997
}