{
  "violation_rate": 0.08,
  "collision_rate": 0.02,
  "near_miss_rate": 0.6066666666666667,
  "intervention_rate": 0.7866666666666666,
  "override_success_rate": 0.8983050847457628,
  "mean_intervention_delay": 0.0,
  "operator_workload": 0.7866666666666666,
  "mean_drift": 11.3612799158537,
  "p95_drift": 19.287982828124957,
  "mean_latency_ms": 0.6786113729079565,
  "risk_mean": 0.8337637384213985,
  "risk_p05": 0.29999999999986154,
  "risk_p25": 0.8055285285678552,
  "risk_p50": 1.0,
  "risk_p75": 1.0,
  "risk_p95": 1.0,
  "separation_risk_mean": 0.5182735705073414,
  "congestion_risk_mean": 0.29853638715049813,
  "speed_risk_mean": 0.9692654208520256,
  "uncertainty_risk_mean": 0.9959380232570302,
  "human_activation_count": 118,
  "cooldown_skips": 32,
  "suppressed_request_count": 32,
  "suppressed_critical_count": 0,
  "cooldown_release_count": 112,
  "critical_override_count": 112,
  "critical_trigger_rate": 0.7466666666666667,
  "trigger_active_rate": 1.0,
  "confidence_mean": 0.9500000000000002,
  "false_intervention_rate": 0.09322033898305085,
  "repeated_intervention_rate": 0.9322033898305084,
  "post_intervention_violation_rate": 0.08396946564885496,
  "mean_drift_after_intervention": 13.137193858798932,
  "min_predicted_distance_mean": 1.0582819220633297
}