{
  "violation_rate": 0.08,
  "collision_rate": 0.0,
  "near_miss_rate": 0.0,
  "intervention_rate": 0.9466666666666667,
  "override_success_rate": 0.9154929577464789,
  "mean_intervention_delay": 0.0,
  "operator_workload": 0.9466666666666667,
  "mean_drift": 13.273332366416621,
  "p95_drift": 29.38972023672812,
  "mean_latency_ms": 0.4775813695353766,
  "risk_mean": 0.9597866666666638,
  "risk_p05": 0.5852999999999755,
  "risk_p25": 1.0,
  "risk_p50": 1.0,
  "risk_p75": 1.0,
  "risk_p95": 1.0,
  "separation_risk_mean": 0.0,
  "congestion_risk_mean": 0.0,
  "speed_risk_mean": 0.9702162259942704,
  "uncertainty_risk_mean": 0.64,
  "human_activation_count": 142,
  "cooldown_skips": 0,
  "suppressed_request_count": 0,
  "suppressed_critical_count": 0,
  "cooldown_release_count": 142,
  "critical_override_count": 142,
  "critical_trigger_rate": 0.9466666666666667,
  "trigger_active_rate": 0.9466666666666667,
  "confidence_mean": 0.9500000000000002,
  "false_intervention_rate": 0.014084507042253521,
  "repeated_intervention_rate": 0.9929577464788732,
  "post_intervention_violation_rate": 0.0851063829787234,
  "mean_drift_after_intervention": 13.205573250659317,
  "min_predicted_distance_mean": 9.845639138784337
}