{
  "violation_rate": 0.05333333333333334,
  "collision_rate": 0.006666666666666667,
  "near_miss_rate": 1.18,
  "intervention_rate": 0.9533333333333334,
  "override_success_rate": 0.9440559440559441,
  "mean_intervention_delay": 0.0,
  "operator_workload": 0.9533333333333334,
  "mean_drift": 8.14419019962615,
  "p95_drift": 19.33934065484084,
  "mean_latency_ms": 2.665396397933364,
  "risk_mean": 0.97268110183668,
  "risk_p05": 0.7775785132281973,
  "risk_p25": 1.0,
  "risk_p50": 1.0,
  "risk_p75": 1.0,
  "risk_p95": 1.0,
  "separation_risk_mean": 0.3470418414791658,
  "congestion_risk_mean": 0.16183180867286012,
  "speed_risk_mean": 0.8622336361808016,
  "uncertainty_risk_mean": 0.6340220404654263,
  "human_activation_count": 143,
  "cooldown_skips": 7,
  "suppressed_request_count": 7,
  "suppressed_critical_count": 0,
  "cooldown_release_count": 142,
  "critical_override_count": 142,
  "critical_trigger_rate": 0.9466666666666667,
  "trigger_active_rate": 1.0,
  "confidence_mean": 0.9500000000000002,
  "false_intervention_rate": 0.04895104895104895,
  "repeated_intervention_rate": 0.972027972027972,
  "post_intervention_violation_rate": 0.0547945205479452,
  "mean_drift_after_intervention": 8.34054881595915,
  "min_predicted_distance_mean": 2.4464868716836166
}