{
  "violation_rate": 0.14,
  "collision_rate": 0.0,
  "near_miss_rate": 0.03333333333333333,
  "intervention_rate": 0.7933333333333333,
  "override_success_rate": 0.8235294117647058,
  "mean_intervention_delay": 0.0,
  "operator_workload": 0.7933333333333333,
  "mean_drift": 13.75291323815128,
  "p95_drift": 36.21375721828459,
  "mean_latency_ms": 0.6445244373753667,
  "risk_mean": 0.8375381975415622,
  "risk_p05": 0.21599999999992214,
  "risk_p25": 1.0,
  "risk_p50": 1.0,
  "risk_p75": 1.0,
  "risk_p95": 1.0,
  "separation_risk_mean": 0.10057832158600129,
  "congestion_risk_mean": 0.06778882038512096,
  "speed_risk_mean": 0.9168871496520584,
  "uncertainty_risk_mean": 0.639763100417803,
  "human_activation_count": 119,
  "cooldown_skips": 15,
  "suppressed_request_count": 15,
  "suppressed_critical_count": 0,
  "cooldown_release_count": 117,
  "critical_override_count": 117,
  "critical_trigger_rate": 0.78,
  "trigger_active_rate": 0.88,
  "confidence_mean": 0.9000000000000004,
  "false_intervention_rate": 0.05042016806722689,
  "repeated_intervention_rate": 0.9663865546218487,
  "post_intervention_violation_rate": 0.1693548387096774,
  "mean_drift_after_intervention": 15.372256017828256,
  "min_predicted_distance_mean": 4.485603952196335
}