{
  "violation_rate": 0.07333333333333333,
  "collision_rate": 0.006666666666666667,
  "near_miss_rate": 1.12,
  "intervention_rate": 0.74,
  "override_success_rate": 0.9009009009009009,
  "mean_intervention_delay": 0.0,
  "operator_workload": 0.74,
  "mean_drift": 13.383320549701951,
  "p95_drift": 25.289507393628313,
  "mean_latency_ms": 0.591601631604135,
  "risk_mean": 0.8789507526077618,
  "risk_p05": 0.5739457081466096,
  "risk_p25": 0.6517025206773326,
  "risk_p50": 1.0,
  "risk_p75": 1.0,
  "risk_p95": 1.0,
  "separation_risk_mean": 0.7017987977033704,
  "congestion_risk_mean": 0.46762588265836835,
  "speed_risk_mean": 0.9632438482023967,
  "uncertainty_risk_mean": 0.6389359258848868,
  "human_activation_count": 111,
  "cooldown_skips": 39,
  "suppressed_request_count": 39,
  "suppressed_critical_count": 0,
  "cooldown_release_count": 104,
  "critical_override_count": 104,
  "critical_trigger_rate": 0.6933333333333334,
  "trigger_active_rate": 1.0,
  "confidence_mean": 0.9500000000000002,
  "false_intervention_rate": 0.0990990990990991,
  "repeated_intervention_rate": 0.918918918918919,
  "post_intervention_violation_rate": 0.07936507936507936,
  "mean_drift_after_intervention": 15.893272360579909,
  "min_predicted_distance_mean": 0.9450525025978534
}