{
  "violation_rate": 0.6666666666666666,
  "collision_rate": 0.0,
  "near_miss_rate": 0.0,
  "intervention_rate": 0.8,
  "override_success_rate": 0.16666666666666666,
  "mean_intervention_delay": 3.0,
  "operator_workload": 0.8,
  "mean_drift": 18.244962202199932,
  "p95_drift": 39.14624131198854,
  "mean_latency_ms": 1.8559963659693797,
  "risk_mean": 0.8164494004477127,
  "risk_p05": 0.21599999999992975,
  "risk_p25": 1.0,
  "risk_p50": 1.0,
  "risk_p75": 1.0,
  "risk_p95": 1.0,
  "separation_risk_mean": 0.00206428717026888,
  "congestion_risk_mean": 0.0053131295825961326,
  "speed_risk_mean": 0.9295512367514057,
  "uncertainty_risk_mean": 0.6396812588364196,
  "human_activation_count": 120,
  "cooldown_skips": 30,
  "suppressed_request_count": 30,
  "suppressed_critical_count": 0,
  "cooldown_release_count": 114,
  "critical_override_count": 114,
  "critical_trigger_rate": 0.76,
  "trigger_active_rate": 1.0,
  "confidence_mean": 0.6070968434314602,
  "false_intervention_rate": 0.06666666666666667,
  "repeated_intervention_rate": 0.9416666666666667,
  "post_intervention_violation_rate": 0.7633587786259542,
  "mean_drift_after_intervention": 20.809604123044767,
  "min_predicted_distance_mean": 9.718494021060332
}