{
  "violation_rate": 0.02666666666666667,
  "collision_rate": 0.0,
  "near_miss_rate": 0.76,
  "intervention_rate": 0.12666666666666668,
  "override_success_rate": 0.8947368421052632,
  "mean_intervention_delay": 0.0,
  "operator_workload": 0.12666666666666668,
  "mean_drift": 8.815851658644712,
  "p95_drift": 37.35477956111864,
  "mean_latency_ms": 0.3690394405081558,
  "risk_mean": 0.512437686208359,
  "risk_p95": 0.7055754367298308,
  "separation_risk_mean": 0.49653088802583567,
  "congestion_risk_mean": 0.31181980869416565,
  "speed_risk_mean": 0.7669588961546098,
  "uncertainty_risk_mean": 0.64,
  "human_activation_count": 19,
  "cooldown_skips": 93,
  "trigger_active_rate": 0.7466666666666667,
  "confidence_mean": 0.9500000000000002,
  "false_intervention_rate": 0.0
}