{
  "violation_rate": 0.013333333333333334,
  "collision_rate": 0.006666666666666667,
  "near_miss_rate": 0.4666666666666667,
  "intervention_rate": 0.7666666666666667,
  "override_success_rate": 0.9826086956521739,
  "mean_intervention_delay": 0.0,
  "operator_workload": 0.7666666666666667,
  "mean_drift": 4.2623664143101,
  "p95_drift": 15.419246326745263,
  "mean_latency_ms": 0.4017288881974916,
  "risk_mean": 0.8562607033861237,
  "risk_p05": 0.3445587593144143,
  "risk_p25": 0.6854865263050407,
  "risk_p50": 1.0,
  "risk_p75": 1.0,
  "risk_p95": 1.0,
  "separation_risk_mean": 0.42653518909509597,
  "congestion_risk_mean": 0.2566743870946629,
  "speed_risk_mean": 0.665844030249579,
  "uncertainty_risk_mean": 0.6153604630990167,
  "human_activation_count": 115,
  "cooldown_skips": 35,
  "suppressed_request_count": 35,
  "suppressed_critical_count": 0,
  "cooldown_release_count": 110,
  "critical_override_count": 109,
  "critical_trigger_rate": 0.7266666666666667,
  "trigger_active_rate": 1.0,
  "confidence_mean": 0.9500000000000002,
  "false_intervention_rate": 0.0782608695652174,
  "repeated_intervention_rate": 0.8869565217391304,
  "post_intervention_violation_rate": 0.015037593984962405,
  "mean_drift_after_intervention": 4.948291571016235,
  "min_predicted_distance_mean": 1.9025871259000542
}