{
  "violation_rate": 0.62,
  "collision_rate": 0.0,
  "near_miss_rate": 0.08,
  "intervention_rate": 0.7533333333333333,
  "override_success_rate": 0.17699115044247787,
  "mean_intervention_delay": 5.0,
  "operator_workload": 0.7533333333333333,
  "mean_drift": 10.704600680125157,
  "p95_drift": 51.84358521563958,
  "mean_latency_ms": 1.7533147249681253,
  "risk_mean": 0.8563806632343494,
  "risk_p05": 0.35842591900478243,
  "risk_p25": 0.6116391166017598,
  "risk_p50": 1.0,
  "risk_p75": 1.0,
  "risk_p95": 1.0,
  "separation_risk_mean": 0.27370417132765124,
  "congestion_risk_mean": 0.09268763816204811,
  "speed_risk_mean": 0.930139764429399,
  "uncertainty_risk_mean": 0.6397480568536729,
  "human_activation_count": 113,
  "cooldown_skips": 37,
  "suppressed_request_count": 37,
  "suppressed_critical_count": 0,
  "cooldown_release_count": 110,
  "critical_override_count": 110,
  "critical_trigger_rate": 0.7333333333333333,
  "trigger_active_rate": 0.9933333333333333,
  "confidence_mean": 0.49761238673169556,
  "false_intervention_rate": 0.13274336283185842,
  "repeated_intervention_rate": 0.8761061946902655,
  "post_intervention_violation_rate": 0.7045454545454546,
  "mean_drift_after_intervention": 12.820630026896882,
  "min_predicted_distance_mean": 2.308627359905028
}