{
  "violation_rate": 0.12,
  "collision_rate": 0.0,
  "near_miss_rate": 0.54,
  "intervention_rate": 0.9733333333333334,
  "override_success_rate": 0.8767123287671232,
  "mean_intervention_delay": 0.0,
  "operator_workload": 0.9733333333333334,
  "mean_drift": 15.070500567250301,
  "p95_drift": 26.087413587759013,
  "mean_latency_ms": 0.6362919245536128,
  "risk_mean": 0.9798933333333321,
  "risk_p05": 1.0,
  "risk_p25": 1.0,
  "risk_p50": 1.0,
  "risk_p75": 1.0,
  "risk_p95": 1.0,
  "separation_risk_mean": 0.45941111088379255,
  "congestion_risk_mean": 0.24870627619180952,
  "speed_risk_mean": 0.9329152463922867,
  "uncertainty_risk_mean": 0.64,
  "human_activation_count": 146,
  "cooldown_skips": 0,
  "suppressed_request_count": 0,
  "suppressed_critical_count": 0,
  "cooldown_release_count": 146,
  "critical_override_count": 146,
  "critical_trigger_rate": 0.9733333333333334,
  "trigger_active_rate": 0.9733333333333334,
  "confidence_mean": 0.9500000000000002,
  "false_intervention_rate": 0.0136986301369863,
  "repeated_intervention_rate": 0.9931506849315068,
  "post_intervention_violation_rate": 0.12413793103448276,
  "mean_drift_after_intervention": 15.034216118765253,
  "min_predicted_distance_mean": 4.191965730290971
}