{
  "violation_rate": 0.12,
  "collision_rate": 0.02,
  "near_miss_rate": 0.5733333333333334,
  "intervention_rate": 0.7333333333333333,
  "override_success_rate": 0.8363636363636363,
  "mean_intervention_delay": 0.0,
  "operator_workload": 0.7333333333333333,
  "mean_drift": 11.399482051920504,
  "p95_drift": 19.184020831487032,
  "mean_latency_ms": 0.6560369200694064,
  "risk_mean": 0.8091006017517028,
  "risk_p05": 0.21399999999987715,
  "risk_p25": 0.5336081731539172,
  "risk_p50": 1.0,
  "risk_p75": 1.0,
  "risk_p95": 1.0,
  "separation_risk_mean": 0.5495613402594495,
  "congestion_risk_mean": 0.31603339666547364,
  "speed_risk_mean": 0.9723331693520161,
  "uncertainty_risk_mean": 0.6355500939229817,
  "human_activation_count": 110,
  "cooldown_skips": 11,
  "suppressed_request_count": 11,
  "suppressed_critical_count": 0,
  "cooldown_release_count": 108,
  "critical_override_count": 108,
  "critical_trigger_rate": 0.72,
  "trigger_active_rate": 0.8066666666666666,
  "confidence_mean": 0.9500000000000002,
  "false_intervention_rate": 0.03636363636363636,
  "repeated_intervention_rate": 0.9636363636363636,
  "post_intervention_violation_rate": 0.14912280701754385,
  "mean_drift_after_intervention": 13.733273677162373,
  "min_predicted_distance_mean": 1.1013638068795768
}