{
  "violation_rate": 0.0,
  "collision_rate": 0.0,
  "near_miss_rate": 1.2533333333333334,
  "intervention_rate": 0.3333333333333333,
  "override_success_rate": 1.0,
  "mean_intervention_delay": 0.0,
  "operator_workload": 0.3333333333333333,
  "mean_drift": 12.75747580225293,
  "p95_drift": 32.34857372057957,
  "mean_latency_ms": 0.7269266666844487,
  "risk_mean": 0.6499019643898354,
  "risk_p95": 0.6901431316459216,
  "separation_risk_mean": 0.739466238836665,
  "congestion_risk_mean": 0.43645824006788314,
  "speed_risk_mean": 0.7506112522103261,
  "uncertainty_risk_mean": 0.6362393937654436,
  "human_activation_count": 50,
  "cooldown_skips": 100,
  "trigger_active_rate": 1.0,
  "confidence_mean": 0.9500000000000002,
  "false_intervention_rate": 0.0
}