{
  "violation_rate": 0.013333333333333334,
  "collision_rate": 0.0,
  "near_miss_rate": 0.0,
  "intervention_rate": 0.16666666666666666,
  "override_success_rate": 0.96,
  "mean_intervention_delay": 0.0,
  "operator_workload": 0.16666666666666666,
  "mean_drift": 16.533346282203052,
  "p95_drift": 30.86346560606579,
  "mean_latency_ms": 0.24018082622205839,
  "risk_mean": 0.26650385856318193,
  "risk_p95": 0.4134566485733052,
  "separation_risk_mean": 0.03999331889684464,
  "congestion_risk_mean": 0.023080710923615334,
  "speed_risk_mean": 0.9782445821913204,
  "uncertainty_risk_mean": 0.64,
  "human_activation_count": 25,
  "cooldown_skips": 125,
  "trigger_active_rate": 1.0,
  "confidence_mean": 0.9500000000000002,
  "false_intervention_rate": 0.24
}