{
  "violation_rate": 0.04,
  "collision_rate": 0.0,
  "near_miss_rate": 0.54,
  "intervention_rate": 0.8666666666666667,
  "override_success_rate": 0.9538461538461539,
  "mean_intervention_delay": 0.0,
  "operator_workload": 0.8666666666666667,
  "mean_drift": 8.871173695622499,
  "p95_drift": 27.4090275772164,
  "mean_latency_ms": 1.871434402031203,
  "risk_mean": 0.9316245695299341,
  "risk_p05": 0.5661203970942009,
  "risk_p25": 1.0,
  "risk_p50": 1.0,
  "risk_p75": 1.0,
  "risk_p95": 1.0,
  "separation_risk_mean": 0.2503378865191715,
  "congestion_risk_mean": 0.11605329534774889,
  "speed_risk_mean": 0.857344486801242,
  "uncertainty_risk_mean": 0.64,
  "human_activation_count": 130,
  "cooldown_skips": 20,
  "suppressed_request_count": 20,
  "suppressed_critical_count": 0,
  "cooldown_release_count": 126,
  "critical_override_count": 126,
  "critical_trigger_rate": 0.84,
  "trigger_active_rate": 1.0,
  "confidence_mean": 0.9500000000000002,
  "false_intervention_rate": 0.038461538461538464,
  "repeated_intervention_rate": 0.9538461538461539,
  "post_intervention_violation_rate": 0.043478260869565216,
  "mean_drift_after_intervention": 9.412760026330629,
  "min_predicted_distance_mean": 3.9077824082215664
}