{
  "violation_rate": 0.04,
  "collision_rate": 0.0,
  "near_miss_rate": 0.0,
  "intervention_rate": 0.14666666666666667,
  "override_success_rate": 0.8636363636363636,
  "mean_intervention_delay": 0.0,
  "operator_workload": 0.14666666666666667,
  "mean_drift": 8.159475190348187,
  "p95_drift": 24.743290795462617,
  "mean_latency_ms": 0.32245718631505343,
  "risk_mean": 0.306423622528409,
  "risk_p95": 0.3725790022274538,
  "separation_risk_mean": 0.18303253274829903,
  "congestion_risk_mean": 0.09926964461626685,
  "speed_risk_mean": 0.6882771442507181,
  "uncertainty_risk_mean": 0.64,
  "human_activation_count": 22,
  "cooldown_skips": 107,
  "trigger_active_rate": 0.86,
  "confidence_mean": 0.9500000000000002,
  "false_intervention_rate": 0.2727272727272727
}