{
  "violation_rate": 0.08666666666666667,
  "collision_rate": 0.0,
  "near_miss_rate": 1.8933333333333333,
  "intervention_rate": 0.82,
  "override_success_rate": 0.8943089430894309,
  "mean_intervention_delay": 0.0,
  "operator_workload": 0.82,
  "mean_drift": 7.8911284178129915,
  "p95_drift": 30.70307570425178,
  "mean_latency_ms": 2.564255560282618,
  "risk_mean": 0.9280662157249958,
  "risk_p05": 0.6076543320168273,
  "risk_p25": 1.0,
  "risk_p50": 1.0,
  "risk_p75": 1.0,
  "risk_p95": 1.0,
  "separation_risk_mean": 0.7129936131481178,
  "congestion_risk_mean": 0.4034192814078789,
  "speed_risk_mean": 0.7232077449516068,
  "uncertainty_risk_mean": 0.6330069289218498,
  "human_activation_count": 123,
  "cooldown_skips": 27,
  "suppressed_request_count": 27,
  "suppressed_critical_count": 0,
  "cooldown_release_count": 121,
  "critical_override_count": 121,
  "critical_trigger_rate": 0.8066666666666666,
  "trigger_active_rate": 1.0,
  "confidence_mean": 0.9500000000000002,
  "false_intervention_rate": 0.024390243902439025,
  "repeated_intervention_rate": 0.9349593495934959,
  "post_intervention_violation_rate": 0.08888888888888889,
  "mean_drift_after_intervention": 8.744374291102579,
  "min_predicted_distance_mean": 0.5957923414291267
}