{
  "violation_rate": 0.07333333333333333,
  "collision_rate": 0.0,
  "near_miss_rate": 0.18666666666666668,
  "intervention_rate": 0.7666666666666667,
  "override_success_rate": 0.9043478260869565,
  "mean_intervention_delay": 0.0,
  "operator_workload": 0.7666666666666667,
  "mean_drift": 9.841158537460048,
  "p95_drift": 25.29681200715037,
  "mean_latency_ms": 0.42606553916508955,
  "risk_mean": 0.8451893616606975,
  "risk_p05": 0.2159999999999197,
  "risk_p25": 1.0,
  "risk_p50": 1.0,
  "risk_p75": 1.0,
  "risk_p95": 1.0,
  "separation_risk_mean": 0.22297942984914612,
  "congestion_risk_mean": 0.11566131080707232,
  "speed_risk_mean": 0.9334285183586523,
  "uncertainty_risk_mean": 0.6390748144865775,
  "human_activation_count": 115,
  "cooldown_skips": 0,
  "suppressed_request_count": 0,
  "suppressed_critical_count": 0,
  "cooldown_release_count": 115,
  "critical_override_count": 115,
  "critical_trigger_rate": 0.7666666666666667,
  "trigger_active_rate": 0.7666666666666667,
  "confidence_mean": 0.9500000000000002,
  "false_intervention_rate": 0.017391304347826087,
  "repeated_intervention_rate": 0.991304347826087,
  "post_intervention_violation_rate": 0.09649122807017543,
  "mean_drift_after_intervention": 11.186970473025422,
  "min_predicted_distance_mean": 3.3443639261695965
}