{
  "violation_rate": 0.07333333333333333,
  "collision_rate": 0.0,
  "near_miss_rate": 1.2666666666666666,
  "intervention_rate": 0.7666666666666667,
  "override_success_rate": 0.9043478260869565,
  "mean_intervention_delay": 0.0,
  "operator_workload": 0.7666666666666667,
  "mean_drift": 11.949474578569419,
  "p95_drift": 38.08147707494849,
  "mean_latency_ms": 0.855165550019592,
  "risk_mean": 0.8590800582956757,
  "risk_p05": 0.383899493851325,
  "risk_p25": 0.6574402425948562,
  "risk_p50": 1.0,
  "risk_p75": 1.0,
  "risk_p95": 1.0,
  "separation_risk_mean": 0.627844430478122,
  "congestion_risk_mean": 0.45954249330292907,
  "speed_risk_mean": 0.9116724541390527,
  "uncertainty_risk_mean": 0.6351287754987059,
  "human_activation_count": 115,
  "cooldown_skips": 35,
  "suppressed_request_count": 35,
  "suppressed_critical_count": 0,
  "cooldown_release_count": 109,
  "critical_override_count": 109,
  "critical_trigger_rate": 0.7266666666666667,
  "trigger_active_rate": 1.0,
  "confidence_mean": 0.9500000000000002,
  "false_intervention_rate": 0.06086956521739131,
  "repeated_intervention_rate": 0.9304347826086956,
  "post_intervention_violation_rate": 0.0859375,
  "mean_drift_after_intervention": 14.077243044138918,
  "min_predicted_distance_mean": 0.8915204929856825
}