{
  "violation_rate": 0.06666666666666667,
  "collision_rate": 0.0,
  "near_miss_rate": 0.30666666666666664,
  "intervention_rate": 0.9933333333333333,
  "override_success_rate": 0.9328859060402684,
  "mean_intervention_delay": 0.0,
  "operator_workload": 0.9933333333333333,
  "mean_drift": 15.487893069140501,
  "p95_drift": 25.789910716514513,
  "mean_latency_ms": 0.6275603012181818,
  "risk_mean": 0.994973333333333,
  "risk_p05": 1.0,
  "risk_p25": 1.0,
  "risk_p50": 1.0,
  "risk_p75": 1.0,
  "risk_p95": 1.0,
  "separation_risk_mean": 0.260869826678201,
  "congestion_risk_mean": 0.1345566174396023,
  "speed_risk_mean": 0.9999999999996347,
  "uncertainty_risk_mean": 0.64,
  "human_activation_count": 149,
  "cooldown_skips": 0,
  "suppressed_request_count": 0,
  "suppressed_critical_count": 0,
  "cooldown_release_count": 149,
  "critical_override_count": 149,
  "critical_trigger_rate": 0.9933333333333333,
  "trigger_active_rate": 0.9933333333333333,
  "confidence_mean": 0.9500000000000002,
  "false_intervention_rate": 0.026845637583892617,
  "repeated_intervention_rate": 0.9932885906040269,
  "post_intervention_violation_rate": 0.06756756756756757,
  "mean_drift_after_intervention": 15.475960798400505,
  "min_predicted_distance_mean": 7.6967089485389355
}