{
  "violation_rate": 0.06666666666666667,
  "collision_rate": 0.0,
  "near_miss_rate": 0.0,
  "intervention_rate": 0.8133333333333334,
  "override_success_rate": 0.9180327868852459,
  "mean_intervention_delay": 0.0,
  "operator_workload": 0.8133333333333334,
  "mean_drift": 17.058517308076123,
  "p95_drift": 34.406118907929084,
  "mean_latency_ms": 0.529988588920484,
  "risk_mean": 0.839240266142612,
  "risk_p05": 0.26999999999992635,
  "risk_p25": 1.0,
  "risk_p50": 1.0,
  "risk_p75": 1.0,
  "risk_p95": 1.0,
  "separation_risk_mean": 0.0018682241753193588,
  "congestion_risk_mean": 0.005287653180258432,
  "speed_risk_mean": 0.9429963537242918,
  "uncertainty_risk_mean": 0.9996287909022689,
  "human_activation_count": 122,
  "cooldown_skips": 28,
  "suppressed_request_count": 28,
  "suppressed_critical_count": 0,
  "cooldown_release_count": 116,
  "critical_override_count": 116,
  "critical_trigger_rate": 0.7733333333333333,
  "trigger_active_rate": 1.0,
  "confidence_mean": 0.9500000000000002,
  "false_intervention_rate": 0.08196721311475409,
  "repeated_intervention_rate": 0.9426229508196722,
  "post_intervention_violation_rate": 0.07518796992481203,
  "mean_drift_after_intervention": 19.233983426291502,
  "min_predicted_distance_mean": 8.585894782880818
}