{
  "violation_rate": 0.25333333333333335,
  "collision_rate": 0.0,
  "near_miss_rate": 0.3,
  "intervention_rate": 0.7666666666666667,
  "override_success_rate": 0.6695652173913044,
  "mean_intervention_delay": 1.0,
  "operator_workload": 0.7666666666666667,
  "mean_drift": 7.9509270229998155,
  "p95_drift": 22.77788467192932,
  "mean_latency_ms": 0.6754999949286381,
  "risk_mean": 0.8568451179620661,
  "risk_p05": 0.36534803263467097,
  "risk_p25": 0.6461561004536803,
  "risk_p50": 1.0,
  "risk_p75": 1.0,
  "risk_p95": 1.0,
  "separation_risk_mean": 0.3822690252544758,
  "congestion_risk_mean": 0.2319405719029163,
  "speed_risk_mean": 0.8433412496855789,
  "uncertainty_risk_mean": 0.6304033706676051,
  "human_activation_count": 115,
  "cooldown_skips": 35,
  "suppressed_request_count": 35,
  "suppressed_critical_count": 0,
  "cooldown_release_count": 107,
  "critical_override_count": 107,
  "critical_trigger_rate": 0.7133333333333334,
  "trigger_active_rate": 1.0,
  "confidence_mean": 0.8179755651584631,
  "false_intervention_rate": 0.06956521739130435,
  "repeated_intervention_rate": 0.9304347826086956,
  "post_intervention_violation_rate": 0.2890625,
  "mean_drift_after_intervention": 9.568514662604313,
  "min_predicted_distance_mean": 1.932936437938716
}