{
  "violation_rate": 0.006666666666666667,
  "collision_rate": 0.0,
  "near_miss_rate": 0.14666666666666667,
  "intervention_rate": 0.16666666666666666,
  "override_success_rate": 0.96,
  "mean_intervention_delay": 0.0,
  "operator_workload": 0.16666666666666666,
  "mean_drift": 9.36518196305985,
  "p95_drift": 25.709325281435078,
  "mean_latency_ms": 0.5763391865184531,
  "risk_mean": 0.31366033542805977,
  "risk_p95": 0.6269108460673389,
  "separation_risk_mean": 0.12907340068354803,
  "congestion_risk_mean": 0.07339181772614504,
  "speed_risk_mean": 0.941529004592846,
  "uncertainty_risk_mean": 0.64,
  "human_activation_count": 25,
  "cooldown_skips": 125,
  "trigger_active_rate": 1.0,
  "confidence_mean": 0.9500000000000002,
  "false_intervention_rate": 0.2
}