{
  "violation_rate": 0.35333333333333333,
  "collision_rate": 0.0,
  "near_miss_rate": 0.0,
  "intervention_rate": 0.8333333333333334,
  "override_success_rate": 0.576,
  "mean_intervention_delay": 0.0,
  "operator_workload": 0.8333333333333334,
  "mean_drift": 16.593268544439052,
  "p95_drift": 31.065919816215263,
  "mean_latency_ms": 0.8231827934893469,
  "risk_mean": 0.8712336084680231,
  "risk_p05": 0.2459999999999154,
  "risk_p25": 1.0,
  "risk_p50": 1.0,
  "risk_p75": 1.0,
  "risk_p95": 1.0,
  "separation_risk_mean": 0.04836690164194231,
  "congestion_risk_mean": 0.022527802367098285,
  "speed_risk_mean": 0.9695711997674509,
  "uncertainty_risk_mean": 0.64,
  "human_activation_count": 125,
  "cooldown_skips": 25,
  "suppressed_request_count": 25,
  "suppressed_critical_count": 0,
  "cooldown_release_count": 120,
  "critical_override_count": 120,
  "critical_trigger_rate": 0.8,
  "trigger_active_rate": 1.0,
  "confidence_mean": 0.75,
  "false_intervention_rate": 0.056,
  "repeated_intervention_rate": 0.952,
  "post_intervention_violation_rate": 0.39552238805970147,
  "mean_drift_after_intervention": 18.474566103819445,
  "min_predicted_distance_mean": 6.731975777549742
}