{
  "violation_rate": 0.12,
  "collision_rate": 0.02,
  "near_miss_rate": 0.5733333333333334,
  "intervention_rate": 0.7333333333333333,
  "override_success_rate": 0.8363636363636363,
  "mean_intervention_delay": 0.0,
  "operator_workload": 0.7333333333333333,
  "mean_drift": 11.377204380358261,
  "p95_drift": 19.18456027643953,
  "mean_latency_ms": 0.6487736175768077,
  "risk_mean": 0.813852066051406,
  "risk_p05": 0.2459999999998776,
  "risk_p25": 0.5524047330858398,
  "risk_p50": 1.0,
  "risk_p75": 1.0,
  "risk_p95": 1.0,
  "separation_risk_mean": 0.5462746110358542,
  "congestion_risk_mean": 0.31438571068434995,
  "speed_risk_mean": 0.971495798513982,
  "uncertainty_risk_mean": 0.6355500939229817,
  "human_activation_count": 110,
  "cooldown_skips": 40,
  "suppressed_request_count": 40,
  "suppressed_critical_count": 0,
  "cooldown_release_count": 108,
  "critical_override_count": 108,
  "critical_trigger_rate": 0.72,
  "trigger_active_rate": 1.0,
  "confidence_mean": 0.9500000000000002,
  "false_intervention_rate": 0.03636363636363636,
  "repeated_intervention_rate": 0.9727272727272728,
  "post_intervention_violation_rate": 0.1504424778761062,
  "mean_drift_after_intervention": 13.756966998575189,
  "min_predicted_distance_mean": 1.1140186627793611
}