{
  "violation_rate": 0.06,
  "collision_rate": 0.0,
  "near_miss_rate": 0.06666666666666667,
  "intervention_rate": 0.9866666666666667,
  "override_success_rate": 0.9391891891891891,
  "mean_intervention_delay": 0.0,
  "operator_workload": 0.9866666666666667,
  "mean_drift": 15.09735329056944,
  "p95_drift": 31.03390755911944,
  "mean_latency_ms": 0.5587022410084804,
  "risk_mean": 0.9899466666666661,
  "risk_p05": 1.0,
  "risk_p25": 1.0,
  "risk_p50": 1.0,
  "risk_p75": 1.0,
  "risk_p95": 1.0,
  "separation_risk_mean": 0.07613475587057394,
  "congestion_risk_mean": 0.060196303617845656,
  "speed_risk_mean": 0.9299386008595093,
  "uncertainty_risk_mean": 0.64,
  "human_activation_count": 148,
  "cooldown_skips": 0,
  "suppressed_request_count": 0,
  "suppressed_critical_count": 0,
  "cooldown_release_count": 148,
  "critical_override_count": 148,
  "critical_trigger_rate": 0.9866666666666667,
  "trigger_active_rate": 0.9866666666666667,
  "confidence_mean": 0.9500000000000002,
  "false_intervention_rate": 0.02702702702702703,
  "repeated_intervention_rate": 0.9932432432432432,
  "post_intervention_violation_rate": 0.061224489795918366,
  "mean_drift_after_intervention": 15.092059835584616,
  "min_predicted_distance_mean": 7.865055412378927
}