{
  "violation_rate": 0.08,
  "collision_rate": 0.0,
  "near_miss_rate": 0.0,
  "intervention_rate": 0.7733333333333333,
  "override_success_rate": 0.896551724137931,
  "mean_intervention_delay": 0.0,
  "operator_workload": 0.7733333333333333,
  "mean_drift": 15.38133175756854,
  "p95_drift": 32.13158763003189,
  "mean_latency_ms": 0.4347011089945833,
  "risk_mean": 0.8662509175954289,
  "risk_p05": 0.44599999999980644,
  "risk_p25": 0.644538278132822,
  "risk_p50": 1.0,
  "risk_p75": 1.0,
  "risk_p95": 1.0,
  "separation_risk_mean": 0.05191872423276022,
  "congestion_risk_mean": 0.029246724438198028,
  "speed_risk_mean": 0.9865925004785341,
  "uncertainty_risk_mean": 0.64,
  "human_activation_count": 116,
  "cooldown_skips": 34,
  "suppressed_request_count": 34,
  "suppressed_critical_count": 0,
  "cooldown_release_count": 109,
  "critical_override_count": 109,
  "critical_trigger_rate": 0.7266666666666667,
  "trigger_active_rate": 1.0,
  "confidence_mean": 0.9500000000000002,
  "false_intervention_rate": 0.07758620689655173,
  "repeated_intervention_rate": 0.9310344827586207,
  "post_intervention_violation_rate": 0.09302325581395349,
  "mean_drift_after_intervention": 17.430880106735845,
  "min_predicted_distance_mean": 4.634264339753552
}