{
  "violation_rate": 0.06,
  "collision_rate": 0.0,
  "near_miss_rate": 0.38,
  "intervention_rate": 0.94,
  "override_success_rate": 0.9361702127659575,
  "mean_intervention_delay": 0.0,
  "operator_workload": 0.94,
  "mean_drift": 16.424028791481813,
  "p95_drift": 30.03820037545185,
  "mean_latency_ms": 0.49216582207009196,
  "risk_mean": 0.9547599999999979,
  "risk_p05": 0.24599999999996983,
  "risk_p25": 1.0,
  "risk_p50": 1.0,
  "risk_p75": 1.0,
  "risk_p95": 1.0,
  "separation_risk_mean": 0.31488437824572735,
  "congestion_risk_mean": 0.16575663281133882,
  "speed_risk_mean": 0.9964753345740139,
  "uncertainty_risk_mean": 0.64,
  "human_activation_count": 141,
  "cooldown_skips": 0,
  "suppressed_request_count": 0,
  "suppressed_critical_count": 0,
  "cooldown_release_count": 141,
  "critical_override_count": 141,
  "critical_trigger_rate": 0.94,
  "trigger_active_rate": 0.94,
  "confidence_mean": 0.9500000000000002,
  "false_intervention_rate": 0.014184397163120567,
  "repeated_intervention_rate": 0.9929078014184397,
  "post_intervention_violation_rate": 0.06428571428571428,
  "mean_drift_after_intervention": 15.851775804571785,
  "min_predicted_distance_mean": 6.516271613622772
}