{
  "violation_rate": 0.06666666666666667,
  "collision_rate": 0.0,
  "near_miss_rate": 0.013333333333333334,
  "intervention_rate": 0.7933333333333333,
  "override_success_rate": 0.9159663865546218,
  "mean_intervention_delay": 0.0,
  "operator_workload": 0.7933333333333333,
  "mean_drift": 9.726980340854402,
  "p95_drift": 20.627448522864558,
  "mean_latency_ms": 0.530235783662647,
  "risk_mean": 0.8162600094029381,
  "risk_p05": 0.21599999999990252,
  "risk_p25": 0.733736420046256,
  "risk_p50": 1.0,
  "risk_p75": 1.0,
  "risk_p95": 1.0,
  "separation_risk_mean": 0.025428178802752804,
  "congestion_risk_mean": 0.01692820122926814,
  "speed_risk_mean": 0.8565947240595858,
  "uncertainty_risk_mean": 0.64,
  "human_activation_count": 119,
  "cooldown_skips": 31,
  "suppressed_request_count": 31,
  "suppressed_critical_count": 0,
  "cooldown_release_count": 112,
  "critical_override_count": 112,
  "critical_trigger_rate": 0.7466666666666667,
  "trigger_active_rate": 1.0,
  "confidence_mean": 0.9500000000000002,
  "false_intervention_rate": 0.09243697478991597,
  "repeated_intervention_rate": 0.9327731092436975,
  "post_intervention_violation_rate": 0.07633587786259542,
  "mean_drift_after_intervention": 11.29009021698089,
  "min_predicted_distance_mean": 12.742183892653838
}