{
  "violation_rate": 0.02,
  "collision_rate": 0.006666666666666667,
  "near_miss_rate": 0.72,
  "intervention_rate": 0.09333333333333334,
  "override_success_rate": 0.8571428571428571,
  "mean_intervention_delay": 0.0,
  "operator_workload": 0.09333333333333334,
  "mean_drift": 16.056222504854436,
  "p95_drift": 48.86854127627887,
  "mean_latency_ms": 0.5126353061253516,
  "risk_mean": 0.5961408846457394,
  "risk_p95": 0.6744999999999828,
  "separation_risk_mean": 0.6026494065930728,
  "congestion_risk_mean": 0.33649904923570784,
  "speed_risk_mean": 0.9712836623101054,
  "uncertainty_risk_mean": 0.6342089334894266,
  "human_activation_count": 14,
  "cooldown_skips": 136,
  "trigger_active_rate": 1.0,
  "confidence_mean": 0.9500000000000002,
  "false_intervention_rate": 0.2857142857142857
}