{
  "violation_rate": 0.02666666666666667,
  "collision_rate": 0.0,
  "near_miss_rate": 0.31333333333333335,
  "intervention_rate": 0.3333333333333333,
  "override_success_rate": 0.96,
  "mean_intervention_delay": 0.0,
  "operator_workload": 0.3333333333333333,
  "mean_drift": 12.224604928927757,
  "p95_drift": 28.851521659505554,
  "mean_latency_ms": 0.7393219604273327,
  "risk_mean": 0.3609470644143884,
  "risk_p95": 0.78799999999996,
  "separation_risk_mean": 0.17585431811417498,
  "congestion_risk_mean": 0.15722555828024903,
  "speed_risk_mean": 0.9786470167923953,
  "uncertainty_risk_mean": 0.638061194493921,
  "human_activation_count": 50,
  "cooldown_skips": 100,
  "trigger_active_rate": 1.0,
  "confidence_mean": 0.9500000000000002,
  "false_intervention_rate": 0.26
}