{
  "violation_rate": 0.0,
  "collision_rate": 0.0,
  "near_miss_rate": 0.6466666666666666,
  "intervention_rate": 0.16666666666666666,
  "override_success_rate": 1.0,
  "mean_intervention_delay": 0.0,
  "operator_workload": 0.16666666666666666,
  "mean_drift": 6.612949898202283,
  "p95_drift": 20.814151017839215,
  "mean_latency_ms": 0.3502079863877346,
  "risk_mean": 0.5342578506773873,
  "risk_p95": 0.6726818171168318,
  "separation_risk_mean": 0.5224158623997782,
  "congestion_risk_mean": 0.2991253223665465,
  "speed_risk_mean": 0.8622744355475808,
  "uncertainty_risk_mean": 0.6336547778247547,
  "human_activation_count": 25,
  "cooldown_skips": 125,
  "trigger_active_rate": 1.0,
  "confidence_mean": 1.0,
  "false_intervention_rate": 0.24
}