{
  "violation_rate": 0.17333333333333334,
  "collision_rate": 0.0,
  "near_miss_rate": 0.31333333333333335,
  "intervention_rate": 0.16666666666666666,
  "override_success_rate": 0.44,
  "mean_intervention_delay": 5.0,
  "operator_workload": 0.16666666666666666,
  "mean_drift": 12.41416694635016,
  "p95_drift": 28.979471725045276,
  "mean_latency_ms": 0.9474735932114223,
  "risk_mean": 0.3774602258555076,
  "risk_p95": 0.7879999999999611,
  "separation_risk_mean": 0.1974348356874484,
  "congestion_risk_mean": 0.182451259649606,
  "speed_risk_mean": 0.9816458191554651,
  "uncertainty_risk_mean": 0.6383657467362299,
  "human_activation_count": 25,
  "cooldown_skips": 125,
  "trigger_active_rate": 1.0,
  "confidence_mean": 0.8499142448521452,
  "false_intervention_rate": 0.28
}