{
  "violation_rate": 0.0,
  "collision_rate": 0.0,
  "near_miss_rate": 0.02666666666666667,
  "intervention_rate": 0.7933333333333333,
  "override_success_rate": 1.0,
  "mean_intervention_delay": 0.0,
  "operator_workload": 0.7933333333333333,
  "mean_drift": 12.691955243690678,
  "p95_drift": 34.398036270615776,
  "mean_latency_ms": 0.4533213547741373,
  "risk_mean": 0.833571902577683,
  "risk_p05": 0.24599999999981143,
  "risk_p25": 0.7449410637817881,
  "risk_p50": 1.0,
  "risk_p75": 1.0,
  "risk_p95": 1.0,
  "separation_risk_mean": 0.04817425226529435,
  "congestion_risk_mean": 0.034052886365943516,
  "speed_risk_mean": 0.9816414261083571,
  "uncertainty_risk_mean": 0.6399164786837332,
  "human_activation_count": 119,
  "cooldown_skips": 31,
  "suppressed_request_count": 31,
  "suppressed_critical_count": 0,
  "cooldown_release_count": 112,
  "critical_override_count": 112,
  "critical_trigger_rate": 0.7466666666666667,
  "trigger_active_rate": 1.0,
  "confidence_mean": 0.9500000000000002,
  "false_intervention_rate": 0.10084033613445378,
  "repeated_intervention_rate": 0.9327731092436975,
  "post_intervention_violation_rate": 0.0,
  "mean_drift_after_intervention": 14.663367550396021,
  "min_predicted_distance_mean": 4.402604654506788
}