{
  "violation_rate": 0.08,
  "collision_rate": 0.0,
  "near_miss_rate": 0.05333333333333334,
  "intervention_rate": 0.7333333333333333,
  "override_success_rate": 0.8909090909090909,
  "mean_intervention_delay": 0.0,
  "operator_workload": 0.7333333333333333,
  "mean_drift": 13.394124977994133,
  "p95_drift": 30.934893526926967,
  "mean_latency_ms": 0.4535207920707762,
  "risk_mean": 0.8259302358291708,
  "risk_p05": 0.2572314605636324,
  "risk_p25": 0.5067687538365324,
  "risk_p50": 1.0,
  "risk_p75": 1.0,
  "risk_p95": 1.0,
  "separation_risk_mean": 0.09323699017400014,
  "congestion_risk_mean": 0.07903466773427419,
  "speed_risk_mean": 0.9684364533583921,
  "uncertainty_risk_mean": 0.6210091324594265,
  "human_activation_count": 110,
  "cooldown_skips": 40,
  "suppressed_request_count": 40,
  "suppressed_critical_count": 0,
  "cooldown_release_count": 106,
  "critical_override_count": 106,
  "critical_trigger_rate": 0.7066666666666667,
  "trigger_active_rate": 1.0,
  "confidence_mean": 0.9500000000000002,
  "false_intervention_rate": 0.045454545454545456,
  "repeated_intervention_rate": 0.9545454545454546,
  "post_intervention_violation_rate": 0.10256410256410256,
  "mean_drift_after_intervention": 16.080480429384313,
  "min_predicted_distance_mean": 2.793037030785292
}