{
  "violation_rate": 0.0,
  "collision_rate": 0.0,
  "near_miss_rate": 0.21333333333333335,
  "intervention_rate": 0.05333333333333334,
  "override_success_rate": 1.0,
  "mean_intervention_delay": 0.0,
  "operator_workload": 0.05333333333333334,
  "mean_drift": 13.55306820786727,
  "p95_drift": 29.525677981737278,
  "mean_latency_ms": 0.7112463999267978,
  "risk_mean": 0.3918923520840852,
  "risk_p95": 0.681923235990509,
  "separation_risk_mean": 0.2444909126417894,
  "congestion_risk_mean": 0.1546753501272429,
  "speed_risk_mean": 0.9853612764569385,
  "uncertainty_risk_mean": 0.63598941596619,
  "human_activation_count": 8,
  "cooldown_skips": 40,
  "trigger_active_rate": 0.30666666666666664,
  "confidence_mean": 0.9500000000000002,
  "false_intervention_rate": 0.75
}