{
  "violation_rate": 0.04,
  "collision_rate": 0.0,
  "near_miss_rate": 0.18,
  "intervention_rate": 0.78,
  "override_success_rate": 0.9487179487179487,
  "mean_intervention_delay": 0.0,
  "operator_workload": 0.78,
  "mean_drift": 9.918123911085788,
  "p95_drift": 25.273580040257915,
  "mean_latency_ms": 0.4291511559858918,
  "risk_mean": 0.8437138172605312,
  "risk_p05": 0.21599999999991867,
  "risk_p25": 1.0,
  "risk_p50": 1.0,
  "risk_p75": 1.0,
  "risk_p95": 1.0,
  "separation_risk_mean": 0.2162689417641306,
  "congestion_risk_mean": 0.11235073983761384,
  "speed_risk_mean": 0.9367594261375795,
  "uncertainty_risk_mean": 0.6390748144865775,
  "human_activation_count": 117,
  "cooldown_skips": 25,
  "suppressed_request_count": 25,
  "suppressed_critical_count": 0,
  "cooldown_release_count": 115,
  "critical_override_count": 115,
  "critical_trigger_rate": 0.7666666666666667,
  "trigger_active_rate": 0.9466666666666667,
  "confidence_mean": 0.9500000000000002,
  "false_intervention_rate": 0.03418803418803419,
  "repeated_intervention_rate": 0.9743589743589743,
  "post_intervention_violation_rate": 0.05,
  "mean_drift_after_intervention": 11.204621379654204,
  "min_predicted_distance_mean": 3.3352269042973695
}