{
  "violation_rate": 0.08666666666666667,
  "collision_rate": 0.0,
  "near_miss_rate": 0.32,
  "intervention_rate": 0.76,
  "override_success_rate": 0.8859649122807017,
  "mean_intervention_delay": 0.0,
  "operator_workload": 0.76,
  "mean_drift": 12.274774122158465,
  "p95_drift": 28.683912186750916,
  "mean_latency_ms": 0.5114950325029591,
  "risk_mean": 0.8238875814069462,
  "risk_p05": 0.24599999999988723,
  "risk_p25": 1.0,
  "risk_p50": 1.0,
  "risk_p75": 1.0,
  "risk_p95": 1.0,
  "separation_risk_mean": 0.17536901347476316,
  "congestion_risk_mean": 0.15404685194065634,
  "speed_risk_mean": 0.9626773044147744,
  "uncertainty_risk_mean": 0.6379323874773102,
  "human_activation_count": 114,
  "cooldown_skips": 5,
  "suppressed_request_count": 5,
  "suppressed_critical_count": 0,
  "cooldown_release_count": 113,
  "critical_override_count": 113,
  "critical_trigger_rate": 0.7533333333333333,
  "trigger_active_rate": 0.7933333333333333,
  "confidence_mean": 0.9500000000000002,
  "false_intervention_rate": 0.02631578947368421,
  "repeated_intervention_rate": 0.9824561403508771,
  "post_intervention_violation_rate": 0.11304347826086956,
  "mean_drift_after_intervention": 13.981087592141876,
  "min_predicted_distance_mean": 5.253303901697066
}