{
  "violation_rate": 0.04,
  "collision_rate": 0.0,
  "near_miss_rate": 0.06,
  "intervention_rate": 0.72,
  "override_success_rate": 0.9444444444444444,
  "mean_intervention_delay": 0.0,
  "operator_workload": 0.72,
  "mean_drift": 6.456046980059731,
  "p95_drift": 16.316086551026107,
  "mean_latency_ms": 0.47100829891860485,
  "risk_mean": 0.8068673443334257,
  "risk_p05": 0.34399999999988207,
  "risk_p25": 0.5054498054646898,
  "risk_p50": 1.0,
  "risk_p75": 1.0,
  "risk_p95": 1.0,
  "separation_risk_mean": 0.06416226456591545,
  "congestion_risk_mean": 0.04573296151193967,
  "speed_risk_mean": 0.8866852953584392,
  "uncertainty_risk_mean": 0.6334924921537425,
  "human_activation_count": 108,
  "cooldown_skips": 42,
  "suppressed_request_count": 42,
  "suppressed_critical_count": 0,
  "cooldown_release_count": 100,
  "critical_override_count": 100,
  "critical_trigger_rate": 0.6666666666666666,
  "trigger_active_rate": 1.0,
  "confidence_mean": 0.9500000000000002,
  "false_intervention_rate": 0.1111111111111111,
  "repeated_intervention_rate": 0.9074074074074074,
  "post_intervention_violation_rate": 0.048,
  "mean_drift_after_intervention": 7.961561051811276,
  "min_predicted_distance_mean": 7.994220205335902
}