{
  "violation_rate": 0.07333333333333333,
  "collision_rate": 0.0,
  "near_miss_rate": 0.03333333333333333,
  "intervention_rate": 0.7666666666666667,
  "override_success_rate": 0.9043478260869565,
  "mean_intervention_delay": 0.0,
  "operator_workload": 0.7666666666666667,
  "mean_drift": 14.619047036365638,
  "p95_drift": 39.1333484778158,
  "mean_latency_ms": 0.5264214069272081,
  "risk_mean": 0.7980899071457453,
  "risk_p05": 0.23621095752370969,
  "risk_p25": 0.4548086116282252,
  "risk_p50": 1.0,
  "risk_p75": 1.0,
  "risk_p95": 1.0,
  "separation_risk_mean": 0.020631304056139346,
  "congestion_risk_mean": 0.026217962684927546,
  "speed_risk_mean": 0.9620761274583765,
  "uncertainty_risk_mean": 0.6337327368696979,
  "human_activation_count": 115,
  "cooldown_skips": 35,
  "suppressed_request_count": 35,
  "suppressed_critical_count": 0,
  "cooldown_release_count": 108,
  "critical_override_count": 108,
  "critical_trigger_rate": 0.72,
  "trigger_active_rate": 1.0,
  "confidence_mean": 0.9500000000000002,
  "false_intervention_rate": 0.09565217391304348,
  "repeated_intervention_rate": 0.9304347826086956,
  "post_intervention_violation_rate": 0.0859375,
  "mean_drift_after_intervention": 17.17193934208553,
  "min_predicted_distance_mean": 9.82293199426961
}