{
  "violation_rate": 0.16,
  "collision_rate": 0.0,
  "near_miss_rate": 0.0,
  "intervention_rate": 0.8333333333333334,
  "override_success_rate": 0.808,
  "mean_intervention_delay": 0.0,
  "operator_workload": 0.8333333333333334,
  "mean_drift": 16.564233395112716,
  "p95_drift": 30.847213102405256,
  "mean_latency_ms": 0.5357421624163786,
  "risk_mean": 0.8712336084680231,
  "risk_p05": 0.2459999999999154,
  "risk_p25": 1.0,
  "risk_p50": 1.0,
  "risk_p75": 1.0,
  "risk_p95": 1.0,
  "separation_risk_mean": 0.04920774605196069,
  "congestion_risk_mean": 0.02282020147488083,
  "speed_risk_mean": 0.9695711997674501,
  "uncertainty_risk_mean": 0.64,
  "human_activation_count": 125,
  "cooldown_skips": 25,
  "suppressed_request_count": 25,
  "suppressed_critical_count": 0,
  "cooldown_release_count": 120,
  "critical_override_count": 120,
  "critical_trigger_rate": 0.8,
  "trigger_active_rate": 1.0,
  "confidence_mean": 0.9000000000000004,
  "false_intervention_rate": 0.056,
  "repeated_intervention_rate": 0.952,
  "post_intervention_violation_rate": 0.1791044776119403,
  "mean_drift_after_intervention": 18.439723924627838,
  "min_predicted_distance_mean": 6.666991948623953
}