{
  "violation_rate": 0.7533333333333333,
  "collision_rate": 0.26,
  "near_miss_rate": 0.7133333333333334,
  "intervention_rate": 0.9266666666666666,
  "override_success_rate": 0.18705035971223022,
  "mean_intervention_delay": 0.0,
  "operator_workload": 0.9266666666666666,
  "mean_drift": 12.29190326831873,
  "p95_drift": 34.79072752305372,
  "mean_latency_ms": 1.6183630772866309,
  "risk_mean": 0.9749668713448485,
  "risk_p05": 0.6682277461367659,
  "risk_p25": 1.0,
  "risk_p50": 1.0,
  "risk_p75": 1.0,
  "risk_p95": 1.0,
  "separation_risk_mean": 0.7394667893869066,
  "congestion_risk_mean": 0.4390526988670833,
  "speed_risk_mean": 0.5808502879642929,
  "uncertainty_risk_mean": 0.6365352836035922,
  "human_activation_count": 139,
  "cooldown_skips": 11,
  "suppressed_request_count": 11,
  "suppressed_critical_count": 0,
  "cooldown_release_count": 139,
  "critical_override_count": 139,
  "critical_trigger_rate": 0.9266666666666666,
  "trigger_active_rate": 1.0,
  "confidence_mean": 0.5,
  "false_intervention_rate": 0.0,
  "repeated_intervention_rate": 0.9424460431654677,
  "post_intervention_violation_rate": 0.7619047619047619,
  "mean_drift_after_intervention": 12.907814486105677,
  "min_predicted_distance_mean": 0.41105899496309795
}