{
  "violation_rate": 0.04666666666666667,
  "collision_rate": 0.0,
  "near_miss_rate": 0.3,
  "intervention_rate": 0.7466666666666667,
  "override_success_rate": 0.9375,
  "mean_intervention_delay": 0.0,
  "operator_workload": 0.7466666666666667,
  "mean_drift": 8.081400424416668,
  "p95_drift": 21.609713633071156,
  "mean_latency_ms": 0.4201680328696966,
  "risk_mean": 0.8609080476260821,
  "risk_p05": 0.36355105719928577,
  "risk_p25": 0.6464352499623797,
  "risk_p50": 1.0,
  "risk_p75": 1.0,
  "risk_p95": 1.0,
  "separation_risk_mean": 0.3629222276499234,
  "congestion_risk_mean": 0.2212458283940295,
  "speed_risk_mean": 0.8348926673155864,
  "uncertainty_risk_mean": 0.6278421646480616,
  "human_activation_count": 112,
  "cooldown_skips": 25,
  "suppressed_request_count": 25,
  "suppressed_critical_count": 0,
  "cooldown_release_count": 108,
  "critical_override_count": 108,
  "critical_trigger_rate": 0.72,
  "trigger_active_rate": 0.9133333333333333,
  "confidence_mean": 0.9500000000000002,
  "false_intervention_rate": 0.05357142857142857,
  "repeated_intervention_rate": 0.9464285714285714,
  "post_intervention_violation_rate": 0.05785123966942149,
  "mean_drift_after_intervention": 9.89390927730112,
  "min_predicted_distance_mean": 2.0065649147512143
}