{
  "violation_rate": 0.10666666666666667,
  "collision_rate": 0.0,
  "near_miss_rate": 0.04,
  "intervention_rate": 0.7666666666666667,
  "override_success_rate": 0.8608695652173913,
  "mean_intervention_delay": 0.0,
  "operator_workload": 0.7666666666666667,
  "mean_drift": 15.033583886567843,
  "p95_drift": 32.854001573283696,
  "mean_latency_ms": 0.5664388881996274,
  "risk_mean": 0.8231073103561038,
  "risk_p05": 0.18399999999993527,
  "risk_p25": 1.0,
  "risk_p50": 1.0,
  "risk_p75": 1.0,
  "risk_p95": 1.0,
  "separation_risk_mean": 0.025961797914708103,
  "congestion_risk_mean": 0.030591219479687924,
  "speed_risk_mean": 0.9682796156600667,
  "uncertainty_risk_mean": 0.64,
  "human_activation_count": 115,
  "cooldown_skips": 10,
  "suppressed_request_count": 10,
  "suppressed_critical_count": 0,
  "cooldown_release_count": 114,
  "critical_override_count": 114,
  "critical_trigger_rate": 0.76,
  "trigger_active_rate": 0.82,
  "confidence_mean": 0.9500000000000002,
  "false_intervention_rate": 0.043478260869565216,
  "repeated_intervention_rate": 0.9739130434782609,
  "post_intervention_violation_rate": 0.13559322033898305,
  "mean_drift_after_intervention": 17.26957396570927,
  "min_predicted_distance_mean": 8.133419427987295
}