{
  "violation_rate": 0.04,
  "collision_rate": 0.006666666666666667,
  "near_miss_rate": 0.07333333333333333,
  "intervention_rate": 0.7533333333333333,
  "override_success_rate": 0.9469026548672567,
  "mean_intervention_delay": 0.0,
  "operator_workload": 0.7533333333333333,
  "mean_drift": 10.110666783337217,
  "p95_drift": 22.413709241821035,
  "mean_latency_ms": 0.38610228958229226,
  "risk_mean": 0.8391593232335685,
  "risk_p05": 0.24599999999987002,
  "risk_p25": 0.6589538778178617,
  "risk_p50": 1.0,
  "risk_p75": 1.0,
  "risk_p95": 1.0,
  "separation_risk_mean": 0.08302567526542826,
  "congestion_risk_mean": 0.049110022557898404,
  "speed_risk_mean": 0.9027187489092753,
  "uncertainty_risk_mean": 0.64,
  "human_activation_count": 113,
  "cooldown_skips": 37,
  "suppressed_request_count": 37,
  "suppressed_critical_count": 0,
  "cooldown_release_count": 109,
  "critical_override_count": 109,
  "critical_trigger_rate": 0.7266666666666667,
  "trigger_active_rate": 1.0,
  "confidence_mean": 0.9500000000000002,
  "false_intervention_rate": 0.05309734513274336,
  "repeated_intervention_rate": 0.9557522123893806,
  "post_intervention_violation_rate": 0.041666666666666664,
  "mean_drift_after_intervention": 11.27105926675026,
  "min_predicted_distance_mean": 4.835100095291686
}