{
  "violation_rate": 0.04,
  "collision_rate": 0.0,
  "near_miss_rate": 0.17333333333333334,
  "intervention_rate": 1.0,
  "override_success_rate": 0.96,
  "mean_intervention_delay": 0.0,
  "operator_workload": 1.0,
  "mean_drift": 7.552058423247505,
  "p95_drift": 25.634501938757754,
  "mean_latency_ms": 0.3086886137801533,
  "risk_mean": 0.331677892231626,
  "risk_p95": 0.5981456987584075,
  "separation_risk_mean": 0.19841190035711495,
  "congestion_risk_mean": 0.128140023167552,
  "speed_risk_mean": 0.7633198912104373,
  "uncertainty_risk_mean": 0.6390636506498047,
  "human_activation_count": 150,
  "cooldown_skips": 0,
  "trigger_active_rate": 1.0,
  "confidence_mean": 0.9500000000000002,
  "false_intervention_rate": 0.26
}