{
  "violation_rate": 0.013333333333333334,
  "collision_rate": 0.0,
  "near_miss_rate": 0.04,
  "intervention_rate": 0.16666666666666666,
  "override_success_rate": 0.96,
  "mean_intervention_delay": 0.0,
  "operator_workload": 0.16666666666666666,
  "mean_drift": 12.51312135814204,
  "p95_drift": 23.95786504101186,
  "mean_latency_ms": 0.6250922863061229,
  "risk_mean": 0.2968487570794316,
  "risk_p95": 0.5316716648827826,
  "separation_risk_mean": 0.08725173177879147,
  "congestion_risk_mean": 0.06583213174828793,
  "speed_risk_mean": 0.9692725732727502,
  "uncertainty_risk_mean": 0.6382437256732736,
  "human_activation_count": 25,
  "cooldown_skips": 125,
  "trigger_active_rate": 1.0,
  "confidence_mean": 0.9500000000000002,
  "false_intervention_rate": 0.28
}