{
  "violation_rate": 0.12,
  "collision_rate": 0.0,
  "near_miss_rate": 0.03333333333333333,
  "intervention_rate": 0.9866666666666667,
  "override_success_rate": 0.8783783783783784,
  "mean_intervention_delay": 0.0,
  "operator_workload": 0.9866666666666667,
  "mean_drift": 14.240295687888144,
  "p95_drift": 35.02175624408753,
  "mean_latency_ms": 0.5555180343799293,
  "risk_mean": 0.9899466666666661,
  "risk_p05": 1.0,
  "risk_p25": 1.0,
  "risk_p50": 1.0,
  "risk_p75": 1.0,
  "risk_p95": 1.0,
  "separation_risk_mean": 0.06976720087342755,
  "congestion_risk_mean": 0.031700683518080496,
  "speed_risk_mean": 0.9999999999995404,
  "uncertainty_risk_mean": 0.64,
  "human_activation_count": 148,
  "cooldown_skips": 0,
  "suppressed_request_count": 0,
  "suppressed_critical_count": 0,
  "cooldown_release_count": 148,
  "critical_override_count": 148,
  "critical_trigger_rate": 0.9866666666666667,
  "trigger_active_rate": 0.9866666666666667,
  "confidence_mean": 0.9500000000000002,
  "false_intervention_rate": 0.02702702702702703,
  "repeated_intervention_rate": 0.9932432432432432,
  "post_intervention_violation_rate": 0.12244897959183673,
  "mean_drift_after_intervention": 14.26612477044346,
  "min_predicted_distance_mean": 8.377315954908196
}