{
  "violation_rate": 0.0,
  "collision_rate": 0.0,
  "near_miss_rate": 0.5866666666666667,
  "intervention_rate": 0.16666666666666666,
  "override_success_rate": 1.0,
  "mean_intervention_delay": 0.0,
  "operator_workload": 0.16666666666666666,
  "mean_drift": 12.165995422497836,
  "p95_drift": 25.53814802663775,
  "mean_latency_ms": 0.4489441590461259,
  "risk_mean": 0.49632440609212636,
  "risk_p95": 0.6493637432422851,
  "separation_risk_mean": 0.469825294723106,
  "congestion_risk_mean": 0.2565825221583681,
  "speed_risk_mean": 0.8335685618477737,
  "uncertainty_risk_mean": 0.6381473909998043,
  "human_activation_count": 25,
  "cooldown_skips": 125,
  "trigger_active_rate": 1.0,
  "confidence_mean": 0.9500000000000002,
  "false_intervention_rate": 0.32
}