{
  "violation_rate": 0.04,
  "collision_rate": 0.0,
  "near_miss_rate": 0.0,
  "intervention_rate": 0.9733333333333334,
  "override_success_rate": 0.958904109589041,
  "mean_intervention_delay": 0.0,
  "operator_workload": 0.9733333333333334,
  "mean_drift": 10.367231554014943,
  "p95_drift": 23.19069640981974,
  "mean_latency_ms": 0.5031761053639153,
  "risk_mean": 0.9798933333333317,
  "risk_p05": 1.0,
  "risk_p25": 1.0,
  "risk_p50": 1.0,
  "risk_p75": 1.0,
  "risk_p95": 1.0,
  "separation_risk_mean": 0.0,
  "congestion_risk_mean": 0.0,
  "speed_risk_mean": 0.9441185627121255,
  "uncertainty_risk_mean": 0.64,
  "human_activation_count": 146,
  "cooldown_skips": 2,
  "suppressed_request_count": 2,
  "suppressed_critical_count": 0,
  "cooldown_release_count": 146,
  "critical_override_count": 146,
  "critical_trigger_rate": 0.9733333333333334,
  "trigger_active_rate": 0.9866666666666667,
  "confidence_mean": 0.9500000000000002,
  "false_intervention_rate": 0.0410958904109589,
  "repeated_intervention_rate": 0.9794520547945206,
  "post_intervention_violation_rate": 0.04081632653061224,
  "mean_drift_after_intervention": 10.171123349539076,
  "min_predicted_distance_mean": 8.282977958163682
}