{
  "violation_rate": 0.7066666666666667,
  "collision_rate": 0.0,
  "near_miss_rate": 0.0,
  "intervention_rate": 0.7866666666666666,
  "override_success_rate": 0.1016949152542373,
  "mean_intervention_delay": 5.0,
  "operator_workload": 0.7866666666666666,
  "mean_drift": 20.319168026593204,
  "p95_drift": 53.65863547643598,
  "mean_latency_ms": 2.2763805727784834,
  "risk_mean": 0.8380403485301107,
  "risk_p05": 0.24599999999991468,
  "risk_p25": 0.6926067254490191,
  "risk_p50": 1.0,
  "risk_p75": 1.0,
  "risk_p95": 1.0,
  "separation_risk_mean": 0.05709478766209447,
  "congestion_risk_mean": 0.028268727331302812,
  "speed_risk_mean": 0.9756068293912095,
  "uncertainty_risk_mean": 0.64,
  "human_activation_count": 118,
  "cooldown_skips": 32,
  "suppressed_request_count": 32,
  "suppressed_critical_count": 0,
  "cooldown_release_count": 112,
  "critical_override_count": 112,
  "critical_trigger_rate": 0.7466666666666667,
  "trigger_active_rate": 1.0,
  "confidence_mean": 0.4775952357021246,
  "false_intervention_rate": 0.09322033898305085,
  "repeated_intervention_rate": 0.9322033898305084,
  "post_intervention_violation_rate": 0.8091603053435115,
  "mean_drift_after_intervention": 23.67060392687574,
  "min_predicted_distance_mean": 6.096941964665296
}