{
  "violation_rate": 0.66,
  "collision_rate": 0.04,
  "near_miss_rate": 0.72,
  "intervention_rate": 0.8,
  "override_success_rate": 0.175,
  "mean_intervention_delay": 0.0,
  "operator_workload": 0.8,
  "mean_drift": 7.964050577525311,
  "p95_drift": 33.32205839063025,
  "mean_latency_ms": 1.5730291775738199,
  "risk_mean": 0.9089804014269498,
  "risk_p05": 0.5512747345509232,
  "risk_p25": 1.0,
  "risk_p50": 1.0,
  "risk_p75": 1.0,
  "risk_p95": 1.0,
  "separation_risk_mean": 0.6968797138256192,
  "congestion_risk_mean": 0.5175009866791633,
  "speed_risk_mean": 0.6182906075140473,
  "uncertainty_risk_mean": 0.6374400709792301,
  "human_activation_count": 120,
  "cooldown_skips": 30,
  "suppressed_request_count": 30,
  "suppressed_critical_count": 0,
  "cooldown_release_count": 116,
  "critical_override_count": 116,
  "critical_trigger_rate": 0.7733333333333333,
  "trigger_active_rate": 1.0,
  "confidence_mean": 0.5,
  "false_intervention_rate": 0.016666666666666666,
  "repeated_intervention_rate": 0.9333333333333333,
  "post_intervention_violation_rate": 0.7293233082706767,
  "mean_drift_after_intervention": 9.027327075812469,
  "min_predicted_distance_mean": 0.8783868819233537
}