{
  "violation_rate": 0.12,
  "collision_rate": 0.0,
  "near_miss_rate": 0.02666666666666667,
  "intervention_rate": 0.76,
  "override_success_rate": 0.8421052631578947,
  "mean_intervention_delay": 0.0,
  "operator_workload": 0.76,
  "mean_drift": 12.669187928939586,
  "p95_drift": 34.289993931405796,
  "mean_latency_ms": 0.5969571958606442,
  "risk_mean": 0.8337618739731092,
  "risk_p05": 0.24599999999981342,
  "risk_p25": 0.7449410637817881,
  "risk_p50": 1.0,
  "risk_p75": 1.0,
  "risk_p95": 1.0,
  "separation_risk_mean": 0.048192358538191794,
  "congestion_risk_mean": 0.03413711989280688,
  "speed_risk_mean": 0.9827131940477517,
  "uncertainty_risk_mean": 0.6399164786837332,
  "human_activation_count": 114,
  "cooldown_skips": 36,
  "suppressed_request_count": 36,
  "suppressed_critical_count": 0,
  "cooldown_release_count": 112,
  "critical_override_count": 112,
  "critical_trigger_rate": 0.7466666666666667,
  "trigger_active_rate": 1.0,
  "confidence_mean": 0.9500000000000002,
  "false_intervention_rate": 0.06140350877192982,
  "repeated_intervention_rate": 0.9649122807017544,
  "post_intervention_violation_rate": 0.15254237288135594,
  "mean_drift_after_intervention": 14.978113370228389,
  "min_predicted_distance_mean": 4.379308561742843
}