{
  "violation_rate": 0.09333333333333334,
  "collision_rate": 0.0,
  "near_miss_rate": 0.0,
  "intervention_rate": 0.7866666666666666,
  "override_success_rate": 0.8813559322033898,
  "mean_intervention_delay": 0.0,
  "operator_workload": 0.7866666666666666,
  "mean_drift": 15.356063606884893,
  "p95_drift": 32.042028405964054,
  "mean_latency_ms": 0.5413585513209304,
  "risk_mean": 0.8350449320955511,
  "risk_p05": 0.21399999999991468,
  "risk_p25": 0.717683293234376,
  "risk_p50": 1.0,
  "risk_p75": 1.0,
  "risk_p95": 1.0,
  "separation_risk_mean": 0.05709478766209447,
  "congestion_risk_mean": 0.02920209774758412,
  "speed_risk_mean": 0.9823452054498792,
  "uncertainty_risk_mean": 0.64,
  "human_activation_count": 118,
  "cooldown_skips": 32,
  "suppressed_request_count": 32,
  "suppressed_critical_count": 0,
  "cooldown_release_count": 112,
  "critical_override_count": 112,
  "critical_trigger_rate": 0.7466666666666667,
  "trigger_active_rate": 1.0,
  "confidence_mean": 0.9500000000000002,
  "false_intervention_rate": 0.09322033898305085,
  "repeated_intervention_rate": 0.9322033898305084,
  "post_intervention_violation_rate": 0.10687022900763359,
  "mean_drift_after_intervention": 17.36157288487365,
  "min_predicted_distance_mean": 4.673173538768175
}