{
  "violation_rate": 0.1,
  "collision_rate": 0.0,
  "near_miss_rate": 0.18,
  "intervention_rate": 0.7733333333333333,
  "override_success_rate": 0.8706896551724138,
  "mean_intervention_delay": 0.0,
  "operator_workload": 0.7733333333333333,
  "mean_drift": 15.357981764904423,
  "p95_drift": 37.569669426672355,
  "mean_latency_ms": 0.46408391014362377,
  "risk_mean": 0.8708173262972503,
  "risk_p05": 0.4801390352029916,
  "risk_p25": 0.6918265807631402,
  "risk_p50": 1.0,
  "risk_p75": 1.0,
  "risk_p95": 1.0,
  "separation_risk_mean": 0.27248672633953047,
  "congestion_risk_mean": 0.1791516469783621,
  "speed_risk_mean": 0.7925398474466641,
  "uncertainty_risk_mean": 0.6357646612061688,
  "human_activation_count": 116,
  "cooldown_skips": 33,
  "suppressed_request_count": 33,
  "suppressed_critical_count": 0,
  "cooldown_release_count": 110,
  "critical_override_count": 110,
  "critical_trigger_rate": 0.7333333333333333,
  "trigger_active_rate": 0.9933333333333333,
  "confidence_mean": 0.9500000000000002,
  "false_intervention_rate": 0.07758620689655173,
  "repeated_intervention_rate": 0.9224137931034483,
  "post_intervention_violation_rate": 0.11538461538461539,
  "mean_drift_after_intervention": 17.719009395931515,
  "min_predicted_distance_mean": 2.4883388632343326
}