{
  "violation_rate": 0.05333333333333334,
  "collision_rate": 0.0,
  "near_miss_rate": 0.14,
  "intervention_rate": 1.0,
  "override_success_rate": 0.9466666666666667,
  "mean_intervention_delay": 0.0,
  "operator_workload": 1.0,
  "mean_drift": 9.504156261808214,
  "p95_drift": 19.175350329368204,
  "mean_latency_ms": 0.5103233580787977,
  "risk_mean": 0.9032850059890958,
  "risk_p05": 0.33841094339386874,
  "risk_p25": 1.0,
  "risk_p50": 1.0,
  "risk_p75": 1.0,
  "risk_p95": 1.0,
  "separation_risk_mean": 0.1709333911777417,
  "congestion_risk_mean": 0.08501808183239735,
  "speed_risk_mean": 0.7800610451829441,
  "uncertainty_risk_mean": 0.64,
  "human_activation_count": 150,
  "cooldown_skips": 0,
  "suppressed_request_count": 0,
  "suppressed_critical_count": 0,
  "cooldown_release_count": 125,
  "critical_override_count": 125,
  "critical_trigger_rate": 0.8333333333333334,
  "trigger_active_rate": 1.0,
  "confidence_mean": 0.9500000000000002,
  "false_intervention_rate": 0.19333333333333333,
  "repeated_intervention_rate": 0.9933333333333333,
  "post_intervention_violation_rate": 0.053691275167785234,
  "mean_drift_after_intervention": 9.504156261808214,
  "min_predicted_distance_mean": 5.226792511682181
}