{
  "violation_rate": 0.6533333333333333,
  "collision_rate": 0.0,
  "near_miss_rate": 0.16,
  "intervention_rate": 0.7666666666666667,
  "override_success_rate": 0.14782608695652175,
  "mean_intervention_delay": 3.0,
  "operator_workload": 0.7666666666666667,
  "mean_drift": 16.48287290024301,
  "p95_drift": 41.507335047160346,
  "mean_latency_ms": 1.826943914250781,
  "risk_mean": 0.8590840062461825,
  "risk_p05": 0.45347861271363105,
  "risk_p25": 0.6659498739395373,
  "risk_p50": 1.0,
  "risk_p75": 1.0,
  "risk_p95": 1.0,
  "separation_risk_mean": 0.267957712974833,
  "congestion_risk_mean": 0.1775220477880644,
  "speed_risk_mean": 0.7905538165416969,
  "uncertainty_risk_mean": 0.6351472742165233,
  "human_activation_count": 115,
  "cooldown_skips": 35,
  "suppressed_request_count": 35,
  "suppressed_critical_count": 0,
  "cooldown_release_count": 108,
  "critical_override_count": 108,
  "critical_trigger_rate": 0.72,
  "trigger_active_rate": 1.0,
  "confidence_mean": 0.6213844749551494,
  "false_intervention_rate": 0.0782608695652174,
  "repeated_intervention_rate": 0.9217391304347826,
  "post_intervention_violation_rate": 0.7596899224806202,
  "mean_drift_after_intervention": 19.181419297779147,
  "min_predicted_distance_mean": 2.36226910431824
}