{
  "violation_rate": 0.07333333333333333,
  "collision_rate": 0.0,
  "near_miss_rate": 0.02,
  "intervention_rate": 0.16666666666666666,
  "override_success_rate": 0.76,
  "mean_intervention_delay": 0.0,
  "operator_workload": 0.16666666666666666,
  "mean_drift": 22.61898166193446,
  "p95_drift": 63.95430337333324,
  "mean_latency_ms": 0.617819473069782,
  "risk_mean": 0.3015044842231676,
  "risk_p95": 0.4528175702654577,
  "separation_risk_mean": 0.09164746341906972,
  "congestion_risk_mean": 0.05838757522685911,
  "speed_risk_mean": 0.9991950042231929,
  "uncertainty_risk_mean": 0.6385798749626165,
  "human_activation_count": 25,
  "cooldown_skips": 125,
  "trigger_active_rate": 1.0,
  "confidence_mean": 0.75,
  "false_intervention_rate": 0.28
}