{
  "violation_rate": 0.006666666666666667,
  "collision_rate": 0.0,
  "near_miss_rate": 0.16666666666666666,
  "intervention_rate": 0.16666666666666666,
  "override_success_rate": 0.96,
  "mean_intervention_delay": 0.0,
  "operator_workload": 0.16666666666666666,
  "mean_drift": 9.609485484838109,
  "p95_drift": 24.262631145963006,
  "mean_latency_ms": 0.33905696647707373,
  "risk_mean": 0.33295068960400365,
  "risk_p95": 0.671635266944152,
  "separation_risk_mean": 0.15371070670694195,
  "congestion_risk_mean": 0.10250976560457846,
  "speed_risk_mean": 0.9481969763037223,
  "uncertainty_risk_mean": 0.6394925582611789,
  "human_activation_count": 25,
  "cooldown_skips": 125,
  "trigger_active_rate": 1.0,
  "confidence_mean": 0.9500000000000002,
  "false_intervention_rate": 0.28
}