{
  "violation_rate": 0.0,
  "collision_rate": 0.0,
  "near_miss_rate": 0.76,
  "intervention_rate": 0.16666666666666666,
  "override_success_rate": 1.0,
  "mean_intervention_delay": 0.0,
  "operator_workload": 0.16666666666666666,
  "mean_drift": 12.053860265801875,
  "p95_drift": 28.010361366704533,
  "mean_latency_ms": 0.3867652465123683,
  "risk_mean": 0.5674300107427964,
  "risk_p95": 0.7298608348858042,
  "separation_risk_mean": 0.5527242661161345,
  "congestion_risk_mean": 0.3343406643970771,
  "speed_risk_mean": 0.9355792292176469,
  "uncertainty_risk_mean": 0.6318802700574634,
  "human_activation_count": 25,
  "cooldown_skips": 125,
  "trigger_active_rate": 1.0,
  "confidence_mean": 1.0,
  "false_intervention_rate": 0.28
}