{
  "violation_rate": 0.10666666666666667,
  "collision_rate": 0.006666666666666667,
  "near_miss_rate": 0.6466666666666666,
  "intervention_rate": 0.76,
  "override_success_rate": 0.8596491228070176,
  "mean_intervention_delay": 0.0,
  "operator_workload": 0.76,
  "mean_drift": 12.015434667387682,
  "p95_drift": 28.024867349491842,
  "mean_latency_ms": 0.7556350420539578,
  "risk_mean": 0.8177399142843019,
  "risk_p05": 0.24599999999986347,
  "risk_p25": 0.589990103302338,
  "risk_p50": 1.0,
  "risk_p75": 1.0,
  "risk_p95": 1.0,
  "separation_risk_mean": 0.5638629046333726,
  "congestion_risk_mean": 0.3317544347266924,
  "speed_risk_mean": 0.8800105897240023,
  "uncertainty_risk_mean": 0.6321807158776135,
  "human_activation_count": 114,
  "cooldown_skips": 36,
  "suppressed_request_count": 36,
  "suppressed_critical_count": 0,
  "cooldown_release_count": 111,
  "critical_override_count": 111,
  "critical_trigger_rate": 0.74,
  "trigger_active_rate": 1.0,
  "confidence_mean": 0.9500000000000002,
  "false_intervention_rate": 0.06140350877192982,
  "repeated_intervention_rate": 0.956140350877193,
  "post_intervention_violation_rate": 0.1322314049586777,
  "mean_drift_after_intervention": 13.991645251763224,
  "min_predicted_distance_mean": 0.9134122805334063
}