{
  "violation_rate": 0.04,
  "collision_rate": 0.0,
  "near_miss_rate": 0.04,
  "intervention_rate": 0.7666666666666667,
  "override_success_rate": 0.9478260869565217,
  "mean_intervention_delay": 0.0,
  "operator_workload": 0.7666666666666667,
  "mean_drift": 15.642228953855959,
  "p95_drift": 35.82907806426265,
  "mean_latency_ms": 0.5022222036495805,
  "risk_mean": 0.8296503524635098,
  "risk_p05": 0.29999999999991395,
  "risk_p25": 0.653623104848099,
  "risk_p50": 1.0,
  "risk_p75": 1.0,
  "risk_p95": 1.0,
  "separation_risk_mean": 0.05608417505169297,
  "congestion_risk_mean": 0.03760736659149635,
  "speed_risk_mean": 0.9861988044798966,
  "uncertainty_risk_mean": 0.9986815521438117,
  "human_activation_count": 115,
  "cooldown_skips": 35,
  "suppressed_request_count": 35,
  "suppressed_critical_count": 0,
  "cooldown_release_count": 109,
  "critical_override_count": 109,
  "critical_trigger_rate": 0.7266666666666667,
  "trigger_active_rate": 1.0,
  "confidence_mean": 0.9500000000000002,
  "false_intervention_rate": 0.08695652173913043,
  "repeated_intervention_rate": 0.9304347826086956,
  "post_intervention_violation_rate": 0.0390625,
  "mean_drift_after_intervention": 18.401151331362016,
  "min_predicted_distance_mean": 11.844087704963048
}