{
  "violation_rate": 0.09333333333333334,
  "collision_rate": 0.0,
  "near_miss_rate": 0.08666666666666667,
  "intervention_rate": 0.16666666666666666,
  "override_success_rate": 0.6,
  "mean_intervention_delay": 5.0,
  "operator_workload": 0.16666666666666666,
  "mean_drift": 7.506022245767087,
  "p95_drift": 25.666629590242025,
  "mean_latency_ms": 0.4567861004034057,
  "risk_mean": 0.27044724142587,
  "risk_p95": 0.634549554081463,
  "separation_risk_mean": 0.07780037862826134,
  "congestion_risk_mean": 0.0693514104363877,
  "speed_risk_mean": 0.8209918994196295,
  "uncertainty_risk_mean": 0.6330028901407403,
  "human_activation_count": 25,
  "cooldown_skips": 125,
  "trigger_active_rate": 1.0,
  "confidence_mean": 0.8499142448521452,
  "false_intervention_rate": 0.36
}