{
  "violation_rate": 0.06,
  "collision_rate": 0.006666666666666667,
  "near_miss_rate": 0.42,
  "intervention_rate": 0.7133333333333334,
  "override_success_rate": 0.9158878504672897,
  "mean_intervention_delay": 0.0,
  "operator_workload": 0.7133333333333334,
  "mean_drift": 5.286937064207067,
  "p95_drift": 17.568058818819097,
  "mean_latency_ms": 0.4060885985381901,
  "risk_mean": 0.8024195189372451,
  "risk_p05": 0.21874889750805207,
  "risk_p25": 0.6091481025614669,
  "risk_p50": 1.0,
  "risk_p75": 1.0,
  "risk_p95": 1.0,
  "separation_risk_mean": 0.2953192232943492,
  "congestion_risk_mean": 0.23415730592684733,
  "speed_risk_mean": 0.8172221643551526,
  "uncertainty_risk_mean": 0.5841035043982487,
  "human_activation_count": 107,
  "cooldown_skips": 43,
  "suppressed_request_count": 43,
  "suppressed_critical_count": 0,
  "cooldown_release_count": 102,
  "critical_override_count": 102,
  "critical_trigger_rate": 0.68,
  "trigger_active_rate": 1.0,
  "confidence_mean": 0.9500000000000002,
  "false_intervention_rate": 0.07476635514018691,
  "repeated_intervention_rate": 0.9345794392523364,
  "post_intervention_violation_rate": 0.07692307692307693,
  "mean_drift_after_intervention": 6.632900325361946,
  "min_predicted_distance_mean": 3.3706239902171977
}