{
  "violation_rate": 0.23333333333333334,
  "collision_rate": 0.0,
  "near_miss_rate": 0.18,
  "intervention_rate": 0.72,
  "override_success_rate": 0.6759259259259259,
  "mean_intervention_delay": 0.0,
  "operator_workload": 0.72,
  "mean_drift": 13.614454166637906,
  "p95_drift": 29.731215258163125,
  "mean_latency_ms": 0.6909124266045789,
  "risk_mean": 0.8447274722991399,
  "risk_p05": 0.4263440560929984,
  "risk_p25": 0.6506131280179477,
  "risk_p50": 1.0,
  "risk_p75": 1.0,
  "risk_p95": 1.0,
  "separation_risk_mean": 0.22910653685819335,
  "congestion_risk_mean": 0.14478934075706465,
  "speed_risk_mean": 0.9695731857459835,
  "uncertainty_risk_mean": 0.6356159681806567,
  "human_activation_count": 108,
  "cooldown_skips": 42,
  "suppressed_request_count": 42,
  "suppressed_critical_count": 0,
  "cooldown_release_count": 101,
  "critical_override_count": 101,
  "critical_trigger_rate": 0.6733333333333333,
  "trigger_active_rate": 1.0,
  "confidence_mean": 0.75,
  "false_intervention_rate": 0.08333333333333333,
  "repeated_intervention_rate": 0.8981481481481481,
  "post_intervention_violation_rate": 0.272,
  "mean_drift_after_intervention": 16.729174942064553,
  "min_predicted_distance_mean": 3.002423853917971
}