{
  "violation_rate": 0.12,
  "collision_rate": 0.0,
  "near_miss_rate": 0.013333333333333334,
  "intervention_rate": 0.16666666666666666,
  "override_success_rate": 0.6,
  "mean_intervention_delay": 5.0,
  "operator_workload": 0.16666666666666666,
  "mean_drift": 9.970031234289028,
  "p95_drift": 20.51269480952755,
  "mean_latency_ms": 0.6858905531892864,
  "risk_mean": 0.24200817842327463,
  "risk_p95": 0.29416507414963944,
  "separation_risk_mean": 0.023113663588125426,
  "congestion_risk_mean": 0.01692820122926814,
  "speed_risk_mean": 0.875833196675341,
  "uncertainty_risk_mean": 0.64,
  "human_activation_count": 25,
  "cooldown_skips": 125,
  "trigger_active_rate": 1.0,
  "confidence_mean": 0.8499142448521452,
  "false_intervention_rate": 0.28
}