{
  "violation_rate": 0.14666666666666667,
  "collision_rate": 0.006666666666666667,
  "near_miss_rate": 0.12666666666666668,
  "intervention_rate": 0.16666666666666666,
  "override_success_rate": 0.44,
  "mean_intervention_delay": 10.0,
  "operator_workload": 0.16666666666666666,
  "mean_drift": 8.623483716568305,
  "p95_drift": 27.694659877909586,
  "mean_latency_ms": 0.6894391741176756,
  "risk_mean": 0.314913904668763,
  "risk_p95": 0.6421270730964975,
  "separation_risk_mean": 0.13573666365902143,
  "congestion_risk_mean": 0.07943147873200897,
  "speed_risk_mean": 0.9259086561274091,
  "uncertainty_risk_mean": 0.6339215861339317,
  "human_activation_count": 25,
  "cooldown_skips": 125,
  "trigger_active_rate": 1.0,
  "confidence_mean": 0.8130947531791306,
  "false_intervention_rate": 0.28
}