{
  "violation_rate": 0.04666666666666667,
  "collision_rate": 0.0,
  "near_miss_rate": 0.62,
  "intervention_rate": 0.9666666666666667,
  "override_success_rate": 0.9517241379310345,
  "mean_intervention_delay": 0.0,
  "operator_workload": 0.9666666666666667,
  "mean_drift": 19.23165301533261,
  "p95_drift": 31.301950666264418,
  "mean_latency_ms": 0.6005627553289136,
  "risk_mean": 0.9748666666666659,
  "risk_p05": 1.0,
  "risk_p25": 1.0,
  "risk_p50": 1.0,
  "risk_p75": 1.0,
  "risk_p95": 1.0,
  "separation_risk_mean": 0.4812972451942603,
  "congestion_risk_mean": 0.25687775088569237,
  "speed_risk_mean": 0.9985016797758296,
  "uncertainty_risk_mean": 0.64,
  "human_activation_count": 145,
  "cooldown_skips": 0,
  "suppressed_request_count": 0,
  "suppressed_critical_count": 0,
  "cooldown_release_count": 145,
  "critical_override_count": 145,
  "critical_trigger_rate": 0.9666666666666667,
  "trigger_active_rate": 0.9666666666666667,
  "confidence_mean": 0.9500000000000002,
  "false_intervention_rate": 0.013793103448275862,
  "repeated_intervention_rate": 0.993103448275862,
  "post_intervention_violation_rate": 0.04861111111111111,
  "mean_drift_after_intervention": 18.911300059020395,
  "min_predicted_distance_mean": 4.086715774302814
}