{
  "violation_rate": 0.08,
  "collision_rate": 0.0,
  "near_miss_rate": 0.06,
  "intervention_rate": 1.0,
  "override_success_rate": 0.92,
  "mean_intervention_delay": 0.0,
  "operator_workload": 1.0,
  "mean_drift": 5.899139556377049,
  "p95_drift": 16.69127445756826,
  "mean_latency_ms": 0.5145452241413295,
  "risk_mean": 0.8028219931324133,
  "risk_p05": 0.2159999999998657,
  "risk_p25": 0.564055160244188,
  "risk_p50": 1.0,
  "risk_p75": 1.0,
  "risk_p95": 1.0,
  "separation_risk_mean": 0.06321955991445695,
  "congestion_risk_mean": 0.045137080961964005,
  "speed_risk_mean": 0.8754053913899082,
  "uncertainty_risk_mean": 0.6336412146297272,
  "human_activation_count": 150,
  "cooldown_skips": 0,
  "suppressed_request_count": 0,
  "suppressed_critical_count": 0,
  "cooldown_release_count": 105,
  "critical_override_count": 105,
  "critical_trigger_rate": 0.7,
  "trigger_active_rate": 1.0,
  "confidence_mean": 0.9500000000000002,
  "false_intervention_rate": 0.32666666666666666,
  "repeated_intervention_rate": 0.9933333333333333,
  "post_intervention_violation_rate": 0.08053691275167785,
  "mean_drift_after_intervention": 5.899139556377049,
  "min_predicted_distance_mean": 7.236683496235982
}