{
  "violation_rate": 0.08,
  "collision_rate": 0.0,
  "near_miss_rate": 0.48,
  "intervention_rate": 0.8,
  "override_success_rate": 0.9,
  "mean_intervention_delay": 0.0,
  "operator_workload": 0.8,
  "mean_drift": 2.947054829948637,
  "p95_drift": 11.953925470680334,
  "mean_latency_ms": 0.517225027239571,
  "risk_mean": 0.8413830433069743,
  "risk_p05": 0.249415151056568,
  "risk_p25": 1.0,
  "risk_p50": 1.0,
  "risk_p75": 1.0,
  "risk_p95": 1.0,
  "separation_risk_mean": 0.18342285493747057,
  "congestion_risk_mean": 0.15861636322430603,
  "speed_risk_mean": 0.7607877604217589,
  "uncertainty_risk_mean": 0.9352286018248357,
  "human_activation_count": 120,
  "cooldown_skips": 30,
  "suppressed_request_count": 30,
  "suppressed_critical_count": 0,
  "cooldown_release_count": 114,
  "critical_override_count": 114,
  "critical_trigger_rate": 0.76,
  "trigger_active_rate": 1.0,
  "confidence_mean": 0.9500000000000002,
  "false_intervention_rate": 0.125,
  "repeated_intervention_rate": 0.9416666666666667,
  "post_intervention_violation_rate": 0.0916030534351145,
  "mean_drift_after_intervention": 3.369716100728153,
  "min_predicted_distance_mean": 5.601954521582776
}