{
  "violation_rate": 0.08,
  "collision_rate": 0.0,
  "near_miss_rate": 3.8066666666666666,
  "intervention_rate": 0.9533333333333334,
  "override_success_rate": 0.916083916083916,
  "mean_intervention_delay": 0.0,
  "operator_workload": 0.9533333333333334,
  "mean_drift": 6.57823997915429,
  "p95_drift": 19.66894950705372,
  "mean_latency_ms": 3.7353708338923752,
  "risk_mean": 0.9840483840880677,
  "risk_p05": 1.0,
  "risk_p25": 1.0,
  "risk_p50": 1.0,
  "risk_p75": 1.0,
  "risk_p95": 1.0,
  "separation_risk_mean": 0.7226840983592124,
  "congestion_risk_mean": 0.422852182234091,
  "speed_risk_mean": 0.7622884117510768,
  "uncertainty_risk_mean": 0.6399526325079364,
  "human_activation_count": 143,
  "cooldown_skips": 7,
  "suppressed_request_count": 7,
  "suppressed_critical_count": 0,
  "cooldown_release_count": 143,
  "critical_override_count": 143,
  "critical_trigger_rate": 0.9533333333333334,
  "trigger_active_rate": 1.0,
  "confidence_mean": 0.9500000000000002,
  "false_intervention_rate": 0.006993006993006993,
  "repeated_intervention_rate": 0.951048951048951,
  "post_intervention_violation_rate": 0.0738255033557047,
  "mean_drift_after_intervention": 6.751531478667497,
  "min_predicted_distance_mean": 0.5197539076629807
}