{
  "violation_rate": 0.03333333333333333,
  "collision_rate": 0.0,
  "near_miss_rate": 0.7466666666666667,
  "intervention_rate": 1.0,
  "override_success_rate": 0.9666666666666667,
  "mean_intervention_delay": 0.0,
  "operator_workload": 1.0,
  "mean_drift": 11.992472482825397,
  "p95_drift": 28.003498112622115,
  "mean_latency_ms": 0.6678013976973792,
  "risk_mean": 0.822046024536176,
  "risk_p05": 0.22558496737737108,
  "risk_p25": 0.589441031971415,
  "risk_p50": 1.0,
  "risk_p75": 1.0,
  "risk_p95": 1.0,
  "separation_risk_mean": 0.5785507050348686,
  "congestion_risk_mean": 0.3384180166539711,
  "speed_risk_mean": 0.8691589082525089,
  "uncertainty_risk_mean": 0.6317834466730987,
  "human_activation_count": 150,
  "cooldown_skips": 0,
  "suppressed_request_count": 0,
  "suppressed_critical_count": 0,
  "cooldown_release_count": 111,
  "critical_override_count": 111,
  "critical_trigger_rate": 0.74,
  "trigger_active_rate": 1.0,
  "confidence_mean": 0.9500000000000002,
  "false_intervention_rate": 0.2866666666666667,
  "repeated_intervention_rate": 0.9933333333333333,
  "post_intervention_violation_rate": 0.03355704697986577,
  "mean_drift_after_intervention": 11.992472482825397,
  "min_predicted_distance_mean": 0.8557348621696137
}