{
  "violation_rate": 0.0,
  "collision_rate": 0.0,
  "near_miss_rate": 0.03333333333333333,
  "intervention_rate": 0.3333333333333333,
  "override_success_rate": 1.0,
  "mean_intervention_delay": 0.0,
  "operator_workload": 0.3333333333333333,
  "mean_drift": 9.156526627782563,
  "p95_drift": 23.24496762420427,
  "mean_latency_ms": 0.322213893426427,
  "risk_mean": 0.26633567828575316,
  "risk_p95": 0.5442994286387178,
  "separation_risk_mean": 0.053751373167576444,
  "congestion_risk_mean": 0.05160308552660199,
  "speed_risk_mean": 0.8893474289897381,
  "uncertainty_risk_mean": 0.6389644975348836,
  "human_activation_count": 50,
  "cooldown_skips": 100,
  "trigger_active_rate": 1.0,
  "confidence_mean": 0.9500000000000002,
  "false_intervention_rate": 0.32
}