{
  "violation_rate": 0.17333333333333334,
  "collision_rate": 0.0,
  "near_miss_rate": 0.24,
  "intervention_rate": 0.16666666666666666,
  "override_success_rate": 0.44,
  "mean_intervention_delay": 5.0,
  "operator_workload": 0.16666666666666666,
  "mean_drift": 10.348255344268344,
  "p95_drift": 27.890076895132648,
  "mean_latency_ms": 0.898574640644559,
  "risk_mean": 0.5580814425113615,
  "risk_p95": 0.6683751120742041,
  "separation_risk_mean": 0.5338403835077944,
  "congestion_risk_mean": 0.30250320970112965,
  "speed_risk_mean": 0.9776947391508626,
  "uncertainty_risk_mean": 0.6371550442329486,
  "human_activation_count": 25,
  "cooldown_skips": 125,
  "trigger_active_rate": 1.0,
  "confidence_mean": 0.8499142448521452,
  "false_intervention_rate": 0.2
}