{
  "violation_rate": 0.22,
  "collision_rate": 0.02666666666666667,
  "near_miss_rate": 0.52,
  "intervention_rate": 0.16666666666666666,
  "override_success_rate": 0.32,
  "mean_intervention_delay": 10.0,
  "operator_workload": 0.16666666666666666,
  "mean_drift": 11.3081498517033,
  "p95_drift": 19.272311338895907,
  "mean_latency_ms": 1.17709890017674,
  "risk_mean": 0.5806209323953666,
  "risk_p95": 0.67449999999998,
  "separation_risk_mean": 0.5702779001086242,
  "congestion_risk_mean": 0.33063425331548996,
  "speed_risk_mean": 0.9744056825530049,
  "uncertainty_risk_mean": 0.634509744231082,
  "human_activation_count": 25,
  "cooldown_skips": 125,
  "trigger_active_rate": 1.0,
  "confidence_mean": 0.8130947531791306,
  "false_intervention_rate": 0.28
}