{
  "violation_rate": 0.02666666666666667,
  "collision_rate": 0.0,
  "near_miss_rate": 0.02,
  "intervention_rate": 0.76,
  "override_success_rate": 0.9649122807017544,
  "mean_intervention_delay": 0.0,
  "operator_workload": 0.76,
  "mean_drift": 22.614877824467335,
  "p95_drift": 63.938928984862024,
  "mean_latency_ms": 0.48479527545471984,
  "risk_mean": 0.8251885211123253,
  "risk_p05": 0.24599999999993288,
  "risk_p25": 1.0,
  "risk_p50": 1.0,
  "risk_p75": 1.0,
  "risk_p95": 1.0,
  "separation_risk_mean": 0.09318373548480278,
  "congestion_risk_mean": 0.05926388531670649,
  "speed_risk_mean": 0.9979192068990125,
  "uncertainty_risk_mean": 0.6385798749626165,
  "human_activation_count": 114,
  "cooldown_skips": 10,
  "suppressed_request_count": 10,
  "suppressed_critical_count": 0,
  "cooldown_release_count": 113,
  "critical_override_count": 113,
  "critical_trigger_rate": 0.7533333333333333,
  "trigger_active_rate": 0.8266666666666667,
  "confidence_mean": 0.9500000000000002,
  "false_intervention_rate": 0.05263157894736842,
  "repeated_intervention_rate": 0.9736842105263158,
  "post_intervention_violation_rate": 0.03418803418803419,
  "mean_drift_after_intervention": 26.550388769992445,
  "min_predicted_distance_mean": 3.7244976271869565
}