{
  "violation_rate": 0.12,
  "collision_rate": 0.0,
  "near_miss_rate": 0.47333333333333333,
  "intervention_rate": 0.98,
  "override_success_rate": 0.8775510204081632,
  "mean_intervention_delay": 0.0,
  "operator_workload": 0.98,
  "mean_drift": 15.829832857319323,
  "p95_drift": 27.712390231122626,
  "mean_latency_ms": 0.8367777382954955,
  "risk_mean": 0.9849199999999985,
  "risk_p05": 1.0,
  "risk_p25": 1.0,
  "risk_p50": 1.0,
  "risk_p75": 1.0,
  "risk_p95": 1.0,
  "separation_risk_mean": 0.25258796308098236,
  "congestion_risk_mean": 0.1804598388558206,
  "speed_risk_mean": 0.9918302818764553,
  "uncertainty_risk_mean": 0.64,
  "human_activation_count": 147,
  "cooldown_skips": 0,
  "suppressed_request_count": 0,
  "suppressed_critical_count": 0,
  "cooldown_release_count": 147,
  "critical_override_count": 147,
  "critical_trigger_rate": 0.98,
  "trigger_active_rate": 0.98,
  "confidence_mean": 0.9500000000000002,
  "false_intervention_rate": 0.034013605442176874,
  "repeated_intervention_rate": 0.9931972789115646,
  "post_intervention_violation_rate": 0.1232876712328767,
  "mean_drift_after_intervention": 15.864180502675149,
  "min_predicted_distance_mean": 6.179208366098197
}