{
  "violation_rate": 0.06666666666666667,
  "collision_rate": 0.0,
  "near_miss_rate": 0.6333333333333333,
  "intervention_rate": 0.9866666666666667,
  "override_success_rate": 0.9324324324324325,
  "mean_intervention_delay": 0.0,
  "operator_workload": 0.9866666666666667,
  "mean_drift": 29.717868250363185,
  "p95_drift": 63.790617634683265,
  "mean_latency_ms": 0.6840517123540243,
  "risk_mean": 0.9899466666666661,
  "risk_p05": 1.0,
  "risk_p25": 1.0,
  "risk_p50": 1.0,
  "risk_p75": 1.0,
  "risk_p95": 1.0,
  "separation_risk_mean": 0.5210394924993538,
  "congestion_risk_mean": 0.27495008860699294,
  "speed_risk_mean": 0.9999999999997459,
  "uncertainty_risk_mean": 0.64,
  "human_activation_count": 148,
  "cooldown_skips": 0,
  "suppressed_request_count": 0,
  "suppressed_critical_count": 0,
  "cooldown_release_count": 148,
  "critical_override_count": 148,
  "critical_trigger_rate": 0.9866666666666667,
  "trigger_active_rate": 0.9866666666666667,
  "confidence_mean": 0.9500000000000002,
  "false_intervention_rate": 0.02702702702702703,
  "repeated_intervention_rate": 0.9932432432432432,
  "post_intervention_violation_rate": 0.06802721088435375,
  "mean_drift_after_intervention": 29.878853436062364,
  "min_predicted_distance_mean": 3.420540982942339
}