{
  "violation_rate": 0.02,
  "collision_rate": 0.0,
  "near_miss_rate": 1.18,
  "intervention_rate": 0.62,
  "override_success_rate": 0.967741935483871,
  "mean_intervention_delay": 0.0,
  "operator_workload": 0.62,
  "mean_drift": 2.4877001307530384,
  "p95_drift": 6.403428995000095,
  "mean_latency_ms": 0.5482227991645535,
  "risk_mean": 0.7965479992349428,
  "risk_p05": 0.5412185690172562,
  "risk_p25": 0.6203961529795309,
  "risk_p50": 0.6826518245624545,
  "risk_p75": 1.0,
  "risk_p95": 1.0,
  "separation_risk_mean": 0.7184203450153982,
  "congestion_risk_mean": 0.456304837561114,
  "speed_risk_mean": 0.6235160951634325,
  "uncertainty_risk_mean": 0.6216265846612169,
  "human_activation_count": 93,
  "cooldown_skips": 57,
  "suppressed_request_count": 57,
  "suppressed_critical_count": 0,
  "cooldown_release_count": 71,
  "critical_override_count": 71,
  "critical_trigger_rate": 0.47333333333333333,
  "trigger_active_rate": 1.0,
  "confidence_mean": 0.9500000000000002,
  "false_intervention_rate": 0.12903225806451613,
  "repeated_intervention_rate": 0.6559139784946236,
  "post_intervention_violation_rate": 0.020134228187919462,
  "mean_drift_after_intervention": 2.5883202904270086,
  "min_predicted_distance_mean": 0.6947278097311713
}