{
  "violation_rate": 0.04666666666666667,
  "collision_rate": 0.0,
  "near_miss_rate": 0.0,
  "intervention_rate": 0.7666666666666667,
  "override_success_rate": 0.9391304347826087,
  "mean_intervention_delay": 0.0,
  "operator_workload": 0.7666666666666667,
  "mean_drift": 15.344503964464888,
  "p95_drift": 32.03571837502577,
  "mean_latency_ms": 0.5146894503074387,
  "risk_mean": 0.8330235245016021,
  "risk_p05": 0.24599999999991265,
  "risk_p25": 0.5580733635042647,
  "risk_p50": 1.0,
  "risk_p75": 1.0,
  "risk_p95": 1.0,
  "separation_risk_mean": 0.05711793107965721,
  "congestion_risk_mean": 0.029377750984995506,
  "speed_risk_mean": 0.984061165258707,
  "uncertainty_risk_mean": 0.64,
  "human_activation_count": 115,
  "cooldown_skips": 35,
  "suppressed_request_count": 35,
  "suppressed_critical_count": 0,
  "cooldown_release_count": 111,
  "critical_override_count": 111,
  "critical_trigger_rate": 0.74,
  "trigger_active_rate": 1.0,
  "confidence_mean": 0.9500000000000002,
  "false_intervention_rate": 0.0782608695652174,
  "repeated_intervention_rate": 0.9478260869565217,
  "post_intervention_violation_rate": 0.056910569105691054,
  "mean_drift_after_intervention": 17.54585678597937,
  "min_predicted_distance_mean": 4.686945751407622
}