{
  "violation_rate": 0.02666666666666667,
  "collision_rate": 0.0,
  "near_miss_rate": 0.006666666666666667,
  "intervention_rate": 0.74,
  "override_success_rate": 0.963963963963964,
  "mean_intervention_delay": 0.0,
  "operator_workload": 0.74,
  "mean_drift": 10.19240170992505,
  "p95_drift": 18.7432186555565,
  "mean_latency_ms": 0.3641558430778484,
  "risk_mean": 0.8426011782707681,
  "risk_p05": 0.29301742689485133,
  "risk_p25": 0.5712268187470049,
  "risk_p50": 1.0,
  "risk_p75": 1.0,
  "risk_p95": 1.0,
  "separation_risk_mean": 0.08111144418235766,
  "congestion_risk_mean": 0.03845318372971617,
  "speed_risk_mean": 0.8035809983535773,
  "uncertainty_risk_mean": 0.64,
  "human_activation_count": 111,
  "cooldown_skips": 0,
  "suppressed_request_count": 0,
  "suppressed_critical_count": 0,
  "cooldown_release_count": 111,
  "critical_override_count": 111,
  "critical_trigger_rate": 0.74,
  "trigger_active_rate": 0.74,
  "confidence_mean": 0.9500000000000002,
  "false_intervention_rate": 0.018018018018018018,
  "repeated_intervention_rate": 0.990990990990991,
  "post_intervention_violation_rate": 0.03636363636363636,
  "mean_drift_after_intervention": 11.80867990316052,
  "min_predicted_distance_mean": 6.478798134387611
}