{
  "violation_rate": 0.06,
  "collision_rate": 0.0,
  "near_miss_rate": 0.23333333333333334,
  "intervention_rate": 0.8666666666666667,
  "override_success_rate": 0.9307692307692308,
  "mean_intervention_delay": 0.0,
  "operator_workload": 0.8666666666666667,
  "mean_drift": 9.819052112500996,
  "p95_drift": 25.2846193074071,
  "mean_latency_ms": 0.546847804604719,
  "risk_mean": 0.8885508477149939,
  "risk_p05": 0.2234698762524248,
  "risk_p25": 1.0,
  "risk_p50": 1.0,
  "risk_p75": 1.0,
  "risk_p95": 1.0,
  "separation_risk_mean": 0.2603946616002014,
  "congestion_risk_mean": 0.13479007989841466,
  "speed_risk_mean": 0.9456878083226612,
  "uncertainty_risk_mean": 0.6390748144865775,
  "human_activation_count": 130,
  "cooldown_skips": 20,
  "suppressed_request_count": 20,
  "suppressed_critical_count": 0,
  "cooldown_release_count": 125,
  "critical_override_count": 125,
  "critical_trigger_rate": 0.8333333333333334,
  "trigger_active_rate": 1.0,
  "confidence_mean": 0.9500000000000002,
  "false_intervention_rate": 0.1076923076923077,
  "repeated_intervention_rate": 0.9615384615384616,
  "post_intervention_violation_rate": 0.06569343065693431,
  "mean_drift_after_intervention": 10.454016654652365,
  "min_predicted_distance_mean": 3.182347410969957
}