{
  "violation_rate": 0.0,
  "collision_rate": 0.0,
  "near_miss_rate": 0.03333333333333333,
  "intervention_rate": 0.7866666666666666,
  "override_success_rate": 1.0,
  "mean_intervention_delay": 0.0,
  "operator_workload": 0.7866666666666666,
  "mean_drift": 9.072824338182794,
  "p95_drift": 22.898144028151815,
  "mean_latency_ms": 0.45019473259647685,
  "risk_mean": 0.8217742090377187,
  "risk_p05": 0.23198626035900483,
  "risk_p25": 0.5959941250198033,
  "risk_p50": 1.0,
  "risk_p75": 1.0,
  "risk_p95": 1.0,
  "separation_risk_mean": 0.06909491699552575,
  "congestion_risk_mean": 0.05239848574138149,
  "speed_risk_mean": 0.8223791805459377,
  "uncertainty_risk_mean": 0.6389644975348836,
  "human_activation_count": 118,
  "cooldown_skips": 32,
  "suppressed_request_count": 32,
  "suppressed_critical_count": 0,
  "cooldown_release_count": 112,
  "critical_override_count": 110,
  "critical_trigger_rate": 0.7333333333333333,
  "trigger_active_rate": 1.0,
  "confidence_mean": 1.0,
  "false_intervention_rate": 0.11864406779661017,
  "repeated_intervention_rate": 0.9152542372881356,
  "post_intervention_violation_rate": 0.0,
  "mean_drift_after_intervention": 10.461289200181852,
  "min_predicted_distance_mean": 3.8765256168093916
}