{
  "violation_rate": 0.1,
  "collision_rate": 0.0,
  "near_miss_rate": 0.6733333333333333,
  "intervention_rate": 1.0,
  "override_success_rate": 0.9,
  "mean_intervention_delay": 0.0,
  "operator_workload": 1.0,
  "mean_drift": 6.757086569212463,
  "p95_drift": 20.92640290809964,
  "mean_latency_ms": 0.6776566461970409,
  "risk_mean": 0.950887397393807,
  "risk_p05": 0.5671025934821087,
  "risk_p25": 1.0,
  "risk_p50": 1.0,
  "risk_p75": 1.0,
  "risk_p95": 1.0,
  "separation_risk_mean": 0.5807578826733054,
  "congestion_risk_mean": 0.3198151054593664,
  "speed_risk_mean": 0.8116827683152305,
  "uncertainty_risk_mean": 0.6343846276065945,
  "human_activation_count": 150,
  "cooldown_skips": 0,
  "suppressed_request_count": 0,
  "suppressed_critical_count": 0,
  "cooldown_release_count": 132,
  "critical_override_count": 132,
  "critical_trigger_rate": 0.88,
  "trigger_active_rate": 1.0,
  "confidence_mean": 0.9500000000000002,
  "false_intervention_rate": 0.17333333333333334,
  "repeated_intervention_rate": 0.9933333333333333,
  "post_intervention_violation_rate": 0.10067114093959731,
  "mean_drift_after_intervention": 6.757086569212463,
  "min_predicted_distance_mean": 1.0600944523085
}