{
  "violation_rate": 0.0,
  "collision_rate": 0.0,
  "near_miss_rate": 0.28,
  "intervention_rate": 0.16666666666666666,
  "override_success_rate": 1.0,
  "mean_intervention_delay": 0.0,
  "operator_workload": 0.16666666666666666,
  "mean_drift": 14.999457776627125,
  "p95_drift": 32.087148599216356,
  "mean_latency_ms": 0.34125805919757113,
  "risk_mean": 0.356095778292536,
  "risk_p95": 0.7600649754173086,
  "separation_risk_mean": 0.17441426614753278,
  "congestion_risk_mean": 0.13529369498521268,
  "speed_risk_mean": 0.985733618207344,
  "uncertainty_risk_mean": 0.6395059469916106,
  "human_activation_count": 25,
  "cooldown_skips": 125,
  "trigger_active_rate": 1.0,
  "confidence_mean": 1.0,
  "false_intervention_rate": 0.16
}