{
  "violation_rate": 0.12,
  "collision_rate": 0.006666666666666667,
  "near_miss_rate": 0.04,
  "intervention_rate": 0.8,
  "override_success_rate": 0.85,
  "mean_intervention_delay": 0.0,
  "operator_workload": 0.8,
  "mean_drift": 10.248506060258427,
  "p95_drift": 22.949361509056963,
  "mean_latency_ms": 0.5838694656267762,
  "risk_mean": 0.8535990527561379,
  "risk_p05": 0.2459999999998878,
  "risk_p25": 1.0,
  "risk_p50": 1.0,
  "risk_p75": 1.0,
  "risk_p95": 1.0,
  "separation_risk_mean": 0.07777989302084888,
  "congestion_risk_mean": 0.04573793271901295,
  "speed_risk_mean": 0.8993262582297235,
  "uncertainty_risk_mean": 0.64,
  "human_activation_count": 120,
  "cooldown_skips": 30,
  "suppressed_request_count": 30,
  "suppressed_critical_count": 0,
  "cooldown_release_count": 115,
  "critical_override_count": 115,
  "critical_trigger_rate": 0.7666666666666667,
  "trigger_active_rate": 1.0,
  "confidence_mean": 0.9500000000000002,
  "false_intervention_rate": 0.1,
  "repeated_intervention_rate": 0.9333333333333333,
  "post_intervention_violation_rate": 0.12878787878787878,
  "mean_drift_after_intervention": 11.131619480116763,
  "min_predicted_distance_mean": 4.913563857588776
}