{
  "violation_rate": 0.1,
  "collision_rate": 0.006666666666666667,
  "near_miss_rate": 0.49333333333333335,
  "intervention_rate": 0.78,
  "override_success_rate": 0.8717948717948718,
  "mean_intervention_delay": 0.0,
  "operator_workload": 0.78,
  "mean_drift": 16.044538971380245,
  "p95_drift": 29.66684257055622,
  "mean_latency_ms": 0.7086328137665987,
  "risk_mean": 0.8200964965720097,
  "risk_p05": 0.24599999999992472,
  "risk_p25": 0.48923976216092924,
  "risk_p50": 1.0,
  "risk_p75": 1.0,
  "risk_p95": 1.0,
  "separation_risk_mean": 0.4898128649010502,
  "congestion_risk_mean": 0.25817946188793406,
  "speed_risk_mean": 0.9937204906532497,
  "uncertainty_risk_mean": 0.6397078656567545,
  "human_activation_count": 117,
  "cooldown_skips": 33,
  "suppressed_request_count": 33,
  "suppressed_critical_count": 0,
  "cooldown_release_count": 111,
  "critical_override_count": 111,
  "critical_trigger_rate": 0.74,
  "trigger_active_rate": 1.0,
  "confidence_mean": 0.9500000000000002,
  "false_intervention_rate": 0.08547008547008547,
  "repeated_intervention_rate": 0.9316239316239316,
  "post_intervention_violation_rate": 0.1076923076923077,
  "mean_drift_after_intervention": 18.51605355843365,
  "min_predicted_distance_mean": 1.5781626124409356
}