{
  "violation_rate": 0.14,
  "collision_rate": 0.0,
  "near_miss_rate": 0.5333333333333333,
  "intervention_rate": 0.16666666666666666,
  "override_success_rate": 0.48,
  "mean_intervention_delay": 5.0,
  "operator_workload": 0.16666666666666666,
  "mean_drift": 6.637131955909748,
  "p95_drift": 21.31147044241772,
  "mean_latency_ms": 1.0642277927642378,
  "risk_mean": 0.5345727459816104,
  "risk_p95": 0.6727355536982788,
  "separation_risk_mean": 0.5226607536976428,
  "congestion_risk_mean": 0.29944431895747814,
  "speed_risk_mean": 0.8631074026972562,
  "uncertainty_risk_mean": 0.6336547778247547,
  "human_activation_count": 25,
  "cooldown_skips": 125,
  "trigger_active_rate": 1.0,
  "confidence_mean": 0.8499142448521452,
  "false_intervention_rate": 0.24
}