{
  "violation_rate": 0.1,
  "collision_rate": 0.0,
  "near_miss_rate": 0.04,
  "intervention_rate": 0.7666666666666667,
  "override_success_rate": 0.8695652173913043,
  "mean_intervention_delay": 0.0,
  "operator_workload": 0.7666666666666667,
  "mean_drift": 15.050982726015723,
  "p95_drift": 32.85144198268319,
  "mean_latency_ms": 0.44718942294518155,
  "risk_mean": 0.8191916554530262,
  "risk_p05": 0.21599999999993535,
  "risk_p25": 0.7848974614946723,
  "risk_p50": 1.0,
  "risk_p75": 1.0,
  "risk_p95": 1.0,
  "separation_risk_mean": 0.026290262185801085,
  "congestion_risk_mean": 0.030572868461424284,
  "speed_risk_mean": 0.9714589383737884,
  "uncertainty_risk_mean": 0.64,
  "human_activation_count": 115,
  "cooldown_skips": 35,
  "suppressed_request_count": 35,
  "suppressed_critical_count": 0,
  "cooldown_release_count": 111,
  "critical_override_count": 111,
  "critical_trigger_rate": 0.74,
  "trigger_active_rate": 1.0,
  "confidence_mean": 0.9500000000000002,
  "false_intervention_rate": 0.043478260869565216,
  "repeated_intervention_rate": 0.9565217391304348,
  "post_intervention_violation_rate": 0.12295081967213115,
  "mean_drift_after_intervention": 17.25619171891178,
  "min_predicted_distance_mean": 8.131776350459829
}