{
  "violation_rate": 0.04,
  "collision_rate": 0.0,
  "near_miss_rate": 0.18666666666666668,
  "intervention_rate": 0.7866666666666666,
  "override_success_rate": 0.9491525423728814,
  "mean_intervention_delay": 0.0,
  "operator_workload": 0.7866666666666666,
  "mean_drift": 7.1992259302289385,
  "p95_drift": 27.047888562243998,
  "mean_latency_ms": 0.4580694204196334,
  "risk_mean": 0.8602952651717661,
  "risk_p05": 0.26661173698739093,
  "risk_p25": 1.0,
  "risk_p50": 1.0,
  "risk_p75": 1.0,
  "risk_p95": 1.0,
  "separation_risk_mean": 0.23850772704608075,
  "congestion_risk_mean": 0.13777054860992896,
  "speed_risk_mean": 0.696118448098076,
  "uncertainty_risk_mean": 0.9994588987473213,
  "human_activation_count": 118,
  "cooldown_skips": 32,
  "suppressed_request_count": 32,
  "suppressed_critical_count": 0,
  "cooldown_release_count": 113,
  "critical_override_count": 113,
  "critical_trigger_rate": 0.7533333333333333,
  "trigger_active_rate": 1.0,
  "confidence_mean": 0.9500000000000002,
  "false_intervention_rate": 0.0847457627118644,
  "repeated_intervention_rate": 0.9322033898305084,
  "post_intervention_violation_rate": 0.04580152671755725,
  "mean_drift_after_intervention": 8.251628815628015,
  "min_predicted_distance_mean": 4.728793831378678
}