{
  "violation_rate": 0.07333333333333333,
  "collision_rate": 0.0,
  "near_miss_rate": 0.07333333333333333,
  "intervention_rate": 0.7733333333333333,
  "override_success_rate": 0.9051724137931034,
  "mean_intervention_delay": 0.0,
  "operator_workload": 0.7733333333333333,
  "mean_drift": 6.295380857743161,
  "p95_drift": 17.226760227973752,
  "mean_latency_ms": 0.4982139356434345,
  "risk_mean": 0.7792434186293952,
  "risk_p05": 0.21599999999988115,
  "risk_p25": 0.5221157267032274,
  "risk_p50": 1.0,
  "risk_p75": 1.0,
  "risk_p95": 1.0,
  "separation_risk_mean": 0.0698712242105151,
  "congestion_risk_mean": 0.048009774887803135,
  "speed_risk_mean": 0.8964789234106172,
  "uncertainty_risk_mean": 0.6334913678718738,
  "human_activation_count": 116,
  "cooldown_skips": 34,
  "suppressed_request_count": 34,
  "suppressed_critical_count": 0,
  "cooldown_release_count": 100,
  "critical_override_count": 100,
  "critical_trigger_rate": 0.6666666666666666,
  "trigger_active_rate": 1.0,
  "confidence_mean": 0.9500000000000002,
  "false_intervention_rate": 0.1724137931034483,
  "repeated_intervention_rate": 0.8448275862068966,
  "post_intervention_violation_rate": 0.0738255033557047,
  "mean_drift_after_intervention": 7.376803825572822,
  "min_predicted_distance_mean": 7.323258671281061
}