{
  "violation_rate": 0.06666666666666667,
  "collision_rate": 0.006666666666666667,
  "near_miss_rate": 0.22,
  "intervention_rate": 0.8333333333333334,
  "override_success_rate": 0.92,
  "mean_intervention_delay": 0.0,
  "operator_workload": 0.8333333333333334,
  "mean_drift": 9.56311458936507,
  "p95_drift": 28.438239057818638,
  "mean_latency_ms": 0.46272339454541606,
  "risk_mean": 0.9168838519543294,
  "risk_p05": 0.5147293638400642,
  "risk_p25": 1.0,
  "risk_p50": 1.0,
  "risk_p75": 1.0,
  "risk_p95": 1.0,
  "separation_risk_mean": 0.24662117006617854,
  "congestion_risk_mean": 0.13418814387528896,
  "speed_risk_mean": 0.7044910456701824,
  "uncertainty_risk_mean": 0.6379818287520279,
  "human_activation_count": 125,
  "cooldown_skips": 25,
  "suppressed_request_count": 25,
  "suppressed_critical_count": 0,
  "cooldown_release_count": 123,
  "critical_override_count": 123,
  "critical_trigger_rate": 0.82,
  "trigger_active_rate": 1.0,
  "confidence_mean": 0.9500000000000002,
  "false_intervention_rate": 0.096,
  "repeated_intervention_rate": 0.872,
  "post_intervention_violation_rate": 0.06993006993006994,
  "mean_drift_after_intervention": 10.382104892707599,
  "min_predicted_distance_mean": 2.601039427578167
}