{
  "violation_rate": 0.0,
  "collision_rate": 0.0,
  "near_miss_rate": 0.5266666666666666,
  "intervention_rate": 0.16666666666666666,
  "override_success_rate": 1.0,
  "mean_intervention_delay": 0.0,
  "operator_workload": 0.16666666666666666,
  "mean_drift": 7.590926157039542,
  "p95_drift": 22.084705984216242,
  "mean_latency_ms": 0.3106715936640588,
  "risk_mean": 0.46253123798044943,
  "risk_p95": 0.6744999999999645,
  "separation_risk_mean": 0.3901218338942426,
  "congestion_risk_mean": 0.24076384763079897,
  "speed_risk_mean": 0.8826578955382464,
  "uncertainty_risk_mean": 0.6292451099306895,
  "human_activation_count": 25,
  "cooldown_skips": 125,
  "trigger_active_rate": 1.0,
  "confidence_mean": 0.9500000000000002,
  "false_intervention_rate": 0.2
}