{
  "violation_rate": 0.0,
  "collision_rate": 0.0,
  "near_miss_rate": 0.17333333333333334,
  "intervention_rate": 0.78,
  "override_success_rate": 1.0,
  "mean_intervention_delay": 0.0,
  "operator_workload": 0.78,
  "mean_drift": 11.676842577589962,
  "p95_drift": 41.4517081747836,
  "mean_latency_ms": 0.35521357009808224,
  "risk_mean": 0.8730743161335414,
  "risk_p05": 0.35244737229172557,
  "risk_p25": 0.7539023314256077,
  "risk_p50": 1.0,
  "risk_p75": 1.0,
  "risk_p95": 1.0,
  "separation_risk_mean": 0.1891221767703244,
  "congestion_risk_mean": 0.11719757662224273,
  "speed_risk_mean": 0.6987212895781473,
  "uncertainty_risk_mean": 0.6389644975348836,
  "human_activation_count": 117,
  "cooldown_skips": 30,
  "suppressed_request_count": 30,
  "suppressed_critical_count": 0,
  "cooldown_release_count": 112,
  "critical_override_count": 112,
  "critical_trigger_rate": 0.7466666666666667,
  "trigger_active_rate": 0.98,
  "confidence_mean": 1.0,
  "false_intervention_rate": 0.07692307692307693,
  "repeated_intervention_rate": 0.9145299145299145,
  "post_intervention_violation_rate": 0.0,
  "mean_drift_after_intervention": 13.413489245757203,
  "min_predicted_distance_mean": 3.244500295556337
}