{
  "violation_rate": 0.12,
  "collision_rate": 0.0,
  "near_miss_rate": 0.68,
  "intervention_rate": 0.8266666666666667,
  "override_success_rate": 0.8548387096774194,
  "mean_intervention_delay": 0.0,
  "operator_workload": 0.8266666666666667,
  "mean_drift": 3.0048947198834113,
  "p95_drift": 12.262819138398195,
  "mean_latency_ms": 0.6140494470794996,
  "risk_mean": 0.870438895690751,
  "risk_p05": 0.24599999999979313,
  "risk_p25": 1.0,
  "risk_p50": 1.0,
  "risk_p75": 1.0,
  "risk_p95": 1.0,
  "separation_risk_mean": 0.3296634891429689,
  "congestion_risk_mean": 0.23966620323970791,
  "speed_risk_mean": 0.7696921985381596,
  "uncertainty_risk_mean": 0.5727830826883121,
  "human_activation_count": 124,
  "cooldown_skips": 26,
  "suppressed_request_count": 26,
  "suppressed_critical_count": 0,
  "cooldown_release_count": 120,
  "critical_override_count": 120,
  "critical_trigger_rate": 0.8,
  "trigger_active_rate": 1.0,
  "confidence_mean": 0.9500000000000002,
  "false_intervention_rate": 0.12096774193548387,
  "repeated_intervention_rate": 0.9274193548387096,
  "post_intervention_violation_rate": 0.1323529411764706,
  "mean_drift_after_intervention": 3.2370665724415333,
  "min_predicted_distance_mean": 4.126001430649044
}