{
  "violation_rate": 0.06666666666666667,
  "collision_rate": 0.0,
  "near_miss_rate": 0.04,
  "intervention_rate": 0.8,
  "override_success_rate": 0.9166666666666666,
  "mean_intervention_delay": 0.0,
  "operator_workload": 0.8,
  "mean_drift": 15.029779423481669,
  "p95_drift": 32.741603317184655,
  "mean_latency_ms": 0.5368088721297681,
  "risk_mean": 0.8430844154109874,
  "risk_p05": 0.2699999999999388,
  "risk_p25": 1.0,
  "risk_p50": 1.0,
  "risk_p75": 1.0,
  "risk_p95": 1.0,
  "separation_risk_mean": 0.02539644891049439,
  "congestion_risk_mean": 0.030306973668053197,
  "speed_risk_mean": 0.9674546401727404,
  "uncertainty_risk_mean": 1.0,
  "human_activation_count": 120,
  "cooldown_skips": 30,
  "suppressed_request_count": 30,
  "suppressed_critical_count": 0,
  "cooldown_release_count": 114,
  "critical_override_count": 114,
  "critical_trigger_rate": 0.76,
  "trigger_active_rate": 1.0,
  "confidence_mean": 0.9500000000000002,
  "false_intervention_rate": 0.08333333333333333,
  "repeated_intervention_rate": 0.9416666666666667,
  "post_intervention_violation_rate": 0.07633587786259542,
  "mean_drift_after_intervention": 16.916372930918673,
  "min_predicted_distance_mean": 8.16151999681662
}