{
  "violation_rate": 0.7466666666666667,
  "collision_rate": 0.04666666666666667,
  "near_miss_rate": 0.10666666666666667,
  "intervention_rate": 0.8666666666666667,
  "override_success_rate": 0.13846153846153847,
  "mean_intervention_delay": 5.0,
  "operator_workload": 0.8666666666666667,
  "mean_drift": 13.186459059831645,
  "p95_drift": 44.3129591466277,
  "mean_latency_ms": 2.0528530329465866,
  "risk_mean": 0.9221322275749497,
  "risk_p05": 0.4293509969435877,
  "risk_p25": 1.0,
  "risk_p50": 1.0,
  "risk_p75": 1.0,
  "risk_p95": 1.0,
  "separation_risk_mean": 0.16698094504902225,
  "congestion_risk_mean": 0.10375557263340185,
  "speed_risk_mean": 0.8707266790265062,
  "uncertainty_risk_mean": 0.6285425705801528,
  "human_activation_count": 130,
  "cooldown_skips": 20,
  "suppressed_request_count": 20,
  "suppressed_critical_count": 0,
  "cooldown_release_count": 128,
  "critical_override_count": 128,
  "critical_trigger_rate": 0.8533333333333334,
  "trigger_active_rate": 1.0,
  "confidence_mean": 0.42955407323115424,
  "false_intervention_rate": 0.06923076923076923,
  "repeated_intervention_rate": 0.9538461538461539,
  "post_intervention_violation_rate": 0.7971014492753623,
  "mean_drift_after_intervention": 14.413147270164252,
  "min_predicted_distance_mean": 4.993022066833006
}