{
  "violation_rate": 0.03333333333333333,
  "collision_rate": 0.0,
  "near_miss_rate": 0.10666666666666667,
  "intervention_rate": 0.7866666666666666,
  "override_success_rate": 0.9576271186440678,
  "mean_intervention_delay": 0.0,
  "operator_workload": 0.7866666666666666,
  "mean_drift": 11.862764539599384,
  "p95_drift": 38.39770177685198,
  "mean_latency_ms": 0.5120688218933841,
  "risk_mean": 0.8250504702578396,
  "risk_p05": 0.2725906149776739,
  "risk_p25": 0.5437023642626935,
  "risk_p50": 1.0,
  "risk_p75": 1.0,
  "risk_p95": 1.0,
  "separation_risk_mean": 0.155526747055504,
  "congestion_risk_mean": 0.08199408454418089,
  "speed_risk_mean": 0.9643610373445364,
  "uncertainty_risk_mean": 0.64,
  "human_activation_count": 118,
  "cooldown_skips": 32,
  "suppressed_request_count": 32,
  "suppressed_critical_count": 0,
  "cooldown_release_count": 105,
  "critical_override_count": 105,
  "critical_trigger_rate": 0.7,
  "trigger_active_rate": 1.0,
  "confidence_mean": 0.9500000000000002,
  "false_intervention_rate": 0.19491525423728814,
  "repeated_intervention_rate": 0.8559322033898306,
  "post_intervention_violation_rate": 0.03355704697986577,
  "mean_drift_after_intervention": 13.89104776295311,
  "min_predicted_distance_mean": 3.384487256059723
}