{
  "violation_rate": 0.02,
  "collision_rate": 0.0,
  "near_miss_rate": 0.013333333333333334,
  "intervention_rate": 0.16666666666666666,
  "override_success_rate": 0.92,
  "mean_intervention_delay": 0.0,
  "operator_workload": 0.16666666666666666,
  "mean_drift": 9.960138047745078,
  "p95_drift": 20.321306090146958,
  "mean_latency_ms": 0.22835219230425233,
  "risk_mean": 0.2419920276265657,
  "risk_p95": 0.29416507414963944,
  "separation_risk_mean": 0.023113663588125426,
  "congestion_risk_mean": 0.01692820122926814,
  "speed_risk_mean": 0.8757255246972816,
  "uncertainty_risk_mean": 0.64,
  "human_activation_count": 25,
  "cooldown_skips": 125,
  "trigger_active_rate": 1.0,
  "confidence_mean": 0.9500000000000002,
  "false_intervention_rate": 0.28
}