{
  "violation_rate": 0.12,
  "collision_rate": 0.0,
  "near_miss_rate": 0.12,
  "intervention_rate": 0.16666666666666666,
  "override_success_rate": 0.6,
  "mean_intervention_delay": 3.0,
  "operator_workload": 0.16666666666666666,
  "mean_drift": 8.502746311155493,
  "p95_drift": 26.167876974000574,
  "mean_latency_ms": 0.5275252865976654,
  "risk_mean": 0.2778498895343581,
  "risk_p95": 0.675887357543593,
  "separation_risk_mean": 0.05445472757426577,
  "congestion_risk_mean": 0.06045783838961235,
  "speed_risk_mean": 0.9523804535291873,
  "uncertainty_risk_mean": 0.635824896661049,
  "human_activation_count": 25,
  "cooldown_skips": 125,
  "trigger_active_rate": 1.0,
  "confidence_mean": 0.8785618423815542,
  "false_intervention_rate": 0.24
}