{
  "violation_rate": 0.0,
  "collision_rate": 0.0,
  "near_miss_rate": 0.02666666666666667,
  "intervention_rate": 0.05333333333333334,
  "override_success_rate": 1.0,
  "mean_intervention_delay": 0.0,
  "operator_workload": 0.05333333333333334,
  "mean_drift": 12.63707888336973,
  "p95_drift": 34.4876161706937,
  "mean_latency_ms": 0.3895646732416935,
  "risk_mean": 0.2719094723312841,
  "risk_p95": 0.5280612894235596,
  "separation_risk_mean": 0.04222056308364369,
  "congestion_risk_mean": 0.03557603893124757,
  "speed_risk_mean": 0.9868582493884837,
  "uncertainty_risk_mean": 0.6399164786837332,
  "human_activation_count": 8,
  "cooldown_skips": 142,
  "trigger_active_rate": 1.0,
  "confidence_mean": 0.9500000000000002,
  "false_intervention_rate": 0.375
}