{
  "violation_rate": 0.09333333333333334,
  "collision_rate": 0.0,
  "near_miss_rate": 0.006666666666666667,
  "intervention_rate": 0.8,
  "override_success_rate": 0.8833333333333333,
  "mean_intervention_delay": 0.0,
  "operator_workload": 0.8,
  "mean_drift": 16.64545466934891,
  "p95_drift": 31.67768954995925,
  "mean_latency_ms": 0.4503758445692559,
  "risk_mean": 0.8717292620729976,
  "risk_p05": 0.24599999999991728,
  "risk_p25": 1.0,
  "risk_p50": 1.0,
  "risk_p75": 1.0,
  "risk_p95": 1.0,
  "separation_risk_mean": 0.044512513525792344,
  "congestion_risk_mean": 0.021708043127321785,
  "speed_risk_mean": 0.9699102176018038,
  "uncertainty_risk_mean": 0.64,
  "human_activation_count": 120,
  "cooldown_skips": 0,
  "suppressed_request_count": 0,
  "suppressed_critical_count": 0,
  "cooldown_release_count": 120,
  "critical_override_count": 120,
  "critical_trigger_rate": 0.8,
  "trigger_active_rate": 0.8,
  "confidence_mean": 0.9500000000000002,
  "false_intervention_rate": 0.016666666666666666,
  "repeated_intervention_rate": 0.9916666666666667,
  "post_intervention_violation_rate": 0.11764705882352941,
  "mean_drift_after_intervention": 19.03358890974182,
  "min_predicted_distance_mean": 6.831234447409946
}