{
  "violation_rate": 0.04666666666666667,
  "collision_rate": 0.006666666666666667,
  "near_miss_rate": 1.06,
  "intervention_rate": 0.8933333333333333,
  "override_success_rate": 0.9477611940298507,
  "mean_intervention_delay": 0.0,
  "operator_workload": 0.8933333333333333,
  "mean_drift": 13.748711676524367,
  "p95_drift": 36.868631018525285,
  "mean_latency_ms": 0.4849636383975546,
  "risk_mean": 0.9717379424924656,
  "risk_p05": 0.7569537659647334,
  "risk_p25": 1.0,
  "risk_p50": 1.0,
  "risk_p75": 1.0,
  "risk_p95": 1.0,
  "separation_risk_mean": 0.6264901413492662,
  "congestion_risk_mean": 0.39167369017517584,
  "speed_risk_mean": 0.7596820349998239,
  "uncertainty_risk_mean": 1.0,
  "human_activation_count": 134,
  "cooldown_skips": 16,
  "suppressed_request_count": 16,
  "suppressed_critical_count": 0,
  "cooldown_release_count": 132,
  "critical_override_count": 132,
  "critical_trigger_rate": 0.88,
  "trigger_active_rate": 1.0,
  "confidence_mean": 0.9500000000000002,
  "false_intervention_rate": 0.0,
  "repeated_intervention_rate": 0.9477611940298507,
  "post_intervention_violation_rate": 0.04195804195804196,
  "mean_drift_after_intervention": 14.732580839924454,
  "min_predicted_distance_mean": 1.1162465285603356
}