{
  "violation_rate": 0.08,
  "collision_rate": 0.0,
  "near_miss_rate": 0.013333333333333334,
  "intervention_rate": 1.0,
  "override_success_rate": 0.92,
  "mean_intervention_delay": 0.0,
  "operator_workload": 1.0,
  "mean_drift": 10.800727913922277,
  "p95_drift": 31.667275220737746,
  "mean_latency_ms": 0.3792422330783059,
  "risk_mean": 0.23560299026172818,
  "risk_p95": 0.3350341085309983,
  "separation_risk_mean": 0.02422111635410027,
  "congestion_risk_mean": 0.02312027058898233,
  "speed_risk_mean": 0.819489468367583,
  "uncertainty_risk_mean": 0.64,
  "human_activation_count": 150,
  "cooldown_skips": 0,
  "trigger_active_rate": 1.0,
  "confidence_mean": 0.9500000000000002,
  "false_intervention_rate": 0.26666666666666666
}