{
  "violation_rate": 0.02,
  "collision_rate": 0.0,
  "near_miss_rate": 0.5266666666666666,
  "intervention_rate": 1.0,
  "override_success_rate": 0.98,
  "mean_intervention_delay": 0.0,
  "operator_workload": 1.0,
  "mean_drift": 7.591265554775365,
  "p95_drift": 22.12558278583749,
  "mean_latency_ms": 0.458654099299262,
  "risk_mean": 0.8837952634713069,
  "risk_p05": 0.32881907548939426,
  "risk_p25": 1.0,
  "risk_p50": 1.0,
  "risk_p75": 1.0,
  "risk_p95": 1.0,
  "separation_risk_mean": 0.3885343261288696,
  "congestion_risk_mean": 0.2370811447531861,
  "speed_risk_mean": 0.8371760760629091,
  "uncertainty_risk_mean": 0.6290107851415285,
  "human_activation_count": 150,
  "cooldown_skips": 0,
  "suppressed_request_count": 0,
  "suppressed_critical_count": 0,
  "cooldown_release_count": 115,
  "critical_override_count": 115,
  "critical_trigger_rate": 0.7666666666666667,
  "trigger_active_rate": 1.0,
  "confidence_mean": 0.9500000000000002,
  "false_intervention_rate": 0.22,
  "repeated_intervention_rate": 0.9933333333333333,
  "post_intervention_violation_rate": 0.020134228187919462,
  "mean_drift_after_intervention": 7.591265554775365,
  "min_predicted_distance_mean": 2.967692107211402
}