{
  "violation_rate": 0.08666666666666667,
  "collision_rate": 0.0,
  "near_miss_rate": 1.3133333333333332,
  "intervention_rate": 0.7533333333333333,
  "override_success_rate": 0.8849557522123894,
  "mean_intervention_delay": 0.0,
  "operator_workload": 0.7533333333333333,
  "mean_drift": 6.707042905566476,
  "p95_drift": 36.00651592310878,
  "mean_latency_ms": 0.6128968911555907,
  "risk_mean": 0.8679804370466965,
  "risk_p05": 0.4198918817449691,
  "risk_p25": 0.6792612859714025,
  "risk_p50": 1.0,
  "risk_p75": 1.0,
  "risk_p95": 1.0,
  "separation_risk_mean": 0.7065555653601172,
  "congestion_risk_mean": 0.47471372834226105,
  "speed_risk_mean": 0.593068444932321,
  "uncertainty_risk_mean": 0.6348081429327146,
  "human_activation_count": 113,
  "cooldown_skips": 36,
  "suppressed_request_count": 36,
  "suppressed_critical_count": 0,
  "cooldown_release_count": 106,
  "critical_override_count": 106,
  "critical_trigger_rate": 0.7066666666666667,
  "trigger_active_rate": 0.98,
  "confidence_mean": 0.9500000000000002,
  "false_intervention_rate": 0.04424778761061947,
  "repeated_intervention_rate": 0.9203539823008849,
  "post_intervention_violation_rate": 0.10236220472440945,
  "mean_drift_after_intervention": 7.818791761615249,
  "min_predicted_distance_mean": 0.7619251139496527
}