{
  "violation_rate": 0.013333333333333334,
  "collision_rate": 0.0,
  "near_miss_rate": 0.84,
  "intervention_rate": 0.16,
  "override_success_rate": 0.9583333333333334,
  "mean_intervention_delay": 0.0,
  "operator_workload": 0.16,
  "mean_drift": 13.819682291107101,
  "p95_drift": 49.49308986648863,
  "mean_latency_ms": 1.0260063334135339,
  "risk_mean": 0.4841396164882881,
  "risk_p95": 0.7447356709482151,
  "separation_risk_mean": 0.38179776766870643,
  "congestion_risk_mean": 0.28305237337741923,
  "speed_risk_mean": 0.970450184620103,
  "uncertainty_risk_mean": 0.64,
  "human_activation_count": 24,
  "cooldown_skips": 116,
  "trigger_active_rate": 0.9333333333333333,
  "confidence_mean": 0.9500000000000002,
  "false_intervention_rate": 0.16666666666666666
}