{
  "violation_rate": 0.6266666666666667,
  "collision_rate": 0.04666666666666667,
  "near_miss_rate": 0.74,
  "intervention_rate": 0.8,
  "override_success_rate": 0.21666666666666667,
  "mean_intervention_delay": 3.0,
  "operator_workload": 0.8,
  "mean_drift": 7.962667451248773,
  "p95_drift": 33.20109455809118,
  "mean_latency_ms": 1.4824014040641487,
  "risk_mean": 0.9089804014269498,
  "risk_p05": 0.5512747345509232,
  "risk_p25": 1.0,
  "risk_p50": 1.0,
  "risk_p75": 1.0,
  "risk_p95": 1.0,
  "separation_risk_mean": 0.6973139705603415,
  "congestion_risk_mean": 0.5141122382351593,
  "speed_risk_mean": 0.6190978377036352,
  "uncertainty_risk_mean": 0.6374400709792301,
  "human_activation_count": 120,
  "cooldown_skips": 30,
  "suppressed_request_count": 30,
  "suppressed_critical_count": 0,
  "cooldown_release_count": 116,
  "critical_override_count": 116,
  "critical_trigger_rate": 0.7733333333333333,
  "trigger_active_rate": 1.0,
  "confidence_mean": 0.6070968434314602,
  "false_intervention_rate": 0.016666666666666666,
  "repeated_intervention_rate": 0.9333333333333333,
  "post_intervention_violation_rate": 0.6917293233082706,
  "mean_drift_after_intervention": 9.025598167966795,
  "min_predicted_distance_mean": 0.8762999625817004
}