{
  "violation_rate": 0.3333333333333333,
  "collision_rate": 0.0,
  "near_miss_rate": 0.02666666666666667,
  "intervention_rate": 0.8,
  "override_success_rate": 0.5833333333333334,
  "mean_intervention_delay": 1.0,
  "operator_workload": 0.8,
  "mean_drift": 15.114264639145345,
  "p95_drift": 33.038020747605266,
  "mean_latency_ms": 0.9313047250422338,
  "risk_mean": 0.8307579520360472,
  "risk_p05": 0.21599999999994002,
  "risk_p25": 1.0,
  "risk_p50": 1.0,
  "risk_p75": 1.0,
  "risk_p95": 1.0,
  "separation_risk_mean": 0.026602713263919487,
  "congestion_risk_mean": 0.031130664874318217,
  "speed_risk_mean": 0.9706202239672024,
  "uncertainty_risk_mean": 0.64,
  "human_activation_count": 120,
  "cooldown_skips": 30,
  "suppressed_request_count": 30,
  "suppressed_critical_count": 0,
  "cooldown_release_count": 114,
  "critical_override_count": 114,
  "critical_trigger_rate": 0.76,
  "trigger_active_rate": 1.0,
  "confidence_mean": 0.8122353723392659,
  "false_intervention_rate": 0.08333333333333333,
  "repeated_intervention_rate": 0.9416666666666667,
  "post_intervention_violation_rate": 0.37404580152671757,
  "mean_drift_after_intervention": 17.051098610978237,
  "min_predicted_distance_mean": 8.148535522918506
}