{
  "violation_rate": 0.05333333333333334,
  "collision_rate": 0.0,
  "near_miss_rate": 0.03333333333333333,
  "intervention_rate": 0.78,
  "override_success_rate": 0.9316239316239316,
  "mean_intervention_delay": 0.0,
  "operator_workload": 0.78,
  "mean_drift": 9.210227411462935,
  "p95_drift": 23.66265730923551,
  "mean_latency_ms": 0.5025328214590749,
  "risk_mean": 0.8513937966043147,
  "risk_p05": 0.3599999999998294,
  "risk_p25": 0.615860479053334,
  "risk_p50": 1.0,
  "risk_p75": 1.0,
  "risk_p95": 1.0,
  "separation_risk_mean": 0.0690090262050551,
  "congestion_risk_mean": 0.05225594027278999,
  "speed_risk_mean": 0.829849519048538,
  "uncertainty_risk_mean": 0.6389644975348836,
  "human_activation_count": 117,
  "cooldown_skips": 33,
  "suppressed_request_count": 33,
  "suppressed_critical_count": 0,
  "cooldown_release_count": 111,
  "critical_override_count": 111,
  "critical_trigger_rate": 0.74,
  "trigger_active_rate": 1.0,
  "confidence_mean": 0.9500000000000002,
  "false_intervention_rate": 0.1111111111111111,
  "repeated_intervention_rate": 0.9230769230769231,
  "post_intervention_violation_rate": 0.06060606060606061,
  "mean_drift_after_intervention": 10.64483016857299,
  "min_predicted_distance_mean": 3.939188780406688
}