{
  "violation_rate": 0.06666666666666667,
  "collision_rate": 0.0,
  "near_miss_rate": 0.08,
  "intervention_rate": 0.72,
  "override_success_rate": 0.9074074074074074,
  "mean_intervention_delay": 0.0,
  "operator_workload": 0.72,
  "mean_drift": 9.52596752733039,
  "p95_drift": 41.991229401552005,
  "mean_latency_ms": 0.38261248807733256,
  "risk_mean": 0.8292151113342996,
  "risk_p05": 0.3409320786281534,
  "risk_p25": 0.5671300534817788,
  "risk_p50": 1.0,
  "risk_p75": 1.0,
  "risk_p95": 1.0,
  "separation_risk_mean": 0.24972668715906204,
  "congestion_risk_mean": 0.0960636555432187,
  "speed_risk_mean": 0.9326543461638316,
  "uncertainty_risk_mean": 0.6398622429629875,
  "human_activation_count": 108,
  "cooldown_skips": 40,
  "suppressed_request_count": 40,
  "suppressed_critical_count": 0,
  "cooldown_release_count": 102,
  "critical_override_count": 101,
  "critical_trigger_rate": 0.6733333333333333,
  "trigger_active_rate": 0.9733333333333334,
  "confidence_mean": 0.9500000000000002,
  "false_intervention_rate": 0.1111111111111111,
  "repeated_intervention_rate": 0.8888888888888888,
  "post_intervention_violation_rate": 0.07936507936507936,
  "mean_drift_after_intervention": 11.521085365125156,
  "min_predicted_distance_mean": 2.4445334828364125
}