{
  "violation_rate": 0.09333333333333334,
  "collision_rate": 0.0,
  "near_miss_rate": 0.10666666666666667,
  "intervention_rate": 0.8133333333333334,
  "override_success_rate": 0.8852459016393442,
  "mean_intervention_delay": 0.0,
  "operator_workload": 0.8133333333333334,
  "mean_drift": 12.247412755765751,
  "p95_drift": 25.049733974694394,
  "mean_latency_ms": 0.4750783081787328,
  "risk_mean": 0.9092575149662129,
  "risk_p05": 0.5500478554433417,
  "risk_p25": 1.0,
  "risk_p50": 1.0,
  "risk_p75": 1.0,
  "risk_p95": 1.0,
  "separation_risk_mean": 0.12354071012892968,
  "congestion_risk_mean": 0.07705805195813686,
  "speed_risk_mean": 0.9865415336502042,
  "uncertainty_risk_mean": 1.0,
  "human_activation_count": 122,
  "cooldown_skips": 28,
  "suppressed_request_count": 28,
  "suppressed_critical_count": 0,
  "cooldown_release_count": 116,
  "critical_override_count": 116,
  "critical_trigger_rate": 0.7733333333333333,
  "trigger_active_rate": 1.0,
  "confidence_mean": 0.9500000000000002,
  "false_intervention_rate": 0.05737704918032787,
  "repeated_intervention_rate": 0.9426229508196722,
  "post_intervention_violation_rate": 0.10526315789473684,
  "mean_drift_after_intervention": 13.894589354646552,
  "min_predicted_distance_mean": 5.7481680946421045
}