{
  "violation_rate": 0.06,
  "collision_rate": 0.013333333333333334,
  "near_miss_rate": 1.0466666666666666,
  "intervention_rate": 0.88,
  "override_success_rate": 0.9318181818181818,
  "mean_intervention_delay": 0.0,
  "operator_workload": 0.88,
  "mean_drift": 12.510840875042867,
  "p95_drift": 32.50073243680328,
  "mean_latency_ms": 0.5247008187385896,
  "risk_mean": 0.9643809260749966,
  "risk_p05": 0.6921601143160221,
  "risk_p25": 1.0,
  "risk_p50": 1.0,
  "risk_p75": 1.0,
  "risk_p95": 1.0,
  "separation_risk_mean": 0.732542775159054,
  "congestion_risk_mean": 0.42894231335685995,
  "speed_risk_mean": 0.6839514746534833,
  "uncertainty_risk_mean": 0.9963482330875246,
  "human_activation_count": 132,
  "cooldown_skips": 18,
  "suppressed_request_count": 18,
  "suppressed_critical_count": 0,
  "cooldown_release_count": 132,
  "critical_override_count": 132,
  "critical_trigger_rate": 0.88,
  "trigger_active_rate": 1.0,
  "confidence_mean": 0.9500000000000002,
  "false_intervention_rate": 0.0,
  "repeated_intervention_rate": 0.9242424242424242,
  "post_intervention_violation_rate": 0.06206896551724138,
  "mean_drift_after_intervention": 13.522208435712077,
  "min_predicted_distance_mean": 0.48558500637395535
}