{
  "violation_rate": 0.07333333333333333,
  "collision_rate": 0.0,
  "near_miss_rate": 0.24666666666666667,
  "intervention_rate": 0.92,
  "override_success_rate": 0.9202898550724637,
  "mean_intervention_delay": 0.0,
  "operator_workload": 0.92,
  "mean_drift": 7.396074796321387,
  "p95_drift": 25.774155416560355,
  "mean_latency_ms": 0.5119402629012862,
  "risk_mean": 0.9527254318299695,
  "risk_p05": 0.541175173869611,
  "risk_p25": 1.0,
  "risk_p50": 1.0,
  "risk_p75": 1.0,
  "risk_p95": 1.0,
  "separation_risk_mean": 0.18869374053344612,
  "congestion_risk_mean": 0.13319775350614643,
  "speed_risk_mean": 0.7408301233027959,
  "uncertainty_risk_mean": 0.992859658782387,
  "human_activation_count": 138,
  "cooldown_skips": 12,
  "suppressed_request_count": 12,
  "suppressed_critical_count": 0,
  "cooldown_release_count": 137,
  "critical_override_count": 137,
  "critical_trigger_rate": 0.9133333333333333,
  "trigger_active_rate": 1.0,
  "confidence_mean": 0.9500000000000002,
  "false_intervention_rate": 0.07246376811594203,
  "repeated_intervention_rate": 0.9637681159420289,
  "post_intervention_violation_rate": 0.07692307692307693,
  "mean_drift_after_intervention": 7.6445420931238806,
  "min_predicted_distance_mean": 6.8916756698299055
}