{
  "violation_rate": 0.08,
  "collision_rate": 0.0,
  "near_miss_rate": 0.0,
  "intervention_rate": 0.9533333333333334,
  "override_success_rate": 0.916083916083916,
  "mean_intervention_delay": 0.0,
  "operator_workload": 0.9533333333333334,
  "mean_drift": 5.638043704074123,
  "p95_drift": 22.782990333362175,
  "mean_latency_ms": 0.4268777649849653,
  "risk_mean": 0.9648133333333302,
  "risk_p05": 1.0,
  "risk_p25": 1.0,
  "risk_p50": 1.0,
  "risk_p75": 1.0,
  "risk_p95": 1.0,
  "separation_risk_mean": 0.08113849007731497,
  "congestion_risk_mean": 0.0336391746008724,
  "speed_risk_mean": 0.6928190405847445,
  "uncertainty_risk_mean": 0.64,
  "human_activation_count": 143,
  "cooldown_skips": 0,
  "suppressed_request_count": 0,
  "suppressed_critical_count": 0,
  "cooldown_release_count": 143,
  "critical_override_count": 143,
  "critical_trigger_rate": 0.9533333333333334,
  "trigger_active_rate": 0.9533333333333334,
  "confidence_mean": 0.9500000000000002,
  "false_intervention_rate": 0.013986013986013986,
  "repeated_intervention_rate": 0.993006993006993,
  "post_intervention_violation_rate": 0.08450704225352113,
  "mean_drift_after_intervention": 5.329392261821044,
  "min_predicted_distance_mean": 5.192298661013451
}