{
  "violation_rate": 0.0,
  "collision_rate": 0.0,
  "near_miss_rate": 0.68,
  "intervention_rate": 0.04,
  "override_success_rate": 1.0,
  "mean_intervention_delay": 0.0,
  "operator_workload": 0.04,
  "mean_drift": 5.808103694734782,
  "p95_drift": 17.345811193488228,
  "mean_latency_ms": 0.5521435723251974,
  "risk_mean": 0.35688882832943375,
  "risk_p95": 0.718422552678864,
  "separation_risk_mean": 0.20003987163312154,
  "congestion_risk_mean": 0.17827957191496627,
  "speed_risk_mean": 0.8884658622915275,
  "uncertainty_risk_mean": 0.5935407584803893,
  "human_activation_count": 6,
  "cooldown_skips": 30,
  "trigger_active_rate": 0.24,
  "confidence_mean": 0.9500000000000002,
  "false_intervention_rate": 0.16666666666666666
}