{
  "violation_rate": 0.0,
  "collision_rate": 0.006666666666666667,
  "near_miss_rate": 0.26666666666666666,
  "intervention_rate": 0.09333333333333334,
  "override_success_rate": 1.0,
  "mean_intervention_delay": 0.0,
  "operator_workload": 0.09333333333333334,
  "mean_drift": 6.041307499695782,
  "p95_drift": 22.385320450878638,
  "mean_latency_ms": 0.45078166032908484,
  "risk_mean": 0.4568121344119834,
  "risk_p95": 0.6214911801911563,
  "separation_risk_mean": 0.44053983835075106,
  "congestion_risk_mean": 0.25107308199105677,
  "speed_risk_mean": 0.6734962841110336,
  "uncertainty_risk_mean": 0.631843293598175,
  "human_activation_count": 14,
  "cooldown_skips": 136,
  "trigger_active_rate": 1.0,
  "confidence_mean": 0.9500000000000002,
  "false_intervention_rate": 0.2857142857142857
}