{
  "violation_rate": 0.6533333333333333,
  "collision_rate": 0.006666666666666667,
  "near_miss_rate": 0.22,
  "intervention_rate": 0.8,
  "override_success_rate": 0.18333333333333332,
  "mean_intervention_delay": 3.0,
  "operator_workload": 0.8,
  "mean_drift": 6.514500520842025,
  "p95_drift": 24.252846539637662,
  "mean_latency_ms": 1.7906218922386568,
  "risk_mean": 0.8525436072779939,
  "risk_p05": 0.3038772241458928,
  "risk_p25": 1.0,
  "risk_p50": 1.0,
  "risk_p75": 1.0,
  "risk_p95": 1.0,
  "separation_risk_mean": 0.473524077071761,
  "congestion_risk_mean": 0.249270454257987,
  "speed_risk_mean": 0.6081927903869322,
  "uncertainty_risk_mean": 0.6324689882240939,
  "human_activation_count": 120,
  "cooldown_skips": 30,
  "suppressed_request_count": 30,
  "suppressed_critical_count": 0,
  "cooldown_release_count": 117,
  "critical_override_count": 113,
  "critical_trigger_rate": 0.7533333333333333,
  "trigger_active_rate": 1.0,
  "confidence_mean": 0.6070968434314602,
  "false_intervention_rate": 0.10833333333333334,
  "repeated_intervention_rate": 0.9083333333333333,
  "post_intervention_violation_rate": 0.7205882352941176,
  "mean_drift_after_intervention": 7.249859283175597,
  "min_predicted_distance_mean": 1.6541038850515097
}