{
  "violation_rate": 0.05333333333333334,
  "collision_rate": 0.0,
  "near_miss_rate": 0.18666666666666668,
  "intervention_rate": 0.8066666666666666,
  "override_success_rate": 0.9338842975206612,
  "mean_intervention_delay": 0.0,
  "operator_workload": 0.8066666666666666,
  "mean_drift": 9.812251019934255,
  "p95_drift": 25.28916116754274,
  "mean_latency_ms": 0.4316794980938236,
  "risk_mean": 0.8671722435755801,
  "risk_p05": 0.34399999999991926,
  "risk_p25": 1.0,
  "risk_p50": 1.0,
  "risk_p75": 1.0,
  "risk_p95": 1.0,
  "separation_risk_mean": 0.2208765361573026,
  "congestion_risk_mean": 0.11486795583602721,
  "speed_risk_mean": 0.9358757197777442,
  "uncertainty_risk_mean": 0.6390748144865775,
  "human_activation_count": 121,
  "cooldown_skips": 27,
  "suppressed_request_count": 27,
  "suppressed_critical_count": 0,
  "cooldown_release_count": 115,
  "critical_override_count": 115,
  "critical_trigger_rate": 0.7666666666666667,
  "trigger_active_rate": 0.9866666666666667,
  "confidence_mean": 0.9500000000000002,
  "false_intervention_rate": 0.06611570247933884,
  "repeated_intervention_rate": 0.9421487603305785,
  "post_intervention_violation_rate": 0.06060606060606061,
  "mean_drift_after_intervention": 10.866578693243804,
  "min_predicted_distance_mean": 3.4186726760382187
}