{
  "violation_rate": 0.62,
  "collision_rate": 0.0,
  "near_miss_rate": 0.16,
  "intervention_rate": 0.7866666666666666,
  "override_success_rate": 0.211864406779661,
  "mean_intervention_delay": 3.0,
  "operator_workload": 0.7866666666666666,
  "mean_drift": 15.682642726522179,
  "p95_drift": 39.883791174615546,
  "mean_latency_ms": 1.8830444423171382,
  "risk_mean": 0.8891797208749053,
  "risk_p05": 0.4874788141410903,
  "risk_p25": 0.677032678591277,
  "risk_p50": 1.0,
  "risk_p75": 1.0,
  "risk_p95": 1.0,
  "separation_risk_mean": 0.1686716548586427,
  "congestion_risk_mean": 0.11185673328727132,
  "speed_risk_mean": 0.9974540238786506,
  "uncertainty_risk_mean": 0.64,
  "human_activation_count": 118,
  "cooldown_skips": 32,
  "suppressed_request_count": 32,
  "suppressed_critical_count": 0,
  "cooldown_release_count": 111,
  "critical_override_count": 111,
  "critical_trigger_rate": 0.74,
  "trigger_active_rate": 1.0,
  "confidence_mean": 0.6128118960409359,
  "false_intervention_rate": 0.09322033898305085,
  "repeated_intervention_rate": 0.9322033898305084,
  "post_intervention_violation_rate": 0.7099236641221374,
  "mean_drift_after_intervention": 17.961757590981982,
  "min_predicted_distance_mean": 4.665665140289948
}