{
  "violation_rate": 0.08,
  "collision_rate": 0.006666666666666667,
  "near_miss_rate": 0.86,
  "intervention_rate": 0.9133333333333333,
  "override_success_rate": 0.9124087591240876,
  "mean_intervention_delay": 0.0,
  "operator_workload": 0.9133333333333333,
  "mean_drift": 13.323296265426208,
  "p95_drift": 37.29356858005162,
  "mean_latency_ms": 0.5425869657968482,
  "risk_mean": 0.9667648707458746,
  "risk_p05": 0.6820259575996124,
  "risk_p25": 1.0,
  "risk_p50": 1.0,
  "risk_p75": 1.0,
  "risk_p95": 1.0,
  "separation_risk_mean": 0.5448324342963341,
  "congestion_risk_mean": 0.3311038063199927,
  "speed_risk_mean": 0.7500125297105141,
  "uncertainty_risk_mean": 0.64,
  "human_activation_count": 137,
  "cooldown_skips": 13,
  "suppressed_request_count": 13,
  "suppressed_critical_count": 0,
  "cooldown_release_count": 136,
  "critical_override_count": 136,
  "critical_trigger_rate": 0.9066666666666666,
  "trigger_active_rate": 1.0,
  "confidence_mean": 0.9500000000000002,
  "false_intervention_rate": 0.051094890510948905,
  "repeated_intervention_rate": 0.9635036496350365,
  "post_intervention_violation_rate": 0.07692307692307693,
  "mean_drift_after_intervention": 14.067435695830373,
  "min_predicted_distance_mean": 1.4191847761821195
}