{
  "violation_rate": 0.06666666666666667,
  "collision_rate": 0.0,
  "near_miss_rate": 0.4066666666666667,
  "intervention_rate": 0.9666666666666667,
  "override_success_rate": 0.9310344827586207,
  "mean_intervention_delay": 0.0,
  "operator_workload": 0.9666666666666667,
  "mean_drift": 18.737763657139503,
  "p95_drift": 31.503351315122554,
  "mean_latency_ms": 0.6459772439363102,
  "risk_mean": 0.9748666666666649,
  "risk_p05": 1.0,
  "risk_p25": 1.0,
  "risk_p50": 1.0,
  "risk_p75": 1.0,
  "risk_p95": 1.0,
  "separation_risk_mean": 0.34126739972334386,
  "congestion_risk_mean": 0.17510524331687063,
  "speed_risk_mean": 0.9733604795950672,
  "uncertainty_risk_mean": 0.64,
  "human_activation_count": 145,
  "cooldown_skips": 0,
  "suppressed_request_count": 0,
  "suppressed_critical_count": 0,
  "cooldown_release_count": 145,
  "critical_override_count": 145,
  "critical_trigger_rate": 0.9666666666666667,
  "trigger_active_rate": 0.9666666666666667,
  "confidence_mean": 0.9500000000000002,
  "false_intervention_rate": 0.027586206896551724,
  "repeated_intervention_rate": 0.993103448275862,
  "post_intervention_violation_rate": 0.06944444444444445,
  "mean_drift_after_intervention": 18.791379967921205,
  "min_predicted_distance_mean": 6.5562011093793
}