{
  "violation_rate": 0.07333333333333333,
  "collision_rate": 0.0,
  "near_miss_rate": 2.453333333333333,
  "intervention_rate": 1.0,
  "override_success_rate": 0.9266666666666666,
  "mean_intervention_delay": 0.0,
  "operator_workload": 1.0,
  "mean_drift": 8.656543799748222,
  "p95_drift": 26.3271655974438,
  "mean_latency_ms": 3.0679183484365544,
  "risk_mean": 1.0,
  "risk_p05": 1.0,
  "risk_p25": 1.0,
  "risk_p50": 1.0,
  "risk_p75": 1.0,
  "risk_p95": 1.0,
  "separation_risk_mean": 0.7104147389207723,
  "congestion_risk_mean": 0.38444513205917763,
  "speed_risk_mean": 0.79395464345683,
  "uncertainty_risk_mean": 0.64,
  "human_activation_count": 150,
  "cooldown_skips": 0,
  "suppressed_request_count": 0,
  "suppressed_critical_count": 0,
  "cooldown_release_count": 150,
  "critical_override_count": 150,
  "critical_trigger_rate": 1.0,
  "trigger_active_rate": 1.0,
  "confidence_mean": 0.9500000000000002,
  "false_intervention_rate": 0.05333333333333334,
  "repeated_intervention_rate": 0.9933333333333333,
  "post_intervention_violation_rate": 0.0738255033557047,
  "mean_drift_after_intervention": 8.656543799748222,
  "min_predicted_distance_mean": 0.48654531533681467
}