{
  "violation_rate": 0.03333333333333333,
  "collision_rate": 0.0,
  "near_miss_rate": 0.02666666666666667,
  "intervention_rate": 0.7533333333333333,
  "override_success_rate": 0.9557522123893806,
  "mean_intervention_delay": 0.0,
  "operator_workload": 0.7533333333333333,
  "mean_drift": 12.686195993491431,
  "p95_drift": 34.61372328231871,
  "mean_latency_ms": 0.39376117444286746,
  "risk_mean": 0.8144267520708729,
  "risk_p05": 0.2139999999998594,
  "risk_p25": 0.6359262211823665,
  "risk_p50": 1.0,
  "risk_p75": 1.0,
  "risk_p95": 1.0,
  "separation_risk_mean": 0.04496822269121214,
  "congestion_risk_mean": 0.03501602576861615,
  "speed_risk_mean": 0.9802784448158854,
  "uncertainty_risk_mean": 0.6399164786837332,
  "human_activation_count": 113,
  "cooldown_skips": 20,
  "suppressed_request_count": 20,
  "suppressed_critical_count": 0,
  "cooldown_release_count": 109,
  "critical_override_count": 109,
  "critical_trigger_rate": 0.7266666666666667,
  "trigger_active_rate": 0.8666666666666667,
  "confidence_mean": 0.9500000000000002,
  "false_intervention_rate": 0.05309734513274336,
  "repeated_intervention_rate": 0.9557522123893806,
  "post_intervention_violation_rate": 0.041666666666666664,
  "mean_drift_after_intervention": 14.944687192186393,
  "min_predicted_distance_mean": 4.4068623165351894
}