{
  "violation_rate": 0.03333333333333333,
  "collision_rate": 0.006666666666666667,
  "near_miss_rate": 0.07333333333333333,
  "intervention_rate": 0.8933333333333333,
  "override_success_rate": 0.9626865671641791,
  "mean_intervention_delay": 0.0,
  "operator_workload": 0.8933333333333333,
  "mean_drift": 10.07820930674042,
  "p95_drift": 25.21275394875554,
  "mean_latency_ms": 0.3755363542586565,
  "risk_mean": 0.8476275970915036,
  "risk_p05": 0.2159999999998753,
  "risk_p25": 1.0,
  "risk_p50": 1.0,
  "risk_p75": 1.0,
  "risk_p95": 1.0,
  "separation_risk_mean": 0.0848836242055834,
  "congestion_risk_mean": 0.04776922978795413,
  "speed_risk_mean": 0.8997879544993513,
  "uncertainty_risk_mean": 0.6371278177411343,
  "human_activation_count": 134,
  "cooldown_skips": 0,
  "suppressed_request_count": 0,
  "suppressed_critical_count": 0,
  "cooldown_release_count": 114,
  "critical_override_count": 114,
  "critical_trigger_rate": 0.76,
  "trigger_active_rate": 0.8933333333333333,
  "confidence_mean": 0.9500000000000002,
  "false_intervention_rate": 0.13432835820895522,
  "repeated_intervention_rate": 0.9776119402985075,
  "post_intervention_violation_rate": 0.0364963503649635,
  "mean_drift_after_intervention": 10.63862070866286,
  "min_predicted_distance_mean": 9.508518613111475
}