{
  "violation_rate": 0.02666666666666667,
  "collision_rate": 0.0,
  "near_miss_rate": 0.08,
  "intervention_rate": 0.16666666666666666,
  "override_success_rate": 0.92,
  "mean_intervention_delay": 0.0,
  "operator_workload": 0.16666666666666666,
  "mean_drift": 12.54841748309096,
  "p95_drift": 34.539361705651565,
  "mean_latency_ms": 0.2940082928398624,
  "risk_mean": 0.27214698073530846,
  "risk_p95": 0.6445192183507288,
  "separation_risk_mean": 0.08670751474042672,
  "congestion_risk_mean": 0.047629659415604104,
  "speed_risk_mean": 0.8348078949881027,
  "uncertainty_risk_mean": 0.64,
  "human_activation_count": 25,
  "cooldown_skips": 125,
  "trigger_active_rate": 1.0,
  "confidence_mean": 0.9500000000000002,
  "false_intervention_rate": 0.24
}