{
  "violation_rate": 0.08666666666666667,
  "collision_rate": 0.0,
  "near_miss_rate": 0.58,
  "intervention_rate": 0.7866666666666666,
  "override_success_rate": 0.8898305084745762,
  "mean_intervention_delay": 0.0,
  "operator_workload": 0.7866666666666666,
  "mean_drift": 6.625342777454355,
  "p95_drift": 20.953882836744246,
  "mean_latency_ms": 0.5672988629279038,
  "risk_mean": 0.8858008420116338,
  "risk_p05": 0.49716369682866995,
  "risk_p25": 0.7232959192630634,
  "risk_p50": 1.0,
  "risk_p75": 1.0,
  "risk_p95": 1.0,
  "separation_risk_mean": 0.5314922815092589,
  "congestion_risk_mean": 0.2988330702452317,
  "speed_risk_mean": 0.7923715711589386,
  "uncertainty_risk_mean": 0.6336547778247547,
  "human_activation_count": 118,
  "cooldown_skips": 32,
  "suppressed_request_count": 32,
  "suppressed_critical_count": 0,
  "cooldown_release_count": 111,
  "critical_override_count": 111,
  "critical_trigger_rate": 0.74,
  "trigger_active_rate": 1.0,
  "confidence_mean": 0.9000000000000004,
  "false_intervention_rate": 0.06779661016949153,
  "repeated_intervention_rate": 0.9322033898305084,
  "post_intervention_violation_rate": 0.09923664122137404,
  "mean_drift_after_intervention": 7.516681980985535,
  "min_predicted_distance_mean": 1.4512406289288486
}