{
  "violation_rate": 0.0,
  "collision_rate": 0.0,
  "near_miss_rate": 0.03333333333333333,
  "intervention_rate": 0.09333333333333334,
  "override_success_rate": 1.0,
  "mean_intervention_delay": 0.0,
  "operator_workload": 0.09333333333333334,
  "mean_drift": 14.616132481531812,
  "p95_drift": 39.10364877809271,
  "mean_latency_ms": 0.3264816667069681,
  "risk_mean": 0.25784852540170644,
  "risk_p95": 0.25392168238453167,
  "separation_risk_mean": 0.022029287428318615,
  "congestion_risk_mean": 0.02620740951768519,
  "speed_risk_mean": 0.9754905543272472,
  "uncertainty_risk_mean": 0.6337327368696979,
  "human_activation_count": 14,
  "cooldown_skips": 136,
  "trigger_active_rate": 1.0,
  "confidence_mean": 0.9500000000000002,
  "false_intervention_rate": 0.35714285714285715
}