{
  "violation_rate": 0.07333333333333333,
  "collision_rate": 0.006666666666666667,
  "near_miss_rate": 0.3933333333333333,
  "intervention_rate": 0.7266666666666667,
  "override_success_rate": 0.8990825688073395,
  "mean_intervention_delay": 0.0,
  "operator_workload": 0.7266666666666667,
  "mean_drift": 5.4055494216864135,
  "p95_drift": 17.3070024173151,
  "mean_latency_ms": 0.4451699562681218,
  "risk_mean": 0.803309737865156,
  "risk_p05": 0.2176082607010858,
  "risk_p25": 0.6244079734100386,
  "risk_p50": 1.0,
  "risk_p75": 1.0,
  "risk_p95": 1.0,
  "separation_risk_mean": 0.28210858552303764,
  "congestion_risk_mean": 0.22093860409024088,
  "speed_risk_mean": 0.8290787792824615,
  "uncertainty_risk_mean": 0.5847938349364312,
  "human_activation_count": 109,
  "cooldown_skips": 16,
  "suppressed_request_count": 16,
  "suppressed_critical_count": 0,
  "cooldown_release_count": 103,
  "critical_override_count": 103,
  "critical_trigger_rate": 0.6866666666666666,
  "trigger_active_rate": 0.8333333333333334,
  "confidence_mean": 0.9500000000000002,
  "false_intervention_rate": 0.07339449541284404,
  "repeated_intervention_rate": 0.908256880733945,
  "post_intervention_violation_rate": 0.08870967741935484,
  "mean_drift_after_intervention": 6.568816820270148,
  "min_predicted_distance_mean": 3.944646210132599
}