{
  "violation_rate": 0.5933333333333334,
  "collision_rate": 0.013333333333333334,
  "near_miss_rate": 1.2466666666666666,
  "intervention_rate": 0.9,
  "override_success_rate": 0.34074074074074073,
  "mean_intervention_delay": 0.0,
  "operator_workload": 0.9,
  "mean_drift": 8.81140255987908,
  "p95_drift": 20.27579226081826,
  "mean_latency_ms": 8.105865858184794,
  "risk_mean": 0.9552943761045823,
  "risk_p05": 0.5725683962130613,
  "risk_p25": 1.0,
  "risk_p50": 1.0,
  "risk_p75": 1.0,
  "risk_p95": 1.0,
  "separation_risk_mean": 0.712250071041507,
  "congestion_risk_mean": 0.3948740355353405,
  "speed_risk_mean": 0.8721947595402408,
  "uncertainty_risk_mean": 0.6278730293107405,
  "human_activation_count": 135,
  "cooldown_skips": 15,
  "suppressed_request_count": 15,
  "suppressed_critical_count": 0,
  "cooldown_release_count": 134,
  "critical_override_count": 134,
  "critical_trigger_rate": 0.8933333333333333,
  "trigger_active_rate": 1.0,
  "confidence_mean": 0.9500000000000002,
  "false_intervention_rate": 0.037037037037037035,
  "repeated_intervention_rate": 0.9629629629629629,
  "post_intervention_violation_rate": 0.6170212765957447,
  "mean_drift_after_intervention": 9.357127413203411,
  "min_predicted_distance_mean": 0.31487828842122456
}