{
  "violation_rate": 0.08,
  "collision_rate": 0.0,
  "near_miss_rate": 0.03333333333333333,
  "intervention_rate": 0.7533333333333333,
  "override_success_rate": 0.8938053097345132,
  "mean_intervention_delay": 0.0,
  "operator_workload": 0.7533333333333333,
  "mean_drift": 9.128155809430263,
  "p95_drift": 23.339610168207532,
  "mean_latency_ms": 0.5342168904220065,
  "risk_mean": 0.821261683745738,
  "risk_p05": 0.23386267976818825,
  "risk_p25": 0.5959941250198033,
  "risk_p50": 1.0,
  "risk_p75": 1.0,
  "risk_p95": 1.0,
  "separation_risk_mean": 0.06451651606275674,
  "congestion_risk_mean": 0.05125454056471503,
  "speed_risk_mean": 0.8289284119356278,
  "uncertainty_risk_mean": 0.6389644975348836,
  "human_activation_count": 113,
  "cooldown_skips": 37,
  "suppressed_request_count": 37,
  "suppressed_critical_count": 0,
  "cooldown_release_count": 111,
  "critical_override_count": 110,
  "critical_trigger_rate": 0.7333333333333333,
  "trigger_active_rate": 1.0,
  "confidence_mean": 0.9500000000000002,
  "false_intervention_rate": 0.07964601769911504,
  "repeated_intervention_rate": 0.9469026548672567,
  "post_intervention_violation_rate": 0.09836065573770492,
  "mean_drift_after_intervention": 10.77129254074286,
  "min_predicted_distance_mean": 3.8955052997567083
}