{
  "violation_rate": 0.08666666666666667,
  "collision_rate": 0.0,
  "near_miss_rate": 0.15333333333333332,
  "intervention_rate": 0.8066666666666666,
  "override_success_rate": 0.8925619834710744,
  "mean_intervention_delay": 0.0,
  "operator_workload": 0.8066666666666666,
  "mean_drift": 7.448450230895406,
  "p95_drift": 26.318298015198856,
  "mean_latency_ms": 0.4946505728488167,
  "risk_mean": 0.8683352073130686,
  "risk_p05": 0.2140636329564802,
  "risk_p25": 1.0,
  "risk_p50": 1.0,
  "risk_p75": 1.0,
  "risk_p95": 1.0,
  "separation_risk_mean": 0.2341715032774409,
  "congestion_risk_mean": 0.13260086019422812,
  "speed_risk_mean": 0.6604322453667054,
  "uncertainty_risk_mean": 0.6390636506498047,
  "human_activation_count": 121,
  "cooldown_skips": 19,
  "suppressed_request_count": 19,
  "suppressed_critical_count": 0,
  "cooldown_release_count": 118,
  "critical_override_count": 118,
  "critical_trigger_rate": 0.7866666666666666,
  "trigger_active_rate": 0.9333333333333333,
  "confidence_mean": 0.9000000000000004,
  "false_intervention_rate": 0.09090909090909091,
  "repeated_intervention_rate": 0.9504132231404959,
  "post_intervention_violation_rate": 0.10077519379844961,
  "mean_drift_after_intervention": 8.484428820090013,
  "min_predicted_distance_mean": 4.831007825384535
}