{
  "violation_rate": 0.0,
  "collision_rate": 0.0,
  "near_miss_rate": 0.6466666666666666,
  "intervention_rate": 0.7866666666666666,
  "override_success_rate": 1.0,
  "mean_intervention_delay": 0.0,
  "operator_workload": 0.7866666666666666,
  "mean_drift": 6.604506959237609,
  "p95_drift": 20.727447159458187,
  "mean_latency_ms": 0.47205137166505057,
  "risk_mean": 0.8858008420116338,
  "risk_p05": 0.49716369682866995,
  "risk_p25": 0.7232959192630634,
  "risk_p50": 1.0,
  "risk_p75": 1.0,
  "risk_p95": 1.0,
  "separation_risk_mean": 0.5318851328241109,
  "congestion_risk_mean": 0.2988279097936329,
  "speed_risk_mean": 0.7920326966025993,
  "uncertainty_risk_mean": 0.6336547778247547,
  "human_activation_count": 118,
  "cooldown_skips": 32,
  "suppressed_request_count": 32,
  "suppressed_critical_count": 0,
  "cooldown_release_count": 111,
  "critical_override_count": 111,
  "critical_trigger_rate": 0.74,
  "trigger_active_rate": 1.0,
  "confidence_mean": 1.0,
  "false_intervention_rate": 0.06779661016949153,
  "repeated_intervention_rate": 0.9322033898305084,
  "post_intervention_violation_rate": 0.0,
  "mean_drift_after_intervention": 7.490195771387976,
  "min_predicted_distance_mean": 1.4486352657439916
}