{
  "violation_rate": 0.006666666666666667,
  "collision_rate": 0.006666666666666667,
  "near_miss_rate": 0.03333333333333333,
  "intervention_rate": 0.8066666666666666,
  "override_success_rate": 0.9917355371900827,
  "mean_intervention_delay": 0.0,
  "operator_workload": 0.8066666666666666,
  "mean_drift": 10.164011525774095,
  "p95_drift": 22.4198738785468,
  "mean_latency_ms": 0.4653700355750819,
  "risk_mean": 0.8597241449130286,
  "risk_p05": 0.2459999999998895,
  "risk_p25": 1.0,
  "risk_p50": 1.0,
  "risk_p75": 1.0,
  "risk_p95": 1.0,
  "separation_risk_mean": 0.07967896115311571,
  "congestion_risk_mean": 0.04653433433438483,
  "speed_risk_mean": 0.8985904913290002,
  "uncertainty_risk_mean": 0.64,
  "human_activation_count": 121,
  "cooldown_skips": 29,
  "suppressed_request_count": 29,
  "suppressed_critical_count": 0,
  "cooldown_release_count": 116,
  "critical_override_count": 116,
  "critical_trigger_rate": 0.7733333333333333,
  "trigger_active_rate": 1.0,
  "confidence_mean": 1.0,
  "false_intervention_rate": 0.09917355371900827,
  "repeated_intervention_rate": 0.9338842975206612,
  "post_intervention_violation_rate": 0.0,
  "mean_drift_after_intervention": 11.031421256581838,
  "min_predicted_distance_mean": 4.87124566596695
}