{
  "violation_rate": 0.013333333333333334,
  "collision_rate": 0.0,
  "near_miss_rate": 0.013333333333333334,
  "intervention_rate": 0.7733333333333333,
  "override_success_rate": 0.9827586206896551,
  "mean_intervention_delay": 0.0,
  "operator_workload": 0.7733333333333333,
  "mean_drift": 9.463187656827014,
  "p95_drift": 20.471453214827438,
  "mean_latency_ms": 0.4987177671864629,
  "risk_mean": 0.8164400896041152,
  "risk_p05": 0.21599999999989952,
  "risk_p25": 0.733736420046256,
  "risk_p50": 1.0,
  "risk_p75": 1.0,
  "risk_p95": 1.0,
  "separation_risk_mean": 0.025785928870289274,
  "congestion_risk_mean": 0.017004571912409824,
  "speed_risk_mean": 0.857324079784435,
  "uncertainty_risk_mean": 0.64,
  "human_activation_count": 116,
  "cooldown_skips": 34,
  "suppressed_request_count": 34,
  "suppressed_critical_count": 0,
  "cooldown_release_count": 112,
  "critical_override_count": 112,
  "critical_trigger_rate": 0.7466666666666667,
  "trigger_active_rate": 1.0,
  "confidence_mean": 0.9500000000000002,
  "false_intervention_rate": 0.06896551724137931,
  "repeated_intervention_rate": 0.9568965517241379,
  "post_intervention_violation_rate": 0.016260162601626018,
  "mean_drift_after_intervention": 11.13860580435924,
  "min_predicted_distance_mean": 12.715423287945406
}