{
  "violation_rate": 0.7066666666666667,
  "collision_rate": 0.17333333333333334,
  "near_miss_rate": 0.9133333333333333,
  "intervention_rate": 0.8,
  "override_success_rate": 0.13333333333333333,
  "mean_intervention_delay": 5.0,
  "operator_workload": 0.8,
  "mean_drift": 3.1672837358038404,
  "p95_drift": 11.27353339373884,
  "mean_latency_ms": 1.7865250150983532,
  "risk_mean": 0.9272505102353765,
  "risk_p05": 0.6492275715609102,
  "risk_p25": 1.0,
  "risk_p50": 1.0,
  "risk_p75": 1.0,
  "risk_p95": 1.0,
  "separation_risk_mean": 0.7256738605335179,
  "congestion_risk_mean": 0.46451550671034736,
  "speed_risk_mean": 0.737711894588264,
  "uncertainty_risk_mean": 0.6281631429625354,
  "human_activation_count": 120,
  "cooldown_skips": 30,
  "suppressed_request_count": 30,
  "suppressed_critical_count": 0,
  "cooldown_release_count": 117,
  "critical_override_count": 117,
  "critical_trigger_rate": 0.78,
  "trigger_active_rate": 1.0,
  "confidence_mean": 0.4695883752902962,
  "false_intervention_rate": 0.016666666666666666,
  "repeated_intervention_rate": 0.9166666666666666,
  "post_intervention_violation_rate": 0.762962962962963,
  "mean_drift_after_intervention": 3.5761382101943777,
  "min_predicted_distance_mean": 0.6624301709453431
}