{
  "violation_rate": 0.7866666666666666,
  "collision_rate": 0.0,
  "near_miss_rate": 0.0,
  "intervention_rate": 0.86,
  "override_success_rate": 0.08527131782945736,
  "mean_intervention_delay": 10.0,
  "operator_workload": 0.86,
  "mean_drift": 23.729382932488203,
  "p95_drift": 55.664875349344086,
  "mean_latency_ms": 2.3643721942789853,
  "risk_mean": 0.8888199402799932,
  "risk_p05": 0.24599999999991762,
  "risk_p25": 1.0,
  "risk_p50": 1.0,
  "risk_p75": 1.0,
  "risk_p95": 1.0,
  "separation_risk_mean": 0.04710451867755032,
  "congestion_risk_mean": 0.021536919604649818,
  "speed_risk_mean": 0.9681778128260365,
  "uncertainty_risk_mean": 0.64,
  "human_activation_count": 129,
  "cooldown_skips": 21,
  "suppressed_request_count": 21,
  "suppressed_critical_count": 0,
  "cooldown_release_count": 124,
  "critical_override_count": 124,
  "critical_trigger_rate": 0.8266666666666667,
  "trigger_active_rate": 1.0,
  "confidence_mean": 0.24356892640431255,
  "false_intervention_rate": 0.08527131782945736,
  "repeated_intervention_rate": 0.9534883720930233,
  "post_intervention_violation_rate": 0.8613138686131386,
  "mean_drift_after_intervention": 26.462819067265176,
  "min_predicted_distance_mean": 11.035573622171045
}