{
  "violation_rate": 0.7466666666666667,
  "collision_rate": 0.1,
  "near_miss_rate": 0.5933333333333334,
  "intervention_rate": 0.8733333333333333,
  "override_success_rate": 0.1450381679389313,
  "mean_intervention_delay": 0.0,
  "operator_workload": 0.8733333333333333,
  "mean_drift": 7.479236692857865,
  "p95_drift": 42.31097928545673,
  "mean_latency_ms": 1.901864151780804,
  "risk_mean": 0.9202514984261635,
  "risk_p05": 0.43122653930396304,
  "risk_p25": 1.0,
  "risk_p50": 1.0,
  "risk_p75": 1.0,
  "risk_p95": 1.0,
  "separation_risk_mean": 0.6774364777506008,
  "congestion_risk_mean": 0.40849776452308434,
  "speed_risk_mean": 0.6866434213739513,
  "uncertainty_risk_mean": 0.6348081429327146,
  "human_activation_count": 131,
  "cooldown_skips": 19,
  "suppressed_request_count": 19,
  "suppressed_critical_count": 0,
  "cooldown_release_count": 127,
  "critical_override_count": 127,
  "critical_trigger_rate": 0.8466666666666667,
  "trigger_active_rate": 1.0,
  "confidence_mean": 0.5,
  "false_intervention_rate": 0.07633587786259542,
  "repeated_intervention_rate": 0.9465648854961832,
  "post_intervention_violation_rate": 0.8,
  "mean_drift_after_intervention": 8.214771258181361,
  "min_predicted_distance_mean": 0.8080909692424548
}