{
  "violation_rate": 0.0,
  "collision_rate": 0.0,
  "near_miss_rate": 0.72,
  "intervention_rate": 0.05333333333333334,
  "override_success_rate": 1.0,
  "mean_intervention_delay": 0.0,
  "operator_workload": 0.05333333333333334,
  "mean_drift": 6.596713243699801,
  "p95_drift": 20.819200691614277,
  "mean_latency_ms": 0.5603297204167271,
  "risk_mean": 0.5460024675602617,
  "risk_p95": 0.6730541725521884,
  "separation_risk_mean": 0.543327283981039,
  "congestion_risk_mean": 0.3090235449439751,
  "speed_risk_mean": 0.8612221906411897,
  "uncertainty_risk_mean": 0.6337731662441458,
  "human_activation_count": 8,
  "cooldown_skips": 142,
  "trigger_active_rate": 1.0,
  "confidence_mean": 0.9500000000000002,
  "false_intervention_rate": 0.375
}