{
  "violation_rate": 0.22,
  "collision_rate": 0.0,
  "near_miss_rate": 0.02,
  "intervention_rate": 0.16666666666666666,
  "override_success_rate": 0.28,
  "mean_intervention_delay": 10.0,
  "operator_workload": 0.16666666666666666,
  "mean_drift": 22.658859261428482,
  "p95_drift": 64.13668311106801,
  "mean_latency_ms": 0.9328988199316276,
  "risk_mean": 0.30121311536785567,
  "risk_p95": 0.4530026779004603,
  "separation_risk_mean": 0.09115263138041194,
  "congestion_risk_mean": 0.058112797475195634,
  "speed_risk_mean": 0.9991950042231929,
  "uncertainty_risk_mean": 0.6385798749626165,
  "human_activation_count": 25,
  "cooldown_skips": 125,
  "trigger_active_rate": 1.0,
  "confidence_mean": 0.8130947531791306,
  "false_intervention_rate": 0.28
}