{
  "violation_rate": 0.08666666666666667,
  "collision_rate": 0.006666666666666667,
  "near_miss_rate": 0.013333333333333334,
  "intervention_rate": 0.78,
  "override_success_rate": 0.8888888888888888,
  "mean_intervention_delay": 0.0,
  "operator_workload": 0.78,
  "mean_drift": 16.793656758236512,
  "p95_drift": 32.760034543129706,
  "mean_latency_ms": 0.5562458311518034,
  "risk_mean": 0.8112631873897641,
  "risk_p05": 0.21599999999992187,
  "risk_p25": 0.5637923259331263,
  "risk_p50": 1.0,
  "risk_p75": 1.0,
  "risk_p95": 1.0,
  "separation_risk_mean": 0.024248105186973835,
  "congestion_risk_mean": 0.016233572320967202,
  "speed_risk_mean": 0.9665034076897719,
  "uncertainty_risk_mean": 0.64,
  "human_activation_count": 117,
  "cooldown_skips": 33,
  "suppressed_request_count": 33,
  "suppressed_critical_count": 0,
  "cooldown_release_count": 111,
  "critical_override_count": 111,
  "critical_trigger_rate": 0.74,
  "trigger_active_rate": 1.0,
  "confidence_mean": 0.9500000000000002,
  "false_intervention_rate": 0.08547008547008547,
  "repeated_intervention_rate": 0.9316239316239316,
  "post_intervention_violation_rate": 0.09230769230769231,
  "mean_drift_after_intervention": 19.210047322750874,
  "min_predicted_distance_mean": 5.986483158596135
}