{
  "violation_rate": 0.15333333333333332,
  "collision_rate": 0.0,
  "near_miss_rate": 2.6733333333333333,
  "intervention_rate": 0.9466666666666667,
  "override_success_rate": 0.8380281690140845,
  "mean_intervention_delay": 0.0,
  "operator_workload": 0.9466666666666667,
  "mean_drift": 11.292449168640035,
  "p95_drift": 40.39514592183571,
  "mean_latency_ms": 6.078775555361062,
  "risk_mean": 0.9789185169702829,
  "risk_p05": 0.7889330939687407,
  "risk_p25": 1.0,
  "risk_p50": 1.0,
  "risk_p75": 1.0,
  "risk_p95": 1.0,
  "separation_risk_mean": 0.6794271950187057,
  "congestion_risk_mean": 0.4569357628303862,
  "speed_risk_mean": 0.8572233778936545,
  "uncertainty_risk_mean": 0.6302703232182741,
  "human_activation_count": 142,
  "cooldown_skips": 8,
  "suppressed_request_count": 8,
  "suppressed_critical_count": 0,
  "cooldown_release_count": 142,
  "critical_override_count": 142,
  "critical_trigger_rate": 0.9466666666666667,
  "trigger_active_rate": 1.0,
  "confidence_mean": 0.9500000000000002,
  "false_intervention_rate": 0.035211267605633804,
  "repeated_intervention_rate": 0.9788732394366197,
  "post_intervention_violation_rate": 0.15862068965517243,
  "mean_drift_after_intervention": 11.533276486640167,
  "min_predicted_distance_mean": 0.5994476293390075
}