{
  "violation_rate": 0.7466666666666667,
  "collision_rate": 0.013333333333333334,
  "near_miss_rate": 0.32,
  "intervention_rate": 0.8,
  "override_success_rate": 0.06666666666666667,
  "mean_intervention_delay": 10.0,
  "operator_workload": 0.8,
  "mean_drift": 20.133349761414653,
  "p95_drift": 48.34059178936608,
  "mean_latency_ms": 2.329693074182918,
  "risk_mean": 0.926438993581829,
  "risk_p05": 0.6733149977275159,
  "risk_p25": 1.0,
  "risk_p50": 1.0,
  "risk_p75": 1.0,
  "risk_p95": 1.0,
  "separation_risk_mean": 0.25003374205171647,
  "congestion_risk_mean": 0.17489977335914592,
  "speed_risk_mean": 0.9852172326011371,
  "uncertainty_risk_mean": 0.6395059469916106,
  "human_activation_count": 120,
  "cooldown_skips": 30,
  "suppressed_request_count": 30,
  "suppressed_critical_count": 0,
  "cooldown_release_count": 114,
  "critical_override_count": 114,
  "critical_trigger_rate": 0.76,
  "trigger_active_rate": 1.0,
  "confidence_mean": 0.2928548152598256,
  "false_intervention_rate": 0.041666666666666664,
  "repeated_intervention_rate": 0.9416666666666667,
  "post_intervention_violation_rate": 0.8396946564885496,
  "mean_drift_after_intervention": 23.651681769875612,
  "min_predicted_distance_mean": 8.50548457145929
}