{
  "violation_rate": 0.0,
  "collision_rate": 0.0,
  "near_miss_rate": 0.12,
  "intervention_rate": 0.7466666666666667,
  "override_success_rate": 1.0,
  "mean_intervention_delay": 0.0,
  "operator_workload": 0.7466666666666667,
  "mean_drift": 11.782976305481377,
  "p95_drift": 38.69035670427222,
  "mean_latency_ms": 0.46210689237341285,
  "risk_mean": 0.8139707821616509,
  "risk_p05": 0.24599999999990693,
  "risk_p25": 0.5349207768556655,
  "risk_p50": 1.0,
  "risk_p75": 1.0,
  "risk_p95": 1.0,
  "separation_risk_mean": 0.15431130004798868,
  "congestion_risk_mean": 0.07979429417479281,
  "speed_risk_mean": 0.9643103555714204,
  "uncertainty_risk_mean": 0.64,
  "human_activation_count": 112,
  "cooldown_skips": 38,
  "suppressed_request_count": 38,
  "suppressed_critical_count": 0,
  "cooldown_release_count": 107,
  "critical_override_count": 103,
  "critical_trigger_rate": 0.6866666666666666,
  "trigger_active_rate": 1.0,
  "confidence_mean": 1.0,
  "false_intervention_rate": 0.16071428571428573,
  "repeated_intervention_rate": 0.9017857142857143,
  "post_intervention_violation_rate": 0.0,
  "mean_drift_after_intervention": 14.226260020941208,
  "min_predicted_distance_mean": 3.4973207010609326
}