{
  "violation_rate": 0.2866666666666667,
  "collision_rate": 0.0,
  "near_miss_rate": 0.4533333333333333,
  "intervention_rate": 0.7666666666666667,
  "override_success_rate": 0.6260869565217392,
  "mean_intervention_delay": 1.0,
  "operator_workload": 0.7666666666666667,
  "mean_drift": 12.08975024871138,
  "p95_drift": 28.189156028335482,
  "mean_latency_ms": 0.8718649864507219,
  "risk_mean": 0.8073047530112111,
  "risk_p05": 0.24599999999987712,
  "risk_p25": 0.463368318325731,
  "risk_p50": 1.0,
  "risk_p75": 1.0,
  "risk_p95": 1.0,
  "separation_risk_mean": 0.5609789261773117,
  "congestion_risk_mean": 0.3234135373314815,
  "speed_risk_mean": 0.8859845910264456,
  "uncertainty_risk_mean": 0.6318802700574634,
  "human_activation_count": 115,
  "cooldown_skips": 35,
  "suppressed_request_count": 35,
  "suppressed_critical_count": 0,
  "cooldown_release_count": 107,
  "critical_override_count": 107,
  "critical_trigger_rate": 0.7133333333333334,
  "trigger_active_rate": 1.0,
  "confidence_mean": 0.8179755651584631,
  "false_intervention_rate": 0.0782608695652174,
  "repeated_intervention_rate": 0.9304347826086956,
  "post_intervention_violation_rate": 0.3359375,
  "mean_drift_after_intervention": 13.965912282710136,
  "min_predicted_distance_mean": 0.9514292798680987
}