{
  "violation_rate": 0.08666666666666667,
  "collision_rate": 0.0,
  "near_miss_rate": 0.006666666666666667,
  "intervention_rate": 0.84,
  "override_success_rate": 0.8968253968253969,
  "mean_intervention_delay": 0.0,
  "operator_workload": 0.84,
  "mean_drift": 10.292523888349082,
  "p95_drift": 27.87542729599903,
  "mean_latency_ms": 0.5558030299531916,
  "risk_mean": 0.84881671281151,
  "risk_p05": 0.24599999999988806,
  "risk_p25": 1.0,
  "risk_p50": 1.0,
  "risk_p75": 1.0,
  "risk_p95": 1.0,
  "separation_risk_mean": 0.05305679749525976,
  "congestion_risk_mean": 0.03439410143511683,
  "speed_risk_mean": 0.9113388928474817,
  "uncertainty_risk_mean": 0.64,
  "human_activation_count": 126,
  "cooldown_skips": 24,
  "suppressed_request_count": 24,
  "suppressed_critical_count": 0,
  "cooldown_release_count": 114,
  "critical_override_count": 114,
  "critical_trigger_rate": 0.76,
  "trigger_active_rate": 1.0,
  "confidence_mean": 0.9500000000000002,
  "false_intervention_rate": 0.1349206349206349,
  "repeated_intervention_rate": 0.8968253968253969,
  "post_intervention_violation_rate": 0.087248322147651,
  "mean_drift_after_intervention": 11.09757223754898,
  "min_predicted_distance_mean": 5.972710317003721
}