{
  "violation_rate": 0.013333333333333334,
  "collision_rate": 0.0,
  "near_miss_rate": 0.02,
  "intervention_rate": 0.16666666666666666,
  "override_success_rate": 0.96,
  "mean_intervention_delay": 0.0,
  "operator_workload": 0.16666666666666666,
  "mean_drift": 10.272290445850416,
  "p95_drift": 36.090907001628956,
  "mean_latency_ms": 0.36020666011609137,
  "risk_mean": 0.27656381475787095,
  "risk_p95": 0.4540575178396038,
  "separation_risk_mean": 0.06119781498575715,
  "congestion_risk_mean": 0.03358900842964323,
  "speed_risk_mean": 0.9641836393791292,
  "uncertainty_risk_mean": 0.64,
  "human_activation_count": 25,
  "cooldown_skips": 120,
  "trigger_active_rate": 0.9666666666666667,
  "confidence_mean": 0.9500000000000002,
  "false_intervention_rate": 0.32
}