{
  "violation_rate": 0.07333333333333333,
  "collision_rate": 0.0,
  "near_miss_rate": 1.66,
  "intervention_rate": 0.86,
  "override_success_rate": 0.9147286821705426,
  "mean_intervention_delay": 0.0,
  "operator_workload": 0.86,
  "mean_drift": 6.879205199973969,
  "p95_drift": 22.495076532738107,
  "mean_latency_ms": 2.812564184423536,
  "risk_mean": 0.942220428060676,
  "risk_p05": 0.6223662936624842,
  "risk_p25": 1.0,
  "risk_p50": 1.0,
  "risk_p75": 1.0,
  "risk_p95": 1.0,
  "separation_risk_mean": 0.6981081478013355,
  "congestion_risk_mean": 0.3443673538084284,
  "speed_risk_mean": 0.7398227669187107,
  "uncertainty_risk_mean": 0.6378101735085275,
  "human_activation_count": 129,
  "cooldown_skips": 21,
  "suppressed_request_count": 21,
  "suppressed_critical_count": 0,
  "cooldown_release_count": 126,
  "critical_override_count": 126,
  "critical_trigger_rate": 0.84,
  "trigger_active_rate": 1.0,
  "confidence_mean": 0.9500000000000002,
  "false_intervention_rate": 0.007751937984496124,
  "repeated_intervention_rate": 0.9224806201550387,
  "post_intervention_violation_rate": 0.07692307692307693,
  "mean_drift_after_intervention": 7.319893261820761,
  "min_predicted_distance_mean": 0.863119429236668
}