{
  "violation_rate": 0.16666666666666666,
  "collision_rate": 0.006666666666666667,
  "near_miss_rate": 0.08,
  "intervention_rate": 0.8,
  "override_success_rate": 0.7916666666666666,
  "mean_intervention_delay": 1.0,
  "operator_workload": 0.8,
  "mean_drift": 10.434430568858122,
  "p95_drift": 32.42551541058739,
  "mean_latency_ms": 0.5016772068726519,
  "risk_mean": 0.8608059936323087,
  "risk_p05": 0.21359059855348977,
  "risk_p25": 1.0,
  "risk_p50": 1.0,
  "risk_p75": 1.0,
  "risk_p95": 1.0,
  "separation_risk_mean": 0.09653629738172152,
  "congestion_risk_mean": 0.05413201073263335,
  "speed_risk_mean": 0.8204219195402274,
  "uncertainty_risk_mean": 0.6370872938925903,
  "human_activation_count": 120,
  "cooldown_skips": 21,
  "suppressed_request_count": 21,
  "suppressed_critical_count": 0,
  "cooldown_release_count": 117,
  "critical_override_count": 117,
  "critical_trigger_rate": 0.78,
  "trigger_active_rate": 0.9133333333333333,
  "confidence_mean": 0.812235372339266,
  "false_intervention_rate": 0.05,
  "repeated_intervention_rate": 0.95,
  "post_intervention_violation_rate": 0.1953125,
  "mean_drift_after_intervention": 12.028535609699539,
  "min_predicted_distance_mean": 9.187161646560908
}