{
  "violation_rate": 0.02,
  "collision_rate": 0.0,
  "near_miss_rate": 0.5266666666666666,
  "intervention_rate": 1.0,
  "override_success_rate": 0.98,
  "mean_intervention_delay": 0.0,
  "operator_workload": 1.0,
  "mean_drift": 7.591265554775365,
  "p95_drift": 22.12558278583749,
  "mean_latency_ms": 0.35667807368251186,
  "risk_mean": 0.4580374392346276,
  "risk_p95": 0.6744999999999649,
  "separation_risk_mean": 0.38220905603881855,
  "congestion_risk_mean": 0.2370811447531861,
  "speed_risk_mean": 0.8828097337175566,
  "uncertainty_risk_mean": 0.6290107851415285,
  "human_activation_count": 150,
  "cooldown_skips": 0,
  "trigger_active_rate": 1.0,
  "confidence_mean": 0.9500000000000002,
  "false_intervention_rate": 0.22
}