{
  "violation_rate": 0.06666666666666667,
  "collision_rate": 0.0,
  "near_miss_rate": 0.18666666666666668,
  "intervention_rate": 0.8466666666666667,
  "override_success_rate": 0.9212598425196851,
  "mean_intervention_delay": 0.0,
  "operator_workload": 0.8466666666666667,
  "mean_drift": 11.447349602029773,
  "p95_drift": 28.333214613804145,
  "mean_latency_ms": 0.5735130716736118,
  "risk_mean": 0.9011361972304256,
  "risk_p05": 0.26169152644299715,
  "risk_p25": 1.0,
  "risk_p50": 1.0,
  "risk_p75": 1.0,
  "risk_p95": 1.0,
  "separation_risk_mean": 0.12083952035465624,
  "congestion_risk_mean": 0.08376283433281491,
  "speed_risk_mean": 0.9690179883123564,
  "uncertainty_risk_mean": 0.6383769189601225,
  "human_activation_count": 127,
  "cooldown_skips": 23,
  "suppressed_request_count": 23,
  "suppressed_critical_count": 0,
  "cooldown_release_count": 123,
  "critical_override_count": 123,
  "critical_trigger_rate": 0.82,
  "trigger_active_rate": 1.0,
  "confidence_mean": 0.9500000000000002,
  "false_intervention_rate": 0.09448818897637795,
  "repeated_intervention_rate": 0.952755905511811,
  "post_intervention_violation_rate": 0.0661764705882353,
  "mean_drift_after_intervention": 12.358028551552467,
  "min_predicted_distance_mean": 4.09755169934874
}