{
  "violation_rate": 0.02,
  "collision_rate": 0.006666666666666667,
  "near_miss_rate": 0.44,
  "intervention_rate": 0.16666666666666666,
  "override_success_rate": 0.92,
  "mean_intervention_delay": 0.0,
  "operator_workload": 0.16666666666666666,
  "mean_drift": 12.306034776976167,
  "p95_drift": 27.05884953578057,
  "mean_latency_ms": 0.5744408464912946,
  "risk_mean": 0.4119343082857479,
  "risk_p95": 0.674499999999959,
  "separation_risk_mean": 0.2918382148742724,
  "congestion_risk_mean": 0.17804922666063575,
  "speed_risk_mean": 0.9339653661811095,
  "uncertainty_risk_mean": 0.64,
  "human_activation_count": 25,
  "cooldown_skips": 125,
  "trigger_active_rate": 1.0,
  "confidence_mean": 0.9500000000000002,
  "false_intervention_rate": 0.16
}