{
  "violation_rate": 0.0,
  "collision_rate": 0.0,
  "near_miss_rate": 0.14666666666666667,
  "intervention_rate": 0.74,
  "override_success_rate": 1.0,
  "mean_intervention_delay": 0.0,
  "operator_workload": 0.74,
  "mean_drift": 7.656290913997216,
  "p95_drift": 25.786804551499802,
  "mean_latency_ms": 0.35754083345333737,
  "risk_mean": 0.8511693369913588,
  "risk_p05": 0.25670098566706556,
  "risk_p25": 0.6483354110375799,
  "risk_p50": 1.0,
  "risk_p75": 1.0,
  "risk_p95": 1.0,
  "separation_risk_mean": 0.1907559949325245,
  "congestion_risk_mean": 0.11472676505899308,
  "speed_risk_mean": 0.6889371887496409,
  "uncertainty_risk_mean": 0.6390118463796821,
  "human_activation_count": 111,
  "cooldown_skips": 39,
  "suppressed_request_count": 39,
  "suppressed_critical_count": 0,
  "cooldown_release_count": 109,
  "critical_override_count": 109,
  "critical_trigger_rate": 0.7266666666666667,
  "trigger_active_rate": 0.94,
  "confidence_mean": 0.9500000000000002,
  "false_intervention_rate": 0.02702702702702703,
  "repeated_intervention_rate": 0.972972972972973,
  "post_intervention_violation_rate": 0.0,
  "mean_drift_after_intervention": 9.12755174544021,
  "min_predicted_distance_mean": 5.1659129264657935
}