{
  "violation_rate": 0.05333333333333334,
  "collision_rate": 0.0,
  "near_miss_rate": 0.013333333333333334,
  "intervention_rate": 0.76,
  "override_success_rate": 0.9298245614035088,
  "mean_intervention_delay": 0.0,
  "operator_workload": 0.76,
  "mean_drift": 9.394938442951828,
  "p95_drift": 20.861174130224,
  "mean_latency_ms": 0.4020141375561555,
  "risk_mean": 0.8055360094224954,
  "risk_p05": 0.21599999999989952,
  "risk_p25": 0.5081315448626752,
  "risk_p50": 1.0,
  "risk_p75": 1.0,
  "risk_p95": 1.0,
  "separation_risk_mean": 0.02478426920743292,
  "congestion_risk_mean": 0.017004571912409824,
  "speed_risk_mean": 0.8561748014835566,
  "uncertainty_risk_mean": 0.64,
  "human_activation_count": 114,
  "cooldown_skips": 36,
  "suppressed_request_count": 36,
  "suppressed_critical_count": 0,
  "cooldown_release_count": 110,
  "critical_override_count": 110,
  "critical_trigger_rate": 0.7333333333333333,
  "trigger_active_rate": 1.0,
  "confidence_mean": 0.9500000000000002,
  "false_intervention_rate": 0.05263157894736842,
  "repeated_intervention_rate": 0.956140350877193,
  "post_intervention_violation_rate": 0.06611570247933884,
  "mean_drift_after_intervention": 11.133294523713433,
  "min_predicted_distance_mean": 12.743535400125895
}