{
  "violation_rate": 0.04,
  "collision_rate": 0.0,
  "near_miss_rate": 0.04,
  "intervention_rate": 0.76,
  "override_success_rate": 0.9473684210526315,
  "mean_intervention_delay": 0.0,
  "operator_workload": 0.76,
  "mean_drift": 15.640342320534343,
  "p95_drift": 35.81823664015938,
  "mean_latency_ms": 0.4067013886136313,
  "risk_mean": 0.8190398383422537,
  "risk_p05": 0.29999999999991395,
  "risk_p25": 0.6069872896657542,
  "risk_p50": 1.0,
  "risk_p75": 1.0,
  "risk_p95": 1.0,
  "separation_risk_mean": 0.047957897841205216,
  "congestion_risk_mean": 0.03762469266448156,
  "speed_risk_mean": 0.9861988044798962,
  "uncertainty_risk_mean": 0.9986815521438117,
  "human_activation_count": 114,
  "cooldown_skips": 36,
  "suppressed_request_count": 36,
  "suppressed_critical_count": 0,
  "cooldown_release_count": 106,
  "critical_override_count": 106,
  "critical_trigger_rate": 0.7066666666666667,
  "trigger_active_rate": 1.0,
  "confidence_mean": 0.9500000000000002,
  "false_intervention_rate": 0.07894736842105263,
  "repeated_intervention_rate": 0.9210526315789473,
  "post_intervention_violation_rate": 0.0390625,
  "mean_drift_after_intervention": 18.4514563546827,
  "min_predicted_distance_mean": 11.960662161034989
}