{
  "violation_rate": 0.76,
  "collision_rate": 0.013333333333333334,
  "near_miss_rate": 0.28,
  "intervention_rate": 0.7933333333333333,
  "override_success_rate": 0.04201680672268908,
  "mean_intervention_delay": 10.0,
  "operator_workload": 0.7933333333333333,
  "mean_drift": 15.826308517419665,
  "p95_drift": 45.702578621674554,
  "mean_latency_ms": 2.1983449812978506,
  "risk_mean": 0.9122807128846592,
  "risk_p05": 0.635168704916952,
  "risk_p25": 1.0,
  "risk_p50": 1.0,
  "risk_p75": 1.0,
  "risk_p95": 1.0,
  "separation_risk_mean": 0.33092398838038833,
  "congestion_risk_mean": 0.1873996320314762,
  "speed_risk_mean": 0.9708451026625545,
  "uncertainty_risk_mean": 0.6329936704403403,
  "human_activation_count": 119,
  "cooldown_skips": 31,
  "suppressed_request_count": 31,
  "suppressed_critical_count": 0,
  "cooldown_release_count": 114,
  "critical_override_count": 114,
  "critical_trigger_rate": 0.76,
  "trigger_active_rate": 1.0,
  "confidence_mean": 0.2983310251326604,
  "false_intervention_rate": 0.04201680672268908,
  "repeated_intervention_rate": 0.9243697478991597,
  "post_intervention_violation_rate": 0.8345864661654135,
  "mean_drift_after_intervention": 18.516618337057327,
  "min_predicted_distance_mean": 2.2373447863775757
}