{
  "violation_rate": 0.2,
  "collision_rate": 0.0,
  "near_miss_rate": 0.006666666666666667,
  "intervention_rate": 0.8266666666666667,
  "override_success_rate": 0.7580645161290323,
  "mean_intervention_delay": 0.0,
  "operator_workload": 0.8266666666666667,
  "mean_drift": 10.294105268931943,
  "p95_drift": 27.913951725843084,
  "mean_latency_ms": 0.5742194464740654,
  "risk_mean": 0.8355884936888766,
  "risk_p05": 0.24599999999988723,
  "risk_p25": 0.6291642565026649,
  "risk_p50": 1.0,
  "risk_p75": 1.0,
  "risk_p95": 1.0,
  "separation_risk_mean": 0.051052578964870914,
  "congestion_risk_mean": 0.034619332618876786,
  "speed_risk_mean": 0.9104429227267614,
  "uncertainty_risk_mean": 0.64,
  "human_activation_count": 124,
  "cooldown_skips": 26,
  "suppressed_request_count": 26,
  "suppressed_critical_count": 0,
  "cooldown_release_count": 111,
  "critical_override_count": 111,
  "critical_trigger_rate": 0.74,
  "trigger_active_rate": 1.0,
  "confidence_mean": 0.9500000000000002,
  "false_intervention_rate": 0.12096774193548387,
  "repeated_intervention_rate": 0.8870967741935484,
  "post_intervention_violation_rate": 0.20134228187919462,
  "mean_drift_after_intervention": 11.131102429814455,
  "min_predicted_distance_mean": 6.006591308930919
}