{
  "violation_rate": 0.06666666666666667,
  "collision_rate": 0.0,
  "near_miss_rate": 0.08666666666666667,
  "intervention_rate": 0.7266666666666667,
  "override_success_rate": 0.908256880733945,
  "mean_intervention_delay": 0.0,
  "operator_workload": 0.7266666666666667,
  "mean_drift": 7.459015214581109,
  "p95_drift": 25.51010180514124,
  "mean_latency_ms": 0.38805302620554966,
  "risk_mean": 0.8019771282413435,
  "risk_p05": 0.2159999999998739,
  "risk_p25": 0.6183697728179123,
  "risk_p50": 1.0,
  "risk_p75": 1.0,
  "risk_p95": 1.0,
  "separation_risk_mean": 0.07664403984403767,
  "congestion_risk_mean": 0.06715094488674174,
  "speed_risk_mean": 0.7925552181496798,
  "uncertainty_risk_mean": 0.63347549589205,
  "human_activation_count": 109,
  "cooldown_skips": 41,
  "suppressed_request_count": 41,
  "suppressed_critical_count": 0,
  "cooldown_release_count": 105,
  "critical_override_count": 105,
  "critical_trigger_rate": 0.7,
  "trigger_active_rate": 1.0,
  "confidence_mean": 0.9500000000000002,
  "false_intervention_rate": 0.06422018348623854,
  "repeated_intervention_rate": 0.944954128440367,
  "post_intervention_violation_rate": 0.0847457627118644,
  "mean_drift_after_intervention": 9.01915296079215,
  "min_predicted_distance_mean": 8.19302909037133
}