{
  "violation_rate": 0.10666666666666667,
  "collision_rate": 0.0,
  "near_miss_rate": 0.006666666666666667,
  "intervention_rate": 0.7,
  "override_success_rate": 0.8476190476190476,
  "mean_intervention_delay": 0.0,
  "operator_workload": 0.7,
  "mean_drift": 16.558365743489677,
  "p95_drift": 36.000128355683785,
  "mean_latency_ms": 0.5334155758221945,
  "risk_mean": 0.7713143479659282,
  "risk_p05": 0.2459999999998442,
  "risk_p25": 0.24599999999994845,
  "risk_p50": 1.0,
  "risk_p75": 1.0,
  "risk_p95": 1.0,
  "separation_risk_mean": 0.14637737987085078,
  "congestion_risk_mean": 0.08969112855599291,
  "speed_risk_mean": 0.9781711236746035,
  "uncertainty_risk_mean": 0.6387248145739094,
  "human_activation_count": 105,
  "cooldown_skips": 10,
  "suppressed_request_count": 10,
  "suppressed_critical_count": 0,
  "cooldown_release_count": 103,
  "critical_override_count": 103,
  "critical_trigger_rate": 0.6866666666666666,
  "trigger_active_rate": 0.74,
  "confidence_mean": 0.9500000000000002,
  "false_intervention_rate": 0.02857142857142857,
  "repeated_intervention_rate": 0.9714285714285714,
  "post_intervention_violation_rate": 0.14814814814814814,
  "mean_drift_after_intervention": 20.175920308697428,
  "min_predicted_distance_mean": 2.7808223925913262
}