{
  "violation_rate": 0.07333333333333333,
  "collision_rate": 0.0,
  "near_miss_rate": 1.92,
  "intervention_rate": 0.96,
  "override_success_rate": 0.9236111111111112,
  "mean_intervention_delay": 0.0,
  "operator_workload": 0.96,
  "mean_drift": 7.741775818921849,
  "p95_drift": 36.89892843931248,
  "mean_latency_ms": 2.875290479666243,
  "risk_mean": 0.9797254481695254,
  "risk_p05": 1.0,
  "risk_p25": 1.0,
  "risk_p50": 1.0,
  "risk_p75": 1.0,
  "risk_p95": 1.0,
  "separation_risk_mean": 0.706370909547285,
  "congestion_risk_mean": 0.37725959687768484,
  "speed_risk_mean": 0.680204369115235,
  "uncertainty_risk_mean": 0.6331070317112684,
  "human_activation_count": 144,
  "cooldown_skips": 6,
  "suppressed_request_count": 6,
  "suppressed_critical_count": 0,
  "cooldown_release_count": 143,
  "critical_override_count": 143,
  "critical_trigger_rate": 0.9533333333333334,
  "trigger_active_rate": 1.0,
  "confidence_mean": 0.9500000000000002,
  "false_intervention_rate": 0.05555555555555555,
  "repeated_intervention_rate": 0.9791666666666666,
  "post_intervention_violation_rate": 0.07534246575342465,
  "mean_drift_after_intervention": 7.959046880401828,
  "min_predicted_distance_mean": 0.34533375630805563
}