{
  "violation_rate": 0.07333333333333333,
  "collision_rate": 0.0,
  "near_miss_rate": 0.54,
  "intervention_rate": 1.0,
  "override_success_rate": 0.9266666666666666,
  "mean_intervention_delay": 0.0,
  "operator_workload": 1.0,
  "mean_drift": 2.9603979705324535,
  "p95_drift": 9.788872592122205,
  "mean_latency_ms": 0.5516467258955041,
  "risk_mean": 0.8690471915168974,
  "risk_p05": 0.24599999999979943,
  "risk_p25": 1.0,
  "risk_p50": 1.0,
  "risk_p75": 1.0,
  "risk_p95": 1.0,
  "separation_risk_mean": 0.18966601533518276,
  "congestion_risk_mean": 0.1705671674107282,
  "speed_risk_mean": 0.7513216097725596,
  "uncertainty_risk_mean": 0.5714351564461388,
  "human_activation_count": 150,
  "cooldown_skips": 0,
  "suppressed_request_count": 0,
  "suppressed_critical_count": 0,
  "cooldown_release_count": 120,
  "critical_override_count": 120,
  "critical_trigger_rate": 0.8,
  "trigger_active_rate": 1.0,
  "confidence_mean": 0.9500000000000002,
  "false_intervention_rate": 0.26666666666666666,
  "repeated_intervention_rate": 0.9933333333333333,
  "post_intervention_violation_rate": 0.0738255033557047,
  "mean_drift_after_intervention": 2.9603979705324535,
  "min_predicted_distance_mean": 5.336013529911377
}