{
  "violation_rate": 0.13333333333333333,
  "collision_rate": 0.02666666666666667,
  "near_miss_rate": 1.1933333333333334,
  "intervention_rate": 0.16666666666666666,
  "override_success_rate": 0.56,
  "mean_intervention_delay": 3.0,
  "operator_workload": 0.16666666666666666,
  "mean_drift": 12.908497987119272,
  "p95_drift": 32.441726636296245,
  "mean_latency_ms": 1.0250913932880696,
  "risk_mean": 0.6505568688323545,
  "risk_p95": 0.6925091853608395,
  "separation_risk_mean": 0.7393494790212917,
  "congestion_risk_mean": 0.43431341132037404,
  "speed_risk_mean": 0.7586063860142722,
  "uncertainty_risk_mean": 0.6365352836035922,
  "human_activation_count": 25,
  "cooldown_skips": 125,
  "trigger_active_rate": 1.0,
  "confidence_mean": 0.8785618423815542,
  "false_intervention_rate": 0.0
}