{
  "violation_rate": 0.14666666666666667,
  "collision_rate": 0.0,
  "near_miss_rate": 0.0,
  "intervention_rate": 0.9733333333333334,
  "override_success_rate": 0.8493150684931506,
  "mean_intervention_delay": 0.0,
  "operator_workload": 0.9733333333333334,
  "mean_drift": 15.1278065557655,
  "p95_drift": 35.224813111629594,
  "mean_latency_ms": 0.5573138928351303,
  "risk_mean": 0.9798933333333318,
  "risk_p05": 1.0,
  "risk_p25": 1.0,
  "risk_p50": 1.0,
  "risk_p75": 1.0,
  "risk_p95": 1.0,
  "separation_risk_mean": 0.0,
  "congestion_risk_mean": 0.0,
  "speed_risk_mean": 0.9821697442110737,
  "uncertainty_risk_mean": 0.64,
  "human_activation_count": 146,
  "cooldown_skips": 0,
  "suppressed_request_count": 0,
  "suppressed_critical_count": 0,
  "cooldown_release_count": 146,
  "critical_override_count": 146,
  "critical_trigger_rate": 0.9733333333333334,
  "trigger_active_rate": 0.9733333333333334,
  "confidence_mean": 0.9500000000000002,
  "false_intervention_rate": 0.0136986301369863,
  "repeated_intervention_rate": 0.9931506849315068,
  "post_intervention_violation_rate": 0.15172413793103448,
  "mean_drift_after_intervention": 15.1158623119174,
  "min_predicted_distance_mean": 13.6279542031915
}