{
  "violation_rate": 0.09333333333333334,
  "collision_rate": 0.0,
  "near_miss_rate": 0.2,
  "intervention_rate": 1.0,
  "override_success_rate": 0.9066666666666666,
  "mean_intervention_delay": 0.0,
  "operator_workload": 1.0,
  "mean_drift": 15.418925632832899,
  "p95_drift": 37.170166438430854,
  "mean_latency_ms": 0.4199569602496922,
  "risk_mean": 0.3622560913695341,
  "risk_p95": 0.6650971808114042,
  "separation_risk_mean": 0.189114722039677,
  "congestion_risk_mean": 0.12592592747311954,
  "speed_risk_mean": 0.9978198972226634,
  "uncertainty_risk_mean": 0.64,
  "human_activation_count": 150,
  "cooldown_skips": 0,
  "trigger_active_rate": 1.0,
  "confidence_mean": 0.9500000000000002,
  "false_intervention_rate": 0.2866666666666667
}