{
  "violation_rate": 0.06,
  "collision_rate": 0.013333333333333334,
  "near_miss_rate": 1.8266666666666667,
  "intervention_rate": 0.8866666666666667,
  "override_success_rate": 0.9323308270676691,
  "mean_intervention_delay": 0.0,
  "operator_workload": 0.8866666666666667,
  "mean_drift": 6.857208382309746,
  "p95_drift": 22.91008927475727,
  "mean_latency_ms": 2.8656452638097107,
  "risk_mean": 0.9557340779314946,
  "risk_p05": 0.6189627374186056,
  "risk_p25": 1.0,
  "risk_p50": 1.0,
  "risk_p75": 1.0,
  "risk_p95": 1.0,
  "separation_risk_mean": 0.6453000104027781,
  "congestion_risk_mean": 0.32943874427492886,
  "speed_risk_mean": 0.7263393475472096,
  "uncertainty_risk_mean": 0.6361366464129441,
  "human_activation_count": 133,
  "cooldown_skips": 17,
  "suppressed_request_count": 17,
  "suppressed_critical_count": 0,
  "cooldown_release_count": 132,
  "critical_override_count": 132,
  "critical_trigger_rate": 0.88,
  "trigger_active_rate": 1.0,
  "confidence_mean": 0.9500000000000002,
  "false_intervention_rate": 0.0,
  "repeated_intervention_rate": 0.9323308270676691,
  "post_intervention_violation_rate": 0.06206896551724138,
  "mean_drift_after_intervention": 7.227621796260796,
  "min_predicted_distance_mean": 0.910942227240172
}