{
  "violation_rate": 0.10666666666666667,
  "collision_rate": 0.006666666666666667,
  "near_miss_rate": 0.08,
  "intervention_rate": 0.7933333333333333,
  "override_success_rate": 0.865546218487395,
  "mean_intervention_delay": 0.0,
  "operator_workload": 0.7933333333333333,
  "mean_drift": 9.935711645440767,
  "p95_drift": 34.02919138517896,
  "mean_latency_ms": 0.4426422342658043,
  "risk_mean": 0.856352278555654,
  "risk_p05": 0.21359059855348977,
  "risk_p25": 1.0,
  "risk_p50": 1.0,
  "risk_p75": 1.0,
  "risk_p95": 1.0,
  "separation_risk_mean": 0.09347802269796672,
  "congestion_risk_mean": 0.05244644446553038,
  "speed_risk_mean": 0.7823663783773063,
  "uncertainty_risk_mean": 0.6370872938925903,
  "human_activation_count": 119,
  "cooldown_skips": 21,
  "suppressed_request_count": 21,
  "suppressed_critical_count": 0,
  "cooldown_release_count": 116,
  "critical_override_count": 116,
  "critical_trigger_rate": 0.7733333333333333,
  "trigger_active_rate": 0.9,
  "confidence_mean": 0.9500000000000002,
  "false_intervention_rate": 0.05042016806722689,
  "repeated_intervention_rate": 0.9495798319327731,
  "post_intervention_violation_rate": 0.12598425196850394,
  "mean_drift_after_intervention": 11.459880143552189,
  "min_predicted_distance_mean": 8.951610880660082
}