{
  "violation_rate": 0.6266666666666667,
  "collision_rate": 0.12,
  "near_miss_rate": 0.6466666666666666,
  "intervention_rate": 0.8933333333333333,
  "override_success_rate": 0.29850746268656714,
  "mean_intervention_delay": 3.0,
  "operator_workload": 0.8933333333333333,
  "mean_drift": 3.644022703436205,
  "p95_drift": 12.055690208002408,
  "mean_latency_ms": 1.5842442098073661,
  "risk_mean": 0.956541264334741,
  "risk_p05": 0.609005014704102,
  "risk_p25": 1.0,
  "risk_p50": 1.0,
  "risk_p75": 1.0,
  "risk_p95": 1.0,
  "separation_risk_mean": 0.7034590353506581,
  "congestion_risk_mean": 0.4118691916875329,
  "speed_risk_mean": 0.7607441993524087,
  "uncertainty_risk_mean": 0.6253503476326753,
  "human_activation_count": 134,
  "cooldown_skips": 16,
  "suppressed_request_count": 16,
  "suppressed_critical_count": 0,
  "cooldown_release_count": 134,
  "critical_override_count": 134,
  "critical_trigger_rate": 0.8933333333333333,
  "trigger_active_rate": 1.0,
  "confidence_mean": 0.5670914751651305,
  "false_intervention_rate": 0.014925373134328358,
  "repeated_intervention_rate": 0.9328358208955224,
  "post_intervention_violation_rate": 0.6301369863013698,
  "mean_drift_after_intervention": 3.897418445805602,
  "min_predicted_distance_mean": 0.6986966644292687
}