{
  "violation_rate": 0.08,
  "collision_rate": 0.0,
  "near_miss_rate": 0.03333333333333333,
  "intervention_rate": 0.7933333333333333,
  "override_success_rate": 0.8991596638655462,
  "mean_intervention_delay": 0.0,
  "operator_workload": 0.7933333333333333,
  "mean_drift": 13.783313673179956,
  "p95_drift": 37.00639844320077,
  "mean_latency_ms": 0.43452694003159803,
  "risk_mean": 0.8588123154145639,
  "risk_p05": 0.37634443110118837,
  "risk_p25": 1.0,
  "risk_p50": 1.0,
  "risk_p75": 1.0,
  "risk_p95": 1.0,
  "separation_risk_mean": 0.11070150101528069,
  "congestion_risk_mean": 0.07299267729977721,
  "speed_risk_mean": 0.918745117498845,
  "uncertainty_risk_mean": 0.639763100417803,
  "human_activation_count": 119,
  "cooldown_skips": 31,
  "suppressed_request_count": 31,
  "suppressed_critical_count": 0,
  "cooldown_release_count": 113,
  "critical_override_count": 113,
  "critical_trigger_rate": 0.7533333333333333,
  "trigger_active_rate": 1.0,
  "confidence_mean": 0.9500000000000002,
  "false_intervention_rate": 0.06722689075630252,
  "repeated_intervention_rate": 0.9327731092436975,
  "post_intervention_violation_rate": 0.0916030534351145,
  "mean_drift_after_intervention": 15.51374639245864,
  "min_predicted_distance_mean": 4.401222137849423
}