{
  "violation_rate": 0.013333333333333334,
  "collision_rate": 0.0,
  "near_miss_rate": 0.14,
  "intervention_rate": 0.7733333333333333,
  "override_success_rate": 0.9827586206896551,
  "mean_intervention_delay": 0.0,
  "operator_workload": 0.7733333333333333,
  "mean_drift": 6.188766979852928,
  "p95_drift": 17.86104830157865,
  "mean_latency_ms": 0.40304332893962663,
  "risk_mean": 0.8327793741553239,
  "risk_p05": 0.2699999999998817,
  "risk_p25": 0.7543458454242606,
  "risk_p50": 1.0,
  "risk_p75": 1.0,
  "risk_p95": 1.0,
  "separation_risk_mean": 0.06027236489486879,
  "congestion_risk_mean": 0.06825045361254349,
  "speed_risk_mean": 0.7381401554900587,
  "uncertainty_risk_mean": 0.9951745927946066,
  "human_activation_count": 116,
  "cooldown_skips": 34,
  "suppressed_request_count": 34,
  "suppressed_critical_count": 0,
  "cooldown_release_count": 110,
  "critical_override_count": 110,
  "critical_trigger_rate": 0.7333333333333333,
  "trigger_active_rate": 1.0,
  "confidence_mean": 0.9500000000000002,
  "false_intervention_rate": 0.06896551724137931,
  "repeated_intervention_rate": 0.9310344827586207,
  "post_intervention_violation_rate": 0.015503875968992248,
  "mean_drift_after_intervention": 6.898175554959825,
  "min_predicted_distance_mean": 7.341474353703764
}