{
  "violation_rate": 0.04666666666666667,
  "collision_rate": 0.0,
  "near_miss_rate": 0.2866666666666667,
  "intervention_rate": 0.74,
  "override_success_rate": 0.9369369369369369,
  "mean_intervention_delay": 0.0,
  "operator_workload": 0.74,
  "mean_drift": 7.9374949959406464,
  "p95_drift": 21.54943430485389,
  "mean_latency_ms": 0.4447350340584914,
  "risk_mean": 0.8597048830049105,
  "risk_p05": 0.3780999432204797,
  "risk_p25": 0.6415788258656298,
  "risk_p50": 1.0,
  "risk_p75": 1.0,
  "risk_p95": 1.0,
  "separation_risk_mean": 0.36876066743427044,
  "congestion_risk_mean": 0.223007735297721,
  "speed_risk_mean": 0.8474880643982531,
  "uncertainty_risk_mean": 0.6300926222491761,
  "human_activation_count": 111,
  "cooldown_skips": 39,
  "suppressed_request_count": 39,
  "suppressed_critical_count": 0,
  "cooldown_release_count": 107,
  "critical_override_count": 107,
  "critical_trigger_rate": 0.7133333333333334,
  "trigger_active_rate": 1.0,
  "confidence_mean": 0.9500000000000002,
  "false_intervention_rate": 0.05405405405405406,
  "repeated_intervention_rate": 0.954954954954955,
  "post_intervention_violation_rate": 0.059322033898305086,
  "mean_drift_after_intervention": 9.773477904420318,
  "min_predicted_distance_mean": 1.9858954366003503
}