{
  "violation_rate": 0.11333333333333333,
  "collision_rate": 0.0,
  "near_miss_rate": 0.34,
  "intervention_rate": 0.16666666666666666,
  "override_success_rate": 0.64,
  "mean_intervention_delay": 3.0,
  "operator_workload": 0.16666666666666666,
  "mean_drift": 12.402492841160154,
  "p95_drift": 28.906199432535225,
  "mean_latency_ms": 0.9829733200604096,
  "risk_mean": 0.378168476485775,
  "risk_p95": 0.7879999999999611,
  "separation_risk_mean": 0.19780352795946748,
  "congestion_risk_mean": 0.1832018780046193,
  "speed_risk_mean": 0.9840103826161691,
  "uncertainty_risk_mean": 0.6383657467362299,
  "human_activation_count": 25,
  "cooldown_skips": 125,
  "trigger_active_rate": 1.0,
  "confidence_mean": 0.8785618423815542,
  "false_intervention_rate": 0.28
}