{
  "violation_rate": 0.7,
  "collision_rate": 0.006666666666666667,
  "near_miss_rate": 0.29333333333333333,
  "intervention_rate": 0.7666666666666667,
  "override_success_rate": 0.08695652173913043,
  "mean_intervention_delay": 3.0,
  "operator_workload": 0.7666666666666667,
  "mean_drift": 17.114475471809772,
  "p95_drift": 49.87578476491902,
  "mean_latency_ms": 2.028015365358442,
  "risk_mean": 0.8466583902589782,
  "risk_p05": 0.31617866842908193,
  "risk_p25": 0.5569916610515756,
  "risk_p50": 1.0,
  "risk_p75": 1.0,
  "risk_p95": 1.0,
  "separation_risk_mean": 0.5861693128250998,
  "congestion_risk_mean": 0.32287826975813116,
  "speed_risk_mean": 0.962204489860923,
  "uncertainty_risk_mean": 0.6342089334894266,
  "human_activation_count": 115,
  "cooldown_skips": 35,
  "suppressed_request_count": 35,
  "suppressed_critical_count": 0,
  "cooldown_release_count": 107,
  "critical_override_count": 107,
  "critical_trigger_rate": 0.7133333333333334,
  "trigger_active_rate": 0.9666666666666667,
  "confidence_mean": 0.6213844749551494,
  "false_intervention_rate": 0.0782608695652174,
  "repeated_intervention_rate": 0.9304347826086956,
  "post_intervention_violation_rate": 0.8125,
  "mean_drift_after_intervention": 20.845761038606934,
  "min_predicted_distance_mean": 1.3538989059156965
}