{
  "violation_rate": 0.76,
  "collision_rate": 0.29333333333333333,
  "near_miss_rate": 0.7266666666666667,
  "intervention_rate": 0.8866666666666667,
  "override_success_rate": 0.14285714285714285,
  "mean_intervention_delay": 3.0,
  "operator_workload": 0.8866666666666667,
  "mean_drift": 12.48433381283063,
  "p95_drift": 35.23871585299423,
  "mean_latency_ms": 1.7759711303127308,
  "risk_mean": 0.9582685275729148,
  "risk_p05": 0.6555728331468523,
  "risk_p25": 1.0,
  "risk_p50": 1.0,
  "risk_p75": 1.0,
  "risk_p95": 1.0,
  "separation_risk_mean": 0.7389366712808098,
  "congestion_risk_mean": 0.43797439015901585,
  "speed_risk_mean": 0.5810661709554741,
  "uncertainty_risk_mean": 0.6365352836035922,
  "human_activation_count": 133,
  "cooldown_skips": 17,
  "suppressed_request_count": 17,
  "suppressed_critical_count": 0,
  "cooldown_release_count": 132,
  "critical_override_count": 132,
  "critical_trigger_rate": 0.88,
  "trigger_active_rate": 1.0,
  "confidence_mean": 0.5699490014698684,
  "false_intervention_rate": 0.0,
  "repeated_intervention_rate": 0.9548872180451128,
  "post_intervention_violation_rate": 0.7943262411347518,
  "mean_drift_after_intervention": 13.42554221591088,
  "min_predicted_distance_mean": 0.3976505206232859
}