{
  "violation_rate": 0.07333333333333333,
  "collision_rate": 0.0,
  "near_miss_rate": 0.0,
  "intervention_rate": 0.7466666666666667,
  "override_success_rate": 0.9017857142857143,
  "mean_intervention_delay": 0.0,
  "operator_workload": 0.7466666666666667,
  "mean_drift": 15.361788988843259,
  "p95_drift": 32.073233783270915,
  "mean_latency_ms": 0.42574003028372925,
  "risk_mean": 0.8182951744218947,
  "risk_p05": 0.24599999999991476,
  "risk_p25": 0.5340146877787944,
  "risk_p50": 1.0,
  "risk_p75": 1.0,
  "risk_p95": 1.0,
  "separation_risk_mean": 0.0527148203319597,
  "congestion_risk_mean": 0.029725451516116632,
  "speed_risk_mean": 0.9864096277180795,
  "uncertainty_risk_mean": 0.64,
  "human_activation_count": 112,
  "cooldown_skips": 38,
  "suppressed_request_count": 38,
  "suppressed_critical_count": 0,
  "cooldown_release_count": 108,
  "critical_override_count": 108,
  "critical_trigger_rate": 0.72,
  "trigger_active_rate": 1.0,
  "confidence_mean": 0.9500000000000002,
  "false_intervention_rate": 0.05357142857142857,
  "repeated_intervention_rate": 0.9553571428571429,
  "post_intervention_violation_rate": 0.09243697478991597,
  "mean_drift_after_intervention": 17.67045687304381,
  "min_predicted_distance_mean": 4.643131053931373
}