{
  "violation_rate": 0.08666666666666667,
  "collision_rate": 0.013333333333333334,
  "near_miss_rate": 1.0666666666666667,
  "intervention_rate": 0.8533333333333334,
  "override_success_rate": 0.8984375,
  "mean_intervention_delay": 0.0,
  "operator_workload": 0.8533333333333334,
  "mean_drift": 13.58616434224011,
  "p95_drift": 36.672217563477446,
  "mean_latency_ms": 0.4816928133368492,
  "risk_mean": 0.9508156743736549,
  "risk_p05": 0.6423901619013123,
  "risk_p25": 1.0,
  "risk_p50": 1.0,
  "risk_p75": 1.0,
  "risk_p95": 1.0,
  "separation_risk_mean": 0.6484264264329386,
  "congestion_risk_mean": 0.39578194271710404,
  "speed_risk_mean": 0.7470454131926441,
  "uncertainty_risk_mean": 0.64,
  "human_activation_count": 128,
  "cooldown_skips": 22,
  "suppressed_request_count": 22,
  "suppressed_critical_count": 0,
  "cooldown_release_count": 128,
  "critical_override_count": 128,
  "critical_trigger_rate": 0.8533333333333334,
  "trigger_active_rate": 1.0,
  "confidence_mean": 0.9500000000000002,
  "false_intervention_rate": 0.0,
  "repeated_intervention_rate": 0.96875,
  "post_intervention_violation_rate": 0.07518796992481203,
  "mean_drift_after_intervention": 14.999954941500453,
  "min_predicted_distance_mean": 1.0538968941558742
}