{
  "violation_rate": 0.0,
  "collision_rate": 0.0,
  "near_miss_rate": 0.26666666666666666,
  "intervention_rate": 0.09333333333333334,
  "override_success_rate": 1.0,
  "mean_intervention_delay": 0.0,
  "operator_workload": 0.09333333333333334,
  "mean_drift": 15.106440422676574,
  "p95_drift": 32.18747199663214,
  "mean_latency_ms": 0.6455358468034925,
  "risk_mean": 0.3503051747674777,
  "risk_p95": 0.7605313269043681,
  "separation_risk_mean": 0.1645737204438402,
  "congestion_risk_mean": 0.12950226226445608,
  "speed_risk_mean": 0.9863036196859601,
  "uncertainty_risk_mean": 0.6395059469916106,
  "human_activation_count": 14,
  "cooldown_skips": 136,
  "trigger_active_rate": 1.0,
  "confidence_mean": 0.9500000000000002,
  "false_intervention_rate": 0.14285714285714285
}