{
  "violation_rate": 0.06,
  "collision_rate": 0.0,
  "near_miss_rate": 0.02666666666666667,
  "intervention_rate": 1.0,
  "override_success_rate": 0.94,
  "mean_intervention_delay": 0.0,
  "operator_workload": 1.0,
  "mean_drift": 8.728319849722117,
  "p95_drift": 26.56293573574991,
  "mean_latency_ms": 0.3234464326912227,
  "risk_mean": 0.26583961873081063,
  "risk_p95": 0.39812418024401436,
  "separation_risk_mean": 0.0443948164943189,
  "congestion_risk_mean": 0.03098003228475226,
  "speed_risk_mean": 0.9493534647325645,
  "uncertainty_risk_mean": 0.6380928235152954,
  "human_activation_count": 150,
  "cooldown_skips": 0,
  "trigger_active_rate": 1.0,
  "confidence_mean": 0.9500000000000002,
  "false_intervention_rate": 0.30666666666666664
}