{
  "violation_rate": 0.09333333333333334,
  "collision_rate": 0.0,
  "near_miss_rate": 0.18,
  "intervention_rate": 0.7733333333333333,
  "override_success_rate": 0.8793103448275862,
  "mean_intervention_delay": 0.0,
  "operator_workload": 0.7733333333333333,
  "mean_drift": 15.351205148934406,
  "p95_drift": 37.19583475647737,
  "mean_latency_ms": 0.48394333648805815,
  "risk_mean": 0.8817393091315502,
  "risk_p05": 0.46122830693276523,
  "risk_p25": 0.6967863410809582,
  "risk_p50": 1.0,
  "risk_p75": 1.0,
  "risk_p95": 1.0,
  "separation_risk_mean": 0.19580038970430208,
  "congestion_risk_mean": 0.12456260384031327,
  "speed_risk_mean": 0.9974540238786356,
  "uncertainty_risk_mean": 0.64,
  "human_activation_count": 116,
  "cooldown_skips": 34,
  "suppressed_request_count": 34,
  "suppressed_critical_count": 0,
  "cooldown_release_count": 109,
  "critical_override_count": 109,
  "critical_trigger_rate": 0.7266666666666667,
  "trigger_active_rate": 1.0,
  "confidence_mean": 0.9500000000000002,
  "false_intervention_rate": 0.07758620689655173,
  "repeated_intervention_rate": 0.9310344827586207,
  "post_intervention_violation_rate": 0.10852713178294573,
  "mean_drift_after_intervention": 17.61119658993115,
  "min_predicted_distance_mean": 5.32579897672723
}