{
  "violation_rate": 0.04666666666666667,
  "collision_rate": 0.0,
  "near_miss_rate": 0.02,
  "intervention_rate": 0.7333333333333333,
  "override_success_rate": 0.9363636363636364,
  "mean_intervention_delay": 0.0,
  "operator_workload": 0.7333333333333333,
  "mean_drift": 8.984860022301792,
  "p95_drift": 28.683492885028457,
  "mean_latency_ms": 0.39819440416370827,
  "risk_mean": 0.7987111468489623,
  "risk_p05": 0.20456251904883843,
  "risk_p25": 0.5054417290239016,
  "risk_p50": 1.0,
  "risk_p75": 1.0,
  "risk_p95": 1.0,
  "separation_risk_mean": 0.0550614951306769,
  "congestion_risk_mean": 0.02811833666687399,
  "speed_risk_mean": 0.9133370525280418,
  "uncertainty_risk_mean": 0.6379463370092036,
  "human_activation_count": 110,
  "cooldown_skips": 16,
  "suppressed_request_count": 16,
  "suppressed_critical_count": 0,
  "cooldown_release_count": 107,
  "critical_override_count": 107,
  "critical_trigger_rate": 0.7133333333333334,
  "trigger_active_rate": 0.8333333333333334,
  "confidence_mean": 0.9500000000000002,
  "false_intervention_rate": 0.05454545454545454,
  "repeated_intervention_rate": 0.9545454545454546,
  "post_intervention_violation_rate": 0.0603448275862069,
  "mean_drift_after_intervention": 10.905999031427998,
  "min_predicted_distance_mean": 4.21116837600431
}