{
  "violation_rate": 0.06,
  "collision_rate": 0.0,
  "near_miss_rate": 0.04666666666666667,
  "intervention_rate": 0.7266666666666667,
  "override_success_rate": 0.9174311926605505,
  "mean_intervention_delay": 0.0,
  "operator_workload": 0.7266666666666667,
  "mean_drift": 15.804166746398671,
  "p95_drift": 35.322853443192514,
  "mean_latency_ms": 0.4151108566050728,
  "risk_mean": 0.8011782418103554,
  "risk_p05": 0.2459999999999086,
  "risk_p25": 0.5251990229872783,
  "risk_p50": 1.0,
  "risk_p75": 1.0,
  "risk_p95": 1.0,
  "separation_risk_mean": 0.0374764599426632,
  "congestion_risk_mean": 0.035360952447292114,
  "speed_risk_mean": 0.9835462906765555,
  "uncertainty_risk_mean": 0.6384988009061447,
  "human_activation_count": 109,
  "cooldown_skips": 41,
  "suppressed_request_count": 41,
  "suppressed_critical_count": 0,
  "cooldown_release_count": 106,
  "critical_override_count": 106,
  "critical_trigger_rate": 0.7066666666666667,
  "trigger_active_rate": 1.0,
  "confidence_mean": 0.9500000000000002,
  "false_intervention_rate": 0.03669724770642202,
  "repeated_intervention_rate": 0.963302752293578,
  "post_intervention_violation_rate": 0.07079646017699115,
  "mean_drift_after_intervention": 19.223626584275184,
  "min_predicted_distance_mean": 12.304780626649894
}