{
  "violation_rate": 0.14666666666666667,
  "collision_rate": 0.013333333333333334,
  "near_miss_rate": 2.3466666666666667,
  "intervention_rate": 0.9933333333333333,
  "override_success_rate": 0.8523489932885906,
  "mean_intervention_delay": 0.0,
  "operator_workload": 0.9933333333333333,
  "mean_drift": 8.562289124084646,
  "p95_drift": 26.9534310172609,
  "mean_latency_ms": 3.44420888616393,
  "risk_mean": 0.9976087018601983,
  "risk_p05": 1.0,
  "risk_p25": 1.0,
  "risk_p50": 1.0,
  "risk_p75": 1.0,
  "risk_p95": 1.0,
  "separation_risk_mean": 0.6965659288305763,
  "congestion_risk_mean": 0.35262205926364887,
  "speed_risk_mean": 0.7426975587286233,
  "uncertainty_risk_mean": 0.639997218901823,
  "human_activation_count": 149,
  "cooldown_skips": 1,
  "suppressed_request_count": 1,
  "suppressed_critical_count": 0,
  "cooldown_release_count": 149,
  "critical_override_count": 149,
  "critical_trigger_rate": 0.9933333333333333,
  "trigger_active_rate": 1.0,
  "confidence_mean": 0.9500000000000002,
  "false_intervention_rate": 0.020134228187919462,
  "repeated_intervention_rate": 0.9865771812080537,
  "post_intervention_violation_rate": 0.1476510067114094,
  "mean_drift_after_intervention": 8.607970638907169,
  "min_predicted_distance_mean": 0.7902654775497185
}