{
  "violation_rate": 0.13333333333333333,
  "collision_rate": 0.0,
  "near_miss_rate": 0.04,
  "intervention_rate": 0.8666666666666667,
  "override_success_rate": 0.8461538461538461,
  "mean_intervention_delay": 0.0,
  "operator_workload": 0.8666666666666667,
  "mean_drift": 15.97080929436308,
  "p95_drift": 29.244839140755246,
  "mean_latency_ms": 0.6586728012189269,
  "risk_mean": 0.9053758869323989,
  "risk_p05": 0.2999999999999213,
  "risk_p25": 1.0,
  "risk_p50": 1.0,
  "risk_p75": 1.0,
  "risk_p95": 1.0,
  "separation_risk_mean": 0.11609139736315877,
  "congestion_risk_mean": 0.04665627484065258,
  "speed_risk_mean": 0.9731135432247565,
  "uncertainty_risk_mean": 1.0,
  "human_activation_count": 130,
  "cooldown_skips": 20,
  "suppressed_request_count": 20,
  "suppressed_critical_count": 0,
  "cooldown_release_count": 125,
  "critical_override_count": 125,
  "critical_trigger_rate": 0.8333333333333334,
  "trigger_active_rate": 1.0,
  "confidence_mean": 0.9500000000000002,
  "false_intervention_rate": 0.09230769230769231,
  "repeated_intervention_rate": 0.9615384615384616,
  "post_intervention_violation_rate": 0.145985401459854,
  "mean_drift_after_intervention": 17.363370601137834,
  "min_predicted_distance_mean": 5.659660377345217
}