{
  "violation_rate": 0.11333333333333333,
  "collision_rate": 0.0,
  "near_miss_rate": 0.5533333333333333,
  "intervention_rate": 0.16666666666666666,
  "override_success_rate": 0.6,
  "mean_intervention_delay": 3.0,
  "operator_workload": 0.16666666666666666,
  "mean_drift": 6.6437582948041305,
  "p95_drift": 21.271686098738066,
  "mean_latency_ms": 1.042679387125342,
  "risk_mean": 0.5354325289773414,
  "risk_p95": 0.6726818171168318,
  "separation_risk_mean": 0.5240843484953382,
  "congestion_risk_mean": 0.3002250493374597,
  "speed_risk_mean": 0.8632672876424067,
  "uncertainty_risk_mean": 0.6336547778247547,
  "human_activation_count": 25,
  "cooldown_skips": 125,
  "trigger_active_rate": 1.0,
  "confidence_mean": 0.8785618423815542,
  "false_intervention_rate": 0.24
}