{
  "violation_rate": 0.02,
  "collision_rate": 0.006666666666666667,
  "near_miss_rate": 0.04,
  "intervention_rate": 0.84,
  "override_success_rate": 0.9761904761904762,
  "mean_intervention_delay": 0.0,
  "operator_workload": 0.84,
  "mean_drift": 10.144359445675878,
  "p95_drift": 22.344807515655628,
  "mean_latency_ms": 0.5005305826974412,
  "risk_mean": 0.8529142083656446,
  "risk_p05": 0.24599999999986674,
  "risk_p25": 1.0,
  "risk_p50": 1.0,
  "risk_p75": 1.0,
  "risk_p95": 1.0,
  "separation_risk_mean": 0.07557675130991745,
  "congestion_risk_mean": 0.04436388985096867,
  "speed_risk_mean": 0.9066571624337033,
  "uncertainty_risk_mean": 0.64,
  "human_activation_count": 126,
  "cooldown_skips": 24,
  "suppressed_request_count": 24,
  "suppressed_critical_count": 0,
  "cooldown_release_count": 115,
  "critical_override_count": 115,
  "critical_trigger_rate": 0.7666666666666667,
  "trigger_active_rate": 1.0,
  "confidence_mean": 0.9500000000000002,
  "false_intervention_rate": 0.14285714285714285,
  "repeated_intervention_rate": 0.8888888888888888,
  "post_intervention_violation_rate": 0.013422818791946308,
  "mean_drift_after_intervention": 10.81348695543533,
  "min_predicted_distance_mean": 4.84899470414823
}