{
  "violation_rate": 0.47333333333333333,
  "collision_rate": 0.006666666666666667,
  "near_miss_rate": 0.2866666666666667,
  "intervention_rate": 0.6666666666666666,
  "override_success_rate": 0.3,
  "mean_intervention_delay": 0.0,
  "operator_workload": 0.6666666666666666,
  "mean_drift": 5.876746923985534,
  "p95_drift": 18.84021028463662,
  "mean_latency_ms": 1.1280921970804532,
  "risk_mean": 0.788679238978143,
  "risk_p05": 0.2179586393012052,
  "risk_p25": 0.5901325874965522,
  "risk_p50": 1.0,
  "risk_p75": 1.0,
  "risk_p95": 1.0,
  "separation_risk_mean": 0.269267179881651,
  "congestion_risk_mean": 0.20782293537696758,
  "speed_risk_mean": 0.8363972879686896,
  "uncertainty_risk_mean": 0.5796066228427914,
  "human_activation_count": 100,
  "cooldown_skips": 25,
  "suppressed_request_count": 25,
  "suppressed_critical_count": 0,
  "cooldown_release_count": 96,
  "critical_override_count": 96,
  "critical_trigger_rate": 0.64,
  "trigger_active_rate": 0.8333333333333334,
  "confidence_mean": 0.5,
  "false_intervention_rate": 0.07,
  "repeated_intervention_rate": 0.93,
  "post_intervention_violation_rate": 0.6306306306306306,
  "mean_drift_after_intervention": 7.955958737903081,
  "min_predicted_distance_mean": 4.353953227631235
}