{
  "violation_rate": 0.0,
  "collision_rate": 0.0,
  "near_miss_rate": 0.05333333333333334,
  "intervention_rate": 0.78,
  "override_success_rate": 1.0,
  "mean_intervention_delay": 0.0,
  "operator_workload": 0.78,
  "mean_drift": 13.400678401515508,
  "p95_drift": 30.89330604071766,
  "mean_latency_ms": 0.4678574965024988,
  "risk_mean": 0.8434412224362575,
  "risk_p05": 0.28677587972454405,
  "risk_p25": 0.5958613468072254,
  "risk_p50": 1.0,
  "risk_p75": 1.0,
  "risk_p95": 1.0,
  "separation_risk_mean": 0.10213863067355869,
  "congestion_risk_mean": 0.0853778192531759,
  "speed_risk_mean": 0.9689710729047071,
  "uncertainty_risk_mean": 0.6212555325310132,
  "human_activation_count": 117,
  "cooldown_skips": 33,
  "suppressed_request_count": 33,
  "suppressed_critical_count": 0,
  "cooldown_release_count": 111,
  "critical_override_count": 111,
  "critical_trigger_rate": 0.74,
  "trigger_active_rate": 1.0,
  "confidence_mean": 1.0,
  "false_intervention_rate": 0.08547008547008547,
  "repeated_intervention_rate": 0.9316239316239316,
  "post_intervention_violation_rate": 0.0,
  "mean_drift_after_intervention": 15.50845626842486,
  "min_predicted_distance_mean": 2.7569120824571476
}