{
  "violation_rate": 0.10666666666666667,
  "collision_rate": 0.006666666666666667,
  "near_miss_rate": 0.37333333333333335,
  "intervention_rate": 0.7066666666666667,
  "override_success_rate": 0.8490566037735849,
  "mean_intervention_delay": 0.0,
  "operator_workload": 0.7066666666666667,
  "mean_drift": 5.367561106831333,
  "p95_drift": 16.279032083318043,
  "mean_latency_ms": 0.5069116759113967,
  "risk_mean": 0.8004632045355474,
  "risk_p05": 0.21599999999990854,
  "risk_p25": 0.6189874995015626,
  "risk_p50": 1.0,
  "risk_p75": 1.0,
  "risk_p95": 1.0,
  "separation_risk_mean": 0.16792631019841905,
  "congestion_risk_mean": 0.15026798591905394,
  "speed_risk_mean": 0.8087690694229674,
  "uncertainty_risk_mean": 0.5854877822697614,
  "human_activation_count": 106,
  "cooldown_skips": 23,
  "suppressed_request_count": 23,
  "suppressed_critical_count": 0,
  "cooldown_release_count": 102,
  "critical_override_count": 102,
  "critical_trigger_rate": 0.68,
  "trigger_active_rate": 0.8466666666666667,
  "confidence_mean": 0.9000000000000004,
  "false_intervention_rate": 0.0660377358490566,
  "repeated_intervention_rate": 0.9339622641509434,
  "post_intervention_violation_rate": 0.13793103448275862,
  "mean_drift_after_intervention": 6.690250099224525,
  "min_predicted_distance_mean": 6.076067571542685
}