{
  "violation_rate": 0.72,
  "collision_rate": 0.0,
  "near_miss_rate": 0.13333333333333333,
  "intervention_rate": 0.7933333333333333,
  "override_success_rate": 0.09243697478991597,
  "mean_intervention_delay": 10.0,
  "operator_workload": 0.7933333333333333,
  "mean_drift": 24.71598022026673,
  "p95_drift": 76.030349544142,
  "mean_latency_ms": 2.2137621914347014,
  "risk_mean": 0.881350443373607,
  "risk_p05": 0.47807743870301816,
  "risk_p25": 1.0,
  "risk_p50": 1.0,
  "risk_p75": 1.0,
  "risk_p95": 1.0,
  "separation_risk_mean": 0.24130732652326606,
  "congestion_risk_mean": 0.16031249520163657,
  "speed_risk_mean": 0.7913217569311504,
  "uncertainty_risk_mean": 0.635607788293973,
  "human_activation_count": 119,
  "cooldown_skips": 31,
  "suppressed_request_count": 31,
  "suppressed_critical_count": 0,
  "cooldown_release_count": 114,
  "critical_override_count": 114,
  "critical_trigger_rate": 0.76,
  "trigger_active_rate": 1.0,
  "confidence_mean": 0.2983310251326604,
  "false_intervention_rate": 0.08403361344537816,
  "repeated_intervention_rate": 0.9327731092436975,
  "post_intervention_violation_rate": 0.816793893129771,
  "mean_drift_after_intervention": 29.231585251522898,
  "min_predicted_distance_mean": 3.4231872516102566
}