{
  "violation_rate": 0.04666666666666667,
  "collision_rate": 0.006666666666666667,
  "near_miss_rate": 0.04,
  "intervention_rate": 0.7666666666666667,
  "override_success_rate": 0.9391304347826087,
  "mean_intervention_delay": 0.0,
  "operator_workload": 0.7666666666666667,
  "mean_drift": 13.066504301946093,
  "p95_drift": 33.77127926096743,
  "mean_latency_ms": 0.4320194013416767,
  "risk_mean": 0.8215661690078174,
  "risk_p05": 0.24599999999990455,
  "risk_p25": 0.6176002631692676,
  "risk_p50": 1.0,
  "risk_p75": 1.0,
  "risk_p95": 1.0,
  "separation_risk_mean": 0.06620571569854944,
  "congestion_risk_mean": 0.03645736815356906,
  "speed_risk_mean": 0.9885468648274275,
  "uncertainty_risk_mean": 0.6398205836884904,
  "human_activation_count": 115,
  "cooldown_skips": 35,
  "suppressed_request_count": 35,
  "suppressed_critical_count": 0,
  "cooldown_release_count": 108,
  "critical_override_count": 108,
  "critical_trigger_rate": 0.72,
  "trigger_active_rate": 1.0,
  "confidence_mean": 0.9500000000000002,
  "false_intervention_rate": 0.06956521739130435,
  "repeated_intervention_rate": 0.9304347826086956,
  "post_intervention_violation_rate": 0.046875,
  "mean_drift_after_intervention": 14.649245868842288,
  "min_predicted_distance_mean": 6.320442347183718
}