{
  "violation_rate": 0.006666666666666667,
  "collision_rate": 0.0,
  "near_miss_rate": 0.013333333333333334,
  "intervention_rate": 0.3333333333333333,
  "override_success_rate": 0.98,
  "mean_intervention_delay": 0.0,
  "operator_workload": 0.3333333333333333,
  "mean_drift": 9.624969895449418,
  "p95_drift": 20.81890150010281,
  "mean_latency_ms": 0.5514130724865632,
  "risk_mean": 0.241431429503945,
  "risk_p95": 0.2743567435687541,
  "separation_risk_mean": 0.02275816220005511,
  "congestion_risk_mean": 0.01673340594813372,
  "speed_risk_mean": 0.8733793668459121,
  "uncertainty_risk_mean": 0.64,
  "human_activation_count": 50,
  "cooldown_skips": 100,
  "trigger_active_rate": 1.0,
  "confidence_mean": 0.9500000000000002,
  "false_intervention_rate": 0.28
}