{
  "violation_rate": 0.04666666666666667,
  "collision_rate": 0.0,
  "near_miss_rate": 0.17333333333333334,
  "intervention_rate": 0.7866666666666666,
  "override_success_rate": 0.940677966101695,
  "mean_intervention_delay": 0.0,
  "operator_workload": 0.7866666666666666,
  "mean_drift": 9.920845820183409,
  "p95_drift": 25.295716925640786,
  "mean_latency_ms": 0.414775595224152,
  "risk_mean": 0.843713817260531,
  "risk_p05": 0.2159999999999189,
  "risk_p25": 1.0,
  "risk_p50": 1.0,
  "risk_p75": 1.0,
  "risk_p95": 1.0,
  "separation_risk_mean": 0.21353551302848806,
  "congestion_risk_mean": 0.11071067370761983,
  "speed_risk_mean": 0.9359740508907961,
  "uncertainty_risk_mean": 0.6390748144865775,
  "human_activation_count": 118,
  "cooldown_skips": 24,
  "suppressed_request_count": 24,
  "suppressed_critical_count": 0,
  "cooldown_release_count": 115,
  "critical_override_count": 115,
  "critical_trigger_rate": 0.7666666666666667,
  "trigger_active_rate": 0.9466666666666667,
  "confidence_mean": 0.9500000000000002,
  "false_intervention_rate": 0.0423728813559322,
  "repeated_intervention_rate": 0.9661016949152542,
  "post_intervention_violation_rate": 0.056910569105691054,
  "mean_drift_after_intervention": 11.170834190675388,
  "min_predicted_distance_mean": 3.3614193050387073
}