{
  "violation_rate": 0.0,
  "collision_rate": 0.0,
  "near_miss_rate": 0.08,
  "intervention_rate": 0.16666666666666666,
  "override_success_rate": 1.0,
  "mean_intervention_delay": 0.0,
  "operator_workload": 0.16666666666666666,
  "mean_drift": 15.295520287867069,
  "p95_drift": 30.631701276033965,
  "mean_latency_ms": 0.40736217323380214,
  "risk_mean": 0.28415925900841466,
  "risk_p95": 0.6016036923424788,
  "separation_risk_mean": 0.06278763690703149,
  "congestion_risk_mean": 0.04370475359624624,
  "speed_risk_mean": 0.9931908933412595,
  "uncertainty_risk_mean": 0.64,
  "human_activation_count": 25,
  "cooldown_skips": 125,
  "trigger_active_rate": 1.0,
  "confidence_mean": 0.9500000000000002,
  "false_intervention_rate": 0.16
}