{
  "violation_rate": 0.04666666666666667,
  "collision_rate": 0.0,
  "near_miss_rate": 1.68,
  "intervention_rate": 0.9866666666666667,
  "override_success_rate": 0.9527027027027027,
  "mean_intervention_delay": 0.0,
  "operator_workload": 0.9866666666666667,
  "mean_drift": 6.7389671006158505,
  "p95_drift": 39.685834456294984,
  "mean_latency_ms": 2.5280991344091794,
  "risk_mean": 0.9942617784401832,
  "risk_p05": 1.0,
  "risk_p25": 1.0,
  "risk_p50": 1.0,
  "risk_p75": 1.0,
  "risk_p95": 1.0,
  "separation_risk_mean": 0.6805470707066341,
  "congestion_risk_mean": 0.31246261767584155,
  "speed_risk_mean": 0.5953246043579685,
  "uncertainty_risk_mean": 0.64,
  "human_activation_count": 148,
  "cooldown_skips": 2,
  "suppressed_request_count": 2,
  "suppressed_critical_count": 0,
  "cooldown_release_count": 148,
  "critical_override_count": 148,
  "critical_trigger_rate": 0.9866666666666667,
  "trigger_active_rate": 1.0,
  "confidence_mean": 0.9500000000000002,
  "false_intervention_rate": 0.0472972972972973,
  "repeated_intervention_rate": 0.9797297297297297,
  "post_intervention_violation_rate": 0.04697986577181208,
  "mean_drift_after_intervention": 6.7657770784374325,
  "min_predicted_distance_mean": 0.8457981692747387
}