{
  "violation_rate": 0.02666666666666667,
  "collision_rate": 0.0,
  "near_miss_rate": 0.0,
  "intervention_rate": 0.16666666666666666,
  "override_success_rate": 0.92,
  "mean_intervention_delay": 0.0,
  "operator_workload": 0.16666666666666666,
  "mean_drift": 16.537003619998504,
  "p95_drift": 30.86346560606579,
  "mean_latency_ms": 0.34675033307091024,
  "risk_mean": 0.26635568212802135,
  "risk_p95": 0.4102074023520866,
  "separation_risk_mean": 0.039724305505969656,
  "congestion_risk_mean": 0.022972229286547817,
  "speed_risk_mean": 0.9782445821913204,
  "uncertainty_risk_mean": 0.64,
  "human_activation_count": 25,
  "cooldown_skips": 125,
  "trigger_active_rate": 1.0,
  "confidence_mean": 0.75,
  "false_intervention_rate": 0.24
}