{
  "violation_rate": 0.0,
  "collision_rate": 0.0,
  "near_miss_rate": 0.06,
  "intervention_rate": 0.16666666666666666,
  "override_success_rate": 1.0,
  "mean_intervention_delay": 0.0,
  "operator_workload": 0.16666666666666666,
  "mean_drift": 13.557121181645137,
  "p95_drift": 30.631701276033965,
  "mean_latency_ms": 0.5329066403404189,
  "risk_mean": 0.27556984671564116,
  "risk_p95": 0.5536207034891201,
  "separation_risk_mean": 0.052957863617424904,
  "congestion_risk_mean": 0.03147673552322116,
  "speed_risk_mean": 0.985797494713298,
  "uncertainty_risk_mean": 0.64,
  "human_activation_count": 25,
  "cooldown_skips": 125,
  "trigger_active_rate": 1.0,
  "confidence_mean": 0.9500000000000002,
  "false_intervention_rate": 0.24
}