{
  "violation_rate": 0.04,
  "collision_rate": 0.0,
  "near_miss_rate": 0.38666666666666666,
  "intervention_rate": 0.76,
  "override_success_rate": 0.9473684210526315,
  "mean_intervention_delay": 0.0,
  "operator_workload": 0.76,
  "mean_drift": 9.640937732892443,
  "p95_drift": 19.99486503292898,
  "mean_latency_ms": 0.42089888205130893,
  "risk_mean": 0.857204736361556,
  "risk_p05": 0.24599999999991584,
  "risk_p25": 0.7159446797206681,
  "risk_p50": 1.0,
  "risk_p75": 1.0,
  "risk_p95": 1.0,
  "separation_risk_mean": 0.3676030640650173,
  "congestion_risk_mean": 0.22271024079141255,
  "speed_risk_mean": 0.927052800263549,
  "uncertainty_risk_mean": 0.6319698116632361,
  "human_activation_count": 114,
  "cooldown_skips": 20,
  "suppressed_request_count": 20,
  "suppressed_critical_count": 0,
  "cooldown_release_count": 110,
  "critical_override_count": 110,
  "critical_trigger_rate": 0.7333333333333333,
  "trigger_active_rate": 0.8666666666666667,
  "confidence_mean": 0.9500000000000002,
  "false_intervention_rate": 0.03508771929824561,
  "repeated_intervention_rate": 0.956140350877193,
  "post_intervention_violation_rate": 0.049586776859504134,
  "mean_drift_after_intervention": 11.152244883317083,
  "min_predicted_distance_mean": 2.0314852518997566
}