{
  "violation_rate": 0.02666666666666667,
  "collision_rate": 0.0,
  "near_miss_rate": 0.2866666666666667,
  "intervention_rate": 0.16666666666666666,
  "override_success_rate": 0.92,
  "mean_intervention_delay": 0.0,
  "operator_workload": 0.16666666666666666,
  "mean_drift": 8.498767463276694,
  "p95_drift": 19.93606996973846,
  "mean_latency_ms": 0.2866911144034627,
  "risk_mean": 0.39879787530261346,
  "risk_p95": 0.6266003876926839,
  "separation_risk_mean": 0.3316563414702954,
  "congestion_risk_mean": 0.18439616884217103,
  "speed_risk_mean": 0.7163565295362517,
  "uncertainty_risk_mean": 0.64,
  "human_activation_count": 25,
  "cooldown_skips": 125,
  "trigger_active_rate": 1.0,
  "confidence_mean": 0.9500000000000002,
  "false_intervention_rate": 0.12
}