{
  "violation_rate": 0.08,
  "collision_rate": 0.0,
  "near_miss_rate": 0.18666666666666668,
  "intervention_rate": 0.16666666666666666,
  "override_success_rate": 0.76,
  "mean_intervention_delay": 3.0,
  "operator_workload": 0.16666666666666666,
  "mean_drift": 15.33019410789011,
  "p95_drift": 37.19379270517205,
  "mean_latency_ms": 0.5602044466650113,
  "risk_mean": 0.3611674322177871,
  "risk_p95": 0.6608374674162546,
  "separation_risk_mean": 0.18704962860738947,
  "congestion_risk_mean": 0.12483053479228952,
  "speed_risk_mean": 0.9985831043092628,
  "uncertainty_risk_mean": 0.64,
  "human_activation_count": 25,
  "cooldown_skips": 125,
  "trigger_active_rate": 1.0,
  "confidence_mean": 0.8785618423815542,
  "false_intervention_rate": 0.32
}