{
  "violation_rate": 0.62,
  "collision_rate": 0.0,
  "near_miss_rate": 0.02,
  "intervention_rate": 0.76,
  "override_success_rate": 0.18421052631578946,
  "mean_intervention_delay": 0.0,
  "operator_workload": 0.76,
  "mean_drift": 9.487478717417913,
  "p95_drift": 32.46349344645126,
  "mean_latency_ms": 1.702907810298105,
  "risk_mean": 0.8034629008130089,
  "risk_p05": 0.24174357213054135,
  "risk_p25": 0.4740096926677451,
  "risk_p50": 1.0,
  "risk_p75": 1.0,
  "risk_p95": 1.0,
  "separation_risk_mean": 0.05488255685525349,
  "congestion_risk_mean": 0.028159243972847716,
  "speed_risk_mean": 0.919075487124393,
  "uncertainty_risk_mean": 0.6379463370092036,
  "human_activation_count": 114,
  "cooldown_skips": 36,
  "suppressed_request_count": 36,
  "suppressed_critical_count": 0,
  "cooldown_release_count": 107,
  "critical_override_count": 107,
  "critical_trigger_rate": 0.7133333333333334,
  "trigger_active_rate": 1.0,
  "confidence_mean": 0.5,
  "false_intervention_rate": 0.08771929824561403,
  "repeated_intervention_rate": 0.9210526315789473,
  "post_intervention_violation_rate": 0.7265625,
  "mean_drift_after_intervention": 11.346159501173954,
  "min_predicted_distance_mean": 4.252927093545217
}