{
  "violation_rate": 0.5733333333333334,
  "collision_rate": 0.0,
  "near_miss_rate": 0.12,
  "intervention_rate": 0.7866666666666666,
  "override_success_rate": 0.2711864406779661,
  "mean_intervention_delay": 0.0,
  "operator_workload": 0.7866666666666666,
  "mean_drift": 11.708541735112446,
  "p95_drift": 31.17994931148895,
  "mean_latency_ms": 1.523077708358566,
  "risk_mean": 0.8356931845171398,
  "risk_p05": 0.245999999999886,
  "risk_p25": 0.7024443933602635,
  "risk_p50": 1.0,
  "risk_p75": 1.0,
  "risk_p95": 1.0,
  "separation_risk_mean": 0.15320024259484472,
  "congestion_risk_mean": 0.08854702714855314,
  "speed_risk_mean": 0.8806940695966701,
  "uncertainty_risk_mean": 0.6298240266612993,
  "human_activation_count": 118,
  "cooldown_skips": 32,
  "suppressed_request_count": 32,
  "suppressed_critical_count": 0,
  "cooldown_release_count": 112,
  "critical_override_count": 112,
  "critical_trigger_rate": 0.7466666666666667,
  "trigger_active_rate": 1.0,
  "confidence_mean": 0.5,
  "false_intervention_rate": 0.0847457627118644,
  "repeated_intervention_rate": 0.9322033898305084,
  "post_intervention_violation_rate": 0.6564885496183206,
  "mean_drift_after_intervention": 13.318651819233612,
  "min_predicted_distance_mean": 3.7659966011905213
}