{
  "violation_rate": 0.08,
  "collision_rate": 0.0,
  "near_miss_rate": 0.20666666666666667,
  "intervention_rate": 0.16666666666666666,
  "override_success_rate": 0.72,
  "mean_intervention_delay": 0.0,
  "operator_workload": 0.16666666666666666,
  "mean_drift": 9.825445128432332,
  "p95_drift": 25.32009755115921,
  "mean_latency_ms": 0.7402842069859616,
  "risk_mean": 0.3829112363568423,
  "risk_p95": 0.67449999999996,
  "separation_risk_mean": 0.2403988078185922,
  "congestion_risk_mean": 0.1366733856947972,
  "speed_risk_mean": 0.9646813616119332,
  "uncertainty_risk_mean": 0.6390748144865775,
  "human_activation_count": 25,
  "cooldown_skips": 125,
  "trigger_active_rate": 1.0,
  "confidence_mean": 0.5,
  "false_intervention_rate": 0.24
}