{
  "violation_rate": 0.74,
  "collision_rate": 0.006666666666666667,
  "near_miss_rate": 0.16,
  "intervention_rate": 0.86,
  "override_success_rate": 0.13953488372093023,
  "mean_intervention_delay": 3.0,
  "operator_workload": 0.86,
  "mean_drift": 7.278204226698479,
  "p95_drift": 25.03679865210079,
  "mean_latency_ms": 2.110285214924564,
  "risk_mean": 0.9214979232634626,
  "risk_p05": 0.5238770826975678,
  "risk_p25": 1.0,
  "risk_p50": 1.0,
  "risk_p75": 1.0,
  "risk_p95": 1.0,
  "separation_risk_mean": 0.3033448084525606,
  "congestion_risk_mean": 0.16807908501757216,
  "speed_risk_mean": 0.7889000051200983,
  "uncertainty_risk_mean": 0.6343069453698043,
  "human_activation_count": 129,
  "cooldown_skips": 21,
  "suppressed_request_count": 21,
  "suppressed_critical_count": 0,
  "cooldown_release_count": 125,
  "critical_override_count": 125,
  "critical_trigger_rate": 0.8333333333333334,
  "trigger_active_rate": 1.0,
  "confidence_mean": 0.5813791066888196,
  "false_intervention_rate": 0.09302325581395349,
  "repeated_intervention_rate": 0.937984496124031,
  "post_intervention_violation_rate": 0.7928571428571428,
  "mean_drift_after_intervention": 7.926685749714057,
  "min_predicted_distance_mean": 2.438525582648905
}