{
  "violation_rate": 0.013333333333333334,
  "collision_rate": 0.0,
  "near_miss_rate": 0.5533333333333333,
  "intervention_rate": 0.16666666666666666,
  "override_success_rate": 0.96,
  "mean_intervention_delay": 0.0,
  "operator_workload": 0.16666666666666666,
  "mean_drift": 17.725691644489558,
  "p95_drift": 32.56948770569621,
  "mean_latency_ms": 0.5453399868565612,
  "risk_mean": 0.4935354333123176,
  "risk_p95": 0.6744999999999849,
  "separation_risk_mean": 0.4221093726793974,
  "congestion_risk_mean": 0.2324948956066443,
  "speed_risk_mean": 0.9964166113661845,
  "uncertainty_risk_mean": 0.64,
  "human_activation_count": 25,
  "cooldown_skips": 125,
  "trigger_active_rate": 1.0,
  "confidence_mean": 0.9500000000000002,
  "false_intervention_rate": 0.24
}