{
  "violation_rate": 0.0,
  "collision_rate": 0.0,
  "near_miss_rate": 0.006666666666666667,
  "intervention_rate": 0.16666666666666666,
  "override_success_rate": 1.0,
  "mean_intervention_delay": 0.0,
  "operator_workload": 0.16666666666666666,
  "mean_drift": 12.557710261703988,
  "p95_drift": 28.975430239407373,
  "mean_latency_ms": 0.28842361323768273,
  "risk_mean": 0.24669195533936905,
  "risk_p95": 0.31156630282399034,
  "separation_risk_mean": 0.019185661817242898,
  "congestion_risk_mean": 0.013732896080744308,
  "speed_risk_mean": 0.9241678900094911,
  "uncertainty_risk_mean": 0.64,
  "human_activation_count": 25,
  "cooldown_skips": 125,
  "trigger_active_rate": 1.0,
  "confidence_mean": 0.9500000000000002,
  "false_intervention_rate": 0.2
}