{
  "violation_rate": 0.48,
  "collision_rate": 0.0,
  "near_miss_rate": 0.3,
  "intervention_rate": 0.8266666666666667,
  "override_success_rate": 0.41935483870967744,
  "mean_intervention_delay": 3.0,
  "operator_workload": 0.8266666666666667,
  "mean_drift": 7.848566093125543,
  "p95_drift": 23.867620183066173,
  "mean_latency_ms": 1.116037000901997,
  "risk_mean": 0.89171374213018,
  "risk_p05": 0.3859982420754565,
  "risk_p25": 1.0,
  "risk_p50": 1.0,
  "risk_p75": 1.0,
  "risk_p95": 1.0,
  "separation_risk_mean": 0.43477045002712034,
  "congestion_risk_mean": 0.26072160627628127,
  "speed_risk_mean": 0.8428301343469468,
  "uncertainty_risk_mean": 0.6293665706822452,
  "human_activation_count": 124,
  "cooldown_skips": 26,
  "suppressed_request_count": 26,
  "suppressed_critical_count": 0,
  "cooldown_release_count": 119,
  "critical_override_count": 119,
  "critical_trigger_rate": 0.7933333333333333,
  "trigger_active_rate": 1.0,
  "confidence_mean": 0.5956667382125088,
  "false_intervention_rate": 0.08870967741935484,
  "repeated_intervention_rate": 0.9435483870967742,
  "post_intervention_violation_rate": 0.5373134328358209,
  "mean_drift_after_intervention": 8.875395756698744,
  "min_predicted_distance_mean": 1.7769809475738831
}