{
  "violation_rate": 0.07333333333333333,
  "collision_rate": 0.0,
  "near_miss_rate": 0.54,
  "intervention_rate": 1.0,
  "override_success_rate": 0.9266666666666666,
  "mean_intervention_delay": 0.0,
  "operator_workload": 1.0,
  "mean_drift": 2.9603979705324535,
  "p95_drift": 9.788872592122205,
  "mean_latency_ms": 0.3364644603182872,
  "risk_mean": 0.3355356568316599,
  "risk_p95": 0.7024898501351003,
  "separation_risk_mean": 0.185744093226225,
  "congestion_risk_mean": 0.1705671674107282,
  "speed_risk_mean": 0.8239583304017053,
  "uncertainty_risk_mean": 0.5714351564461388,
  "human_activation_count": 150,
  "cooldown_skips": 0,
  "trigger_active_rate": 1.0,
  "confidence_mean": 0.9500000000000002,
  "false_intervention_rate": 0.26666666666666666
}