{
  "violation_rate": 0.09333333333333334,
  "collision_rate": 0.0,
  "near_miss_rate": 0.09333333333333334,
  "intervention_rate": 0.78,
  "override_success_rate": 0.8803418803418803,
  "mean_intervention_delay": 0.0,
  "operator_workload": 0.78,
  "mean_drift": 7.484314489103075,
  "p95_drift": 25.632315357241104,
  "mean_latency_ms": 0.5411958368495107,
  "risk_mean": 0.8256701001171439,
  "risk_p05": 0.2159999999998679,
  "risk_p25": 1.0,
  "risk_p50": 1.0,
  "risk_p75": 1.0,
  "risk_p95": 1.0,
  "separation_risk_mean": 0.07309681463761479,
  "congestion_risk_mean": 0.06279284890467103,
  "speed_risk_mean": 0.7945611779259388,
  "uncertainty_risk_mean": 0.632761148942908,
  "human_activation_count": 117,
  "cooldown_skips": 33,
  "suppressed_request_count": 33,
  "suppressed_critical_count": 0,
  "cooldown_release_count": 114,
  "critical_override_count": 114,
  "critical_trigger_rate": 0.76,
  "trigger_active_rate": 1.0,
  "confidence_mean": 0.9500000000000002,
  "false_intervention_rate": 0.1111111111111111,
  "repeated_intervention_rate": 0.9487179487179487,
  "post_intervention_violation_rate": 0.112,
  "mean_drift_after_intervention": 8.59090120070032,
  "min_predicted_distance_mean": 7.968515655737234
}