{
  "violation_rate": 0.20666666666666667,
  "collision_rate": 0.0,
  "near_miss_rate": 0.47333333333333333,
  "intervention_rate": 0.8,
  "override_success_rate": 0.7416666666666667,
  "mean_intervention_delay": 1.0,
  "operator_workload": 0.8,
  "mean_drift": 6.618498371639575,
  "p95_drift": 21.273358166428473,
  "mean_latency_ms": 0.6844733042332033,
  "risk_mean": 0.8884152069831468,
  "risk_p05": 0.49716369682866995,
  "risk_p25": 1.0,
  "risk_p50": 1.0,
  "risk_p75": 1.0,
  "risk_p95": 1.0,
  "separation_risk_mean": 0.5351648001520697,
  "congestion_risk_mean": 0.3003942433243841,
  "speed_risk_mean": 0.7897794283027398,
  "uncertainty_risk_mean": 0.6336547778247547,
  "human_activation_count": 120,
  "cooldown_skips": 30,
  "suppressed_request_count": 30,
  "suppressed_critical_count": 0,
  "cooldown_release_count": 113,
  "critical_override_count": 113,
  "critical_trigger_rate": 0.7533333333333333,
  "trigger_active_rate": 1.0,
  "confidence_mean": 0.812235372339266,
  "false_intervention_rate": 0.06666666666666667,
  "repeated_intervention_rate": 0.9416666666666667,
  "post_intervention_violation_rate": 0.2366412213740458,
  "mean_drift_after_intervention": 7.4692319951645825,
  "min_predicted_distance_mean": 1.4156945274670951
}