{
  "violation_rate": 0.18,
  "collision_rate": 0.013333333333333334,
  "near_miss_rate": 0.9,
  "intervention_rate": 0.7666666666666667,
  "override_success_rate": 0.7652173913043478,
  "mean_intervention_delay": 0.0,
  "operator_workload": 0.7666666666666667,
  "mean_drift": 3.6309827335839424,
  "p95_drift": 11.851947455862204,
  "mean_latency_ms": 0.7217172090895474,
  "risk_mean": 0.8882707105672715,
  "risk_p05": 0.5362585141665444,
  "risk_p25": 0.6934609087340375,
  "risk_p50": 1.0,
  "risk_p75": 1.0,
  "risk_p95": 1.0,
  "separation_risk_mean": 0.6933069937169665,
  "congestion_risk_mean": 0.4099190303913005,
  "speed_risk_mean": 0.7918098540697703,
  "uncertainty_risk_mean": 0.6246085881101817,
  "human_activation_count": 115,
  "cooldown_skips": 35,
  "suppressed_request_count": 35,
  "suppressed_critical_count": 0,
  "cooldown_release_count": 110,
  "critical_override_count": 110,
  "critical_trigger_rate": 0.7333333333333333,
  "trigger_active_rate": 1.0,
  "confidence_mean": 0.9000000000000004,
  "false_intervention_rate": 0.043478260869565216,
  "repeated_intervention_rate": 0.9043478260869565,
  "post_intervention_violation_rate": 0.20454545454545456,
  "mean_drift_after_intervention": 4.195232374807657,
  "min_predicted_distance_mean": 0.7739961672453406
}