{
  "violation_rate": 0.0,
  "collision_rate": 0.0,
  "near_miss_rate": 0.0,
  "intervention_rate": 0.16666666666666666,
  "override_success_rate": 1.0,
  "mean_intervention_delay": 0.0,
  "operator_workload": 0.16666666666666666,
  "mean_drift": 16.451545587919746,
  "p95_drift": 39.21740382637756,
  "mean_latency_ms": 0.35668694026147324,
  "risk_mean": 0.24923833217427893,
  "risk_p95": 0.2459999999999795,
  "separation_risk_mean": 0.007453077905422818,
  "congestion_risk_mean": 0.0055129695520321695,
  "speed_risk_mean": 0.9900413648588706,
  "uncertainty_risk_mean": 0.64,
  "human_activation_count": 25,
  "cooldown_skips": 125,
  "trigger_active_rate": 1.0,
  "confidence_mean": 0.9500000000000002,
  "false_intervention_rate": 0.24
}