{
  "violation_rate": 0.05333333333333334,
  "collision_rate": 0.013333333333333334,
  "near_miss_rate": 0.2,
  "intervention_rate": 0.16666666666666666,
  "override_success_rate": 0.76,
  "mean_intervention_delay": 1.0,
  "operator_workload": 0.16666666666666666,
  "mean_drift": 11.388513249742944,
  "p95_drift": 38.01963304527305,
  "mean_latency_ms": 0.27072110727507,
  "risk_mean": 0.32632236913941515,
  "risk_p95": 0.6520305723062164,
  "separation_risk_mean": 0.15677022667608742,
  "congestion_risk_mean": 0.09965663408444328,
  "speed_risk_mean": 0.9084520670426783,
  "uncertainty_risk_mean": 0.630625323717755,
  "human_activation_count": 25,
  "cooldown_skips": 125,
  "trigger_active_rate": 1.0,
  "confidence_mean": 0.9212990359040137,
  "false_intervention_rate": 0.24
}