{
  "violation_rate": 0.0,
  "collision_rate": 0.0,
  "near_miss_rate": 0.74,
  "intervention_rate": 0.16666666666666666,
  "override_success_rate": 1.0,
  "mean_intervention_delay": 0.0,
  "operator_workload": 0.16666666666666666,
  "mean_drift": 11.196940682217507,
  "p95_drift": 37.81579605670449,
  "mean_latency_ms": 0.4255575139541179,
  "risk_mean": 0.5717786836416608,
  "risk_p95": 0.6513244761587753,
  "separation_risk_mean": 0.6094470908166096,
  "congestion_risk_mean": 0.33357495104686163,
  "speed_risk_mean": 0.7875583667498073,
  "uncertainty_risk_mean": 0.64,
  "human_activation_count": 25,
  "cooldown_skips": 125,
  "trigger_active_rate": 1.0,
  "confidence_mean": 0.9500000000000002,
  "false_intervention_rate": 0.12
}