{
  "violation_rate": 0.05333333333333334,
  "collision_rate": 0.0,
  "near_miss_rate": 0.05333333333333334,
  "intervention_rate": 0.8266666666666667,
  "override_success_rate": 0.9354838709677419,
  "mean_intervention_delay": 0.0,
  "operator_workload": 0.8266666666666667,
  "mean_drift": 13.41640277130742,
  "p95_drift": 30.979933966832075,
  "mean_latency_ms": 0.5275805861068269,
  "risk_mean": 0.8427675633803633,
  "risk_p05": 0.27814161221744765,
  "risk_p25": 0.5958613468072254,
  "risk_p50": 1.0,
  "risk_p75": 1.0,
  "risk_p95": 1.0,
  "separation_risk_mean": 0.08793058808401032,
  "congestion_risk_mean": 0.07730679664701147,
  "speed_risk_mean": 0.9699821560746064,
  "uncertainty_risk_mean": 0.621372910179322,
  "human_activation_count": 124,
  "cooldown_skips": 26,
  "suppressed_request_count": 26,
  "suppressed_critical_count": 0,
  "cooldown_release_count": 111,
  "critical_override_count": 111,
  "critical_trigger_rate": 0.74,
  "trigger_active_rate": 1.0,
  "confidence_mean": 0.9500000000000002,
  "false_intervention_rate": 0.13709677419354838,
  "repeated_intervention_rate": 0.8870967741935484,
  "post_intervention_violation_rate": 0.053691275167785234,
  "mean_drift_after_intervention": 15.010151701334925,
  "min_predicted_distance_mean": 2.8012839227210127
}