{
  "violation_rate": 0.16666666666666666,
  "collision_rate": 0.0,
  "near_miss_rate": 0.52,
  "intervention_rate": 0.16666666666666666,
  "override_success_rate": 0.4,
  "mean_intervention_delay": 10.0,
  "operator_workload": 0.16666666666666666,
  "mean_drift": 6.619993474265672,
  "p95_drift": 21.315602642909628,
  "mean_latency_ms": 0.9009180268427978,
  "risk_mean": 0.5399323038254802,
  "risk_p95": 0.6728675235595238,
  "separation_risk_mean": 0.5316940300040914,
  "congestion_risk_mean": 0.30349921946622566,
  "speed_risk_mean": 0.8649654557805182,
  "uncertainty_risk_mean": 0.6336691139333656,
  "human_activation_count": 25,
  "cooldown_skips": 125,
  "trigger_active_rate": 1.0,
  "confidence_mean": 0.8130947531791306,
  "false_intervention_rate": 0.24
}