{
  "violation_rate": 0.04,
  "collision_rate": 0.006666666666666667,
  "near_miss_rate": 0.04666666666666667,
  "intervention_rate": 0.7866666666666666,
  "override_success_rate": 0.9491525423728814,
  "mean_intervention_delay": 0.0,
  "operator_workload": 0.7866666666666666,
  "mean_drift": 10.25249231381324,
  "p95_drift": 22.58801488425178,
  "mean_latency_ms": 0.5057580272356669,
  "risk_mean": 0.8539250487342791,
  "risk_p05": 0.24599999999986802,
  "risk_p25": 1.0,
  "risk_p50": 1.0,
  "risk_p75": 1.0,
  "risk_p95": 1.0,
  "separation_risk_mean": 0.07769707005534793,
  "congestion_risk_mean": 0.04514945482096314,
  "speed_risk_mean": 0.9058148151844276,
  "uncertainty_risk_mean": 0.64,
  "human_activation_count": 118,
  "cooldown_skips": 32,
  "suppressed_request_count": 32,
  "suppressed_critical_count": 0,
  "cooldown_release_count": 115,
  "critical_override_count": 115,
  "critical_trigger_rate": 0.7666666666666667,
  "trigger_active_rate": 1.0,
  "confidence_mean": 0.9500000000000002,
  "false_intervention_rate": 0.0847457627118644,
  "repeated_intervention_rate": 0.9491525423728814,
  "post_intervention_violation_rate": 0.04,
  "mean_drift_after_intervention": 11.249286399782894,
  "min_predicted_distance_mean": 4.909183942846106
}