{
  "violation_rate": 0.04666666666666667,
  "collision_rate": 0.006666666666666667,
  "near_miss_rate": 0.26,
  "intervention_rate": 0.7733333333333333,
  "override_success_rate": 0.9396551724137931,
  "mean_intervention_delay": 0.0,
  "operator_workload": 0.7733333333333333,
  "mean_drift": 10.830746895041887,
  "p95_drift": 39.172027700587265,
  "mean_latency_ms": 0.54293694285055,
  "risk_mean": 0.858103258805751,
  "risk_p05": 0.3212058915988498,
  "risk_p25": 1.0,
  "risk_p50": 1.0,
  "risk_p75": 1.0,
  "risk_p95": 1.0,
  "separation_risk_mean": 0.18514185493590304,
  "congestion_risk_mean": 0.13539032400865872,
  "speed_risk_mean": 0.552344011615192,
  "uncertainty_risk_mean": 0.6201994561760457,
  "human_activation_count": 116,
  "cooldown_skips": 34,
  "suppressed_request_count": 34,
  "suppressed_critical_count": 0,
  "cooldown_release_count": 113,
  "critical_override_count": 113,
  "critical_trigger_rate": 0.7533333333333333,
  "trigger_active_rate": 1.0,
  "confidence_mean": 0.9500000000000002,
  "false_intervention_rate": 0.0603448275862069,
  "repeated_intervention_rate": 0.9482758620689655,
  "post_intervention_violation_rate": 0.04838709677419355,
  "mean_drift_after_intervention": 12.505757137364734,
  "min_predicted_distance_mean": 4.175788275609143
}