{
  "violation_rate": 0.0,
  "collision_rate": 0.0,
  "near_miss_rate": 0.5466666666666666,
  "intervention_rate": 0.05333333333333334,
  "override_success_rate": 1.0,
  "mean_intervention_delay": 0.0,
  "operator_workload": 0.05333333333333334,
  "mean_drift": 5.860980916893842,
  "p95_drift": 17.35026250151206,
  "mean_latency_ms": 0.3733033126142497,
  "risk_mean": 0.3404384443639612,
  "risk_p95": 0.7234529779246882,
  "separation_risk_mean": 0.1702791369384482,
  "congestion_risk_mean": 0.15484684609745172,
  "speed_risk_mean": 0.9043853823279553,
  "uncertainty_risk_mean": 0.5962887591206886,
  "human_activation_count": 8,
  "cooldown_skips": 142,
  "trigger_active_rate": 1.0,
  "confidence_mean": 0.9500000000000002,
  "false_intervention_rate": 0.25
}