{
  "violation_rate": 0.07333333333333333,
  "collision_rate": 0.0,
  "near_miss_rate": 0.0,
  "intervention_rate": 0.7666666666666667,
  "override_success_rate": 0.9043478260869565,
  "mean_intervention_delay": 0.0,
  "operator_workload": 0.7666666666666667,
  "mean_drift": 17.00979508295498,
  "p95_drift": 34.371992579951794,
  "mean_latency_ms": 0.481913626814882,
  "risk_mean": 0.8085636676231726,
  "risk_p05": 0.18399999999992994,
  "risk_p25": 1.0,
  "risk_p50": 1.0,
  "risk_p75": 1.0,
  "risk_p95": 1.0,
  "separation_risk_mean": 0.00206428717026888,
  "congestion_risk_mean": 0.0053131295825961326,
  "speed_risk_mean": 0.9323393458130453,
  "uncertainty_risk_mean": 0.6396812588364196,
  "human_activation_count": 115,
  "cooldown_skips": 5,
  "suppressed_request_count": 5,
  "suppressed_critical_count": 0,
  "cooldown_release_count": 114,
  "critical_override_count": 114,
  "critical_trigger_rate": 0.76,
  "trigger_active_rate": 0.7733333333333333,
  "confidence_mean": 0.9500000000000002,
  "false_intervention_rate": 0.02608695652173913,
  "repeated_intervention_rate": 0.9826086956521739,
  "post_intervention_violation_rate": 0.09482758620689655,
  "mean_drift_after_intervention": 19.755780279275545,
  "min_predicted_distance_mean": 8.72212440073946
}