{
  "violation_rate": 0.07333333333333333,
  "collision_rate": 0.006666666666666667,
  "near_miss_rate": 0.26,
  "intervention_rate": 0.7533333333333333,
  "override_success_rate": 0.9026548672566371,
  "mean_intervention_delay": 0.0,
  "operator_workload": 0.7533333333333333,
  "mean_drift": 10.723901863855403,
  "p95_drift": 39.223474833024206,
  "mean_latency_ms": 0.46400693788503605,
  "risk_mean": 0.8382959420883518,
  "risk_p05": 0.3476893435841776,
  "risk_p25": 0.6180808377850047,
  "risk_p50": 1.0,
  "risk_p75": 1.0,
  "risk_p95": 1.0,
  "separation_risk_mean": 0.1973369232979068,
  "congestion_risk_mean": 0.14290178302455028,
  "speed_risk_mean": 0.5474110149581788,
  "uncertainty_risk_mean": 0.6194023461018482,
  "human_activation_count": 113,
  "cooldown_skips": 37,
  "suppressed_request_count": 37,
  "suppressed_critical_count": 0,
  "cooldown_release_count": 107,
  "critical_override_count": 107,
  "critical_trigger_rate": 0.7133333333333334,
  "trigger_active_rate": 0.98,
  "confidence_mean": 0.9500000000000002,
  "false_intervention_rate": 0.07079646017699115,
  "repeated_intervention_rate": 0.8938053097345132,
  "post_intervention_violation_rate": 0.07692307692307693,
  "mean_drift_after_intervention": 12.648446039684012,
  "min_predicted_distance_mean": 4.041483398018077
}