{
  "violation_rate": 0.04,
  "collision_rate": 0.0,
  "near_miss_rate": 0.08666666666666667,
  "intervention_rate": 0.8066666666666666,
  "override_success_rate": 0.9504132231404959,
  "mean_intervention_delay": 0.0,
  "operator_workload": 0.8066666666666666,
  "mean_drift": 9.605887566988732,
  "p95_drift": 42.64568060889316,
  "mean_latency_ms": 0.48926614224910736,
  "risk_mean": 0.8567709705798878,
  "risk_p05": 0.3704058549554557,
  "risk_p25": 0.6089561911592867,
  "risk_p50": 1.0,
  "risk_p75": 1.0,
  "risk_p95": 1.0,
  "separation_risk_mean": 0.267265226862312,
  "congestion_risk_mean": 0.09271939100020436,
  "speed_risk_mean": 0.9288249518936061,
  "uncertainty_risk_mean": 0.6397903368488042,
  "human_activation_count": 121,
  "cooldown_skips": 29,
  "suppressed_request_count": 29,
  "suppressed_critical_count": 0,
  "cooldown_release_count": 111,
  "critical_override_count": 110,
  "critical_trigger_rate": 0.7333333333333333,
  "trigger_active_rate": 1.0,
  "confidence_mean": 0.9500000000000002,
  "false_intervention_rate": 0.19008264462809918,
  "repeated_intervention_rate": 0.8429752066115702,
  "post_intervention_violation_rate": 0.040268456375838924,
  "mean_drift_after_intervention": 10.843339298744848,
  "min_predicted_distance_mean": 2.354687859494929
}