{
  "violation_rate": 0.0,
  "collision_rate": 0.006666666666666667,
  "near_miss_rate": 1.04,
  "intervention_rate": 0.16666666666666666,
  "override_success_rate": 1.0,
  "mean_intervention_delay": 0.0,
  "operator_workload": 0.16666666666666666,
  "mean_drift": 14.74916826557431,
  "p95_drift": 24.22640576157522,
  "mean_latency_ms": 0.6667566936812364,
  "risk_mean": 0.6368649013264296,
  "risk_p95": 0.7879999999999822,
  "separation_risk_mean": 0.5940538380229178,
  "congestion_risk_mean": 0.4960069410649148,
  "speed_risk_mean": 0.9969262596659177,
  "uncertainty_risk_mean": 0.64,
  "human_activation_count": 25,
  "cooldown_skips": 125,
  "trigger_active_rate": 1.0,
  "confidence_mean": 0.9500000000000002,
  "false_intervention_rate": 0.16
}