{
  "violation_rate": 0.0,
  "collision_rate": 0.0,
  "near_miss_rate": 0.49333333333333335,
  "intervention_rate": 0.04,
  "override_success_rate": 1.0,
  "mean_intervention_delay": 0.0,
  "operator_workload": 0.04,
  "mean_drift": 5.901834360261276,
  "p95_drift": 17.212677488459935,
  "mean_latency_ms": 0.5281616192466269,
  "risk_mean": 0.3317977864853191,
  "risk_p95": 0.7251679203350287,
  "separation_risk_mean": 0.15428856870735777,
  "congestion_risk_mean": 0.1426074052773695,
  "speed_risk_mean": 0.914465229187047,
  "uncertainty_risk_mean": 0.5969752991307246,
  "human_activation_count": 6,
  "cooldown_skips": 30,
  "trigger_active_rate": 0.22,
  "confidence_mean": 0.9500000000000002,
  "false_intervention_rate": 0.5
}