{
  "violation_rate": 0.06666666666666667,
  "collision_rate": 0.0,
  "near_miss_rate": 0.3933333333333333,
  "intervention_rate": 0.8066666666666666,
  "override_success_rate": 0.9173553719008265,
  "mean_intervention_delay": 0.0,
  "operator_workload": 0.8066666666666666,
  "mean_drift": 14.900007290688613,
  "p95_drift": 28.322401655716277,
  "mean_latency_ms": 0.5861927995768687,
  "risk_mean": 0.8714247444121062,
  "risk_p05": 0.25839713481278775,
  "risk_p25": 1.0,
  "risk_p50": 1.0,
  "risk_p75": 1.0,
  "risk_p95": 1.0,
  "separation_risk_mean": 0.42370470797813675,
  "congestion_risk_mean": 0.22827782575854783,
  "speed_risk_mean": 0.9402327872478353,
  "uncertainty_risk_mean": 0.6391543954025022,
  "human_activation_count": 121,
  "cooldown_skips": 21,
  "suppressed_request_count": 21,
  "suppressed_critical_count": 0,
  "cooldown_release_count": 117,
  "critical_override_count": 117,
  "critical_trigger_rate": 0.78,
  "trigger_active_rate": 0.94,
  "confidence_mean": 0.9500000000000002,
  "false_intervention_rate": 0.0743801652892562,
  "repeated_intervention_rate": 0.9504132231404959,
  "post_intervention_violation_rate": 0.07751937984496124,
  "mean_drift_after_intervention": 17.579990348003257,
  "min_predicted_distance_mean": 1.8623679015567518
}