{
  "violation_rate": 0.74,
  "collision_rate": 0.006666666666666667,
  "near_miss_rate": 0.15333333333333332,
  "intervention_rate": 0.8666666666666667,
  "override_success_rate": 0.14615384615384616,
  "mean_intervention_delay": 5.0,
  "operator_workload": 0.8666666666666667,
  "mean_drift": 7.973723076065563,
  "p95_drift": 30.477445011901892,
  "mean_latency_ms": 2.0678841547730067,
  "risk_mean": 0.9236586702186018,
  "risk_p05": 0.4743937678145437,
  "risk_p25": 1.0,
  "risk_p50": 1.0,
  "risk_p75": 1.0,
  "risk_p95": 1.0,
  "separation_risk_mean": 0.1398281713327185,
  "congestion_risk_mean": 0.10003410154251147,
  "speed_risk_mean": 0.8291558685950435,
  "uncertainty_risk_mean": 0.6290518403920841,
  "human_activation_count": 130,
  "cooldown_skips": 20,
  "suppressed_request_count": 20,
  "suppressed_critical_count": 0,
  "cooldown_release_count": 128,
  "critical_override_count": 128,
  "critical_trigger_rate": 0.8533333333333334,
  "trigger_active_rate": 1.0,
  "confidence_mean": 0.42955407323115424,
  "false_intervention_rate": 0.09230769230769231,
  "repeated_intervention_rate": 0.9230769230769231,
  "post_intervention_violation_rate": 0.7816901408450704,
  "mean_drift_after_intervention": 8.818368255125804,
  "min_predicted_distance_mean": 5.496720060172234
}