{
  "violation_rate": 0.006666666666666667,
  "collision_rate": 0.0,
  "near_miss_rate": 0.42,
  "intervention_rate": 0.09333333333333334,
  "override_success_rate": 0.9285714285714286,
  "mean_intervention_delay": 0.0,
  "operator_workload": 0.09333333333333334,
  "mean_drift": 14.971430297572022,
  "p95_drift": 27.943794507122163,
  "mean_latency_ms": 0.48937668034341186,
  "risk_mean": 0.4748464960258092,
  "risk_p95": 0.6744999999999838,
  "separation_risk_mean": 0.3954095999821142,
  "congestion_risk_mean": 0.22329106067587057,
  "speed_risk_mean": 0.9681083436967651,
  "uncertainty_risk_mean": 0.6391543954025022,
  "human_activation_count": 14,
  "cooldown_skips": 136,
  "trigger_active_rate": 1.0,
  "confidence_mean": 0.9500000000000002,
  "false_intervention_rate": 0.21428571428571427
}