{
  "violation_rate": 0.26,
  "collision_rate": 0.0,
  "near_miss_rate": 0.0,
  "intervention_rate": 0.7733333333333333,
  "override_success_rate": 0.6637931034482759,
  "mean_intervention_delay": 1.0,
  "operator_workload": 0.7733333333333333,
  "mean_drift": 15.411168950207216,
  "p95_drift": 33.849294887408284,
  "mean_latency_ms": 0.6611141872902712,
  "risk_mean": 0.8227751386220533,
  "risk_p05": 0.24599999999991704,
  "risk_p25": 0.5323497171602087,
  "risk_p50": 1.0,
  "risk_p75": 1.0,
  "risk_p95": 1.0,
  "separation_risk_mean": 0.05191872423276022,
  "congestion_risk_mean": 0.028778758969628004,
  "speed_risk_mean": 0.98546033919334,
  "uncertainty_risk_mean": 0.64,
  "human_activation_count": 116,
  "cooldown_skips": 34,
  "suppressed_request_count": 34,
  "suppressed_critical_count": 0,
  "cooldown_release_count": 109,
  "critical_override_count": 109,
  "critical_trigger_rate": 0.7266666666666667,
  "trigger_active_rate": 1.0,
  "confidence_mean": 0.8168275265946238,
  "false_intervention_rate": 0.07758620689655173,
  "repeated_intervention_rate": 0.9310344827586207,
  "post_intervention_violation_rate": 0.3023255813953488,
  "mean_drift_after_intervention": 17.46946268342379,
  "min_predicted_distance_mean": 4.667204545415709
}