{
  "violation_rate": 0.02666666666666667,
  "collision_rate": 0.0,
  "near_miss_rate": 0.47333333333333333,
  "intervention_rate": 0.16666666666666666,
  "override_success_rate": 0.92,
  "mean_intervention_delay": 0.0,
  "operator_workload": 0.16666666666666666,
  "mean_drift": 15.726287691865432,
  "p95_drift": 47.01492700980914,
  "mean_latency_ms": 0.640494420270746,
  "risk_mean": 0.4658488115087118,
  "risk_p95": 0.6725828341157459,
  "separation_risk_mean": 0.4287428959361201,
  "congestion_risk_mean": 0.2768154208407315,
  "speed_risk_mean": 0.7180710208484999,
  "uncertainty_risk_mean": 0.64,
  "human_activation_count": 25,
  "cooldown_skips": 125,
  "trigger_active_rate": 1.0,
  "confidence_mean": 0.9500000000000002,
  "false_intervention_rate": 0.2
}