{
  "violation_rate": 0.05333333333333334,
  "collision_rate": 0.0,
  "near_miss_rate": 0.19333333333333333,
  "intervention_rate": 0.7733333333333333,
  "override_success_rate": 0.9310344827586207,
  "mean_intervention_delay": 0.0,
  "operator_workload": 0.7733333333333333,
  "mean_drift": 13.879962215316091,
  "p95_drift": 30.041417709711077,
  "mean_latency_ms": 0.4635080532170832,
  "risk_mean": 0.8367955418331234,
  "risk_p05": 0.39118247973081655,
  "risk_p25": 0.626664438834426,
  "risk_p50": 1.0,
  "risk_p75": 1.0,
  "risk_p95": 1.0,
  "separation_risk_mean": 0.23151016442443084,
  "congestion_risk_mean": 0.14523867587197895,
  "speed_risk_mean": 0.9678816047858413,
  "uncertainty_risk_mean": 0.6356159681806567,
  "human_activation_count": 116,
  "cooldown_skips": 34,
  "suppressed_request_count": 34,
  "suppressed_critical_count": 0,
  "cooldown_release_count": 100,
  "critical_override_count": 100,
  "critical_trigger_rate": 0.6666666666666666,
  "trigger_active_rate": 1.0,
  "confidence_mean": 0.9500000000000002,
  "false_intervention_rate": 0.13793103448275862,
  "repeated_intervention_rate": 0.8362068965517241,
  "post_intervention_violation_rate": 0.053691275167785234,
  "mean_drift_after_intervention": 16.152661873362344,
  "min_predicted_distance_mean": 2.8933554556815473
}