{
  "violation_rate": 0.0,
  "collision_rate": 0.0,
  "near_miss_rate": 0.28,
  "intervention_rate": 0.05333333333333334,
  "override_success_rate": 1.0,
  "mean_intervention_delay": 0.0,
  "operator_workload": 0.05333333333333334,
  "mean_drift": 14.999407786075011,
  "p95_drift": 32.115277794069634,
  "mean_latency_ms": 0.48747112033500645,
  "risk_mean": 0.356095778292536,
  "risk_p95": 0.7600649754173086,
  "separation_risk_mean": 0.17441426614753278,
  "congestion_risk_mean": 0.13529369498521268,
  "speed_risk_mean": 0.985733618207344,
  "uncertainty_risk_mean": 0.6395059469916106,
  "human_activation_count": 8,
  "cooldown_skips": 40,
  "trigger_active_rate": 0.2866666666666667,
  "confidence_mean": 0.9500000000000002,
  "false_intervention_rate": 0.5
}