{
  "violation_rate": 0.06666666666666667,
  "collision_rate": 0.0,
  "near_miss_rate": 0.013333333333333334,
  "intervention_rate": 0.7733333333333333,
  "override_success_rate": 0.9137931034482759,
  "mean_intervention_delay": 0.0,
  "operator_workload": 0.7733333333333333,
  "mean_drift": 22.094385856754126,
  "p95_drift": 53.87066797984149,
  "mean_latency_ms": 0.44115162221714854,
  "risk_mean": 0.7989108219597861,
  "risk_p05": 0.21599999999993508,
  "risk_p25": 0.41565493145851673,
  "risk_p50": 1.0,
  "risk_p75": 1.0,
  "risk_p95": 1.0,
  "separation_risk_mean": 0.017360834339370173,
  "congestion_risk_mean": 0.013133430210970198,
  "speed_risk_mean": 0.9593894819175798,
  "uncertainty_risk_mean": 0.64,
  "human_activation_count": 116,
  "cooldown_skips": 34,
  "suppressed_request_count": 34,
  "suppressed_critical_count": 0,
  "cooldown_release_count": 109,
  "critical_override_count": 109,
  "critical_trigger_rate": 0.7266666666666667,
  "trigger_active_rate": 1.0,
  "confidence_mean": 0.9500000000000002,
  "false_intervention_rate": 0.06896551724137931,
  "repeated_intervention_rate": 0.9310344827586207,
  "post_intervention_violation_rate": 0.07751937984496124,
  "mean_drift_after_intervention": 26.096314735545175,
  "min_predicted_distance_mean": 12.38056072630596
}