{
  "violation_rate": 0.0,
  "collision_rate": 0.0,
  "near_miss_rate": 0.02,
  "intervention_rate": 0.05333333333333334,
  "override_success_rate": 1.0,
  "mean_intervention_delay": 0.0,
  "operator_workload": 0.05333333333333334,
  "mean_drift": 22.595328097432,
  "p95_drift": 63.93542019547273,
  "mean_latency_ms": 0.393027765773392,
  "risk_mean": 0.3022087073587357,
  "risk_p95": 0.45467678508127285,
  "separation_risk_mean": 0.09283824209183886,
  "congestion_risk_mean": 0.05906106615814683,
  "speed_risk_mean": 0.9991950042231933,
  "uncertainty_risk_mean": 0.6385798749626165,
  "human_activation_count": 8,
  "cooldown_skips": 142,
  "trigger_active_rate": 1.0,
  "confidence_mean": 0.9500000000000002,
  "false_intervention_rate": 0.25
}