{
  "violation_rate": 0.02,
  "collision_rate": 0.0,
  "near_miss_rate": 0.02,
  "intervention_rate": 0.7733333333333333,
  "override_success_rate": 0.9741379310344828,
  "mean_intervention_delay": 0.0,
  "operator_workload": 0.7733333333333333,
  "mean_drift": 8.717477262181578,
  "p95_drift": 26.420406900290235,
  "mean_latency_ms": 0.45691610779613256,
  "risk_mean": 0.8253037604975451,
  "risk_p05": 0.20192715348937684,
  "risk_p25": 0.7447540639483261,
  "risk_p50": 1.0,
  "risk_p75": 1.0,
  "risk_p95": 1.0,
  "separation_risk_mean": 0.06742992938137689,
  "congestion_risk_mean": 0.029387351281394778,
  "speed_risk_mean": 0.9173270953215487,
  "uncertainty_risk_mean": 0.6379463370092036,
  "human_activation_count": 116,
  "cooldown_skips": 20,
  "suppressed_request_count": 20,
  "suppressed_critical_count": 0,
  "cooldown_release_count": 115,
  "critical_override_count": 112,
  "critical_trigger_rate": 0.7466666666666667,
  "trigger_active_rate": 0.9066666666666666,
  "confidence_mean": 0.9500000000000002,
  "false_intervention_rate": 0.10344827586206896,
  "repeated_intervention_rate": 0.9224137931034483,
  "post_intervention_violation_rate": 0.023809523809523808,
  "mean_drift_after_intervention": 10.229502986569642,
  "min_predicted_distance_mean": 4.179344953438957
}