{
  "violation_rate": 0.08666666666666667,
  "collision_rate": 0.006666666666666667,
  "near_miss_rate": 0.30666666666666664,
  "intervention_rate": 0.8,
  "override_success_rate": 0.8916666666666667,
  "mean_intervention_delay": 0.0,
  "operator_workload": 0.8,
  "mean_drift": 10.675793867120095,
  "p95_drift": 39.35046561938439,
  "mean_latency_ms": 0.471133035607636,
  "risk_mean": 0.8557120424210829,
  "risk_p05": 0.4141528924272756,
  "risk_p25": 0.6378708134929564,
  "risk_p50": 1.0,
  "risk_p75": 1.0,
  "risk_p95": 1.0,
  "separation_risk_mean": 0.22399228864042253,
  "congestion_risk_mean": 0.15752788971192097,
  "speed_risk_mean": 0.5333222453571513,
  "uncertainty_risk_mean": 0.6194023461018482,
  "human_activation_count": 120,
  "cooldown_skips": 30,
  "suppressed_request_count": 30,
  "suppressed_critical_count": 0,
  "cooldown_release_count": 107,
  "critical_override_count": 107,
  "critical_trigger_rate": 0.7133333333333334,
  "trigger_active_rate": 1.0,
  "confidence_mean": 0.9500000000000002,
  "false_intervention_rate": 0.125,
  "repeated_intervention_rate": 0.85,
  "post_intervention_violation_rate": 0.08053691275167785,
  "mean_drift_after_intervention": 12.17957414262262,
  "min_predicted_distance_mean": 3.869511436732831
}