{
  "violation_rate": 0.6533333333333333,
  "collision_rate": 0.006666666666666667,
  "near_miss_rate": 0.02666666666666667,
  "intervention_rate": 0.8,
  "override_success_rate": 0.19166666666666668,
  "mean_intervention_delay": 3.0,
  "operator_workload": 0.8,
  "mean_drift": 13.100713151332886,
  "p95_drift": 31.809485700203595,
  "mean_latency_ms": 1.7155961055929463,
  "risk_mean": 0.8232580699088214,
  "risk_p05": 0.2459999999998867,
  "risk_p25": 1.0,
  "risk_p50": 1.0,
  "risk_p75": 1.0,
  "risk_p95": 1.0,
  "separation_risk_mean": 0.08351170714268799,
  "congestion_risk_mean": 0.05130607826465672,
  "speed_risk_mean": 0.9716994749318318,
  "uncertainty_risk_mean": 0.6385621893228312,
  "human_activation_count": 120,
  "cooldown_skips": 30,
  "suppressed_request_count": 30,
  "suppressed_critical_count": 0,
  "cooldown_release_count": 113,
  "critical_override_count": 113,
  "critical_trigger_rate": 0.7533333333333333,
  "trigger_active_rate": 1.0,
  "confidence_mean": 0.6070968434314602,
  "false_intervention_rate": 0.075,
  "repeated_intervention_rate": 0.9416666666666667,
  "post_intervention_violation_rate": 0.7480916030534351,
  "mean_drift_after_intervention": 14.702668234871881,
  "min_predicted_distance_mean": 6.023008913664074
}