{
  "violation_rate": 0.02,
  "collision_rate": 0.006666666666666667,
  "near_miss_rate": 0.013333333333333334,
  "intervention_rate": 0.16666666666666666,
  "override_success_rate": 0.92,
  "mean_intervention_delay": 0.0,
  "operator_workload": 0.16666666666666666,
  "mean_drift": 13.47986720578893,
  "p95_drift": 24.482813746174397,
  "mean_latency_ms": 0.46211470044606057,
  "risk_mean": 0.2564219555836268,
  "risk_p95": 0.2459999999999803,
  "separation_risk_mean": 0.018639464071392817,
  "congestion_risk_mean": 0.012880071637292864,
  "speed_risk_mean": 0.9920945256145118,
  "uncertainty_risk_mean": 0.64,
  "human_activation_count": 25,
  "cooldown_skips": 125,
  "trigger_active_rate": 1.0,
  "confidence_mean": 0.9500000000000002,
  "false_intervention_rate": 0.2
}