{
  "violation_rate": 0.0,
  "collision_rate": 0.0,
  "near_miss_rate": 0.06,
  "intervention_rate": 0.09333333333333334,
  "override_success_rate": 1.0,
  "mean_intervention_delay": 0.0,
  "operator_workload": 0.09333333333333334,
  "mean_drift": 10.089861433155084,
  "p95_drift": 25.196069567103827,
  "mean_latency_ms": 0.32346966026428464,
  "risk_mean": 0.2768909099906,
  "risk_p95": 0.5652600099834604,
  "separation_risk_mean": 0.06644805650447283,
  "congestion_risk_mean": 0.042983755929030164,
  "speed_risk_mean": 0.9402234489459848,
  "uncertainty_risk_mean": 0.6347321882628795,
  "human_activation_count": 14,
  "cooldown_skips": 136,
  "trigger_active_rate": 1.0,
  "confidence_mean": 0.9500000000000002,
  "false_intervention_rate": 0.21428571428571427
}