{
  "violation_rate": 0.02,
  "collision_rate": 0.006666666666666667,
  "near_miss_rate": 0.3333333333333333,
  "intervention_rate": 0.7933333333333333,
  "override_success_rate": 0.9747899159663865,
  "mean_intervention_delay": 0.0,
  "operator_workload": 0.7933333333333333,
  "mean_drift": 6.166964805525232,
  "p95_drift": 22.032091742527786,
  "mean_latency_ms": 0.4563322026903431,
  "risk_mean": 0.872173804850096,
  "risk_p05": 0.4014444576871749,
  "risk_p25": 1.0,
  "risk_p50": 1.0,
  "risk_p75": 1.0,
  "risk_p95": 1.0,
  "separation_risk_mean": 0.5003523245170286,
  "congestion_risk_mean": 0.2611459701100921,
  "speed_risk_mean": 0.6295669591797486,
  "uncertainty_risk_mean": 0.9926588484092489,
  "human_activation_count": 119,
  "cooldown_skips": 31,
  "suppressed_request_count": 31,
  "suppressed_critical_count": 0,
  "cooldown_release_count": 114,
  "critical_override_count": 114,
  "critical_trigger_rate": 0.76,
  "trigger_active_rate": 1.0,
  "confidence_mean": 0.9500000000000002,
  "false_intervention_rate": 0.1092436974789916,
  "repeated_intervention_rate": 0.9159663865546218,
  "post_intervention_violation_rate": 0.022388059701492536,
  "mean_drift_after_intervention": 6.908549196106564,
  "min_predicted_distance_mean": 1.569770688119137
}