{
  "violation_rate": 0.06666666666666667,
  "collision_rate": 0.013333333333333334,
  "near_miss_rate": 0.16666666666666666,
  "intervention_rate": 0.98,
  "override_success_rate": 0.9319727891156463,
  "mean_intervention_delay": 0.0,
  "operator_workload": 0.98,
  "mean_drift": 11.592372954238074,
  "p95_drift": 38.52936874190294,
  "mean_latency_ms": 0.4333083354867995,
  "risk_mean": 0.8778225199969449,
  "risk_p05": 0.29000006825558566,
  "risk_p25": 1.0,
  "risk_p50": 1.0,
  "risk_p75": 1.0,
  "risk_p95": 1.0,
  "separation_risk_mean": 0.16012620114545228,
  "congestion_risk_mean": 0.09688801551884546,
  "speed_risk_mean": 0.8753620792352678,
  "uncertainty_risk_mean": 0.6301334392757115,
  "human_activation_count": 147,
  "cooldown_skips": 0,
  "suppressed_request_count": 0,
  "suppressed_critical_count": 0,
  "cooldown_release_count": 115,
  "critical_override_count": 115,
  "critical_trigger_rate": 0.7666666666666667,
  "trigger_active_rate": 0.98,
  "confidence_mean": 0.9500000000000002,
  "false_intervention_rate": 0.19727891156462585,
  "repeated_intervention_rate": 0.9863945578231292,
  "post_intervention_violation_rate": 0.060810810810810814,
  "mean_drift_after_intervention": 11.749941936164912,
  "min_predicted_distance_mean": 4.969642763167209
}