{
  "violation_rate": 0.07333333333333333,
  "collision_rate": 0.0,
  "near_miss_rate": 0.04666666666666667,
  "intervention_rate": 1.0,
  "override_success_rate": 0.9266666666666666,
  "mean_intervention_delay": 0.0,
  "operator_workload": 1.0,
  "mean_drift": 15.717914219537505,
  "p95_drift": 36.138887454499674,
  "mean_latency_ms": 0.34315390046685934,
  "risk_mean": 0.2684204847851062,
  "risk_p95": 0.4155616835701445,
  "separation_risk_mean": 0.034240399118142154,
  "congestion_risk_mean": 0.03386744559692664,
  "speed_risk_mean": 0.9918041576452594,
  "uncertainty_risk_mean": 0.6384988009061447,
  "human_activation_count": 150,
  "cooldown_skips": 0,
  "trigger_active_rate": 1.0,
  "confidence_mean": 0.9500000000000002,
  "false_intervention_rate": 0.3
}