{
  "violation_rate": 0.14,
  "collision_rate": 0.006666666666666667,
  "near_miss_rate": 0.47333333333333333,
  "intervention_rate": 0.78,
  "override_success_rate": 0.8205128205128205,
  "mean_intervention_delay": 0.0,
  "operator_workload": 0.78,
  "mean_drift": 16.20254720383582,
  "p95_drift": 48.920151981713516,
  "mean_latency_ms": 0.7180478191003203,
  "risk_mean": 0.84908488015569,
  "risk_p05": 0.3276765054255827,
  "risk_p25": 0.5402762224172769,
  "risk_p50": 1.0,
  "risk_p75": 1.0,
  "risk_p95": 1.0,
  "separation_risk_mean": 0.5578585861291786,
  "congestion_risk_mean": 0.30559340896387793,
  "speed_risk_mean": 0.9660571133242357,
  "uncertainty_risk_mean": 0.6342481109983557,
  "human_activation_count": 117,
  "cooldown_skips": 33,
  "suppressed_request_count": 33,
  "suppressed_critical_count": 0,
  "cooldown_release_count": 111,
  "critical_override_count": 111,
  "critical_trigger_rate": 0.74,
  "trigger_active_rate": 1.0,
  "confidence_mean": 0.9000000000000004,
  "false_intervention_rate": 0.09401709401709402,
  "repeated_intervention_rate": 0.9316239316239316,
  "post_intervention_violation_rate": 0.15384615384615385,
  "mean_drift_after_intervention": 19.451406843813757,
  "min_predicted_distance_mean": 1.36365636864001
}