{
  "violation_rate": 0.04,
  "collision_rate": 0.0,
  "near_miss_rate": 0.8,
  "intervention_rate": 0.8133333333333334,
  "override_success_rate": 0.9508196721311475,
  "mean_intervention_delay": 0.0,
  "operator_workload": 0.8133333333333334,
  "mean_drift": 6.140272605720019,
  "p95_drift": 23.543261989915855,
  "mean_latency_ms": 0.46870192357649404,
  "risk_mean": 0.8717392512596863,
  "risk_p05": 0.2441782368071731,
  "risk_p25": 1.0,
  "risk_p50": 1.0,
  "risk_p75": 1.0,
  "risk_p95": 1.0,
  "separation_risk_mean": 0.62918136462374,
  "congestion_risk_mean": 0.3340156787861658,
  "speed_risk_mean": 0.6283222694832892,
  "uncertainty_risk_mean": 0.64,
  "human_activation_count": 122,
  "cooldown_skips": 28,
  "suppressed_request_count": 28,
  "suppressed_critical_count": 0,
  "cooldown_release_count": 117,
  "critical_override_count": 117,
  "critical_trigger_rate": 0.78,
  "trigger_active_rate": 1.0,
  "confidence_mean": 0.9500000000000002,
  "false_intervention_rate": 0.11475409836065574,
  "repeated_intervention_rate": 0.9344262295081968,
  "post_intervention_violation_rate": 0.04477611940298507,
  "mean_drift_after_intervention": 6.821713037542667,
  "min_predicted_distance_mean": 1.2315402314782935
}