{
  "violation_rate": 0.03333333333333333,
  "collision_rate": 0.0,
  "near_miss_rate": 0.9866666666666667,
  "intervention_rate": 0.16666666666666666,
  "override_success_rate": 0.88,
  "mean_intervention_delay": 0.0,
  "operator_workload": 0.16666666666666666,
  "mean_drift": 6.718945003615255,
  "p95_drift": 35.90615463091666,
  "mean_latency_ms": 0.3412014335238685,
  "risk_mean": 0.6092301980282412,
  "risk_p95": 0.7078712340930845,
  "separation_risk_mean": 0.6690989946807316,
  "congestion_risk_mean": 0.4084709108477018,
  "speed_risk_mean": 0.7386446751338605,
  "uncertainty_risk_mean": 0.6348081429327146,
  "human_activation_count": 25,
  "cooldown_skips": 125,
  "trigger_active_rate": 1.0,
  "confidence_mean": 0.75,
  "false_intervention_rate": 0.2
}