{
  "violation_rate": 0.0,
  "collision_rate": 0.0,
  "near_miss_rate": 0.8666666666666667,
  "intervention_rate": 0.16666666666666666,
  "override_success_rate": 1.0,
  "mean_intervention_delay": 0.0,
  "operator_workload": 0.16666666666666666,
  "mean_drift": 9.005275106548567,
  "p95_drift": 37.3677463925757,
  "mean_latency_ms": 0.3411838732426986,
  "risk_mean": 0.551937383822599,
  "risk_p95": 0.6876057407463612,
  "separation_risk_mean": 0.5805673837912224,
  "congestion_risk_mean": 0.34648576482971855,
  "speed_risk_mean": 0.7204041327274617,
  "uncertainty_risk_mean": 0.64,
  "human_activation_count": 25,
  "cooldown_skips": 125,
  "trigger_active_rate": 1.0,
  "confidence_mean": 0.9500000000000002,
  "false_intervention_rate": 0.16
}