{
  "violation_rate": 0.09333333333333334,
  "collision_rate": 0.0,
  "near_miss_rate": 0.05333333333333334,
  "intervention_rate": 0.7466666666666667,
  "override_success_rate": 0.875,
  "mean_intervention_delay": 0.0,
  "operator_workload": 0.7466666666666667,
  "mean_drift": 13.379940259991201,
  "p95_drift": 30.955859901173376,
  "mean_latency_ms": 0.4701430373825133,
  "risk_mean": 0.8234110621962596,
  "risk_p05": 0.24616837949597933,
  "risk_p25": 0.5067687538365324,
  "risk_p50": 1.0,
  "risk_p75": 1.0,
  "risk_p95": 1.0,
  "separation_risk_mean": 0.08070058409615666,
  "congestion_risk_mean": 0.06929286332696803,
  "speed_risk_mean": 0.9703204813610171,
  "uncertainty_risk_mean": 0.6211862655882224,
  "human_activation_count": 112,
  "cooldown_skips": 30,
  "suppressed_request_count": 30,
  "suppressed_critical_count": 0,
  "cooldown_release_count": 106,
  "critical_override_count": 106,
  "critical_trigger_rate": 0.7066666666666667,
  "trigger_active_rate": 0.94,
  "confidence_mean": 0.9500000000000002,
  "false_intervention_rate": 0.0625,
  "repeated_intervention_rate": 0.9375,
  "post_intervention_violation_rate": 0.11382113821138211,
  "mean_drift_after_intervention": 15.831892701234352,
  "min_predicted_distance_mean": 2.859713247702381
}