{
  "violation_rate": 0.05333333333333334,
  "collision_rate": 0.0,
  "near_miss_rate": 0.14666666666666667,
  "intervention_rate": 0.78,
  "override_success_rate": 0.9316239316239316,
  "mean_intervention_delay": 0.0,
  "operator_workload": 0.78,
  "mean_drift": 14.611063045077232,
  "p95_drift": 32.09002017362567,
  "mean_latency_ms": 0.3906469078113635,
  "risk_mean": 0.8630511622166808,
  "risk_p05": 0.24602698636964737,
  "risk_p25": 0.6537304601926894,
  "risk_p50": 1.0,
  "risk_p75": 1.0,
  "risk_p95": 1.0,
  "separation_risk_mean": 0.11901693008158333,
  "congestion_risk_mean": 0.0729715453582125,
  "speed_risk_mean": 0.9440609241901355,
  "uncertainty_risk_mean": 0.6383769189601225,
  "human_activation_count": 117,
  "cooldown_skips": 33,
  "suppressed_request_count": 33,
  "suppressed_critical_count": 0,
  "cooldown_release_count": 111,
  "critical_override_count": 111,
  "critical_trigger_rate": 0.74,
  "trigger_active_rate": 1.0,
  "confidence_mean": 0.9500000000000002,
  "false_intervention_rate": 0.05982905982905983,
  "repeated_intervention_rate": 0.9230769230769231,
  "post_intervention_violation_rate": 0.05343511450381679,
  "mean_drift_after_intervention": 16.791760163484767,
  "min_predicted_distance_mean": 4.2958858039320225
}