{
  "violation_rate": 0.02666666666666667,
  "collision_rate": 0.0,
  "near_miss_rate": 0.14,
  "intervention_rate": 0.9533333333333334,
  "override_success_rate": 0.972027972027972,
  "mean_intervention_delay": 0.0,
  "operator_workload": 0.9533333333333334,
  "mean_drift": 17.736151518770097,
  "p95_drift": 44.91047175757,
  "mean_latency_ms": 0.4022689218011995,
  "risk_mean": 0.9648133333333294,
  "risk_p05": 1.0,
  "risk_p25": 1.0,
  "risk_p50": 1.0,
  "risk_p75": 1.0,
  "risk_p95": 1.0,
  "separation_risk_mean": 0.33945163100420117,
  "congestion_risk_mean": 0.18972191306513186,
  "speed_risk_mean": 0.993473336181656,
  "uncertainty_risk_mean": 0.64,
  "human_activation_count": 143,
  "cooldown_skips": 0,
  "suppressed_request_count": 0,
  "suppressed_critical_count": 0,
  "cooldown_release_count": 143,
  "critical_override_count": 143,
  "critical_trigger_rate": 0.9533333333333334,
  "trigger_active_rate": 0.9533333333333334,
  "confidence_mean": 0.9500000000000002,
  "false_intervention_rate": 0.013986013986013986,
  "repeated_intervention_rate": 0.993006993006993,
  "post_intervention_violation_rate": 0.028169014084507043,
  "mean_drift_after_intervention": 17.643046727957326,
  "min_predicted_distance_mean": 5.072444099374578
}