{
  "violation_rate": 0.05333333333333334,
  "collision_rate": 0.0,
  "near_miss_rate": 0.14,
  "intervention_rate": 0.7533333333333333,
  "override_success_rate": 0.9292035398230089,
  "mean_intervention_delay": 0.0,
  "operator_workload": 0.7533333333333333,
  "mean_drift": 7.588395942503757,
  "p95_drift": 25.552570086316145,
  "mean_latency_ms": 0.3873430681414902,
  "risk_mean": 0.8500360441187205,
  "risk_p05": 0.24799313536379522,
  "risk_p25": 0.6483354110375799,
  "risk_p50": 1.0,
  "risk_p75": 1.0,
  "risk_p95": 1.0,
  "separation_risk_mean": 0.214517393995963,
  "congestion_risk_mean": 0.129952410590222,
  "speed_risk_mean": 0.6803421194465534,
  "uncertainty_risk_mean": 0.6390118463796821,
  "human_activation_count": 113,
  "cooldown_skips": 37,
  "suppressed_request_count": 37,
  "suppressed_critical_count": 0,
  "cooldown_release_count": 109,
  "critical_override_count": 109,
  "critical_trigger_rate": 0.7266666666666667,
  "trigger_active_rate": 0.9333333333333333,
  "confidence_mean": 0.9500000000000002,
  "false_intervention_rate": 0.02654867256637168,
  "repeated_intervention_rate": 0.9557522123893806,
  "post_intervention_violation_rate": 0.06666666666666667,
  "mean_drift_after_intervention": 8.940320739180365,
  "min_predicted_distance_mean": 5.081498473738724
}