{
  "violation_rate": 0.03333333333333333,
  "collision_rate": 0.0,
  "near_miss_rate": 0.02,
  "intervention_rate": 0.78,
  "override_success_rate": 0.9572649572649573,
  "mean_intervention_delay": 0.0,
  "operator_workload": 0.78,
  "mean_drift": 8.960521959093569,
  "p95_drift": 29.276867483913282,
  "mean_latency_ms": 0.471808398142457,
  "risk_mean": 0.83589421441758,
  "risk_p05": 0.2903581962884262,
  "risk_p25": 0.6735051884634342,
  "risk_p50": 1.0,
  "risk_p75": 1.0,
  "risk_p95": 1.0,
  "separation_risk_mean": 0.06411166403009744,
  "congestion_risk_mean": 0.027737308500948576,
  "speed_risk_mean": 0.9149947013924647,
  "uncertainty_risk_mean": 0.9987805042456462,
  "human_activation_count": 117,
  "cooldown_skips": 33,
  "suppressed_request_count": 33,
  "suppressed_critical_count": 0,
  "cooldown_release_count": 112,
  "critical_override_count": 111,
  "critical_trigger_rate": 0.74,
  "trigger_active_rate": 1.0,
  "confidence_mean": 0.9500000000000002,
  "false_intervention_rate": 0.1111111111111111,
  "repeated_intervention_rate": 0.9145299145299145,
  "post_intervention_violation_rate": 0.03816793893129771,
  "mean_drift_after_intervention": 10.538573556276166,
  "min_predicted_distance_mean": 4.130525589905744
}