{
  "violation_rate": 0.7066666666666667,
  "collision_rate": 0.0,
  "near_miss_rate": 0.12666666666666668,
  "intervention_rate": 0.7666666666666667,
  "override_success_rate": 0.0782608695652174,
  "mean_intervention_delay": 10.0,
  "operator_workload": 0.7666666666666667,
  "mean_drift": 12.152594005173675,
  "p95_drift": 41.34209957920484,
  "mean_latency_ms": 2.040948912035674,
  "risk_mean": 0.8567261001525499,
  "risk_p05": 0.3653480326346711,
  "risk_p25": 0.6461110394251431,
  "risk_p50": 1.0,
  "risk_p75": 1.0,
  "risk_p95": 1.0,
  "separation_risk_mean": 0.22677289512680332,
  "congestion_risk_mean": 0.15452487078323104,
  "speed_risk_mean": 0.8472658896233387,
  "uncertainty_risk_mean": 0.6304033706676051,
  "human_activation_count": 115,
  "cooldown_skips": 35,
  "suppressed_request_count": 35,
  "suppressed_critical_count": 0,
  "cooldown_release_count": 107,
  "critical_override_count": 107,
  "critical_trigger_rate": 0.7133333333333334,
  "trigger_active_rate": 1.0,
  "confidence_mean": 0.3202358646239995,
  "false_intervention_rate": 0.06956521739130435,
  "repeated_intervention_rate": 0.9304347826086956,
  "post_intervention_violation_rate": 0.8125,
  "mean_drift_after_intervention": 15.048465628195126,
  "min_predicted_distance_mean": 2.368988522167761
}