{
  "violation_rate": 0.04,
  "collision_rate": 0.0,
  "near_miss_rate": 0.02666666666666667,
  "intervention_rate": 0.3333333333333333,
  "override_success_rate": 0.94,
  "mean_intervention_delay": 0.0,
  "operator_workload": 0.3333333333333333,
  "mean_drift": 12.38470583328926,
  "p95_drift": 26.534838826832132,
  "mean_latency_ms": 0.33169171316937235,
  "risk_mean": 0.26001055384977784,
  "risk_p95": 0.34190732621922554,
  "separation_risk_mean": 0.026553182289508023,
  "congestion_risk_mean": 0.02279506327621911,
  "speed_risk_mean": 0.9757523733362965,
  "uncertainty_risk_mean": 0.64,
  "human_activation_count": 50,
  "cooldown_skips": 100,
  "trigger_active_rate": 1.0,
  "confidence_mean": 0.9500000000000002,
  "false_intervention_rate": 0.28
}