{
  "violation_rate": 0.04666666666666667,
  "collision_rate": 0.0,
  "near_miss_rate": 0.09333333333333334,
  "intervention_rate": 0.7666666666666667,
  "override_success_rate": 0.9391304347826087,
  "mean_intervention_delay": 0.0,
  "operator_workload": 0.7666666666666667,
  "mean_drift": 7.448996322866612,
  "p95_drift": 25.502279009596112,
  "mean_latency_ms": 0.48724860961859423,
  "risk_mean": 0.8256600273651397,
  "risk_p05": 0.21599999999987007,
  "risk_p25": 1.0,
  "risk_p50": 1.0,
  "risk_p75": 1.0,
  "risk_p95": 1.0,
  "separation_risk_mean": 0.07309681463761479,
  "congestion_risk_mean": 0.06279284890467103,
  "speed_risk_mean": 0.7933783674374725,
  "uncertainty_risk_mean": 0.632761148942908,
  "human_activation_count": 115,
  "cooldown_skips": 35,
  "suppressed_request_count": 35,
  "suppressed_critical_count": 0,
  "cooldown_release_count": 114,
  "critical_override_count": 114,
  "critical_trigger_rate": 0.76,
  "trigger_active_rate": 1.0,
  "confidence_mean": 0.9500000000000002,
  "false_intervention_rate": 0.09565217391304348,
  "repeated_intervention_rate": 0.9652173913043478,
  "post_intervention_violation_rate": 0.058823529411764705,
  "mean_drift_after_intervention": 8.618091432725018,
  "min_predicted_distance_mean": 7.989666657076423
}