{
  "violation_rate": 0.04666666666666667,
  "collision_rate": 0.0,
  "near_miss_rate": 0.02,
  "intervention_rate": 0.78,
  "override_success_rate": 0.9401709401709402,
  "mean_intervention_delay": 0.0,
  "operator_workload": 0.78,
  "mean_drift": 13.031573844441139,
  "p95_drift": 27.230506440744936,
  "mean_latency_ms": 0.4722855892032385,
  "risk_mean": 0.8264018166647115,
  "risk_p05": 0.2999999999998221,
  "risk_p25": 0.6093521654195634,
  "risk_p50": 1.0,
  "risk_p75": 1.0,
  "risk_p95": 1.0,
  "separation_risk_mean": 0.027356356298227656,
  "congestion_risk_mean": 0.023123960035561324,
  "speed_risk_mean": 0.9720567122212002,
  "uncertainty_risk_mean": 1.0,
  "human_activation_count": 117,
  "cooldown_skips": 33,
  "suppressed_request_count": 33,
  "suppressed_critical_count": 0,
  "cooldown_release_count": 111,
  "critical_override_count": 111,
  "critical_trigger_rate": 0.74,
  "trigger_active_rate": 1.0,
  "confidence_mean": 0.9500000000000002,
  "false_intervention_rate": 0.09401709401709402,
  "repeated_intervention_rate": 0.9316239316239316,
  "post_intervention_violation_rate": 0.05384615384615385,
  "mean_drift_after_intervention": 14.939486420827585,
  "min_predicted_distance_mean": 13.479332263380007
}