{
  "violation_rate": 0.02666666666666667,
  "collision_rate": 0.006666666666666667,
  "near_miss_rate": 0.9,
  "intervention_rate": 1.0,
  "override_success_rate": 0.9733333333333334,
  "mean_intervention_delay": 0.0,
  "operator_workload": 1.0,
  "mean_drift": 13.294592514155685,
  "p95_drift": 37.3149054963116,
  "mean_latency_ms": 0.3051588991850925,
  "risk_mean": 0.5337588817083703,
  "risk_p95": 0.7519515086058108,
  "separation_risk_mean": 0.5196338194887963,
  "congestion_risk_mean": 0.33656922059447375,
  "speed_risk_mean": 0.7985423852652894,
  "uncertainty_risk_mean": 0.64,
  "human_activation_count": 150,
  "cooldown_skips": 0,
  "trigger_active_rate": 1.0,
  "confidence_mean": 0.9500000000000002,
  "false_intervention_rate": 0.14
}