{
  "violation_rate": 0.06666666666666667,
  "collision_rate": 0.0,
  "near_miss_rate": 0.0,
  "intervention_rate": 1.0,
  "override_success_rate": 0.9333333333333333,
  "mean_intervention_delay": 0.0,
  "operator_workload": 1.0,
  "mean_drift": 15.658395522878667,
  "p95_drift": 34.21823624879717,
  "mean_latency_ms": 0.3414661799130651,
  "risk_mean": 0.23875221401124114,
  "risk_p95": 0.24599999999998381,
  "separation_risk_mean": 0.002160573655851895,
  "congestion_risk_mean": 0.0053131295825961326,
  "speed_risk_mean": 0.9366632309666386,
  "uncertainty_risk_mean": 0.6396812588364196,
  "human_activation_count": 150,
  "cooldown_skips": 0,
  "trigger_active_rate": 1.0,
  "confidence_mean": 0.9500000000000002,
  "false_intervention_rate": 0.25333333333333335
}