{
  "violation_rate": 0.12,
  "collision_rate": 0.0,
  "near_miss_rate": 0.46,
  "intervention_rate": 0.8666666666666667,
  "override_success_rate": 0.8615384615384616,
  "mean_intervention_delay": 0.0,
  "operator_workload": 0.8666666666666667,
  "mean_drift": 7.636350932626311,
  "p95_drift": 22.15501896245047,
  "mean_latency_ms": 0.6687502570760747,
  "risk_mean": 0.9248320377870598,
  "risk_p05": 0.4812851207336416,
  "risk_p25": 1.0,
  "risk_p50": 1.0,
  "risk_p75": 1.0,
  "risk_p95": 1.0,
  "separation_risk_mean": 0.3842037169070367,
  "congestion_risk_mean": 0.23446236932031955,
  "speed_risk_mean": 0.8378623864566201,
  "uncertainty_risk_mean": 0.6290518403920841,
  "human_activation_count": 130,
  "cooldown_skips": 20,
  "suppressed_request_count": 20,
  "suppressed_critical_count": 0,
  "cooldown_release_count": 128,
  "critical_override_count": 128,
  "critical_trigger_rate": 0.8533333333333334,
  "trigger_active_rate": 1.0,
  "confidence_mean": 0.9500000000000002,
  "false_intervention_rate": 0.09230769230769231,
  "repeated_intervention_rate": 0.9230769230769231,
  "post_intervention_violation_rate": 0.1267605633802817,
  "mean_drift_after_intervention": 8.432584757333053,
  "min_predicted_distance_mean": 2.972179437076647
}