{
  "violation_rate": 0.37333333333333335,
  "collision_rate": 0.02,
  "near_miss_rate": 1.0466666666666666,
  "intervention_rate": 0.9266666666666666,
  "override_success_rate": 0.5971223021582733,
  "mean_intervention_delay": 1.0,
  "operator_workload": 0.9266666666666666,
  "mean_drift": 7.69677963373099,
  "p95_drift": 30.928348436703054,
  "mean_latency_ms": 1.138411107628296,
  "risk_mean": 0.9581702025298083,
  "risk_p05": 0.5316110499096176,
  "risk_p25": 1.0,
  "risk_p50": 1.0,
  "risk_p75": 1.0,
  "risk_p95": 1.0,
  "separation_risk_mean": 0.7246435182059475,
  "congestion_risk_mean": 0.6439594714317468,
  "speed_risk_mean": 0.6196201185404736,
  "uncertainty_risk_mean": 0.6374310093181734,
  "human_activation_count": 139,
  "cooldown_skips": 11,
  "suppressed_request_count": 11,
  "suppressed_critical_count": 0,
  "cooldown_release_count": 137,
  "critical_override_count": 137,
  "critical_trigger_rate": 0.9133333333333333,
  "trigger_active_rate": 1.0,
  "confidence_mean": 0.7904226396263164,
  "false_intervention_rate": 0.05755395683453238,
  "repeated_intervention_rate": 0.9712230215827338,
  "post_intervention_violation_rate": 0.3916083916083916,
  "mean_drift_after_intervention": 8.043545118513016,
  "min_predicted_distance_mean": 0.6832550410543532
}