{
  "violation_rate": 0.06666666666666667,
  "collision_rate": 0.0,
  "near_miss_rate": 0.36,
  "intervention_rate": 0.8533333333333334,
  "override_success_rate": 0.921875,
  "mean_intervention_delay": 0.0,
  "operator_workload": 0.8533333333333334,
  "mean_drift": 12.384006168748039,
  "p95_drift": 29.01820675986722,
  "mean_latency_ms": 0.5754716461524367,
  "risk_mean": 0.8386241011571967,
  "risk_p05": 0.2459999999998854,
  "risk_p25": 1.0,
  "risk_p50": 1.0,
  "risk_p75": 1.0,
  "risk_p95": 1.0,
  "separation_risk_mean": 0.207367921124742,
  "congestion_risk_mean": 0.18156136559578398,
  "speed_risk_mean": 0.9770043987854672,
  "uncertainty_risk_mean": 0.6379323874773102,
  "human_activation_count": 128,
  "cooldown_skips": 22,
  "suppressed_request_count": 22,
  "suppressed_critical_count": 0,
  "cooldown_release_count": 117,
  "critical_override_count": 117,
  "critical_trigger_rate": 0.78,
  "trigger_active_rate": 1.0,
  "confidence_mean": 0.9500000000000002,
  "false_intervention_rate": 0.125,
  "repeated_intervention_rate": 0.90625,
  "post_intervention_violation_rate": 0.06711409395973154,
  "mean_drift_after_intervention": 13.38647116258901,
  "min_predicted_distance_mean": 4.984597868677774
}