{
  "violation_rate": 0.013333333333333334,
  "collision_rate": 0.0,
  "near_miss_rate": 0.013333333333333334,
  "intervention_rate": 0.09333333333333334,
  "override_success_rate": 0.9285714285714286,
  "mean_intervention_delay": 0.0,
  "operator_workload": 0.09333333333333334,
  "mean_drift": 9.72200885167086,
  "p95_drift": 20.433007846422257,
  "mean_latency_ms": 0.3401452923814456,
  "risk_mean": 0.2419410291373651,
  "risk_p95": 0.29878969676716527,
  "separation_risk_mean": 0.023253040084859004,
  "congestion_risk_mean": 0.017004571912409824,
  "speed_risk_mean": 0.8748401208071743,
  "uncertainty_risk_mean": 0.64,
  "human_activation_count": 14,
  "cooldown_skips": 136,
  "trigger_active_rate": 1.0,
  "confidence_mean": 0.9500000000000002,
  "false_intervention_rate": 0.2857142857142857
}