{
  "violation_rate": 0.1,
  "collision_rate": 0.0,
  "near_miss_rate": 0.36,
  "intervention_rate": 0.9533333333333334,
  "override_success_rate": 0.8951048951048951,
  "mean_intervention_delay": 0.0,
  "operator_workload": 0.9533333333333334,
  "mean_drift": 18.73772258013357,
  "p95_drift": 31.638961439628734,
  "mean_latency_ms": 0.6016761468102535,
  "risk_mean": 0.9648133333333311,
  "risk_p05": 1.0,
  "risk_p25": 1.0,
  "risk_p50": 1.0,
  "risk_p75": 1.0,
  "risk_p95": 1.0,
  "separation_risk_mean": 0.33420940426740836,
  "congestion_risk_mean": 0.17654310344040938,
  "speed_risk_mean": 0.9719680601516018,
  "uncertainty_risk_mean": 0.64,
  "human_activation_count": 143,
  "cooldown_skips": 0,
  "suppressed_request_count": 0,
  "suppressed_critical_count": 0,
  "cooldown_release_count": 143,
  "critical_override_count": 143,
  "critical_trigger_rate": 0.9533333333333334,
  "trigger_active_rate": 0.9533333333333334,
  "confidence_mean": 0.9500000000000002,
  "false_intervention_rate": 0.013986013986013986,
  "repeated_intervention_rate": 0.993006993006993,
  "post_intervention_violation_rate": 0.1056338028169014,
  "mean_drift_after_intervention": 18.816329952855572,
  "min_predicted_distance_mean": 6.773887994430731
}