{
  "violation_rate": 0.07333333333333333,
  "collision_rate": 0.0,
  "near_miss_rate": 0.0,
  "intervention_rate": 0.7466666666666667,
  "override_success_rate": 0.9017857142857143,
  "mean_intervention_delay": 0.0,
  "operator_workload": 0.7466666666666667,
  "mean_drift": 15.362809176784467,
  "p95_drift": 32.072959327882394,
  "mean_latency_ms": 0.4238630357819299,
  "risk_mean": 0.8177484719553861,
  "risk_p05": 0.24599999999991226,
  "risk_p25": 0.5283031626770478,
  "risk_p50": 1.0,
  "risk_p75": 1.0,
  "risk_p95": 1.0,
  "separation_risk_mean": 0.05191872423276022,
  "congestion_risk_mean": 0.02934675071422473,
  "speed_risk_mean": 0.9859556815008936,
  "uncertainty_risk_mean": 0.64,
  "human_activation_count": 112,
  "cooldown_skips": 20,
  "suppressed_request_count": 20,
  "suppressed_critical_count": 0,
  "cooldown_release_count": 108,
  "critical_override_count": 108,
  "critical_trigger_rate": 0.72,
  "trigger_active_rate": 0.86,
  "confidence_mean": 0.9500000000000002,
  "false_intervention_rate": 0.05357142857142857,
  "repeated_intervention_rate": 0.9553571428571429,
  "post_intervention_violation_rate": 0.09243697478991597,
  "mean_drift_after_intervention": 17.575394316088598,
  "min_predicted_distance_mean": 4.643295414876586
}