{
  "violation_rate": 0.08666666666666667,
  "collision_rate": 0.0,
  "near_miss_rate": 0.006666666666666667,
  "intervention_rate": 1.0,
  "override_success_rate": 0.9133333333333333,
  "mean_intervention_delay": 0.0,
  "operator_workload": 1.0,
  "mean_drift": 10.263850922361272,
  "p95_drift": 27.87168720997449,
  "mean_latency_ms": 0.341161646162315,
  "risk_mean": 0.2634187851302256,
  "risk_p95": 0.5173357057367962,
  "separation_risk_mean": 0.04806958344663991,
  "congestion_risk_mean": 0.03473805066066396,
  "speed_risk_mean": 0.9140197327604779,
  "uncertainty_risk_mean": 0.64,
  "human_activation_count": 150,
  "cooldown_skips": 0,
  "trigger_active_rate": 1.0,
  "confidence_mean": 0.9500000000000002,
  "false_intervention_rate": 0.2733333333333333
}