{
  "violation_rate": 0.02,
  "collision_rate": 0.0,
  "near_miss_rate": 0.0,
  "intervention_rate": 0.3333333333333333,
  "override_success_rate": 0.96,
  "mean_intervention_delay": 0.0,
  "operator_workload": 0.3333333333333333,
  "mean_drift": 16.51438682631855,
  "p95_drift": 30.662560709349382,
  "mean_latency_ms": 0.29764886693252873,
  "risk_mean": 0.2667450446568869,
  "risk_p95": 0.4216165454001248,
  "separation_risk_mean": 0.04056961389592736,
  "congestion_risk_mean": 0.02329003169613477,
  "speed_risk_mean": 0.9777747365312394,
  "uncertainty_risk_mean": 0.64,
  "human_activation_count": 50,
  "cooldown_skips": 100,
  "trigger_active_rate": 1.0,
  "confidence_mean": 0.9500000000000002,
  "false_intervention_rate": 0.22
}