{
  "violation_rate": 0.12666666666666668,
  "collision_rate": 0.006666666666666667,
  "near_miss_rate": 0.08,
  "intervention_rate": 0.7933333333333333,
  "override_success_rate": 0.8403361344537815,
  "mean_intervention_delay": 0.0,
  "operator_workload": 0.7933333333333333,
  "mean_drift": 10.029472451602023,
  "p95_drift": 25.052636441490858,
  "mean_latency_ms": 0.4856161408436795,
  "risk_mean": 0.8634200930779105,
  "risk_p05": 0.274262984729046,
  "risk_p25": 1.0,
  "risk_p50": 1.0,
  "risk_p75": 1.0,
  "risk_p95": 1.0,
  "separation_risk_mean": 0.0913814849563703,
  "congestion_risk_mean": 0.05115669838863075,
  "speed_risk_mean": 0.8884923618643555,
  "uncertainty_risk_mean": 0.9988467601797612,
  "human_activation_count": 119,
  "cooldown_skips": 31,
  "suppressed_request_count": 31,
  "suppressed_critical_count": 0,
  "cooldown_release_count": 114,
  "critical_override_count": 114,
  "critical_trigger_rate": 0.76,
  "trigger_active_rate": 1.0,
  "confidence_mean": 0.9500000000000002,
  "false_intervention_rate": 0.058823529411764705,
  "repeated_intervention_rate": 0.9327731092436975,
  "post_intervention_violation_rate": 0.1450381679389313,
  "mean_drift_after_intervention": 11.587391449535025,
  "min_predicted_distance_mean": 9.441363834522452
}