{
  "violation_rate": 0.14,
  "collision_rate": 0.0,
  "near_miss_rate": 0.24,
  "intervention_rate": 0.16666666666666666,
  "override_success_rate": 0.52,
  "mean_intervention_delay": 5.0,
  "operator_workload": 0.16666666666666666,
  "mean_drift": 7.632692780446419,
  "p95_drift": 22.29427641898778,
  "mean_latency_ms": 0.75333055331915,
  "risk_mean": 0.38197266220266024,
  "risk_p95": 0.6521669619066583,
  "separation_risk_mean": 0.25218770952222924,
  "congestion_risk_mean": 0.16985274750017587,
  "speed_risk_mean": 0.8775882636867312,
  "uncertainty_risk_mean": 0.6292451099306895,
  "human_activation_count": 25,
  "cooldown_skips": 125,
  "trigger_active_rate": 1.0,
  "confidence_mean": 0.8499142448521452,
  "false_intervention_rate": 0.2
}