{
  "violation_rate": 0.12,
  "collision_rate": 0.006666666666666667,
  "near_miss_rate": 0.04,
  "intervention_rate": 1.0,
  "override_success_rate": 0.88,
  "mean_intervention_delay": 0.0,
  "operator_workload": 1.0,
  "mean_drift": 10.201470686364756,
  "p95_drift": 23.27828569565917,
  "mean_latency_ms": 0.39530332025606185,
  "risk_mean": 0.2815571288379174,
  "risk_p95": 0.5572663251741246,
  "separation_risk_mean": 0.07428813517956145,
  "congestion_risk_mean": 0.0452362523379756,
  "speed_risk_mean": 0.9387893661508057,
  "uncertainty_risk_mean": 0.64,
  "human_activation_count": 150,
  "cooldown_skips": 0,
  "trigger_active_rate": 1.0,
  "confidence_mean": 0.9500000000000002,
  "false_intervention_rate": 0.28
}