{
  "violation_rate": 0.21333333333333335,
  "collision_rate": 0.006666666666666667,
  "near_miss_rate": 0.8733333333333333,
  "intervention_rate": 0.16666666666666666,
  "override_success_rate": 0.28,
  "mean_intervention_delay": 10.0,
  "operator_workload": 0.16666666666666666,
  "mean_drift": 6.763630832557631,
  "p95_drift": 36.006185928833084,
  "mean_latency_ms": 0.7097355532459915,
  "risk_mean": 0.6119947606769685,
  "risk_p95": 0.6987744663173817,
  "separation_risk_mean": 0.6678226411720445,
  "congestion_risk_mean": 0.40771434854230343,
  "speed_risk_mean": 0.7621650904937689,
  "uncertainty_risk_mean": 0.6348081429327146,
  "human_activation_count": 25,
  "cooldown_skips": 125,
  "trigger_active_rate": 1.0,
  "confidence_mean": 0.8130947531791306,
  "false_intervention_rate": 0.2
}