{
  "violation_rate": 0.04666666666666667,
  "collision_rate": 0.02,
  "near_miss_rate": 0.64,
  "intervention_rate": 0.7466666666666667,
  "override_success_rate": 0.9375,
  "mean_intervention_delay": 0.0,
  "operator_workload": 0.7466666666666667,
  "mean_drift": 11.403146527499329,
  "p95_drift": 19.169705196233824,
  "mean_latency_ms": 0.6747740918459991,
  "risk_mean": 0.8180458507494414,
  "risk_p05": 0.24599999999987196,
  "risk_p25": 0.6607168132712649,
  "risk_p50": 1.0,
  "risk_p75": 1.0,
  "risk_p95": 1.0,
  "separation_risk_mean": 0.527776345386578,
  "congestion_risk_mean": 0.30285298198590954,
  "speed_risk_mean": 0.9703992901129194,
  "uncertainty_risk_mean": 0.6360226347329069,
  "human_activation_count": 112,
  "cooldown_skips": 10,
  "suppressed_request_count": 10,
  "suppressed_critical_count": 0,
  "cooldown_release_count": 111,
  "critical_override_count": 111,
  "critical_trigger_rate": 0.74,
  "trigger_active_rate": 0.7933333333333333,
  "confidence_mean": 0.9500000000000002,
  "false_intervention_rate": 0.044642857142857144,
  "repeated_intervention_rate": 0.9732142857142857,
  "post_intervention_violation_rate": 0.05217391304347826,
  "mean_drift_after_intervention": 13.592486502435,
  "min_predicted_distance_mean": 1.0175321529299195
}