{
  "violation_rate": 0.06,
  "collision_rate": 0.0,
  "near_miss_rate": 0.0,
  "intervention_rate": 0.98,
  "override_success_rate": 0.9387755102040817,
  "mean_intervention_delay": 0.0,
  "operator_workload": 0.98,
  "mean_drift": 20.77827224997043,
  "p95_drift": 29.42528575272149,
  "mean_latency_ms": 0.5045188606406251,
  "risk_mean": 0.9849199999999992,
  "risk_p05": 1.0,
  "risk_p25": 1.0,
  "risk_p50": 1.0,
  "risk_p75": 1.0,
  "risk_p95": 1.0,
  "separation_risk_mean": 0.0,
  "congestion_risk_mean": 0.0,
  "speed_risk_mean": 0.9999999999997427,
  "uncertainty_risk_mean": 0.64,
  "human_activation_count": 147,
  "cooldown_skips": 0,
  "suppressed_request_count": 0,
  "suppressed_critical_count": 0,
  "cooldown_release_count": 147,
  "critical_override_count": 147,
  "critical_trigger_rate": 0.98,
  "trigger_active_rate": 0.98,
  "confidence_mean": 0.9500000000000002,
  "false_intervention_rate": 0.027210884353741496,
  "repeated_intervention_rate": 0.9931972789115646,
  "post_intervention_violation_rate": 0.06164383561643835,
  "mean_drift_after_intervention": 20.795466072478487,
  "min_predicted_distance_mean": 15.294672214508967
}