{
  "violation_rate": 0.14666666666666667,
  "collision_rate": 0.03333333333333333,
  "near_miss_rate": 1.26,
  "intervention_rate": 0.4533333333333333,
  "override_success_rate": 0.7058823529411765,
  "mean_intervention_delay": 1.0,
  "operator_workload": 0.4533333333333333,
  "mean_drift": 1.947724403677145,
  "p95_drift": 7.597822513234365,
  "mean_latency_ms": 0.6730005036418637,
  "risk_mean": 0.7835548301864568,
  "risk_p05": 0.5290155050071206,
  "risk_p25": 0.6181106952333547,
  "risk_p50": 0.7049942193852856,
  "risk_p75": 1.0,
  "risk_p95": 1.0,
  "separation_risk_mean": 0.7306118622287971,
  "congestion_risk_mean": 0.5348523235265914,
  "speed_risk_mean": 0.5755394581537993,
  "uncertainty_risk_mean": 0.6309003836337308,
  "human_activation_count": 68,
  "cooldown_skips": 82,
  "suppressed_request_count": 82,
  "suppressed_critical_count": 0,
  "cooldown_release_count": 63,
  "critical_override_count": 63,
  "critical_trigger_rate": 0.42,
  "trigger_active_rate": 1.0,
  "confidence_mean": 0.8719333776589174,
  "false_intervention_rate": 0.07352941176470588,
  "repeated_intervention_rate": 0.6323529411764706,
  "post_intervention_violation_rate": 0.17857142857142858,
  "mean_drift_after_intervention": 2.0968235600120653,
  "min_predicted_distance_mean": 0.6652852334113112
}