{
  "violation_rate": 0.05333333333333334,
  "collision_rate": 0.0,
  "near_miss_rate": 0.19333333333333333,
  "intervention_rate": 0.7666666666666667,
  "override_success_rate": 0.9304347826086956,
  "mean_intervention_delay": 0.0,
  "operator_workload": 0.7666666666666667,
  "mean_drift": 15.425562080148326,
  "p95_drift": 37.1166184194233,
  "mean_latency_ms": 0.5510844259212414,
  "risk_mean": 0.8902231833722556,
  "risk_p05": 0.5006231011049297,
  "risk_p25": 0.6754920912174492,
  "risk_p50": 1.0,
  "risk_p75": 1.0,
  "risk_p95": 1.0,
  "separation_risk_mean": 0.20314838294823273,
  "congestion_risk_mean": 0.12461017214198075,
  "speed_risk_mean": 0.9901017955077062,
  "uncertainty_risk_mean": 0.64,
  "human_activation_count": 115,
  "cooldown_skips": 35,
  "suppressed_request_count": 35,
  "suppressed_critical_count": 0,
  "cooldown_release_count": 111,
  "critical_override_count": 111,
  "critical_trigger_rate": 0.74,
  "trigger_active_rate": 1.0,
  "confidence_mean": 0.9500000000000002,
  "false_intervention_rate": 0.06956521739130435,
  "repeated_intervention_rate": 0.9565217391304348,
  "post_intervention_violation_rate": 0.06557377049180328,
  "mean_drift_after_intervention": 17.89044426649728,
  "min_predicted_distance_mean": 5.628002169891091
}