{
  "violation_rate": 0.72,
  "collision_rate": 0.0,
  "near_miss_rate": 0.02666666666666667,
  "intervention_rate": 0.8,
  "override_success_rate": 0.1,
  "mean_intervention_delay": 5.0,
  "operator_workload": 0.8,
  "mean_drift": 18.969882758483013,
  "p95_drift": 47.10458461296123,
  "mean_latency_ms": 2.2485527799775205,
  "risk_mean": 0.8307579520360472,
  "risk_p05": 0.21599999999994002,
  "risk_p25": 1.0,
  "risk_p50": 1.0,
  "risk_p75": 1.0,
  "risk_p95": 1.0,
  "separation_risk_mean": 0.026602713263919487,
  "congestion_risk_mean": 0.031130664874318217,
  "speed_risk_mean": 0.9713769595994143,
  "uncertainty_risk_mean": 0.64,
  "human_activation_count": 120,
  "cooldown_skips": 30,
  "suppressed_request_count": 30,
  "suppressed_critical_count": 0,
  "cooldown_release_count": 114,
  "critical_override_count": 114,
  "critical_trigger_rate": 0.76,
  "trigger_active_rate": 1.0,
  "confidence_mean": 0.4695883752902962,
  "false_intervention_rate": 0.08333333333333333,
  "repeated_intervention_rate": 0.9416666666666667,
  "post_intervention_violation_rate": 0.816793893129771,
  "mean_drift_after_intervention": 21.87062126015032,
  "min_predicted_distance_mean": 10.354939536793022
}