{
  "violation_rate": 0.06666666666666667,
  "collision_rate": 0.006666666666666667,
  "near_miss_rate": 1.64,
  "intervention_rate": 0.78,
  "override_success_rate": 0.9145299145299145,
  "mean_intervention_delay": 0.0,
  "operator_workload": 0.78,
  "mean_drift": 10.298653513230262,
  "p95_drift": 27.111801512166625,
  "mean_latency_ms": 5.246770028024912,
  "risk_mean": 0.8596107233985703,
  "risk_p05": 0.22622588591281362,
  "risk_p25": 0.7553962559567191,
  "risk_p50": 1.0,
  "risk_p75": 1.0,
  "risk_p95": 1.0,
  "separation_risk_mean": 0.5048706806208375,
  "congestion_risk_mean": 0.29002627434833256,
  "speed_risk_mean": 0.8854095667494291,
  "uncertainty_risk_mean": 0.64,
  "human_activation_count": 117,
  "cooldown_skips": 33,
  "suppressed_request_count": 33,
  "suppressed_critical_count": 0,
  "cooldown_release_count": 111,
  "critical_override_count": 111,
  "critical_trigger_rate": 0.74,
  "trigger_active_rate": 1.0,
  "confidence_mean": 0.9500000000000002,
  "false_intervention_rate": 0.07692307692307693,
  "repeated_intervention_rate": 0.9316239316239316,
  "post_intervention_violation_rate": 0.07692307692307693,
  "mean_drift_after_intervention": 11.927369015321453,
  "min_predicted_distance_mean": 1.2836180917295474
}