{
  "violation_rate": 0.04666666666666667,
  "collision_rate": 0.006666666666666667,
  "near_miss_rate": 0.03333333333333333,
  "intervention_rate": 0.7666666666666667,
  "override_success_rate": 0.9391304347826087,
  "mean_intervention_delay": 0.0,
  "operator_workload": 0.7666666666666667,
  "mean_drift": 17.137854887720376,
  "p95_drift": 47.75928406808888,
  "mean_latency_ms": 0.42811383803685504,
  "risk_mean": 0.8098393070499251,
  "risk_p05": 0.24599999999986605,
  "risk_p25": 0.6453422131277002,
  "risk_p50": 1.0,
  "risk_p75": 1.0,
  "risk_p95": 1.0,
  "separation_risk_mean": 0.03719211171437943,
  "congestion_risk_mean": 0.02692508467072025,
  "speed_risk_mean": 0.983277237404914,
  "uncertainty_risk_mean": 0.64,
  "human_activation_count": 115,
  "cooldown_skips": 35,
  "suppressed_request_count": 35,
  "suppressed_critical_count": 0,
  "cooldown_release_count": 108,
  "critical_override_count": 108,
  "critical_trigger_rate": 0.72,
  "trigger_active_rate": 1.0,
  "confidence_mean": 0.9500000000000002,
  "false_intervention_rate": 0.06956521739130435,
  "repeated_intervention_rate": 0.9304347826086956,
  "post_intervention_violation_rate": 0.046875,
  "mean_drift_after_intervention": 19.563616704839443,
  "min_predicted_distance_mean": 7.500038550320302
}