{
  "violation_rate": 0.0,
  "collision_rate": 0.0,
  "near_miss_rate": 0.10666666666666667,
  "intervention_rate": 0.74,
  "override_success_rate": 1.0,
  "mean_intervention_delay": 0.0,
  "operator_workload": 0.74,
  "mean_drift": 7.59532789620643,
  "p95_drift": 26.107643199092724,
  "mean_latency_ms": 0.353607211727649,
  "risk_mean": 0.8397519336443822,
  "risk_p05": 0.19277855771956318,
  "risk_p25": 0.6483354110375799,
  "risk_p50": 1.0,
  "risk_p75": 1.0,
  "risk_p95": 1.0,
  "separation_risk_mean": 0.19668566586975064,
  "congestion_risk_mean": 0.11919602529655926,
  "speed_risk_mean": 0.6822004019967667,
  "uncertainty_risk_mean": 0.6390118463796821,
  "human_activation_count": 111,
  "cooldown_skips": 10,
  "suppressed_request_count": 10,
  "suppressed_critical_count": 0,
  "cooldown_release_count": 109,
  "critical_override_count": 109,
  "critical_trigger_rate": 0.7266666666666667,
  "trigger_active_rate": 0.78,
  "confidence_mean": 0.9500000000000002,
  "false_intervention_rate": 0.02702702702702703,
  "repeated_intervention_rate": 0.972972972972973,
  "post_intervention_violation_rate": 0.0,
  "mean_drift_after_intervention": 9.029873486689937,
  "min_predicted_distance_mean": 4.947297714206155
}