{
  "violation_rate": 0.10666666666666667,
  "collision_rate": 0.0,
  "near_miss_rate": 0.05333333333333334,
  "intervention_rate": 0.76,
  "override_success_rate": 0.8596491228070176,
  "mean_intervention_delay": 0.0,
  "operator_workload": 0.76,
  "mean_drift": 13.41768850311993,
  "p95_drift": 30.97171988333654,
  "mean_latency_ms": 0.5947047689308723,
  "risk_mean": 0.8436581194018578,
  "risk_p05": 0.28841432685415175,
  "risk_p25": 0.5958613468072254,
  "risk_p50": 1.0,
  "risk_p75": 1.0,
  "risk_p95": 1.0,
  "separation_risk_mean": 0.09280065319668934,
  "congestion_risk_mean": 0.07842765566791134,
  "speed_risk_mean": 0.9698386843430827,
  "uncertainty_risk_mean": 0.6211218378512099,
  "human_activation_count": 114,
  "cooldown_skips": 36,
  "suppressed_request_count": 36,
  "suppressed_critical_count": 0,
  "cooldown_release_count": 111,
  "critical_override_count": 111,
  "critical_trigger_rate": 0.74,
  "trigger_active_rate": 1.0,
  "confidence_mean": 0.9500000000000002,
  "false_intervention_rate": 0.06140350877192982,
  "repeated_intervention_rate": 0.956140350877193,
  "post_intervention_violation_rate": 0.1322314049586777,
  "mean_drift_after_intervention": 15.787122773732827,
  "min_predicted_distance_mean": 2.7932270321798955
}