{
  "violation_rate": 0.013333333333333334,
  "collision_rate": 0.0,
  "near_miss_rate": 0.36,
  "intervention_rate": 0.14666666666666667,
  "override_success_rate": 0.9545454545454546,
  "mean_intervention_delay": 0.0,
  "operator_workload": 0.14666666666666667,
  "mean_drift": 12.935994586104368,
  "p95_drift": 37.2030656824076,
  "mean_latency_ms": 0.44465478693988797,
  "risk_mean": 0.41219989465912427,
  "risk_p95": 0.6744999999999609,
  "separation_risk_mean": 0.2927164981007294,
  "congestion_risk_mean": 0.15858867893816422,
  "speed_risk_mean": 0.965535338528366,
  "uncertainty_risk_mean": 0.64,
  "human_activation_count": 22,
  "cooldown_skips": 107,
  "trigger_active_rate": 0.86,
  "confidence_mean": 0.9500000000000002,
  "false_intervention_rate": 0.09090909090909091
}