{
  "violation_rate": 0.0,
  "collision_rate": 0.0,
  "near_miss_rate": 0.09333333333333334,
  "intervention_rate": 0.0,
  "override_success_rate": 0.0,
  "mean_intervention_delay": 0.0,
  "operator_workload": 0.0,
  "mean_drift": 7.509387029376349,
  "p95_drift": 25.629866379308687,
  "mean_latency_ms": 0.3410136071033776,
  "risk_mean": 0.2700293423890945,
  "risk_p95": 0.6487580530616482,
  "separation_risk_mean": 0.07738129721104046,
  "congestion_risk_mean": 0.06972527850512066,
  "speed_risk_mean": 0.8183617213883211,
  "uncertainty_risk_mean": 0.6334812053973196,
  "human_activation_count": 0,
  "cooldown_skips": 0,
  "trigger_active_rate": 0.0,
  "confidence_mean": 0.9500000000000002,
  "false_intervention_rate": 0.0
}