{
  "violation_rate": 0.6733333333333333,
  "collision_rate": 0.0,
  "near_miss_rate": 0.02666666666666667,
  "intervention_rate": 0.7866666666666666,
  "override_success_rate": 0.1440677966101695,
  "mean_intervention_delay": 0.0,
  "operator_workload": 0.7866666666666666,
  "mean_drift": 16.378647990953652,
  "p95_drift": 36.387433529450014,
  "mean_latency_ms": 1.8315358537559707,
  "risk_mean": 0.8195862995497901,
  "risk_p05": 0.21599999999994002,
  "risk_p25": 0.7889162839248237,
  "risk_p50": 1.0,
  "risk_p75": 1.0,
  "risk_p95": 1.0,
  "separation_risk_mean": 0.0269713097583382,
  "congestion_risk_mean": 0.031130664874318217,
  "speed_risk_mean": 0.9708225276250763,
  "uncertainty_risk_mean": 0.64,
  "human_activation_count": 118,
  "cooldown_skips": 32,
  "suppressed_request_count": 32,
  "suppressed_critical_count": 0,
  "cooldown_release_count": 111,
  "critical_override_count": 111,
  "critical_trigger_rate": 0.74,
  "trigger_active_rate": 1.0,
  "confidence_mean": 0.5,
  "false_intervention_rate": 0.06779661016949153,
  "repeated_intervention_rate": 0.9322033898305084,
  "post_intervention_violation_rate": 0.7633587786259542,
  "mean_drift_after_intervention": 18.707061011250474,
  "min_predicted_distance_mean": 8.81440649253402
}