{
  "violation_rate": 0.06,
  "collision_rate": 0.0,
  "near_miss_rate": 0.06,
  "intervention_rate": 0.16666666666666666,
  "override_success_rate": 0.76,
  "mean_intervention_delay": 3.0,
  "operator_workload": 0.16666666666666666,
  "mean_drift": 6.649710631469966,
  "p95_drift": 16.845170186947936,
  "mean_latency_ms": 0.3167263730817164,
  "risk_mean": 0.2707516956763826,
  "risk_p95": 0.5719554690879638,
  "separation_risk_mean": 0.05932060775864881,
  "congestion_risk_mean": 0.04573296151193967,
  "speed_risk_mean": 0.9173353865596291,
  "uncertainty_risk_mean": 0.6334924921537425,
  "human_activation_count": 25,
  "cooldown_skips": 125,
  "trigger_active_rate": 1.0,
  "confidence_mean": 0.8785618423815542,
  "false_intervention_rate": 0.36
}