{
  "violation_rate": 0.05333333333333334,
  "collision_rate": 0.0,
  "near_miss_rate": 0.03333333333333333,
  "intervention_rate": 0.78,
  "override_success_rate": 0.9316239316239316,
  "mean_intervention_delay": 0.0,
  "operator_workload": 0.78,
  "mean_drift": 9.25887273860534,
  "p95_drift": 23.70597823712353,
  "mean_latency_ms": 0.5010533534611264,
  "risk_mean": 0.8498718262605612,
  "risk_p05": 0.37599999999976697,
  "risk_p25": 0.6064064284017987,
  "risk_p50": 1.0,
  "risk_p75": 1.0,
  "risk_p95": 1.0,
  "separation_risk_mean": 0.0668150029804982,
  "congestion_risk_mean": 0.051977562715608466,
  "speed_risk_mean": 0.8284928029616989,
  "uncertainty_risk_mean": 0.6389644975348836,
  "human_activation_count": 117,
  "cooldown_skips": 33,
  "suppressed_request_count": 33,
  "suppressed_critical_count": 0,
  "cooldown_release_count": 111,
  "critical_override_count": 110,
  "critical_trigger_rate": 0.7333333333333333,
  "trigger_active_rate": 1.0,
  "confidence_mean": 0.9500000000000002,
  "false_intervention_rate": 0.1111111111111111,
  "repeated_intervention_rate": 0.9230769230769231,
  "post_intervention_violation_rate": 0.06060606060606061,
  "mean_drift_after_intervention": 10.689861084948522,
  "min_predicted_distance_mean": 3.97038308035083
}