{
  "violation_rate": 0.6933333333333334,
  "collision_rate": 0.0,
  "near_miss_rate": 0.02,
  "intervention_rate": 0.76,
  "override_success_rate": 0.08771929824561403,
  "mean_intervention_delay": 5.0,
  "operator_workload": 0.76,
  "mean_drift": 10.703031839908048,
  "p95_drift": 37.95559994836601,
  "mean_latency_ms": 2.0600483450107276,
  "risk_mean": 0.8034629008130089,
  "risk_p05": 0.24174357213054135,
  "risk_p25": 0.4740096926677451,
  "risk_p50": 1.0,
  "risk_p75": 1.0,
  "risk_p95": 1.0,
  "separation_risk_mean": 0.05438593052908214,
  "congestion_risk_mean": 0.028055031284367194,
  "speed_risk_mean": 0.917205996018843,
  "uncertainty_risk_mean": 0.6379463370092036,
  "human_activation_count": 114,
  "cooldown_skips": 36,
  "suppressed_request_count": 36,
  "suppressed_critical_count": 0,
  "cooldown_release_count": 107,
  "critical_override_count": 107,
  "critical_trigger_rate": 0.7133333333333334,
  "trigger_active_rate": 1.0,
  "confidence_mean": 0.49360895652578135,
  "false_intervention_rate": 0.08771929824561403,
  "repeated_intervention_rate": 0.9210526315789473,
  "post_intervention_violation_rate": 0.8125,
  "mean_drift_after_intervention": 12.94557150445045,
  "min_predicted_distance_mean": 4.521996943831829
}