{
  "violation_rate": 0.72,
  "collision_rate": 0.26666666666666666,
  "near_miss_rate": 0.6466666666666666,
  "intervention_rate": 0.7466666666666667,
  "override_success_rate": 0.0625,
  "mean_intervention_delay": 10.0,
  "operator_workload": 0.7466666666666667,
  "mean_drift": 3.7406259833648923,
  "p95_drift": 13.506416950486331,
  "mean_latency_ms": 1.7418758183096845,
  "risk_mean": 0.8980385084220512,
  "risk_p05": 0.5925582691555129,
  "risk_p25": 0.6929913434770627,
  "risk_p50": 1.0,
  "risk_p75": 1.0,
  "risk_p95": 1.0,
  "separation_risk_mean": 0.7197214178674504,
  "congestion_risk_mean": 0.44666522395566877,
  "speed_risk_mean": 0.711117164268797,
  "uncertainty_risk_mean": 0.6333701958960972,
  "human_activation_count": 112,
  "cooldown_skips": 38,
  "suppressed_request_count": 38,
  "suppressed_critical_count": 0,
  "cooldown_release_count": 109,
  "critical_override_count": 109,
  "critical_trigger_rate": 0.7266666666666667,
  "trigger_active_rate": 1.0,
  "confidence_mean": 0.336664494242504,
  "false_intervention_rate": 0.03571428571428571,
  "repeated_intervention_rate": 0.875,
  "post_intervention_violation_rate": 0.7686567164179104,
  "mean_drift_after_intervention": 4.322181903751592,
  "min_predicted_distance_mean": 0.6620402401020414
}