{
  "violation_rate": 0.24,
  "collision_rate": 0.006666666666666667,
  "near_miss_rate": 0.21333333333333335,
  "intervention_rate": 0.7933333333333333,
  "override_success_rate": 0.6974789915966386,
  "mean_intervention_delay": 0.0,
  "operator_workload": 0.7933333333333333,
  "mean_drift": 6.079501070204318,
  "p95_drift": 21.92919190535365,
  "mean_latency_ms": 0.714301949677368,
  "risk_mean": 0.8439804930282283,
  "risk_p05": 0.3180942297797696,
  "risk_p25": 0.5443531259852683,
  "risk_p50": 1.0,
  "risk_p75": 1.0,
  "risk_p95": 1.0,
  "separation_risk_mean": 0.4800266933539511,
  "congestion_risk_mean": 0.2503414472076898,
  "speed_risk_mean": 0.5868681646738562,
  "uncertainty_risk_mean": 0.6328107985847483,
  "human_activation_count": 119,
  "cooldown_skips": 31,
  "suppressed_request_count": 31,
  "suppressed_critical_count": 0,
  "cooldown_release_count": 115,
  "critical_override_count": 111,
  "critical_trigger_rate": 0.74,
  "trigger_active_rate": 1.0,
  "confidence_mean": 0.75,
  "false_intervention_rate": 0.1092436974789916,
  "repeated_intervention_rate": 0.9159663865546218,
  "post_intervention_violation_rate": 0.26865671641791045,
  "mean_drift_after_intervention": 6.80240345349501,
  "min_predicted_distance_mean": 1.6406899109264437
}