{
  "violation_rate": 0.16666666666666666,
  "collision_rate": 0.0,
  "near_miss_rate": 0.5066666666666667,
  "intervention_rate": 0.16666666666666666,
  "override_success_rate": 0.4,
  "mean_intervention_delay": 10.0,
  "operator_workload": 0.16666666666666666,
  "mean_drift": 5.853362167801242,
  "p95_drift": 17.390755207595063,
  "mean_latency_ms": 0.6940391610260122,
  "risk_mean": 0.34292488743943333,
  "risk_p95": 0.719852658808523,
  "separation_risk_mean": 0.1733014667960971,
  "congestion_risk_mean": 0.15818122695858872,
  "speed_risk_mean": 0.9060018079685619,
  "uncertainty_risk_mean": 0.5966243296417211,
  "human_activation_count": 25,
  "cooldown_skips": 125,
  "trigger_active_rate": 1.0,
  "confidence_mean": 0.8130947531791306,
  "false_intervention_rate": 0.24
}