{
  "violation_rate": 0.06666666666666667,
  "collision_rate": 0.0,
  "near_miss_rate": 0.24,
  "intervention_rate": 0.7866666666666666,
  "override_success_rate": 0.9152542372881356,
  "mean_intervention_delay": 0.0,
  "operator_workload": 0.7866666666666666,
  "mean_drift": 10.249775325571967,
  "p95_drift": 26.649249904944476,
  "mean_latency_ms": 0.4609991392741601,
  "risk_mean": 0.9034728891578713,
  "risk_p05": 0.5872868897054613,
  "risk_p25": 0.7558749999998766,
  "risk_p50": 1.0,
  "risk_p75": 1.0,
  "risk_p95": 1.0,
  "separation_risk_mean": 0.5398348408227692,
  "congestion_risk_mean": 0.3039475859729933,
  "speed_risk_mean": 0.9748896355240091,
  "uncertainty_risk_mean": 0.6371550442329486,
  "human_activation_count": 118,
  "cooldown_skips": 32,
  "suppressed_request_count": 32,
  "suppressed_critical_count": 0,
  "cooldown_release_count": 112,
  "critical_override_count": 112,
  "critical_trigger_rate": 0.7466666666666667,
  "trigger_active_rate": 1.0,
  "confidence_mean": 0.9500000000000002,
  "false_intervention_rate": 0.059322033898305086,
  "repeated_intervention_rate": 0.9322033898305084,
  "post_intervention_violation_rate": 0.07633587786259542,
  "mean_drift_after_intervention": 11.633970054324491,
  "min_predicted_distance_mean": 1.5015446066539024
}