{
  "violation_rate": 0.06666666666666667,
  "collision_rate": 0.0,
  "near_miss_rate": 0.03333333333333333,
  "intervention_rate": 1.0,
  "override_success_rate": 0.9333333333333333,
  "mean_intervention_delay": 0.0,
  "operator_workload": 1.0,
  "mean_drift": 11.619019380129737,
  "p95_drift": 25.314316387947112,
  "mean_latency_ms": 0.5553914109865824,
  "risk_mean": 0.8870107875676327,
  "risk_p05": 0.3869452859874445,
  "risk_p25": 1.0,
  "risk_p50": 1.0,
  "risk_p75": 1.0,
  "risk_p95": 1.0,
  "separation_risk_mean": 0.11681210198855657,
  "congestion_risk_mean": 0.07560970901183832,
  "speed_risk_mean": 0.9716982343584543,
  "uncertainty_risk_mean": 0.64,
  "human_activation_count": 150,
  "cooldown_skips": 0,
  "suppressed_request_count": 0,
  "suppressed_critical_count": 0,
  "cooldown_release_count": 119,
  "critical_override_count": 119,
  "critical_trigger_rate": 0.7933333333333333,
  "trigger_active_rate": 1.0,
  "confidence_mean": 0.9500000000000002,
  "false_intervention_rate": 0.23333333333333334,
  "repeated_intervention_rate": 0.9933333333333333,
  "post_intervention_violation_rate": 0.06711409395973154,
  "mean_drift_after_intervention": 11.619019380129737,
  "min_predicted_distance_mean": 4.954799595453125
}