{
  "violation_rate": 0.06,
  "collision_rate": 0.0,
  "near_miss_rate": 0.9666666666666667,
  "intervention_rate": 0.8733333333333333,
  "override_success_rate": 0.9312977099236641,
  "mean_intervention_delay": 0.0,
  "operator_workload": 0.8733333333333333,
  "mean_drift": 6.853765841967544,
  "p95_drift": 35.8802038031073,
  "mean_latency_ms": 0.5733733538848659,
  "risk_mean": 0.9331031968955718,
  "risk_p05": 0.4913183987074539,
  "risk_p25": 1.0,
  "risk_p50": 1.0,
  "risk_p75": 1.0,
  "risk_p95": 1.0,
  "separation_risk_mean": 0.6806703263630622,
  "congestion_risk_mean": 0.40893487983092053,
  "speed_risk_mean": 0.6906740766401276,
  "uncertainty_risk_mean": 0.9960192455982496,
  "human_activation_count": 131,
  "cooldown_skips": 19,
  "suppressed_request_count": 19,
  "suppressed_critical_count": 0,
  "cooldown_release_count": 129,
  "critical_override_count": 128,
  "critical_trigger_rate": 0.8533333333333334,
  "trigger_active_rate": 1.0,
  "confidence_mean": 0.9500000000000002,
  "false_intervention_rate": 0.05343511450381679,
  "repeated_intervention_rate": 0.9312977099236641,
  "post_intervention_violation_rate": 0.06382978723404255,
  "mean_drift_after_intervention": 7.450728140908139,
  "min_predicted_distance_mean": 0.8617268987460852
}