{
  "violation_rate": 0.24,
  "collision_rate": 0.02666666666666667,
  "near_miss_rate": 0.8933333333333333,
  "intervention_rate": 0.7733333333333333,
  "override_success_rate": 0.6896551724137931,
  "mean_intervention_delay": 1.0,
  "operator_workload": 0.7733333333333333,
  "mean_drift": 6.762113760541313,
  "p95_drift": 35.98767494463666,
  "mean_latency_ms": 0.6513060512952507,
  "risk_mean": 0.8769720043478041,
  "risk_p05": 0.4285217074156085,
  "risk_p25": 0.6756945651916594,
  "risk_p50": 1.0,
  "risk_p75": 1.0,
  "risk_p95": 1.0,
  "separation_risk_mean": 0.6831993122615925,
  "congestion_risk_mean": 0.41351985076728,
  "speed_risk_mean": 0.6669201827732596,
  "uncertainty_risk_mean": 0.6348081429327146,
  "human_activation_count": 116,
  "cooldown_skips": 34,
  "suppressed_request_count": 34,
  "suppressed_critical_count": 0,
  "cooldown_release_count": 110,
  "critical_override_count": 109,
  "critical_trigger_rate": 0.7266666666666667,
  "trigger_active_rate": 1.0,
  "confidence_mean": 0.8168275265946238,
  "false_intervention_rate": 0.0603448275862069,
  "repeated_intervention_rate": 0.9224137931034483,
  "post_intervention_violation_rate": 0.26717557251908397,
  "mean_drift_after_intervention": 7.778374284533825,
  "min_predicted_distance_mean": 0.8635621595369508
}