{
  "violation_rate": 0.02666666666666667,
  "collision_rate": 0.006666666666666667,
  "near_miss_rate": 0.5266666666666666,
  "intervention_rate": 0.16666666666666666,
  "override_success_rate": 0.92,
  "mean_intervention_delay": 0.0,
  "operator_workload": 0.16666666666666666,
  "mean_drift": 6.76026548425267,
  "p95_drift": 19.544819342744063,
  "mean_latency_ms": 0.5204483866691589,
  "risk_mean": 0.47180128717854547,
  "risk_p95": 0.6744999999999439,
  "separation_risk_mean": 0.4202953139218524,
  "congestion_risk_mean": 0.22911441605700644,
  "speed_risk_mean": 0.8630257420108302,
  "uncertainty_risk_mean": 0.639572870652238,
  "human_activation_count": 25,
  "cooldown_skips": 123,
  "trigger_active_rate": 0.9866666666666667,
  "confidence_mean": 0.9500000000000002,
  "false_intervention_rate": 0.32
}