{
  "violation_rate": 0.05333333333333334,
  "collision_rate": 0.0,
  "near_miss_rate": 0.14,
  "intervention_rate": 1.0,
  "override_success_rate": 0.9466666666666667,
  "mean_intervention_delay": 0.0,
  "operator_workload": 1.0,
  "mean_drift": 9.504156261808214,
  "p95_drift": 19.175350329368204,
  "mean_latency_ms": 0.3085699930670671,
  "risk_mean": 0.31085690001025784,
  "risk_p95": 0.6331978355884831,
  "separation_risk_mean": 0.15167960055494192,
  "congestion_risk_mean": 0.08501808183239735,
  "speed_risk_mean": 0.8356437286828978,
  "uncertainty_risk_mean": 0.64,
  "human_activation_count": 150,
  "cooldown_skips": 0,
  "trigger_active_rate": 1.0,
  "confidence_mean": 0.9500000000000002,
  "false_intervention_rate": 0.19333333333333333
}