{
  "violation_rate": 0.0,
  "collision_rate": 0.0,
  "near_miss_rate": 0.02666666666666667,
  "intervention_rate": 0.16666666666666666,
  "override_success_rate": 1.0,
  "mean_intervention_delay": 0.0,
  "operator_workload": 0.16666666666666666,
  "mean_drift": 9.288388972687027,
  "p95_drift": 17.55007148237995,
  "mean_latency_ms": 0.2870411263817611,
  "risk_mean": 0.2487539697774839,
  "risk_p95": 0.3839823194611618,
  "separation_risk_mean": 0.03126730117766506,
  "congestion_risk_mean": 0.017132767768583596,
  "speed_risk_mean": 0.896003282035925,
  "uncertainty_risk_mean": 0.64,
  "human_activation_count": 25,
  "cooldown_skips": 123,
  "trigger_active_rate": 0.9866666666666667,
  "confidence_mean": 0.9500000000000002,
  "false_intervention_rate": 0.28
}