{
  "violation_rate": 0.17333333333333334,
  "collision_rate": 0.0,
  "near_miss_rate": 0.29333333333333333,
  "intervention_rate": 0.9133333333333333,
  "override_success_rate": 0.8102189781021898,
  "mean_intervention_delay": 0.0,
  "operator_workload": 0.9133333333333333,
  "mean_drift": 10.562968307122103,
  "p95_drift": 29.391801680183704,
  "mean_latency_ms": 0.6890950111361841,
  "risk_mean": 0.9632072524111076,
  "risk_p05": 0.6614233117533359,
  "risk_p25": 1.0,
  "risk_p50": 1.0,
  "risk_p75": 1.0,
  "risk_p95": 1.0,
  "separation_risk_mean": 0.5600577702616762,
  "congestion_risk_mean": 0.31344002691520395,
  "speed_risk_mean": 0.9590810014641841,
  "uncertainty_risk_mean": 0.6368372589625774,
  "human_activation_count": 137,
  "cooldown_skips": 13,
  "suppressed_request_count": 13,
  "suppressed_critical_count": 0,
  "cooldown_release_count": 136,
  "critical_override_count": 136,
  "critical_trigger_rate": 0.9066666666666666,
  "trigger_active_rate": 1.0,
  "confidence_mean": 0.9000000000000004,
  "false_intervention_rate": 0.058394160583941604,
  "repeated_intervention_rate": 0.9635036496350365,
  "post_intervention_violation_rate": 0.18181818181818182,
  "mean_drift_after_intervention": 10.96788529058209,
  "min_predicted_distance_mean": 1.418401512507353
}