{
  "violation_rate": 0.7133333333333334,
  "collision_rate": 0.08666666666666667,
  "near_miss_rate": 0.6533333333333333,
  "intervention_rate": 0.9133333333333333,
  "override_success_rate": 0.21897810218978103,
  "mean_intervention_delay": 0.0,
  "operator_workload": 0.9133333333333333,
  "mean_drift": 8.124414518783022,
  "p95_drift": 34.267998256950335,
  "mean_latency_ms": 1.9556666584685445,
  "risk_mean": 0.9540019868304739,
  "risk_p05": 0.5618214527955974,
  "risk_p25": 1.0,
  "risk_p50": 1.0,
  "risk_p75": 1.0,
  "risk_p95": 1.0,
  "separation_risk_mean": 0.7270893842453359,
  "congestion_risk_mean": 0.6475765617126994,
  "speed_risk_mean": 0.6155065266634249,
  "uncertainty_risk_mean": 0.6374310093181734,
  "human_activation_count": 137,
  "cooldown_skips": 13,
  "suppressed_request_count": 13,
  "suppressed_critical_count": 0,
  "cooldown_release_count": 135,
  "critical_override_count": 135,
  "critical_trigger_rate": 0.9,
  "trigger_active_rate": 1.0,
  "confidence_mean": 0.5,
  "false_intervention_rate": 0.051094890510948905,
  "repeated_intervention_rate": 0.9635036496350365,
  "post_intervention_violation_rate": 0.7482517482517482,
  "mean_drift_after_intervention": 8.551939063901884,
  "min_predicted_distance_mean": 0.6270635859149772
}