{
  "violation_rate": 0.07333333333333333,
  "collision_rate": 0.0,
  "near_miss_rate": 0.03333333333333333,
  "intervention_rate": 0.8133333333333334,
  "override_success_rate": 0.9098360655737705,
  "mean_intervention_delay": 0.0,
  "operator_workload": 0.8133333333333334,
  "mean_drift": 14.62865438884885,
  "p95_drift": 37.473791173424964,
  "mean_latency_ms": 0.4188666647921006,
  "risk_mean": 0.8230224200558309,
  "risk_p05": 0.2159999999999398,
  "risk_p25": 1.0,
  "risk_p50": 1.0,
  "risk_p75": 1.0,
  "risk_p95": 1.0,
  "separation_risk_mean": 0.1075259001284775,
  "congestion_risk_mean": 0.0716265265367778,
  "speed_risk_mean": 0.918666300150771,
  "uncertainty_risk_mean": 0.639763100417803,
  "human_activation_count": 122,
  "cooldown_skips": 20,
  "suppressed_request_count": 20,
  "suppressed_critical_count": 0,
  "cooldown_release_count": 113,
  "critical_override_count": 113,
  "critical_trigger_rate": 0.7533333333333333,
  "trigger_active_rate": 0.94,
  "confidence_mean": 0.9500000000000002,
  "false_intervention_rate": 0.09016393442622951,
  "repeated_intervention_rate": 0.9098360655737705,
  "post_intervention_violation_rate": 0.07801418439716312,
  "mean_drift_after_intervention": 16.267583516012436,
  "min_predicted_distance_mean": 4.45713140511349
}