{
  "violation_rate": 0.02,
  "collision_rate": 0.0,
  "near_miss_rate": 0.03333333333333333,
  "intervention_rate": 0.16666666666666666,
  "override_success_rate": 0.92,
  "mean_intervention_delay": 0.0,
  "operator_workload": 0.16666666666666666,
  "mean_drift": 10.558730760262158,
  "p95_drift": 33.83437363163597,
  "mean_latency_ms": 0.5471793936643129,
  "risk_mean": 0.27573604858082545,
  "risk_p95": 0.5092076660372079,
  "separation_risk_mean": 0.11097622763865736,
  "congestion_risk_mean": 0.06263291242240253,
  "speed_risk_mean": 0.7609234535855272,
  "uncertainty_risk_mean": 0.64,
  "human_activation_count": 25,
  "cooldown_skips": 120,
  "trigger_active_rate": 0.9666666666666667,
  "confidence_mean": 0.9500000000000002,
  "false_intervention_rate": 0.24
}