{
  "violation_rate": 0.0,
  "collision_rate": 0.0,
  "near_miss_rate": 0.22666666666666666,
  "intervention_rate": 0.3333333333333333,
  "override_success_rate": 1.0,
  "mean_intervention_delay": 0.0,
  "operator_workload": 0.3333333333333333,
  "mean_drift": 9.813692616927112,
  "p95_drift": 25.32624600934539,
  "mean_latency_ms": 0.5926366532609487,
  "risk_mean": 0.3789547500125854,
  "risk_p95": 0.6744999999999576,
  "separation_risk_mean": 0.23416063828408407,
  "congestion_risk_mean": 0.13286068036126836,
  "speed_risk_mean": 0.9633738034762925,
  "uncertainty_risk_mean": 0.6390748144865775,
  "human_activation_count": 50,
  "cooldown_skips": 100,
  "trigger_active_rate": 1.0,
  "confidence_mean": 0.9500000000000002,
  "false_intervention_rate": 0.26
}