{
  "violation_rate": 0.14666666666666667,
  "collision_rate": 0.013333333333333334,
  "near_miss_rate": 0.92,
  "intervention_rate": 0.9933333333333333,
  "override_success_rate": 0.8523489932885906,
  "mean_intervention_delay": 0.0,
  "operator_workload": 0.9933333333333333,
  "mean_drift": 12.55547163557747,
  "p95_drift": 32.45453194341662,
  "mean_latency_ms": 0.7082086739440759,
  "risk_mean": 0.9972783553453602,
  "risk_p05": 1.0,
  "risk_p25": 1.0,
  "risk_p50": 1.0,
  "risk_p75": 1.0,
  "risk_p95": 1.0,
  "separation_risk_mean": 0.7345864912619481,
  "congestion_risk_mean": 0.5173658376026902,
  "speed_risk_mean": 0.6816078753866888,
  "uncertainty_risk_mean": 0.6345115048832624,
  "human_activation_count": 149,
  "cooldown_skips": 1,
  "suppressed_request_count": 1,
  "suppressed_critical_count": 0,
  "cooldown_release_count": 149,
  "critical_override_count": 149,
  "critical_trigger_rate": 0.9933333333333333,
  "trigger_active_rate": 1.0,
  "confidence_mean": 0.9500000000000002,
  "false_intervention_rate": 0.020134228187919462,
  "repeated_intervention_rate": 0.9865771812080537,
  "post_intervention_violation_rate": 0.14093959731543623,
  "mean_drift_after_intervention": 12.635968576835173,
  "min_predicted_distance_mean": 0.49778495845639137
}