{
  "violation_rate": 0.09333333333333334,
  "collision_rate": 0.0,
  "near_miss_rate": 0.02,
  "intervention_rate": 0.78,
  "override_success_rate": 0.8803418803418803,
  "mean_intervention_delay": 0.0,
  "operator_workload": 0.78,
  "mean_drift": 22.651790459353602,
  "p95_drift": 64.02056943784304,
  "mean_latency_ms": 0.47084226661051315,
  "risk_mean": 0.8129310825147049,
  "risk_p05": 0.24599999999993272,
  "risk_p25": 0.6439296597411635,
  "risk_p50": 1.0,
  "risk_p75": 1.0,
  "risk_p95": 1.0,
  "separation_risk_mean": 0.09378300041695543,
  "congestion_risk_mean": 0.05908232335588373,
  "speed_risk_mean": 0.9979192068990133,
  "uncertainty_risk_mean": 0.6385798749626165,
  "human_activation_count": 117,
  "cooldown_skips": 33,
  "suppressed_request_count": 33,
  "suppressed_critical_count": 0,
  "cooldown_release_count": 110,
  "critical_override_count": 110,
  "critical_trigger_rate": 0.7333333333333333,
  "trigger_active_rate": 1.0,
  "confidence_mean": 0.9000000000000004,
  "false_intervention_rate": 0.07692307692307693,
  "repeated_intervention_rate": 0.9316239316239316,
  "post_intervention_violation_rate": 0.1076923076923077,
  "mean_drift_after_intervention": 26.127406071924366,
  "min_predicted_distance_mean": 3.7399066363684446
}