{
  "violation_rate": 0.6933333333333334,
  "collision_rate": 0.0,
  "near_miss_rate": 0.04666666666666667,
  "intervention_rate": 0.7666666666666667,
  "override_success_rate": 0.09565217391304348,
  "mean_intervention_delay": 5.0,
  "operator_workload": 0.7666666666666667,
  "mean_drift": 17.665800592875105,
  "p95_drift": 47.3786098668506,
  "mean_latency_ms": 2.20535442000255,
  "risk_mean": 0.8104919975748157,
  "risk_p05": 0.24599999999990316,
  "risk_p25": 0.5543571885876124,
  "risk_p50": 1.0,
  "risk_p75": 1.0,
  "risk_p95": 1.0,
  "separation_risk_mean": 0.029979222629484385,
  "congestion_risk_mean": 0.03300832727210092,
  "speed_risk_mean": 0.9876713101505671,
  "uncertainty_risk_mean": 0.6384988009061447,
  "human_activation_count": 115,
  "cooldown_skips": 35,
  "suppressed_request_count": 35,
  "suppressed_critical_count": 0,
  "cooldown_release_count": 109,
  "critical_override_count": 109,
  "critical_trigger_rate": 0.7266666666666667,
  "trigger_active_rate": 1.0,
  "confidence_mean": 0.4896055263198672,
  "false_intervention_rate": 0.08695652173913043,
  "repeated_intervention_rate": 0.9304347826086956,
  "post_intervention_violation_rate": 0.8046875,
  "mean_drift_after_intervention": 21.080866722447656,
  "min_predicted_distance_mean": 15.28520950117194
}