{
  "violation_rate": 0.06,
  "collision_rate": 0.006666666666666667,
  "near_miss_rate": 1.0266666666666666,
  "intervention_rate": 0.3333333333333333,
  "override_success_rate": 0.88,
  "mean_intervention_delay": 0.0,
  "operator_workload": 0.3333333333333333,
  "mean_drift": 11.899748709082614,
  "p95_drift": 40.95866627365487,
  "mean_latency_ms": 0.6643091468140483,
  "risk_mean": 0.6213276664445415,
  "risk_p95": 0.6692980964119881,
  "separation_risk_mean": 0.7142959751945355,
  "congestion_risk_mean": 0.4165117185823954,
  "speed_risk_mean": 0.6835615119608961,
  "uncertainty_risk_mean": 0.6215488077817823,
  "human_activation_count": 50,
  "cooldown_skips": 100,
  "trigger_active_rate": 1.0,
  "confidence_mean": 0.9500000000000002,
  "false_intervention_rate": 0.08
}