{
  "violation_rate": 0.03333333333333333,
  "collision_rate": 0.0,
  "near_miss_rate": 0.06,
  "intervention_rate": 0.6866666666666666,
  "override_success_rate": 0.9514563106796117,
  "mean_intervention_delay": 0.0,
  "operator_workload": 0.6866666666666666,
  "mean_drift": 6.628142281052713,
  "p95_drift": 16.728388031862366,
  "mean_latency_ms": 0.4575914004817605,
  "risk_mean": 0.7702281765534468,
  "risk_p05": 0.1839999999998817,
  "risk_p25": 0.4774883466582416,
  "risk_p50": 1.0,
  "risk_p75": 1.0,
  "risk_p95": 1.0,
  "separation_risk_mean": 0.0639233505187738,
  "congestion_risk_mean": 0.04573296151193967,
  "speed_risk_mean": 0.8777400006830002,
  "uncertainty_risk_mean": 0.6334924921537425,
  "human_activation_count": 103,
  "cooldown_skips": 20,
  "suppressed_request_count": 20,
  "suppressed_critical_count": 0,
  "cooldown_release_count": 100,
  "critical_override_count": 100,
  "critical_trigger_rate": 0.6666666666666666,
  "trigger_active_rate": 0.7866666666666666,
  "confidence_mean": 0.9500000000000002,
  "false_intervention_rate": 0.06796116504854369,
  "repeated_intervention_rate": 0.9514563106796117,
  "post_intervention_violation_rate": 0.045454545454545456,
  "mean_drift_after_intervention": 8.39989943015053,
  "min_predicted_distance_mean": 9.019275064359574
}