{
  "violation_rate": 0.013333333333333334,
  "collision_rate": 0.0,
  "near_miss_rate": 0.62,
  "intervention_rate": 0.16666666666666666,
  "override_success_rate": 0.96,
  "mean_intervention_delay": 0.0,
  "operator_workload": 0.16666666666666666,
  "mean_drift": 10.625340576866224,
  "p95_drift": 25.896239503746365,
  "mean_latency_ms": 0.41764054728749517,
  "risk_mean": 0.49709612715910223,
  "risk_p95": 0.5848755869779731,
  "separation_risk_mean": 0.46057595938827567,
  "congestion_risk_mean": 0.26313662284124156,
  "speed_risk_mean": 0.853685264827119,
  "uncertainty_risk_mean": 0.64,
  "human_activation_count": 25,
  "cooldown_skips": 125,
  "trigger_active_rate": 1.0,
  "confidence_mean": 0.9500000000000002,
  "false_intervention_rate": 0.2
}