{
  "violation_rate": 0.06,
  "collision_rate": 0.006666666666666667,
  "near_miss_rate": 0.06,
  "intervention_rate": 0.74,
  "override_success_rate": 0.918918918918919,
  "mean_intervention_delay": 0.0,
  "operator_workload": 0.74,
  "mean_drift": 10.071486352251474,
  "p95_drift": 22.342769387717325,
  "mean_latency_ms": 0.4423861065879464,
  "risk_mean": 0.840733749319834,
  "risk_p05": 0.24599999999988173,
  "risk_p25": 0.6589538778178617,
  "risk_p50": 1.0,
  "risk_p75": 1.0,
  "risk_p95": 1.0,
  "separation_risk_mean": 0.08667594023151146,
  "congestion_risk_mean": 0.05113883819582293,
  "speed_risk_mean": 0.8879106323408144,
  "uncertainty_risk_mean": 0.64,
  "human_activation_count": 111,
  "cooldown_skips": 39,
  "suppressed_request_count": 39,
  "suppressed_critical_count": 0,
  "cooldown_release_count": 109,
  "critical_override_count": 109,
  "critical_trigger_rate": 0.7266666666666667,
  "trigger_active_rate": 1.0,
  "confidence_mean": 0.9500000000000002,
  "false_intervention_rate": 0.036036036036036036,
  "repeated_intervention_rate": 0.972972972972973,
  "post_intervention_violation_rate": 0.07017543859649122,
  "mean_drift_after_intervention": 11.231468641272055,
  "min_predicted_distance_mean": 4.899544701852169
}