{
  "violation_rate": 0.0,
  "collision_rate": 0.0,
  "near_miss_rate": 0.04666666666666667,
  "intervention_rate": 0.7666666666666667,
  "override_success_rate": 1.0,
  "mean_intervention_delay": 0.0,
  "operator_workload": 0.7666666666666667,
  "mean_drift": 13.580631927372941,
  "p95_drift": 35.63521016293718,
  "mean_latency_ms": 0.35848807310685515,
  "risk_mean": 0.8290149087417646,
  "risk_p05": 0.21381029542396937,
  "risk_p25": 1.0,
  "risk_p50": 1.0,
  "risk_p75": 1.0,
  "risk_p95": 1.0,
  "separation_risk_mean": 0.11588457326170769,
  "congestion_risk_mean": 0.07577251669978172,
  "speed_risk_mean": 0.9169381160347598,
  "uncertainty_risk_mean": 0.639763100417803,
  "human_activation_count": 115,
  "cooldown_skips": 10,
  "suppressed_request_count": 10,
  "suppressed_critical_count": 0,
  "cooldown_release_count": 114,
  "critical_override_count": 114,
  "critical_trigger_rate": 0.76,
  "trigger_active_rate": 0.8066666666666666,
  "confidence_mean": 1.0,
  "false_intervention_rate": 0.02608695652173913,
  "repeated_intervention_rate": 0.9739130434782609,
  "post_intervention_violation_rate": 0.0,
  "mean_drift_after_intervention": 15.364936597992978,
  "min_predicted_distance_mean": 4.550976941745305
}