{
  "violation_rate": 0.02,
  "collision_rate": 0.0,
  "near_miss_rate": 0.04666666666666667,
  "intervention_rate": 0.7466666666666667,
  "override_success_rate": 0.9732142857142857,
  "mean_intervention_delay": 0.0,
  "operator_workload": 0.7466666666666667,
  "mean_drift": 15.85512841618553,
  "p95_drift": 35.31201995804289,
  "mean_latency_ms": 0.47219501885895926,
  "risk_mean": 0.8129593701108784,
  "risk_p05": 0.24599999999990738,
  "risk_p25": 0.586902024961434,
  "risk_p50": 1.0,
  "risk_p75": 1.0,
  "risk_p95": 1.0,
  "separation_risk_mean": 0.040463162420099286,
  "congestion_risk_mean": 0.035360952447292114,
  "speed_risk_mean": 0.9836780133292525,
  "uncertainty_risk_mean": 0.6384988009061447,
  "human_activation_count": 112,
  "cooldown_skips": 38,
  "suppressed_request_count": 38,
  "suppressed_critical_count": 0,
  "cooldown_release_count": 109,
  "critical_override_count": 109,
  "critical_trigger_rate": 0.7266666666666667,
  "trigger_active_rate": 1.0,
  "confidence_mean": 0.9500000000000002,
  "false_intervention_rate": 0.0625,
  "repeated_intervention_rate": 0.9553571428571429,
  "post_intervention_violation_rate": 0.01680672268907563,
  "mean_drift_after_intervention": 19.01693164823351,
  "min_predicted_distance_mean": 12.302356158012712
}