{
  "violation_rate": 0.04,
  "collision_rate": 0.0,
  "near_miss_rate": 0.3,
  "intervention_rate": 0.7666666666666667,
  "override_success_rate": 0.9478260869565217,
  "mean_intervention_delay": 0.0,
  "operator_workload": 0.7666666666666667,
  "mean_drift": 13.682370526530647,
  "p95_drift": 37.6616274156186,
  "mean_latency_ms": 0.39301889870936674,
  "risk_mean": 0.8327532728082856,
  "risk_p05": 0.24599999999982422,
  "risk_p25": 0.622082595851134,
  "risk_p50": 1.0,
  "risk_p75": 1.0,
  "risk_p95": 1.0,
  "separation_risk_mean": 0.41068027592323114,
  "congestion_risk_mean": 0.2139246312699362,
  "speed_risk_mean": 0.8104041983192127,
  "uncertainty_risk_mean": 0.6394865248253105,
  "human_activation_count": 115,
  "cooldown_skips": 35,
  "suppressed_request_count": 35,
  "suppressed_critical_count": 0,
  "cooldown_release_count": 109,
  "critical_override_count": 109,
  "critical_trigger_rate": 0.7266666666666667,
  "trigger_active_rate": 1.0,
  "confidence_mean": 0.9500000000000002,
  "false_intervention_rate": 0.0782608695652174,
  "repeated_intervention_rate": 0.9217391304347826,
  "post_intervention_violation_rate": 0.046511627906976744,
  "mean_drift_after_intervention": 15.920400195481365,
  "min_predicted_distance_mean": 1.9933860165211237
}