{
  "violation_rate": 0.29333333333333333,
  "collision_rate": 0.006666666666666667,
  "near_miss_rate": 0.8133333333333334,
  "intervention_rate": 0.92,
  "override_success_rate": 0.6811594202898551,
  "mean_intervention_delay": 1.0,
  "operator_workload": 0.92,
  "mean_drift": 13.413106445454027,
  "p95_drift": 37.46572763710587,
  "mean_latency_ms": 0.7929104830448827,
  "risk_mean": 0.96706574019888,
  "risk_p05": 0.6820259575996124,
  "risk_p25": 1.0,
  "risk_p50": 1.0,
  "risk_p75": 1.0,
  "risk_p95": 1.0,
  "separation_risk_mean": 0.5609599058210651,
  "congestion_risk_mean": 0.3395854688601014,
  "speed_risk_mean": 0.7560510724669814,
  "uncertainty_risk_mean": 0.64,
  "human_activation_count": 138,
  "cooldown_skips": 12,
  "suppressed_request_count": 12,
  "suppressed_critical_count": 0,
  "cooldown_release_count": 137,
  "critical_override_count": 137,
  "critical_trigger_rate": 0.9133333333333333,
  "trigger_active_rate": 1.0,
  "confidence_mean": 0.7915706781901559,
  "false_intervention_rate": 0.050724637681159424,
  "repeated_intervention_rate": 0.9637681159420289,
  "post_intervention_violation_rate": 0.2986111111111111,
  "mean_drift_after_intervention": 14.095901250008778,
  "min_predicted_distance_mean": 1.345476197367714
}