{
  "violation_rate": 0.25333333333333335,
  "collision_rate": 0.0,
  "near_miss_rate": 0.1,
  "intervention_rate": 0.84,
  "override_success_rate": 0.6984126984126984,
  "mean_intervention_delay": 0.0,
  "operator_workload": 0.84,
  "mean_drift": 9.937147185435864,
  "p95_drift": 19.801342507705836,
  "mean_latency_ms": 0.7733797118999064,
  "risk_mean": 0.8905642731266592,
  "risk_p05": 0.3270426685696117,
  "risk_p25": 1.0,
  "risk_p50": 1.0,
  "risk_p75": 1.0,
  "risk_p95": 1.0,
  "separation_risk_mean": 0.1386450054016972,
  "congestion_risk_mean": 0.06877672253859372,
  "speed_risk_mean": 0.7976891609850331,
  "uncertainty_risk_mean": 0.64,
  "human_activation_count": 126,
  "cooldown_skips": 24,
  "suppressed_request_count": 24,
  "suppressed_critical_count": 0,
  "cooldown_release_count": 124,
  "critical_override_count": 122,
  "critical_trigger_rate": 0.8133333333333334,
  "trigger_active_rate": 1.0,
  "confidence_mean": 0.75,
  "false_intervention_rate": 0.0873015873015873,
  "repeated_intervention_rate": 0.9285714285714286,
  "post_intervention_violation_rate": 0.2714285714285714,
  "mean_drift_after_intervention": 10.842401357512054,
  "min_predicted_distance_mean": 5.958198049666563
}