{
  "violation_rate": 0.07333333333333333,
  "collision_rate": 0.006666666666666667,
  "near_miss_rate": 0.9066666666666666,
  "intervention_rate": 0.16666666666666666,
  "override_success_rate": 0.64,
  "mean_intervention_delay": 0.0,
  "operator_workload": 0.16666666666666666,
  "mean_drift": 13.454368307897942,
  "p95_drift": 37.12008254530382,
  "mean_latency_ms": 0.43378192553063855,
  "risk_mean": 0.5342860785997989,
  "risk_p95": 0.7637560205027306,
  "separation_risk_mean": 0.5197105137221614,
  "congestion_risk_mean": 0.3374478045429648,
  "speed_risk_mean": 0.8003626419272354,
  "uncertainty_risk_mean": 0.64,
  "human_activation_count": 25,
  "cooldown_skips": 125,
  "trigger_active_rate": 1.0,
  "confidence_mean": 0.75,
  "false_intervention_rate": 0.08
}