{
  "violation_rate": 0.02666666666666667,
  "collision_rate": 0.0,
  "near_miss_rate": 0.18666666666666668,
  "intervention_rate": 0.7133333333333334,
  "override_success_rate": 0.9626168224299065,
  "mean_intervention_delay": 0.0,
  "operator_workload": 0.7133333333333334,
  "mean_drift": 13.463718064674113,
  "p95_drift": 31.117548577361607,
  "mean_latency_ms": 0.4082836063268284,
  "risk_mean": 0.8543831231873381,
  "risk_p05": 0.421549271400168,
  "risk_p25": 0.67219389865413,
  "risk_p50": 1.0,
  "risk_p75": 1.0,
  "risk_p95": 1.0,
  "separation_risk_mean": 0.2586382864289897,
  "congestion_risk_mean": 0.1591055013076239,
  "speed_risk_mean": 0.9680467509756916,
  "uncertainty_risk_mean": 0.9967400904119914,
  "human_activation_count": 107,
  "cooldown_skips": 43,
  "suppressed_request_count": 43,
  "suppressed_critical_count": 0,
  "cooldown_release_count": 100,
  "critical_override_count": 100,
  "critical_trigger_rate": 0.6666666666666666,
  "trigger_active_rate": 1.0,
  "confidence_mean": 0.9500000000000002,
  "false_intervention_rate": 0.09345794392523364,
  "repeated_intervention_rate": 0.9065420560747663,
  "post_intervention_violation_rate": 0.03225806451612903,
  "mean_drift_after_intervention": 16.932546586810062,
  "min_predicted_distance_mean": 2.8035019839771294
}