{
  "violation_rate": 0.0,
  "collision_rate": 0.0,
  "near_miss_rate": 0.05333333333333334,
  "intervention_rate": 0.09333333333333334,
  "override_success_rate": 1.0,
  "mean_intervention_delay": 0.0,
  "operator_workload": 0.09333333333333334,
  "mean_drift": 13.388036784824703,
  "p95_drift": 30.926334762279627,
  "mean_latency_ms": 0.334770299862915,
  "risk_mean": 0.3026634450627985,
  "risk_p95": 0.46567027481555545,
  "separation_risk_mean": 0.0946024379272166,
  "congestion_risk_mean": 0.08075965082769156,
  "speed_risk_mean": 0.9783404361314277,
  "uncertainty_risk_mean": 0.6210091324594265,
  "human_activation_count": 14,
  "cooldown_skips": 136,
  "trigger_active_rate": 1.0,
  "confidence_mean": 0.9500000000000002,
  "false_intervention_rate": 0.2857142857142857
}