{
  "violation_rate": 0.08,
  "collision_rate": 0.006666666666666667,
  "near_miss_rate": 0.20666666666666667,
  "intervention_rate": 0.78,
  "override_success_rate": 0.8974358974358975,
  "mean_intervention_delay": 0.0,
  "operator_workload": 0.78,
  "mean_drift": 6.019380781166092,
  "p95_drift": 21.970066692839698,
  "mean_latency_ms": 0.509915294436117,
  "risk_mean": 0.8444879767737679,
  "risk_p05": 0.30025520739271305,
  "risk_p25": 1.0,
  "risk_p50": 1.0,
  "risk_p75": 1.0,
  "risk_p95": 1.0,
  "separation_risk_mean": 0.4622211405993479,
  "congestion_risk_mean": 0.24276047142527507,
  "speed_risk_mean": 0.591982289828018,
  "uncertainty_risk_mean": 0.6328107985847483,
  "human_activation_count": 117,
  "cooldown_skips": 33,
  "suppressed_request_count": 33,
  "suppressed_critical_count": 0,
  "cooldown_release_count": 113,
  "critical_override_count": 113,
  "critical_trigger_rate": 0.7533333333333333,
  "trigger_active_rate": 1.0,
  "confidence_mean": 0.9500000000000002,
  "false_intervention_rate": 0.09401709401709402,
  "repeated_intervention_rate": 0.9230769230769231,
  "post_intervention_violation_rate": 0.0916030534351145,
  "mean_drift_after_intervention": 6.7669157521418475,
  "min_predicted_distance_mean": 1.6939818492649175
}