{
  "violation_rate": 0.05333333333333334,
  "collision_rate": 0.0,
  "near_miss_rate": 0.41333333333333333,
  "intervention_rate": 0.82,
  "override_success_rate": 0.9349593495934959,
  "mean_intervention_delay": 0.0,
  "operator_workload": 0.82,
  "mean_drift": 14.896754298403172,
  "p95_drift": 28.322365782205004,
  "mean_latency_ms": 0.5619522673077881,
  "risk_mean": 0.8719477163406949,
  "risk_p05": 0.26490045544050106,
  "risk_p25": 1.0,
  "risk_p50": 1.0,
  "risk_p75": 1.0,
  "risk_p95": 1.0,
  "separation_risk_mean": 0.4254902447996967,
  "congestion_risk_mean": 0.2287893417009318,
  "speed_risk_mean": 0.9386480261321196,
  "uncertainty_risk_mean": 0.6391543954025022,
  "human_activation_count": 123,
  "cooldown_skips": 27,
  "suppressed_request_count": 27,
  "suppressed_critical_count": 0,
  "cooldown_release_count": 117,
  "critical_override_count": 117,
  "critical_trigger_rate": 0.78,
  "trigger_active_rate": 1.0,
  "confidence_mean": 0.9500000000000002,
  "false_intervention_rate": 0.0975609756097561,
  "repeated_intervention_rate": 0.9349593495934959,
  "post_intervention_violation_rate": 0.05970149253731343,
  "mean_drift_after_intervention": 17.377184040125208,
  "min_predicted_distance_mean": 1.8545614965270814
}