{
  "violation_rate": 0.08,
  "collision_rate": 0.0,
  "near_miss_rate": 0.16,
  "intervention_rate": 0.8133333333333334,
  "override_success_rate": 0.9016393442622951,
  "mean_intervention_delay": 0.0,
  "operator_workload": 0.8133333333333334,
  "mean_drift": 7.459109956938703,
  "p95_drift": 26.113254208504404,
  "mean_latency_ms": 0.5406744622935852,
  "risk_mean": 0.8710904761344513,
  "risk_p05": 0.2140636329564802,
  "risk_p25": 1.0,
  "risk_p50": 1.0,
  "risk_p75": 1.0,
  "risk_p95": 1.0,
  "separation_risk_mean": 0.23088286260334737,
  "congestion_risk_mean": 0.1305445078305261,
  "speed_risk_mean": 0.6630723600310362,
  "uncertainty_risk_mean": 0.6390636506498047,
  "human_activation_count": 122,
  "cooldown_skips": 15,
  "suppressed_request_count": 15,
  "suppressed_critical_count": 0,
  "cooldown_release_count": 119,
  "critical_override_count": 119,
  "critical_trigger_rate": 0.7933333333333333,
  "trigger_active_rate": 0.8933333333333333,
  "confidence_mean": 0.9500000000000002,
  "false_intervention_rate": 0.09016393442622951,
  "repeated_intervention_rate": 0.9672131147540983,
  "post_intervention_violation_rate": 0.09448818897637795,
  "mean_drift_after_intervention": 8.46683266009054,
  "min_predicted_distance_mean": 4.846852460725513
}