{
  "violation_rate": 0.8466666666666667,
  "collision_rate": 0.013333333333333334,
  "near_miss_rate": 0.18666666666666668,
  "intervention_rate": 0.9333333333333333,
  "override_success_rate": 0.09285714285714286,
  "mean_intervention_delay": 10.0,
  "operator_workload": 0.9333333333333333,
  "mean_drift": 14.832546634551894,
  "p95_drift": 41.28881737644742,
  "mean_latency_ms": 2.4123147005836167,
  "risk_mean": 0.9709041076109224,
  "risk_p05": 0.6638327146545745,
  "risk_p25": 1.0,
  "risk_p50": 1.0,
  "risk_p75": 1.0,
  "risk_p95": 1.0,
  "separation_risk_mean": 0.3416721109033207,
  "congestion_risk_mean": 0.19332198896918348,
  "speed_risk_mean": 0.974079664425314,
  "uncertainty_risk_mean": 0.6329936704403403,
  "human_activation_count": 140,
  "cooldown_skips": 10,
  "suppressed_request_count": 10,
  "suppressed_critical_count": 0,
  "cooldown_release_count": 139,
  "critical_override_count": 139,
  "critical_trigger_rate": 0.9266666666666666,
  "trigger_active_rate": 1.0,
  "confidence_mean": 0.18333061780312992,
  "false_intervention_rate": 0.05714285714285714,
  "repeated_intervention_rate": 0.9714285714285714,
  "post_intervention_violation_rate": 0.875,
  "mean_drift_after_intervention": 15.442339422744018,
  "min_predicted_distance_mean": 2.0991071673391497
}