{
  "violation_rate": 0.13333333333333333,
  "collision_rate": 0.006666666666666667,
  "near_miss_rate": 2.1133333333333333,
  "intervention_rate": 0.8666666666666667,
  "override_success_rate": 0.8769230769230769,
  "mean_intervention_delay": 0.0,
  "operator_workload": 0.8666666666666667,
  "mean_drift": 8.471829705446464,
  "p95_drift": 23.468273649834106,
  "mean_latency_ms": 3.423903622509291,
  "risk_mean": 0.9548536295282478,
  "risk_p05": 0.6524215462568541,
  "risk_p25": 1.0,
  "risk_p50": 1.0,
  "risk_p75": 1.0,
  "risk_p95": 1.0,
  "separation_risk_mean": 0.7027037293492807,
  "congestion_risk_mean": 0.39816073388278506,
  "speed_risk_mean": 0.7765046908103891,
  "uncertainty_risk_mean": 0.64,
  "human_activation_count": 130,
  "cooldown_skips": 20,
  "suppressed_request_count": 20,
  "suppressed_critical_count": 0,
  "cooldown_release_count": 129,
  "critical_override_count": 129,
  "critical_trigger_rate": 0.86,
  "trigger_active_rate": 1.0,
  "confidence_mean": 0.9500000000000002,
  "false_intervention_rate": 0.03076923076923077,
  "repeated_intervention_rate": 0.9461538461538461,
  "post_intervention_violation_rate": 0.1366906474820144,
  "mean_drift_after_intervention": 9.014177071190485,
  "min_predicted_distance_mean": 0.7184989105981168
}