{
  "violation_rate": 0.35333333333333333,
  "collision_rate": 0.0,
  "near_miss_rate": 0.05333333333333334,
  "intervention_rate": 0.76,
  "override_success_rate": 0.5350877192982456,
  "mean_intervention_delay": 1.0,
  "operator_workload": 0.76,
  "mean_drift": 13.479257720416628,
  "p95_drift": 31.352748439716148,
  "mean_latency_ms": 0.9535375175376734,
  "risk_mean": 0.8234110621962595,
  "risk_p05": 0.24616837949597994,
  "risk_p25": 0.5067687538365324,
  "risk_p50": 1.0,
  "risk_p75": 1.0,
  "risk_p95": 1.0,
  "separation_risk_mean": 0.07901989990392755,
  "congestion_risk_mean": 0.06519771412157249,
  "speed_risk_mean": 0.9703204813610156,
  "uncertainty_risk_mean": 0.6211862655882224,
  "human_activation_count": 114,
  "cooldown_skips": 36,
  "suppressed_request_count": 36,
  "suppressed_critical_count": 0,
  "cooldown_release_count": 106,
  "critical_override_count": 106,
  "critical_trigger_rate": 0.7066666666666667,
  "trigger_active_rate": 1.0,
  "confidence_mean": 0.8191236037223026,
  "false_intervention_rate": 0.07894736842105263,
  "repeated_intervention_rate": 0.9210526315789473,
  "post_intervention_violation_rate": 0.4140625,
  "mean_drift_after_intervention": 15.884182674140028,
  "min_predicted_distance_mean": 3.0047736360382684
}