{
  "violation_rate": 0.12,
  "collision_rate": 0.0,
  "near_miss_rate": 0.12666666666666668,
  "intervention_rate": 0.78,
  "override_success_rate": 0.8461538461538461,
  "mean_intervention_delay": 0.0,
  "operator_workload": 0.78,
  "mean_drift": 8.513378419714831,
  "p95_drift": 26.155386751142277,
  "mean_latency_ms": 0.617092507891357,
  "risk_mean": 0.8323322115554619,
  "risk_p05": 0.24551979482078168,
  "risk_p25": 1.0,
  "risk_p50": 1.0,
  "risk_p75": 1.0,
  "risk_p95": 1.0,
  "separation_risk_mean": 0.05373991204217795,
  "congestion_risk_mean": 0.061167832630979836,
  "speed_risk_mean": 0.9346636514082024,
  "uncertainty_risk_mean": 0.6353315687213058,
  "human_activation_count": 117,
  "cooldown_skips": 6,
  "suppressed_request_count": 6,
  "suppressed_critical_count": 0,
  "cooldown_release_count": 115,
  "critical_override_count": 115,
  "critical_trigger_rate": 0.7666666666666667,
  "trigger_active_rate": 0.8066666666666666,
  "confidence_mean": 0.9500000000000002,
  "false_intervention_rate": 0.05128205128205128,
  "repeated_intervention_rate": 0.9658119658119658,
  "post_intervention_violation_rate": 0.14754098360655737,
  "mean_drift_after_intervention": 9.748605303895793,
  "min_predicted_distance_mean": 12.602310730696102
}