{
  "violation_rate": 0.08,
  "collision_rate": 0.0,
  "near_miss_rate": 0.1,
  "intervention_rate": 0.72,
  "override_success_rate": 0.8888888888888888,
  "mean_intervention_delay": 0.0,
  "operator_workload": 0.72,
  "mean_drift": 9.390008574661561,
  "p95_drift": 42.15959394425598,
  "mean_latency_ms": 0.4157758232516547,
  "risk_mean": 0.8506906235044996,
  "risk_p05": 0.4259685342476083,
  "risk_p25": 0.6240227951477848,
  "risk_p50": 1.0,
  "risk_p75": 1.0,
  "risk_p95": 1.0,
  "separation_risk_mean": 0.272517994284681,
  "congestion_risk_mean": 0.10793878830827121,
  "speed_risk_mean": 0.907305318615539,
  "uncertainty_risk_mean": 0.9996706267668973,
  "human_activation_count": 108,
  "cooldown_skips": 42,
  "suppressed_request_count": 42,
  "suppressed_critical_count": 0,
  "cooldown_release_count": 102,
  "critical_override_count": 101,
  "critical_trigger_rate": 0.6733333333333333,
  "trigger_active_rate": 1.0,
  "confidence_mean": 0.9500000000000002,
  "false_intervention_rate": 0.1111111111111111,
  "repeated_intervention_rate": 0.8888888888888888,
  "post_intervention_violation_rate": 0.09523809523809523,
  "mean_drift_after_intervention": 11.362350488193133,
  "min_predicted_distance_mean": 2.3461113883450473
}