{
  "violation_rate": 0.08666666666666667,
  "collision_rate": 0.0,
  "near_miss_rate": 0.16666666666666666,
  "intervention_rate": 0.7733333333333333,
  "override_success_rate": 0.8879310344827587,
  "mean_intervention_delay": 0.0,
  "operator_workload": 0.7733333333333333,
  "mean_drift": 11.464660175217494,
  "p95_drift": 40.846746094594835,
  "mean_latency_ms": 0.42589987938602764,
  "risk_mean": 0.8737785899441026,
  "risk_p05": 0.38940438995439747,
  "risk_p25": 0.735139095995284,
  "risk_p50": 1.0,
  "risk_p75": 1.0,
  "risk_p95": 1.0,
  "separation_risk_mean": 0.1883963484799381,
  "congestion_risk_mean": 0.11769993602879054,
  "speed_risk_mean": 0.6966288273001713,
  "uncertainty_risk_mean": 0.6389644975348836,
  "human_activation_count": 116,
  "cooldown_skips": 34,
  "suppressed_request_count": 34,
  "suppressed_critical_count": 0,
  "cooldown_release_count": 113,
  "critical_override_count": 112,
  "critical_trigger_rate": 0.7466666666666667,
  "trigger_active_rate": 1.0,
  "confidence_mean": 0.9500000000000002,
  "false_intervention_rate": 0.07758620689655173,
  "repeated_intervention_rate": 0.9051724137931034,
  "post_intervention_violation_rate": 0.10077519379844961,
  "mean_drift_after_intervention": 13.115240409003462,
  "min_predicted_distance_mean": 3.2667502256015903
}