{
  "violation_rate": 0.0,
  "collision_rate": 0.0,
  "near_miss_rate": 0.06,
  "intervention_rate": 0.02666666666666667,
  "override_success_rate": 1.0,
  "mean_intervention_delay": 0.0,
  "operator_workload": 0.02666666666666667,
  "mean_drift": 6.6816404012223725,
  "p95_drift": 16.741622812037853,
  "mean_latency_ms": 0.5042919659172185,
  "risk_mean": 0.27000701387719095,
  "risk_p95": 0.5719554690879638,
  "separation_risk_mean": 0.05932060775864881,
  "congestion_risk_mean": 0.04573296151193967,
  "speed_risk_mean": 0.9123708412316848,
  "uncertainty_risk_mean": 0.6334924921537425,
  "human_activation_count": 4,
  "cooldown_skips": 20,
  "trigger_active_rate": 0.12666666666666668,
  "confidence_mean": 0.9500000000000002,
  "false_intervention_rate": 0.75
}