{
  "violation_rate": 0.31333333333333335,
  "collision_rate": 0.08,
  "near_miss_rate": 0.8733333333333333,
  "intervention_rate": 0.86,
  "override_success_rate": 0.6356589147286822,
  "mean_intervention_delay": 0.0,
  "operator_workload": 0.86,
  "mean_drift": 2.5945131776331505,
  "p95_drift": 8.329452831244074,
  "mean_latency_ms": 0.918739167197297,
  "risk_mean": 0.9364076448259956,
  "risk_p05": 0.5616725249137554,
  "risk_p25": 1.0,
  "risk_p50": 1.0,
  "risk_p75": 1.0,
  "risk_p95": 1.0,
  "separation_risk_mean": 0.71584048390046,
  "congestion_risk_mean": 0.49977222124269144,
  "speed_risk_mean": 0.6581688943384709,
  "uncertainty_risk_mean": 0.6335601224644369,
  "human_activation_count": 129,
  "cooldown_skips": 21,
  "suppressed_request_count": 21,
  "suppressed_critical_count": 0,
  "cooldown_release_count": 128,
  "critical_override_count": 128,
  "critical_trigger_rate": 0.8533333333333334,
  "trigger_active_rate": 1.0,
  "confidence_mean": 0.75,
  "false_intervention_rate": 0.06201550387596899,
  "repeated_intervention_rate": 0.9302325581395349,
  "post_intervention_violation_rate": 0.31690140845070425,
  "mean_drift_after_intervention": 2.7360651734817028,
  "min_predicted_distance_mean": 0.6624541209794017
}