{
  "violation_rate": 0.7666666666666667,
  "collision_rate": 0.0,
  "near_miss_rate": 0.14,
  "intervention_rate": 0.8133333333333334,
  "override_success_rate": 0.05737704918032787,
  "mean_intervention_delay": 10.0,
  "operator_workload": 0.8133333333333334,
  "mean_drift": 19.694853847444723,
  "p95_drift": 50.62149044648207,
  "mean_latency_ms": 2.2873238512935736,
  "risk_mean": 0.9029590116286764,
  "risk_p05": 0.5205624121691736,
  "risk_p25": 1.0,
  "risk_p50": 1.0,
  "risk_p75": 1.0,
  "risk_p95": 1.0,
  "separation_risk_mean": 0.12996631541338016,
  "congestion_risk_mean": 0.08057963444999387,
  "speed_risk_mean": 0.993121915952751,
  "uncertainty_risk_mean": 0.64,
  "human_activation_count": 122,
  "cooldown_skips": 28,
  "suppressed_request_count": 28,
  "suppressed_critical_count": 0,
  "cooldown_release_count": 116,
  "critical_override_count": 116,
  "critical_trigger_rate": 0.7733333333333333,
  "trigger_active_rate": 1.0,
  "confidence_mean": 0.2819023955141561,
  "false_intervention_rate": 0.05737704918032787,
  "repeated_intervention_rate": 0.9426229508196722,
  "post_intervention_violation_rate": 0.8571428571428571,
  "mean_drift_after_intervention": 23.053310232966044,
  "min_predicted_distance_mean": 7.673508184418136
}