{
  "violation_rate": 0.12666666666666668,
  "collision_rate": 0.0,
  "near_miss_rate": 0.34,
  "intervention_rate": 0.16666666666666666,
  "override_success_rate": 0.6,
  "mean_intervention_delay": 0.0,
  "operator_workload": 0.16666666666666666,
  "mean_drift": 12.40472734774852,
  "p95_drift": 28.944239546195558,
  "mean_latency_ms": 1.0198038993985392,
  "risk_mean": 0.378166754592503,
  "risk_p95": 0.787999999999961,
  "separation_risk_mean": 0.1978419497254211,
  "congestion_risk_mean": 0.1831236588244283,
  "speed_risk_mean": 0.9840140033301468,
  "uncertainty_risk_mean": 0.6383657467362299,
  "human_activation_count": 25,
  "cooldown_skips": 125,
  "trigger_active_rate": 1.0,
  "confidence_mean": 0.5,
  "false_intervention_rate": 0.28
}