{
  "violation_rate": 0.07333333333333333,
  "collision_rate": 0.0,
  "near_miss_rate": 1.2533333333333334,
  "intervention_rate": 0.84,
  "override_success_rate": 0.9126984126984127,
  "mean_intervention_delay": 0.0,
  "operator_workload": 0.84,
  "mean_drift": 9.207572682949232,
  "p95_drift": 25.98217682915057,
  "mean_latency_ms": 2.499547286424786,
  "risk_mean": 0.9122661509452352,
  "risk_p05": 0.4001595182537053,
  "risk_p25": 1.0,
  "risk_p50": 1.0,
  "risk_p75": 1.0,
  "risk_p95": 1.0,
  "separation_risk_mean": 0.6542316065497871,
  "congestion_risk_mean": 0.22946948078777282,
  "speed_risk_mean": 0.8899199454527007,
  "uncertainty_risk_mean": 0.64,
  "human_activation_count": 126,
  "cooldown_skips": 24,
  "suppressed_request_count": 24,
  "suppressed_critical_count": 0,
  "cooldown_release_count": 122,
  "critical_override_count": 122,
  "critical_trigger_rate": 0.8133333333333334,
  "trigger_active_rate": 1.0,
  "confidence_mean": 0.9500000000000002,
  "false_intervention_rate": 0.03968253968253968,
  "repeated_intervention_rate": 0.9365079365079365,
  "post_intervention_violation_rate": 0.08029197080291971,
  "mean_drift_after_intervention": 10.185918651128917,
  "min_predicted_distance_mean": 0.8780703336934909
}