{
  "violation_rate": 0.08,
  "collision_rate": 0.0,
  "near_miss_rate": 0.36666666666666664,
  "intervention_rate": 1.0,
  "override_success_rate": 0.92,
  "mean_intervention_delay": 0.0,
  "operator_workload": 1.0,
  "mean_drift": 9.674147063473487,
  "p95_drift": 20.1520813755,
  "mean_latency_ms": 0.38236585940467194,
  "risk_mean": 0.44498139551287486,
  "risk_p95": 0.6744999999999777,
  "separation_risk_mean": 0.34244914621025835,
  "congestion_risk_mean": 0.2107075737159862,
  "speed_risk_mean": 0.9560787620049488,
  "uncertainty_risk_mean": 0.6319371465901308,
  "human_activation_count": 150,
  "cooldown_skips": 0,
  "trigger_active_rate": 1.0,
  "confidence_mean": 0.9500000000000002,
  "false_intervention_rate": 0.17333333333333334
}