{
  "violation_rate": 0.07333333333333333,
  "collision_rate": 0.0,
  "near_miss_rate": 0.04,
  "intervention_rate": 0.8266666666666667,
  "override_success_rate": 0.9112903225806451,
  "mean_intervention_delay": 0.0,
  "operator_workload": 0.8266666666666667,
  "mean_drift": 12.002086634315583,
  "p95_drift": 25.15978383590296,
  "mean_latency_ms": 0.5457088995414475,
  "risk_mean": 0.9024307555155334,
  "risk_p05": 0.498597408130423,
  "risk_p25": 1.0,
  "risk_p50": 1.0,
  "risk_p75": 1.0,
  "risk_p95": 1.0,
  "separation_risk_mean": 0.127681562019629,
  "congestion_risk_mean": 0.07965550472474879,
  "speed_risk_mean": 0.9865252330359643,
  "uncertainty_risk_mean": 0.64,
  "human_activation_count": 124,
  "cooldown_skips": 26,
  "suppressed_request_count": 26,
  "suppressed_critical_count": 0,
  "cooldown_release_count": 119,
  "critical_override_count": 119,
  "critical_trigger_rate": 0.7933333333333333,
  "trigger_active_rate": 1.0,
  "confidence_mean": 0.9500000000000002,
  "false_intervention_rate": 0.07258064516129033,
  "repeated_intervention_rate": 0.9435483870967742,
  "post_intervention_violation_rate": 0.08208955223880597,
  "mean_drift_after_intervention": 13.574151669559573,
  "min_predicted_distance_mean": 5.407020861969933
}