{
  "violation_rate": 0.013333333333333334,
  "collision_rate": 0.0,
  "near_miss_rate": 0.0,
  "intervention_rate": 0.16666666666666666,
  "override_success_rate": 0.96,
  "mean_intervention_delay": 0.0,
  "operator_workload": 0.16666666666666666,
  "mean_drift": 14.39425786024221,
  "p95_drift": 46.54080194935571,
  "mean_latency_ms": 0.23194255239407843,
  "risk_mean": 0.25010648930616386,
  "risk_p95": 0.4463097094936853,
  "separation_risk_mean": 0.049684332582354974,
  "congestion_risk_mean": 0.02749725602128412,
  "speed_risk_mean": 0.8324948375918875,
  "uncertainty_risk_mean": 0.64,
  "human_activation_count": 25,
  "cooldown_skips": 125,
  "trigger_active_rate": 1.0,
  "confidence_mean": 0.9500000000000002,
  "false_intervention_rate": 0.16
}