{
  "violation_rate": 0.0,
  "collision_rate": 0.006666666666666667,
  "near_miss_rate": 0.28,
  "intervention_rate": 0.76,
  "override_success_rate": 1.0,
  "mean_intervention_delay": 0.0,
  "operator_workload": 0.76,
  "mean_drift": 6.036688777927216,
  "p95_drift": 22.13057354567458,
  "mean_latency_ms": 0.3558135653535525,
  "risk_mean": 0.8285354773043978,
  "risk_p05": 0.27717253417560045,
  "risk_p25": 0.5147776637977645,
  "risk_p50": 1.0,
  "risk_p75": 1.0,
  "risk_p95": 1.0,
  "separation_risk_mean": 0.4822141031338619,
  "congestion_risk_mean": 0.2591843200771007,
  "speed_risk_mean": 0.5799258505505692,
  "uncertainty_risk_mean": 0.631843293598175,
  "human_activation_count": 114,
  "cooldown_skips": 36,
  "suppressed_request_count": 36,
  "suppressed_critical_count": 0,
  "cooldown_release_count": 107,
  "critical_override_count": 107,
  "critical_trigger_rate": 0.7133333333333334,
  "trigger_active_rate": 1.0,
  "confidence_mean": 1.0,
  "false_intervention_rate": 0.07894736842105263,
  "repeated_intervention_rate": 0.9210526315789473,
  "post_intervention_violation_rate": 0.0,
  "mean_drift_after_intervention": 6.855482390441086,
  "min_predicted_distance_mean": 1.6382424826613304
}