{
  "violation_rate": 0.0,
  "collision_rate": 0.0,
  "near_miss_rate": 0.02,
  "intervention_rate": 0.02666666666666667,
  "override_success_rate": 1.0,
  "mean_intervention_delay": 0.0,
  "operator_workload": 0.02666666666666667,
  "mean_drift": 8.832758980914688,
  "p95_drift": 26.601852478454962,
  "mean_latency_ms": 0.41487415990559384,
  "risk_mean": 0.26501231952117404,
  "risk_p95": 0.37126527264733955,
  "separation_risk_mean": 0.04351319954261824,
  "congestion_risk_mean": 0.029087011490904265,
  "speed_risk_mean": 0.9493870972367866,
  "uncertainty_risk_mean": 0.6383437484583455,
  "human_activation_count": 4,
  "cooldown_skips": 20,
  "trigger_active_rate": 0.12666666666666668,
  "confidence_mean": 0.9500000000000002,
  "false_intervention_rate": 1.0
}