{
  "violation_rate": 0.06666666666666667,
  "collision_rate": 0.0,
  "near_miss_rate": 0.04666666666666667,
  "intervention_rate": 0.7333333333333333,
  "override_success_rate": 0.9090909090909091,
  "mean_intervention_delay": 0.0,
  "operator_workload": 0.7333333333333333,
  "mean_drift": 15.821886964103186,
  "p95_drift": 35.25066432181795,
  "mean_latency_ms": 0.4203238873742521,
  "risk_mean": 0.8011782418103552,
  "risk_p05": 0.24599999999990738,
  "risk_p25": 0.5251990229872783,
  "risk_p50": 1.0,
  "risk_p75": 1.0,
  "risk_p95": 1.0,
  "separation_risk_mean": 0.036820023165812385,
  "congestion_risk_mean": 0.035360952447292114,
  "speed_risk_mean": 0.9836969584607012,
  "uncertainty_risk_mean": 0.6384988009061447,
  "human_activation_count": 110,
  "cooldown_skips": 40,
  "suppressed_request_count": 40,
  "suppressed_critical_count": 0,
  "cooldown_release_count": 106,
  "critical_override_count": 106,
  "critical_trigger_rate": 0.7066666666666667,
  "trigger_active_rate": 1.0,
  "confidence_mean": 0.9500000000000002,
  "false_intervention_rate": 0.045454545454545456,
  "repeated_intervention_rate": 0.9545454545454546,
  "post_intervention_violation_rate": 0.07692307692307693,
  "mean_drift_after_intervention": 19.094601072000852,
  "min_predicted_distance_mean": 12.311756494283017
}