{
  "violation_rate": 0.72,
  "collision_rate": 0.09333333333333334,
  "near_miss_rate": 0.06666666666666667,
  "intervention_rate": 0.7733333333333333,
  "override_success_rate": 0.06896551724137931,
  "mean_intervention_delay": 5.0,
  "operator_workload": 0.7733333333333333,
  "mean_drift": 13.174568921808957,
  "p95_drift": 25.546705264963204,
  "mean_latency_ms": 2.0921414042823017,
  "risk_mean": 0.8083541308886378,
  "risk_p05": 0.24488418366123788,
  "risk_p25": 0.5428023924428862,
  "risk_p50": 1.0,
  "risk_p75": 1.0,
  "risk_p95": 1.0,
  "separation_risk_mean": 0.1781019786059843,
  "congestion_risk_mean": 0.11772238019907429,
  "speed_risk_mean": 0.9590014794509483,
  "uncertainty_risk_mean": 0.6328292795862713,
  "human_activation_count": 116,
  "cooldown_skips": 34,
  "suppressed_request_count": 34,
  "suppressed_critical_count": 0,
  "cooldown_release_count": 110,
  "critical_override_count": 110,
  "critical_trigger_rate": 0.7333333333333333,
  "trigger_active_rate": 1.0,
  "confidence_mean": 0.48560209611395294,
  "false_intervention_rate": 0.06896551724137931,
  "repeated_intervention_rate": 0.9310344827586207,
  "post_intervention_violation_rate": 0.8294573643410853,
  "mean_drift_after_intervention": 15.53200553809832,
  "min_predicted_distance_mean": 3.300083974788907
}