{
  "violation_rate": 0.04,
  "collision_rate": 0.0,
  "near_miss_rate": 0.4666666666666667,
  "intervention_rate": 0.9533333333333334,
  "override_success_rate": 0.958041958041958,
  "mean_intervention_delay": 0.0,
  "operator_workload": 0.9533333333333334,
  "mean_drift": 12.819880123324882,
  "p95_drift": 25.46579145407688,
  "mean_latency_ms": 0.5190799990668893,
  "risk_mean": 0.9648133333333313,
  "risk_p05": 1.0,
  "risk_p25": 1.0,
  "risk_p50": 1.0,
  "risk_p75": 1.0,
  "risk_p95": 1.0,
  "separation_risk_mean": 0.38109992313315616,
  "congestion_risk_mean": 0.20389013193519764,
  "speed_risk_mean": 0.9947795623201713,
  "uncertainty_risk_mean": 0.64,
  "human_activation_count": 143,
  "cooldown_skips": 0,
  "suppressed_request_count": 0,
  "suppressed_critical_count": 0,
  "cooldown_release_count": 143,
  "critical_override_count": 143,
  "critical_trigger_rate": 0.9533333333333334,
  "trigger_active_rate": 0.9533333333333334,
  "confidence_mean": 0.9500000000000002,
  "false_intervention_rate": 0.013986013986013986,
  "repeated_intervention_rate": 0.993006993006993,
  "post_intervention_violation_rate": 0.04225352112676056,
  "mean_drift_after_intervention": 12.404740051513693,
  "min_predicted_distance_mean": 4.942451617938124
}