{
  "violation_rate": 0.02666666666666667,
  "collision_rate": 0.006666666666666667,
  "near_miss_rate": 0.07333333333333333,
  "intervention_rate": 0.8066666666666666,
  "override_success_rate": 0.9669421487603306,
  "mean_intervention_delay": 0.0,
  "operator_workload": 0.8066666666666666,
  "mean_drift": 7.489984276434838,
  "p95_drift": 29.332768007654742,
  "mean_latency_ms": 0.4665703310941656,
  "risk_mean": 0.8622735648213833,
  "risk_p05": 0.2734480633043663,
  "risk_p25": 1.0,
  "risk_p50": 1.0,
  "risk_p75": 1.0,
  "risk_p95": 1.0,
  "separation_risk_mean": 0.21645376498550845,
  "congestion_risk_mean": 0.08058825812809524,
  "speed_risk_mean": 0.9486671365763226,
  "uncertainty_risk_mean": 0.64,
  "human_activation_count": 121,
  "cooldown_skips": 29,
  "suppressed_request_count": 29,
  "suppressed_critical_count": 0,
  "cooldown_release_count": 117,
  "critical_override_count": 114,
  "critical_trigger_rate": 0.76,
  "trigger_active_rate": 1.0,
  "confidence_mean": 0.9500000000000002,
  "false_intervention_rate": 0.12396694214876033,
  "repeated_intervention_rate": 0.9008264462809917,
  "post_intervention_violation_rate": 0.022058823529411766,
  "mean_drift_after_intervention": 8.461234156686082,
  "min_predicted_distance_mean": 2.6051234985554994
}