{
  "violation_rate": 0.0,
  "collision_rate": 0.0,
  "near_miss_rate": 0.24,
  "intervention_rate": 0.7866666666666666,
  "override_success_rate": 1.0,
  "mean_intervention_delay": 0.0,
  "operator_workload": 0.7866666666666666,
  "mean_drift": 10.230878248379298,
  "p95_drift": 26.296954896372732,
  "mean_latency_ms": 0.38035830948501825,
  "risk_mean": 0.9034728891578713,
  "risk_p05": 0.5872868897054613,
  "risk_p25": 0.7558749999998766,
  "risk_p50": 1.0,
  "risk_p75": 1.0,
  "risk_p95": 1.0,
  "separation_risk_mean": 0.5429009865171371,
  "congestion_risk_mean": 0.30565820355796897,
  "speed_risk_mean": 0.9809730429039151,
  "uncertainty_risk_mean": 0.6371550442329486,
  "human_activation_count": 118,
  "cooldown_skips": 32,
  "suppressed_request_count": 32,
  "suppressed_critical_count": 0,
  "cooldown_release_count": 112,
  "critical_override_count": 112,
  "critical_trigger_rate": 0.7466666666666667,
  "trigger_active_rate": 1.0,
  "confidence_mean": 1.0,
  "false_intervention_rate": 0.059322033898305086,
  "repeated_intervention_rate": 0.9322033898305084,
  "post_intervention_violation_rate": 0.0,
  "mean_drift_after_intervention": 11.609948346028725,
  "min_predicted_distance_mean": 1.4931655686003424
}