{
  "violation_rate": 0.06666666666666667,
  "collision_rate": 0.0,
  "near_miss_rate": 0.62,
  "intervention_rate": 0.7733333333333333,
  "override_success_rate": 0.9137931034482759,
  "mean_intervention_delay": 0.0,
  "operator_workload": 0.7733333333333333,
  "mean_drift": 6.668465710105088,
  "p95_drift": 21.087272723940224,
  "mean_latency_ms": 0.5559472134336829,
  "risk_mean": 0.896498468402671,
  "risk_p05": 0.5149590791347844,
  "risk_p25": 0.7389805190528844,
  "risk_p50": 1.0,
  "risk_p75": 1.0,
  "risk_p95": 1.0,
  "separation_risk_mean": 0.5564514346499827,
  "congestion_risk_mean": 0.3129197969223736,
  "speed_risk_mean": 0.8053185075765069,
  "uncertainty_risk_mean": 0.9927531819187994,
  "human_activation_count": 116,
  "cooldown_skips": 34,
  "suppressed_request_count": 34,
  "suppressed_critical_count": 0,
  "cooldown_release_count": 110,
  "critical_override_count": 110,
  "critical_trigger_rate": 0.7333333333333333,
  "trigger_active_rate": 1.0,
  "confidence_mean": 0.9500000000000002,
  "false_intervention_rate": 0.0603448275862069,
  "repeated_intervention_rate": 0.9224137931034483,
  "post_intervention_violation_rate": 0.07692307692307693,
  "mean_drift_after_intervention": 7.6674549663308555,
  "min_predicted_distance_mean": 1.2257801983266068
}