{
  "violation_rate": 0.10666666666666667,
  "collision_rate": 0.0,
  "near_miss_rate": 0.6533333333333333,
  "intervention_rate": 0.9733333333333334,
  "override_success_rate": 0.8904109589041096,
  "mean_intervention_delay": 0.0,
  "operator_workload": 0.9733333333333334,
  "mean_drift": 14.816181698629807,
  "p95_drift": 37.77546295206958,
  "mean_latency_ms": 0.7396552579787871,
  "risk_mean": 0.9798933333333298,
  "risk_p05": 1.0,
  "risk_p25": 1.0,
  "risk_p50": 1.0,
  "risk_p75": 1.0,
  "risk_p95": 1.0,
  "separation_risk_mean": 0.5656732224764518,
  "congestion_risk_mean": 0.2983605382571355,
  "speed_risk_mean": 0.9999999999995434,
  "uncertainty_risk_mean": 0.64,
  "human_activation_count": 146,
  "cooldown_skips": 0,
  "suppressed_request_count": 0,
  "suppressed_critical_count": 0,
  "cooldown_release_count": 146,
  "critical_override_count": 146,
  "critical_trigger_rate": 0.9733333333333334,
  "trigger_active_rate": 0.9733333333333334,
  "confidence_mean": 0.9500000000000002,
  "false_intervention_rate": 0.0273972602739726,
  "repeated_intervention_rate": 0.9931506849315068,
  "post_intervention_violation_rate": 0.1103448275862069,
  "mean_drift_after_intervention": 15.016042007610954,
  "min_predicted_distance_mean": 2.0140514232541538
}