{
  "violation_rate": 0.02666666666666667,
  "collision_rate": 0.0,
  "near_miss_rate": 0.3466666666666667,
  "intervention_rate": 0.9866666666666667,
  "override_success_rate": 0.972972972972973,
  "mean_intervention_delay": 0.0,
  "operator_workload": 0.9866666666666667,
  "mean_drift": 10.669353500790308,
  "p95_drift": 25.085310197994005,
  "mean_latency_ms": 0.5715135717764497,
  "risk_mean": 0.8622713458568626,
  "risk_p05": 0.21599999999991665,
  "risk_p25": 1.0,
  "risk_p50": 1.0,
  "risk_p75": 1.0,
  "risk_p95": 1.0,
  "separation_risk_mean": 0.3004180977990517,
  "congestion_risk_mean": 0.16248861635084305,
  "speed_risk_mean": 0.9399172662937227,
  "uncertainty_risk_mean": 0.6390748144865775,
  "human_activation_count": 148,
  "cooldown_skips": 0,
  "suppressed_request_count": 0,
  "suppressed_critical_count": 0,
  "cooldown_release_count": 118,
  "critical_override_count": 118,
  "critical_trigger_rate": 0.7866666666666666,
  "trigger_active_rate": 0.9866666666666667,
  "confidence_mean": 0.9500000000000002,
  "false_intervention_rate": 0.23648648648648649,
  "repeated_intervention_rate": 0.9932432432432432,
  "post_intervention_violation_rate": 0.027210884353741496,
  "mean_drift_after_intervention": 10.801497203910696,
  "min_predicted_distance_mean": 2.8474504029800065
}