{
  "violation_rate": 0.5733333333333334,
  "collision_rate": 0.10666666666666667,
  "near_miss_rate": 0.6733333333333333,
  "intervention_rate": 0.7733333333333333,
  "override_success_rate": 0.25862068965517243,
  "mean_intervention_delay": 0.0,
  "operator_workload": 0.7733333333333333,
  "mean_drift": 3.714819553057963,
  "p95_drift": 11.73941018525466,
  "mean_latency_ms": 1.4296136222158868,
  "risk_mean": 0.8934435752413425,
  "risk_p05": 0.5171710034993037,
  "risk_p25": 0.7866689263701785,
  "risk_p50": 1.0,
  "risk_p75": 1.0,
  "risk_p95": 1.0,
  "separation_risk_mean": 0.6884886171318771,
  "congestion_risk_mean": 0.4001890882576048,
  "speed_risk_mean": 0.7891122744706501,
  "uncertainty_risk_mean": 0.6318086638183443,
  "human_activation_count": 116,
  "cooldown_skips": 34,
  "suppressed_request_count": 34,
  "suppressed_critical_count": 0,
  "cooldown_release_count": 112,
  "critical_override_count": 112,
  "critical_trigger_rate": 0.7466666666666667,
  "trigger_active_rate": 1.0,
  "confidence_mean": 0.5,
  "false_intervention_rate": 0.05172413793103448,
  "repeated_intervention_rate": 0.896551724137931,
  "post_intervention_violation_rate": 0.6240601503759399,
  "mean_drift_after_intervention": 4.259835511686399,
  "min_predicted_distance_mean": 0.7598471442051788
}