{
  "violation_rate": 0.12666666666666668,
  "collision_rate": 0.0,
  "near_miss_rate": 0.3,
  "intervention_rate": 0.9066666666666666,
  "override_success_rate": 0.8602941176470589,
  "mean_intervention_delay": 0.0,
  "operator_workload": 0.9066666666666666,
  "mean_drift": 10.57433577676068,
  "p95_drift": 29.619243840625593,
  "mean_latency_ms": 0.6629644093724588,
  "risk_mean": 0.963055165749243,
  "risk_p05": 0.6595511850589562,
  "risk_p25": 1.0,
  "risk_p50": 1.0,
  "risk_p75": 1.0,
  "risk_p95": 1.0,
  "separation_risk_mean": 0.5558792503313986,
  "congestion_risk_mean": 0.31130613803349894,
  "speed_risk_mean": 0.9625952118052866,
  "uncertainty_risk_mean": 0.6368372589625774,
  "human_activation_count": 136,
  "cooldown_skips": 14,
  "suppressed_request_count": 14,
  "suppressed_critical_count": 0,
  "cooldown_release_count": 136,
  "critical_override_count": 136,
  "critical_trigger_rate": 0.9066666666666666,
  "trigger_active_rate": 1.0,
  "confidence_mean": 0.9500000000000002,
  "false_intervention_rate": 0.051470588235294115,
  "repeated_intervention_rate": 0.9705882352941176,
  "post_intervention_violation_rate": 0.1357142857142857,
  "mean_drift_after_intervention": 10.99000942006501,
  "min_predicted_distance_mean": 1.4303227585931355
}