{
  "violation_rate": 0.08,
  "collision_rate": 0.0,
  "near_miss_rate": 0.30666666666666664,
  "intervention_rate": 0.8,
  "override_success_rate": 0.9,
  "mean_intervention_delay": 0.0,
  "operator_workload": 0.8,
  "mean_drift": 12.250307835420518,
  "p95_drift": 28.90681342012668,
  "mean_latency_ms": 0.4888430261053145,
  "risk_mean": 0.8238875814069462,
  "risk_p05": 0.24599999999988792,
  "risk_p25": 1.0,
  "risk_p50": 1.0,
  "risk_p75": 1.0,
  "risk_p95": 1.0,
  "separation_risk_mean": 0.18003936909661292,
  "congestion_risk_mean": 0.15657749917104896,
  "speed_risk_mean": 0.9652094419201223,
  "uncertainty_risk_mean": 0.6379323874773102,
  "human_activation_count": 120,
  "cooldown_skips": 30,
  "suppressed_request_count": 30,
  "suppressed_critical_count": 0,
  "cooldown_release_count": 113,
  "critical_override_count": 113,
  "critical_trigger_rate": 0.7533333333333333,
  "trigger_active_rate": 1.0,
  "confidence_mean": 0.9500000000000002,
  "false_intervention_rate": 0.075,
  "repeated_intervention_rate": 0.9416666666666667,
  "post_intervention_violation_rate": 0.0916030534351145,
  "mean_drift_after_intervention": 13.636801721486481,
  "min_predicted_distance_mean": 5.186298007030923
}