{
  "violation_rate": 0.04666666666666667,
  "collision_rate": 0.013333333333333334,
  "near_miss_rate": 0.18,
  "intervention_rate": 0.7266666666666667,
  "override_success_rate": 0.944954128440367,
  "mean_intervention_delay": 0.0,
  "operator_workload": 0.7266666666666667,
  "mean_drift": 6.475424689403353,
  "p95_drift": 15.65934319263395,
  "mean_latency_ms": 0.42979974144448835,
  "risk_mean": 0.7973534201011181,
  "risk_p05": 0.21599999999986946,
  "risk_p25": 0.5194482650861747,
  "risk_p50": 1.0,
  "risk_p75": 1.0,
  "risk_p95": 1.0,
  "separation_risk_mean": 0.1914814598948081,
  "congestion_risk_mean": 0.1083077806905315,
  "speed_risk_mean": 0.8802167610165327,
  "uncertainty_risk_mean": 0.64,
  "human_activation_count": 109,
  "cooldown_skips": 15,
  "suppressed_request_count": 15,
  "suppressed_critical_count": 0,
  "cooldown_release_count": 107,
  "critical_override_count": 107,
  "critical_trigger_rate": 0.7133333333333334,
  "trigger_active_rate": 0.7933333333333333,
  "confidence_mean": 0.9500000000000002,
  "false_intervention_rate": 0.03669724770642202,
  "repeated_intervention_rate": 0.963302752293578,
  "post_intervention_violation_rate": 0.05263157894736842,
  "mean_drift_after_intervention": 7.392363973759096,
  "min_predicted_distance_mean": 3.5668433724328286
}