{
  "violation_rate": 0.05333333333333334,
  "collision_rate": 0.006666666666666667,
  "near_miss_rate": 0.49333333333333335,
  "intervention_rate": 0.72,
  "override_success_rate": 0.9259259259259259,
  "mean_intervention_delay": 0.0,
  "operator_workload": 0.72,
  "mean_drift": 12.477826784873852,
  "p95_drift": 23.17458191085903,
  "mean_latency_ms": 0.524170253581057,
  "risk_mean": 0.7897447069518294,
  "risk_p05": 0.2013596288019962,
  "risk_p25": 0.35457971938010185,
  "risk_p50": 1.0,
  "risk_p75": 1.0,
  "risk_p95": 1.0,
  "separation_risk_mean": 0.42705115073720595,
  "congestion_risk_mean": 0.2306468785625933,
  "speed_risk_mean": 0.9344570717587597,
  "uncertainty_risk_mean": 0.6236335458960092,
  "human_activation_count": 108,
  "cooldown_skips": 10,
  "suppressed_request_count": 10,
  "suppressed_critical_count": 0,
  "cooldown_release_count": 107,
  "critical_override_count": 107,
  "critical_trigger_rate": 0.7133333333333334,
  "trigger_active_rate": 0.7666666666666667,
  "confidence_mean": 0.9500000000000002,
  "false_intervention_rate": 0.027777777777777776,
  "repeated_intervention_rate": 0.9722222222222222,
  "post_intervention_violation_rate": 0.06306306306306306,
  "mean_drift_after_intervention": 15.368918486780125,
  "min_predicted_distance_mean": 2.3699768972171857
}