{
  "violation_rate": 0.04,
  "collision_rate": 0.0,
  "near_miss_rate": 0.08666666666666667,
  "intervention_rate": 0.16666666666666666,
  "override_success_rate": 0.88,
  "mean_intervention_delay": 0.0,
  "operator_workload": 0.16666666666666666,
  "mean_drift": 9.931002383413947,
  "p95_drift": 18.88517620028517,
  "mean_latency_ms": 0.5428252405060144,
  "risk_mean": 0.28371585444364017,
  "risk_p95": 0.5706609739486286,
  "separation_risk_mean": 0.10669916777341276,
  "congestion_risk_mean": 0.06037126934936767,
  "speed_risk_mean": 0.8307227440550833,
  "uncertainty_risk_mean": 0.64,
  "human_activation_count": 25,
  "cooldown_skips": 125,
  "trigger_active_rate": 1.0,
  "confidence_mean": 0.75,
  "false_intervention_rate": 0.28
}