{
  "violation_rate": 0.02666666666666667,
  "collision_rate": 0.0,
  "near_miss_rate": 0.7,
  "intervention_rate": 0.8933333333333333,
  "override_success_rate": 0.9701492537313433,
  "mean_intervention_delay": 0.0,
  "operator_workload": 0.8933333333333333,
  "mean_drift": 6.6637919148012665,
  "p95_drift": 20.902942924269322,
  "mean_latency_ms": 0.6277221883647144,
  "risk_mean": 0.9489701057770404,
  "risk_p05": 0.5504327689361356,
  "risk_p25": 1.0,
  "risk_p50": 1.0,
  "risk_p75": 1.0,
  "risk_p95": 1.0,
  "separation_risk_mean": 0.5711614070201809,
  "congestion_risk_mean": 0.31255636639061984,
  "speed_risk_mean": 0.8026086684929953,
  "uncertainty_risk_mean": 0.6343976633185245,
  "human_activation_count": 134,
  "cooldown_skips": 16,
  "suppressed_request_count": 16,
  "suppressed_critical_count": 0,
  "cooldown_release_count": 133,
  "critical_override_count": 133,
  "critical_trigger_rate": 0.8866666666666667,
  "trigger_active_rate": 1.0,
  "confidence_mean": 0.9500000000000002,
  "false_intervention_rate": 0.08208955223880597,
  "repeated_intervention_rate": 0.9626865671641791,
  "post_intervention_violation_rate": 0.02877697841726619,
  "mean_drift_after_intervention": 7.0473609285267695,
  "min_predicted_distance_mean": 1.0992125140948468
}