{
  "violation_rate": 0.07333333333333333,
  "collision_rate": 0.0,
  "near_miss_rate": 0.0,
  "intervention_rate": 0.76,
  "override_success_rate": 0.9035087719298246,
  "mean_intervention_delay": 0.0,
  "operator_workload": 0.76,
  "mean_drift": 16.840067950458316,
  "p95_drift": 34.37996505739762,
  "mean_latency_ms": 0.46067167616759735,
  "risk_mean": 0.8164548179302513,
  "risk_p05": 0.21599999999992908,
  "risk_p25": 1.0,
  "risk_p50": 1.0,
  "risk_p75": 1.0,
  "risk_p95": 1.0,
  "separation_risk_mean": 0.00206043207708582,
  "congestion_risk_mean": 0.00534173868047914,
  "speed_risk_mean": 0.9241277200027457,
  "uncertainty_risk_mean": 0.6396812588364196,
  "human_activation_count": 114,
  "cooldown_skips": 0,
  "suppressed_request_count": 0,
  "suppressed_critical_count": 0,
  "cooldown_release_count": 114,
  "critical_override_count": 114,
  "critical_trigger_rate": 0.76,
  "trigger_active_rate": 0.76,
  "confidence_mean": 0.9500000000000002,
  "false_intervention_rate": 0.017543859649122806,
  "repeated_intervention_rate": 0.9912280701754386,
  "post_intervention_violation_rate": 0.09734513274336283,
  "mean_drift_after_intervention": 19.69674918875264,
  "min_predicted_distance_mean": 8.96915237532355
}