{
  "violation_rate": 0.06666666666666667,
  "collision_rate": 0.0,
  "near_miss_rate": 0.006666666666666667,
  "intervention_rate": 0.78,
  "override_success_rate": 0.9145299145299145,
  "mean_intervention_delay": 0.0,
  "operator_workload": 0.78,
  "mean_drift": 10.293459469840325,
  "p95_drift": 27.852635422116826,
  "mean_latency_ms": 0.5444756088157495,
  "risk_mean": 0.849337661652544,
  "risk_p05": 0.24599999999988703,
  "risk_p25": 1.0,
  "risk_p50": 1.0,
  "risk_p75": 1.0,
  "risk_p95": 1.0,
  "separation_risk_mean": 0.05408489063950879,
  "congestion_risk_mean": 0.0346236740094564,
  "speed_risk_mean": 0.9100137990885321,
  "uncertainty_risk_mean": 0.64,
  "human_activation_count": 117,
  "cooldown_skips": 15,
  "suppressed_request_count": 15,
  "suppressed_critical_count": 0,
  "cooldown_release_count": 114,
  "critical_override_count": 114,
  "critical_trigger_rate": 0.76,
  "trigger_active_rate": 0.88,
  "confidence_mean": 0.9500000000000002,
  "false_intervention_rate": 0.06837606837606838,
  "repeated_intervention_rate": 0.9658119658119658,
  "post_intervention_violation_rate": 0.08196721311475409,
  "mean_drift_after_intervention": 11.433145229146575,
  "min_predicted_distance_mean": 6.04717507483461
}