{
  "violation_rate": 0.04,
  "collision_rate": 0.0,
  "near_miss_rate": 0.02666666666666667,
  "intervention_rate": 0.76,
  "override_success_rate": 0.9473684210526315,
  "mean_intervention_delay": 0.0,
  "operator_workload": 0.76,
  "mean_drift": 13.549603625948784,
  "p95_drift": 30.329659616562868,
  "mean_latency_ms": 0.4919174616225064,
  "risk_mean": 0.8113485014722905,
  "risk_p05": 0.23518317611770237,
  "risk_p25": 0.5089391403677987,
  "risk_p50": 1.0,
  "risk_p75": 1.0,
  "risk_p95": 1.0,
  "separation_risk_mean": 0.027362740749057153,
  "congestion_risk_mean": 0.023030727380219437,
  "speed_risk_mean": 0.9664404736119487,
  "uncertainty_risk_mean": 0.64,
  "human_activation_count": 114,
  "cooldown_skips": 8,
  "suppressed_request_count": 8,
  "suppressed_critical_count": 0,
  "cooldown_release_count": 111,
  "critical_override_count": 111,
  "critical_trigger_rate": 0.74,
  "trigger_active_rate": 0.8,
  "confidence_mean": 0.9500000000000002,
  "false_intervention_rate": 0.07017543859649122,
  "repeated_intervention_rate": 0.956140350877193,
  "post_intervention_violation_rate": 0.049586776859504134,
  "mean_drift_after_intervention": 16.15142010605487,
  "min_predicted_distance_mean": 14.81395934756878
}