{
  "violation_rate": 0.04666666666666667,
  "collision_rate": 0.006666666666666667,
  "near_miss_rate": 0.5266666666666666,
  "intervention_rate": 0.7666666666666667,
  "override_success_rate": 0.9391304347826087,
  "mean_intervention_delay": 0.0,
  "operator_workload": 0.7666666666666667,
  "mean_drift": 16.10960978661878,
  "p95_drift": 48.95945171857677,
  "mean_latency_ms": 0.5046107938202719,
  "risk_mean": 0.850997798156266,
  "risk_p05": 0.34136546841872567,
  "risk_p25": 0.5778500182969832,
  "risk_p50": 1.0,
  "risk_p75": 1.0,
  "risk_p95": 1.0,
  "separation_risk_mean": 0.5643714587754556,
  "congestion_risk_mean": 0.3107465608807251,
  "speed_risk_mean": 0.9621732631484217,
  "uncertainty_risk_mean": 0.9940780571920577,
  "human_activation_count": 115,
  "cooldown_skips": 35,
  "suppressed_request_count": 35,
  "suppressed_critical_count": 0,
  "cooldown_release_count": 107,
  "critical_override_count": 107,
  "critical_trigger_rate": 0.7133333333333334,
  "trigger_active_rate": 1.0,
  "confidence_mean": 0.9500000000000002,
  "false_intervention_rate": 0.0782608695652174,
  "repeated_intervention_rate": 0.9304347826086956,
  "post_intervention_violation_rate": 0.046875,
  "mean_drift_after_intervention": 19.51374016861061,
  "min_predicted_distance_mean": 1.391037782580437
}