{
  "violation_rate": 0.0,
  "collision_rate": 0.0,
  "near_miss_rate": 0.15333333333333332,
  "intervention_rate": 0.16666666666666666,
  "override_success_rate": 1.0,
  "mean_intervention_delay": 0.0,
  "operator_workload": 0.16666666666666666,
  "mean_drift": 8.524484720828895,
  "p95_drift": 18.951213782259078,
  "mean_latency_ms": 0.3698180332624664,
  "risk_mean": 0.32919754666652146,
  "risk_p95": 0.6732455200010784,
  "separation_risk_mean": 0.14367412520247513,
  "congestion_risk_mean": 0.08485717266961568,
  "speed_risk_mean": 0.9821993143866916,
  "uncertainty_risk_mean": 0.64,
  "human_activation_count": 25,
  "cooldown_skips": 125,
  "trigger_active_rate": 1.0,
  "confidence_mean": 0.9500000000000002,
  "false_intervention_rate": 0.24
}