{
  "violation_rate": 0.08666666666666667,
  "collision_rate": 0.013333333333333334,
  "near_miss_rate": 1.0933333333333333,
  "intervention_rate": 0.8666666666666667,
  "override_success_rate": 0.9,
  "mean_intervention_delay": 0.0,
  "operator_workload": 0.8666666666666667,
  "mean_drift": 2.367580313959153,
  "p95_drift": 6.609630683072475,
  "mean_latency_ms": 0.6909772738193473,
  "risk_mean": 0.9216171705210756,
  "risk_p05": 0.5357138386218753,
  "risk_p25": 1.0,
  "risk_p50": 1.0,
  "risk_p75": 1.0,
  "risk_p95": 1.0,
  "separation_risk_mean": 0.7149801555880265,
  "congestion_risk_mean": 0.4579437605349733,
  "speed_risk_mean": 0.5961623202821807,
  "uncertainty_risk_mean": 0.6212167730856373,
  "human_activation_count": 130,
  "cooldown_skips": 20,
  "suppressed_request_count": 20,
  "suppressed_critical_count": 0,
  "cooldown_release_count": 123,
  "critical_override_count": 123,
  "critical_trigger_rate": 0.82,
  "trigger_active_rate": 1.0,
  "confidence_mean": 0.9500000000000002,
  "false_intervention_rate": 0.1,
  "repeated_intervention_rate": 0.8923076923076924,
  "post_intervention_violation_rate": 0.087248322147651,
  "mean_drift_after_intervention": 2.4190484264454755,
  "min_predicted_distance_mean": 0.6636788388296826
}