{
  "violation_rate": 0.13333333333333333,
  "collision_rate": 0.0,
  "near_miss_rate": 0.18,
  "intervention_rate": 0.16666666666666666,
  "override_success_rate": 0.56,
  "mean_intervention_delay": 5.0,
  "operator_workload": 0.16666666666666666,
  "mean_drift": 13.601104023127423,
  "p95_drift": 30.184269214450307,
  "mean_latency_ms": 0.8022602329341074,
  "risk_mean": 0.3824531002868979,
  "risk_p95": 0.6869681547735119,
  "separation_risk_mean": 0.22864664358527823,
  "congestion_risk_mean": 0.14664856573080057,
  "speed_risk_mean": 0.9831997858889292,
  "uncertainty_risk_mean": 0.6361333423832214,
  "human_activation_count": 25,
  "cooldown_skips": 125,
  "trigger_active_rate": 1.0,
  "confidence_mean": 0.8499142448521452,
  "false_intervention_rate": 0.28
}