{
  "violation_rate": 0.013333333333333334,
  "collision_rate": 0.0,
  "near_miss_rate": 0.35333333333333333,
  "intervention_rate": 0.16666666666666666,
  "override_success_rate": 0.96,
  "mean_intervention_delay": 0.0,
  "operator_workload": 0.16666666666666666,
  "mean_drift": 9.737744710845929,
  "p95_drift": 26.89076906253282,
  "mean_latency_ms": 0.42455057380720973,
  "risk_mean": 0.4119659478185629,
  "risk_p95": 0.6744999999999715,
  "separation_risk_mean": 0.2943765689803512,
  "congestion_risk_mean": 0.16441040233043377,
  "speed_risk_mean": 0.9492926079653088,
  "uncertainty_risk_mean": 0.64,
  "human_activation_count": 25,
  "cooldown_skips": 125,
  "trigger_active_rate": 1.0,
  "confidence_mean": 0.9500000000000002,
  "false_intervention_rate": 0.12
}