{
  "violation_rate": 0.04,
  "collision_rate": 0.0,
  "near_miss_rate": 0.49333333333333335,
  "intervention_rate": 0.7933333333333333,
  "override_success_rate": 0.9495798319327731,
  "mean_intervention_delay": 0.0,
  "operator_workload": 0.7933333333333333,
  "mean_drift": 7.633160448846687,
  "p95_drift": 22.0039935026254,
  "mean_latency_ms": 0.48600554854298633,
  "risk_mean": 0.8867331673282011,
  "risk_p05": 0.3781679673284111,
  "risk_p25": 1.0,
  "risk_p50": 1.0,
  "risk_p75": 1.0,
  "risk_p95": 1.0,
  "separation_risk_mean": 0.39308094489775786,
  "congestion_risk_mean": 0.2395433522046103,
  "speed_risk_mean": 0.8376620091731947,
  "uncertainty_risk_mean": 0.6292451099306895,
  "human_activation_count": 119,
  "cooldown_skips": 27,
  "suppressed_request_count": 27,
  "suppressed_critical_count": 0,
  "cooldown_release_count": 115,
  "critical_override_count": 115,
  "critical_trigger_rate": 0.7666666666666667,
  "trigger_active_rate": 0.9666666666666667,
  "confidence_mean": 0.9500000000000002,
  "false_intervention_rate": 0.04201680672268908,
  "repeated_intervention_rate": 0.9327731092436975,
  "post_intervention_violation_rate": 0.046153846153846156,
  "mean_drift_after_intervention": 8.9677109930349,
  "min_predicted_distance_mean": 2.9519356267394747
}