{
  "violation_rate": 0.04,
  "collision_rate": 0.0,
  "near_miss_rate": 0.04666666666666667,
  "intervention_rate": 0.16666666666666666,
  "override_success_rate": 0.8,
  "mean_intervention_delay": 1.0,
  "operator_workload": 0.16666666666666666,
  "mean_drift": 15.766828949007111,
  "p95_drift": 35.71060283398864,
  "mean_latency_ms": 0.2557633263252986,
  "risk_mean": 0.2692525081504893,
  "risk_p95": 0.4549985481520522,
  "separation_risk_mean": 0.03563253107562547,
  "congestion_risk_mean": 0.035327910651426084,
  "speed_risk_mean": 0.990740475784531,
  "uncertainty_risk_mean": 0.6384988009061447,
  "human_activation_count": 25,
  "cooldown_skips": 125,
  "trigger_active_rate": 1.0,
  "confidence_mean": 0.9212990359040137,
  "false_intervention_rate": 0.28
}