{
  "violation_rate": 0.26,
  "collision_rate": 0.02,
  "near_miss_rate": 1.0266666666666666,
  "intervention_rate": 0.7666666666666667,
  "override_success_rate": 0.6608695652173913,
  "mean_intervention_delay": 0.0,
  "operator_workload": 0.7666666666666667,
  "mean_drift": 6.588269079055138,
  "p95_drift": 35.97371703447278,
  "mean_latency_ms": 0.6781717164752384,
  "risk_mean": 0.873905799938215,
  "risk_p05": 0.417974585844481,
  "risk_p25": 0.6954741144954684,
  "risk_p50": 1.0,
  "risk_p75": 1.0,
  "risk_p95": 1.0,
  "separation_risk_mean": 0.6904394760171605,
  "congestion_risk_mean": 0.44797248063589334,
  "speed_risk_mean": 0.6488382439785221,
  "uncertainty_risk_mean": 0.6348081429327146,
  "human_activation_count": 115,
  "cooldown_skips": 35,
  "suppressed_request_count": 35,
  "suppressed_critical_count": 0,
  "cooldown_release_count": 109,
  "critical_override_count": 108,
  "critical_trigger_rate": 0.72,
  "trigger_active_rate": 1.0,
  "confidence_mean": 0.75,
  "false_intervention_rate": 0.06086956521739131,
  "repeated_intervention_rate": 0.9043478260869565,
  "post_intervention_violation_rate": 0.2900763358778626,
  "mean_drift_after_intervention": 7.615282804673887,
  "min_predicted_distance_mean": 0.9019490961485699
}