{
  "violation_rate": 0.02666666666666667,
  "collision_rate": 0.0,
  "near_miss_rate": 0.36,
  "intervention_rate": 0.7933333333333333,
  "override_success_rate": 0.9663865546218487,
  "mean_intervention_delay": 0.0,
  "operator_workload": 0.7933333333333333,
  "mean_drift": 13.681208276229318,
  "p95_drift": 37.73060609525239,
  "mean_latency_ms": 0.47997637496640283,
  "risk_mean": 0.8561262910804227,
  "risk_p05": 0.251095205181483,
  "risk_p25": 1.0,
  "risk_p50": 1.0,
  "risk_p75": 1.0,
  "risk_p95": 1.0,
  "separation_risk_mean": 0.4384112418127619,
  "congestion_risk_mean": 0.22254887669770076,
  "speed_risk_mean": 0.8068715129688339,
  "uncertainty_risk_mean": 0.6394865248253105,
  "human_activation_count": 119,
  "cooldown_skips": 31,
  "suppressed_request_count": 31,
  "suppressed_critical_count": 0,
  "cooldown_release_count": 115,
  "critical_override_count": 115,
  "critical_trigger_rate": 0.7666666666666667,
  "trigger_active_rate": 1.0,
  "confidence_mean": 0.9500000000000002,
  "false_intervention_rate": 0.10084033613445378,
  "repeated_intervention_rate": 0.9327731092436975,
  "post_intervention_violation_rate": 0.030534351145038167,
  "mean_drift_after_intervention": 15.657564050771406,
  "min_predicted_distance_mean": 1.768828370060227
}