{
  "violation_rate": 0.02,
  "collision_rate": 0.0,
  "near_miss_rate": 0.03333333333333333,
  "intervention_rate": 0.16666666666666666,
  "override_success_rate": 0.92,
  "mean_intervention_delay": 1.0,
  "operator_workload": 0.16666666666666666,
  "mean_drift": 14.637510972894656,
  "p95_drift": 39.083616259606075,
  "mean_latency_ms": 0.23304029299955195,
  "risk_mean": 0.2578969215431421,
  "risk_p95": 0.25505174851318496,
  "separation_risk_mean": 0.022048546958535916,
  "congestion_risk_mean": 0.026217962684927546,
  "speed_risk_mean": 0.9757378280674293,
  "uncertainty_risk_mean": 0.6337327368696979,
  "human_activation_count": 25,
  "cooldown_skips": 125,
  "trigger_active_rate": 1.0,
  "confidence_mean": 0.9212990359040137,
  "false_intervention_rate": 0.32
}