{
  "violation_rate": 0.7533333333333333,
  "collision_rate": 0.02666666666666667,
  "near_miss_rate": 0.12,
  "intervention_rate": 0.8,
  "override_success_rate": 0.058333333333333334,
  "mean_intervention_delay": 10.0,
  "operator_workload": 0.8,
  "mean_drift": 10.819034505263774,
  "p95_drift": 45.700073705652166,
  "mean_latency_ms": 2.1185952704399824,
  "risk_mean": 0.8875384290798252,
  "risk_p05": 0.4917815784323914,
  "risk_p25": 1.0,
  "risk_p50": 1.0,
  "risk_p75": 1.0,
  "risk_p95": 1.0,
  "separation_risk_mean": 0.15756466781277137,
  "congestion_risk_mean": 0.09881521745164064,
  "speed_risk_mean": 0.7901513417470611,
  "uncertainty_risk_mean": 0.6336691139333656,
  "human_activation_count": 120,
  "cooldown_skips": 30,
  "suppressed_request_count": 30,
  "suppressed_critical_count": 0,
  "cooldown_release_count": 114,
  "critical_override_count": 114,
  "critical_trigger_rate": 0.76,
  "trigger_active_rate": 1.0,
  "confidence_mean": 0.2928548152598256,
  "false_intervention_rate": 0.058333333333333334,
  "repeated_intervention_rate": 0.9416666666666667,
  "post_intervention_violation_rate": 0.8549618320610687,
  "mean_drift_after_intervention": 12.67946827987173,
  "min_predicted_distance_mean": 6.373811055669806
}