{
  "violation_rate": 0.2,
  "collision_rate": 0.0,
  "near_miss_rate": 0.26,
  "intervention_rate": 0.16666666666666666,
  "override_success_rate": 0.32,
  "mean_intervention_delay": 10.0,
  "operator_workload": 0.16666666666666666,
  "mean_drift": 15.041696156992487,
  "p95_drift": 32.78094278957515,
  "mean_latency_ms": 0.8374777926170888,
  "risk_mean": 0.3563830247925359,
  "risk_p95": 0.7595434906565124,
  "separation_risk_mean": 0.17431374405274905,
  "congestion_risk_mean": 0.13620937342751083,
  "speed_risk_mean": 0.9864240304211972,
  "uncertainty_risk_mean": 0.6395059469916106,
  "human_activation_count": 25,
  "cooldown_skips": 125,
  "trigger_active_rate": 1.0,
  "confidence_mean": 0.8130947531791306,
  "false_intervention_rate": 0.16
}