{
  "violation_rate": 0.03333333333333333,
  "collision_rate": 0.0,
  "near_miss_rate": 0.02666666666666667,
  "intervention_rate": 0.74,
  "override_success_rate": 0.954954954954955,
  "mean_intervention_delay": 0.0,
  "operator_workload": 0.74,
  "mean_drift": 12.652635746526096,
  "p95_drift": 34.666801759084926,
  "mean_latency_ms": 0.3990553001252313,
  "risk_mean": 0.8201212856508823,
  "risk_p05": 0.24599999999986089,
  "risk_p25": 0.6122406559483072,
  "risk_p50": 1.0,
  "risk_p75": 1.0,
  "risk_p95": 1.0,
  "separation_risk_mean": 0.04554274819971847,
  "congestion_risk_mean": 0.03557603893124757,
  "speed_risk_mean": 0.9789260050591551,
  "uncertainty_risk_mean": 0.6399164786837332,
  "human_activation_count": 111,
  "cooldown_skips": 39,
  "suppressed_request_count": 39,
  "suppressed_critical_count": 0,
  "cooldown_release_count": 109,
  "critical_override_count": 109,
  "critical_trigger_rate": 0.7266666666666667,
  "trigger_active_rate": 1.0,
  "confidence_mean": 0.9500000000000002,
  "false_intervention_rate": 0.036036036036036036,
  "repeated_intervention_rate": 0.972972972972973,
  "post_intervention_violation_rate": 0.043859649122807015,
  "mean_drift_after_intervention": 15.193953796287659,
  "min_predicted_distance_mean": 4.395930614086404
}