{
  "violation_rate": 0.07333333333333333,
  "collision_rate": 0.006666666666666667,
  "near_miss_rate": 0.2733333333333333,
  "intervention_rate": 0.8266666666666667,
  "override_success_rate": 0.9112903225806451,
  "mean_intervention_delay": 0.0,
  "operator_workload": 0.8266666666666667,
  "mean_drift": 10.812013671768346,
  "p95_drift": 39.301718405728394,
  "mean_latency_ms": 0.5734641617164016,
  "risk_mean": 0.8601602702277861,
  "risk_p05": 0.34340190137313475,
  "risk_p25": 1.0,
  "risk_p50": 1.0,
  "risk_p75": 1.0,
  "risk_p95": 1.0,
  "separation_risk_mean": 0.18887483946884204,
  "congestion_risk_mean": 0.1369447650417831,
  "speed_risk_mean": 0.546622047466925,
  "uncertainty_risk_mean": 0.6201994561760457,
  "human_activation_count": 124,
  "cooldown_skips": 25,
  "suppressed_request_count": 25,
  "suppressed_critical_count": 0,
  "cooldown_release_count": 113,
  "critical_override_count": 113,
  "critical_trigger_rate": 0.7533333333333333,
  "trigger_active_rate": 0.9933333333333333,
  "confidence_mean": 0.9500000000000002,
  "false_intervention_rate": 0.12096774193548387,
  "repeated_intervention_rate": 0.8870967741935484,
  "post_intervention_violation_rate": 0.06756756756756757,
  "mean_drift_after_intervention": 11.984769418131064,
  "min_predicted_distance_mean": 4.105289930303026
}