{
  "violation_rate": 0.05333333333333334,
  "collision_rate": 0.0,
  "near_miss_rate": 0.41333333333333333,
  "intervention_rate": 0.8666666666666667,
  "override_success_rate": 0.9384615384615385,
  "mean_intervention_delay": 0.0,
  "operator_workload": 0.8666666666666667,
  "mean_drift": 11.364876446824148,
  "p95_drift": 31.263003900234576,
  "mean_latency_ms": 2.1668752337185047,
  "risk_mean": 0.9375069674789872,
  "risk_p05": 0.5434296723499288,
  "risk_p25": 1.0,
  "risk_p50": 1.0,
  "risk_p75": 1.0,
  "risk_p95": 1.0,
  "separation_risk_mean": 0.47266499023153036,
  "congestion_risk_mean": 0.17771145606308883,
  "speed_risk_mean": 0.8086312721612363,
  "uncertainty_risk_mean": 0.6392077083063391,
  "human_activation_count": 130,
  "cooldown_skips": 20,
  "suppressed_request_count": 20,
  "suppressed_critical_count": 0,
  "cooldown_release_count": 129,
  "critical_override_count": 129,
  "critical_trigger_rate": 0.86,
  "trigger_active_rate": 1.0,
  "confidence_mean": 0.9500000000000002,
  "false_intervention_rate": 0.12307692307692308,
  "repeated_intervention_rate": 0.9384615384615385,
  "post_intervention_violation_rate": 0.055944055944055944,
  "mean_drift_after_intervention": 12.46128564290347,
  "min_predicted_distance_mean": 1.5909983465611846
}