{
  "violation_rate": 0.06,
  "collision_rate": 0.0,
  "near_miss_rate": 0.36666666666666664,
  "intervention_rate": 0.8666666666666667,
  "override_success_rate": 0.9307692307692308,
  "mean_intervention_delay": 0.0,
  "operator_workload": 0.8666666666666667,
  "mean_drift": 9.64939832287565,
  "p95_drift": 20.035775656019332,
  "mean_latency_ms": 0.5792041790361205,
  "risk_mean": 0.9081589120677266,
  "risk_p05": 0.24599999999991493,
  "risk_p25": 1.0,
  "risk_p50": 1.0,
  "risk_p75": 1.0,
  "risk_p95": 1.0,
  "separation_risk_mean": 0.3668815681757611,
  "congestion_risk_mean": 0.22155695401636785,
  "speed_risk_mean": 0.9307896985516027,
  "uncertainty_risk_mean": 0.6322011459873624,
  "human_activation_count": 130,
  "cooldown_skips": 20,
  "suppressed_request_count": 20,
  "suppressed_critical_count": 0,
  "cooldown_release_count": 129,
  "critical_override_count": 129,
  "critical_trigger_rate": 0.86,
  "trigger_active_rate": 1.0,
  "confidence_mean": 0.9500000000000002,
  "false_intervention_rate": 0.046153846153846156,
  "repeated_intervention_rate": 0.9692307692307692,
  "post_intervention_violation_rate": 0.06716417910447761,
  "mean_drift_after_intervention": 10.160173221738669,
  "min_predicted_distance_mean": 1.9893594796362284
}