{
  "violation_rate": 0.08,
  "collision_rate": 0.0,
  "near_miss_rate": 0.02666666666666667,
  "intervention_rate": 0.7866666666666666,
  "override_success_rate": 0.8983050847457628,
  "mean_intervention_delay": 0.0,
  "operator_workload": 0.7866666666666666,
  "mean_drift": 11.743806252687971,
  "p95_drift": 30.708042034121178,
  "mean_latency_ms": 0.5944908658663431,
  "risk_mean": 0.8404812752318837,
  "risk_p05": 0.2159999999999232,
  "risk_p25": 1.0,
  "risk_p50": 1.0,
  "risk_p75": 1.0,
  "risk_p95": 1.0,
  "separation_risk_mean": 0.04684772753746328,
  "congestion_risk_mean": 0.03490283880514957,
  "speed_risk_mean": 0.8358469581120539,
  "uncertainty_risk_mean": 0.64,
  "human_activation_count": 118,
  "cooldown_skips": 32,
  "suppressed_request_count": 32,
  "suppressed_critical_count": 0,
  "cooldown_release_count": 115,
  "critical_override_count": 115,
  "critical_trigger_rate": 0.7666666666666667,
  "trigger_active_rate": 1.0,
  "confidence_mean": 0.9500000000000002,
  "false_intervention_rate": 0.06779661016949153,
  "repeated_intervention_rate": 0.9576271186440678,
  "post_intervention_violation_rate": 0.096,
  "mean_drift_after_intervention": 13.568256442924255,
  "min_predicted_distance_mean": 5.921338943111852
}