{
  "violation_rate": 0.02,
  "collision_rate": 0.0,
  "near_miss_rate": 0.08666666666666667,
  "intervention_rate": 0.8,
  "override_success_rate": 0.975,
  "mean_intervention_delay": 0.0,
  "operator_workload": 0.8,
  "mean_drift": 7.479943405182028,
  "p95_drift": 25.475267723945343,
  "mean_latency_ms": 0.37419166571150225,
  "risk_mean": 0.8018316578483666,
  "risk_p05": 0.21599999999987213,
  "risk_p25": 0.6183697728179123,
  "risk_p50": 1.0,
  "risk_p75": 1.0,
  "risk_p95": 1.0,
  "separation_risk_mean": 0.08034014026438788,
  "congestion_risk_mean": 0.06892848943425774,
  "speed_risk_mean": 0.7923593028947667,
  "uncertainty_risk_mean": 0.633312995801287,
  "human_activation_count": 120,
  "cooldown_skips": 30,
  "suppressed_request_count": 30,
  "suppressed_critical_count": 0,
  "cooldown_release_count": 104,
  "critical_override_count": 104,
  "critical_trigger_rate": 0.6933333333333334,
  "trigger_active_rate": 1.0,
  "confidence_mean": 0.9500000000000002,
  "false_intervention_rate": 0.15833333333333333,
  "repeated_intervention_rate": 0.8666666666666667,
  "post_intervention_violation_rate": 0.020134228187919462,
  "mean_drift_after_intervention": 8.530081749402479,
  "min_predicted_distance_mean": 8.258580286250858
}