{
  "violation_rate": 0.15333333333333332,
  "collision_rate": 0.0,
  "near_miss_rate": 0.03333333333333333,
  "intervention_rate": 0.7666666666666667,
  "override_success_rate": 0.8,
  "mean_intervention_delay": 0.0,
  "operator_workload": 0.7666666666666667,
  "mean_drift": 13.772441314318328,
  "p95_drift": 36.15369627679854,
  "mean_latency_ms": 0.5569196756308278,
  "risk_mean": 0.8229387588490336,
  "risk_p05": 0.22034993313427448,
  "risk_p25": 1.0,
  "risk_p50": 1.0,
  "risk_p75": 1.0,
  "risk_p95": 1.0,
  "separation_risk_mean": 0.10700343374448906,
  "congestion_risk_mean": 0.07071932912388545,
  "speed_risk_mean": 0.9179460104818776,
  "uncertainty_risk_mean": 0.639763100417803,
  "human_activation_count": 115,
  "cooldown_skips": 15,
  "suppressed_request_count": 15,
  "suppressed_critical_count": 0,
  "cooldown_release_count": 113,
  "critical_override_count": 113,
  "critical_trigger_rate": 0.7533333333333333,
  "trigger_active_rate": 0.86,
  "confidence_mean": 0.9000000000000004,
  "false_intervention_rate": 0.034782608695652174,
  "repeated_intervention_rate": 0.9652173913043478,
  "post_intervention_violation_rate": 0.19166666666666668,
  "mean_drift_after_intervention": 15.654041102189092,
  "min_predicted_distance_mean": 4.429358492971122
}