{
  "violation_rate": 0.08,
  "collision_rate": 0.006666666666666667,
  "near_miss_rate": 1.0933333333333333,
  "intervention_rate": 0.84,
  "override_success_rate": 0.9047619047619048,
  "mean_intervention_delay": 0.0,
  "operator_workload": 0.84,
  "mean_drift": 10.485225857289176,
  "p95_drift": 28.106322103731312,
  "mean_latency_ms": 2.5288127323923013,
  "risk_mean": 0.9007734878317748,
  "risk_p05": 0.35883203849200157,
  "risk_p25": 1.0,
  "risk_p50": 1.0,
  "risk_p75": 1.0,
  "risk_p95": 1.0,
  "separation_risk_mean": 0.5059822233915647,
  "congestion_risk_mean": 0.21532036582738945,
  "speed_risk_mean": 0.9150634380424797,
  "uncertainty_risk_mean": 0.6373393212173944,
  "human_activation_count": 126,
  "cooldown_skips": 24,
  "suppressed_request_count": 24,
  "suppressed_critical_count": 0,
  "cooldown_release_count": 122,
  "critical_override_count": 122,
  "critical_trigger_rate": 0.8133333333333334,
  "trigger_active_rate": 1.0,
  "confidence_mean": 0.9500000000000002,
  "false_intervention_rate": 0.047619047619047616,
  "repeated_intervention_rate": 0.9444444444444444,
  "post_intervention_violation_rate": 0.08823529411764706,
  "mean_drift_after_intervention": 11.398007480580079,
  "min_predicted_distance_mean": 1.2360164349993346
}