{
  "violation_rate": 0.17333333333333334,
  "collision_rate": 0.0,
  "near_miss_rate": 0.05333333333333334,
  "intervention_rate": 0.76,
  "override_success_rate": 0.7719298245614035,
  "mean_intervention_delay": 0.0,
  "operator_workload": 0.76,
  "mean_drift": 13.405376730921688,
  "p95_drift": 30.96946815363027,
  "mean_latency_ms": 0.6203355585845808,
  "risk_mean": 0.8234110621962595,
  "risk_p05": 0.24616837949597994,
  "risk_p25": 0.5067687538365324,
  "risk_p50": 1.0,
  "risk_p75": 1.0,
  "risk_p95": 1.0,
  "separation_risk_mean": 0.07901989990392755,
  "congestion_risk_mean": 0.06541573246220449,
  "speed_risk_mean": 0.9703204813610165,
  "uncertainty_risk_mean": 0.6211862655882224,
  "human_activation_count": 114,
  "cooldown_skips": 36,
  "suppressed_request_count": 36,
  "suppressed_critical_count": 0,
  "cooldown_release_count": 106,
  "critical_override_count": 106,
  "critical_trigger_rate": 0.7066666666666667,
  "trigger_active_rate": 1.0,
  "confidence_mean": 0.9000000000000004,
  "false_intervention_rate": 0.07894736842105263,
  "repeated_intervention_rate": 0.9210526315789473,
  "post_intervention_violation_rate": 0.203125,
  "mean_drift_after_intervention": 15.786970845857208,
  "min_predicted_distance_mean": 2.9092425649792255
}