{
  "violation_rate": 0.1,
  "collision_rate": 0.0,
  "near_miss_rate": 2.3133333333333335,
  "intervention_rate": 0.8333333333333334,
  "override_success_rate": 0.88,
  "mean_intervention_delay": 0.0,
  "operator_workload": 0.8333333333333334,
  "mean_drift": 10.71420499960856,
  "p95_drift": 41.51082429448335,
  "mean_latency_ms": 5.799791686392079,
  "risk_mean": 0.9324120552463587,
  "risk_p05": 0.6181690944528586,
  "risk_p25": 1.0,
  "risk_p50": 1.0,
  "risk_p75": 1.0,
  "risk_p95": 1.0,
  "separation_risk_mean": 0.6703249923702043,
  "congestion_risk_mean": 0.4211572024741566,
  "speed_risk_mean": 0.830384230211349,
  "uncertainty_risk_mean": 0.6297721503939819,
  "human_activation_count": 125,
  "cooldown_skips": 25,
  "suppressed_request_count": 25,
  "suppressed_critical_count": 0,
  "cooldown_release_count": 121,
  "critical_override_count": 121,
  "critical_trigger_rate": 0.8066666666666666,
  "trigger_active_rate": 1.0,
  "confidence_mean": 0.9500000000000002,
  "false_intervention_rate": 0.04,
  "repeated_intervention_rate": 0.936,
  "post_intervention_violation_rate": 0.10948905109489052,
  "mean_drift_after_intervention": 11.98259288297113,
  "min_predicted_distance_mean": 0.6533192094687081
}