{
  "violation_rate": 0.09333333333333334,
  "collision_rate": 0.0,
  "near_miss_rate": 0.7133333333333334,
  "intervention_rate": 0.8466666666666667,
  "override_success_rate": 0.889763779527559,
  "mean_intervention_delay": 0.0,
  "operator_workload": 0.8466666666666667,
  "mean_drift": 9.385779937864871,
  "p95_drift": 26.58836215870096,
  "mean_latency_ms": 2.2779424667047956,
  "risk_mean": 0.9170547798154132,
  "risk_p05": 0.45175378089440527,
  "risk_p25": 1.0,
  "risk_p50": 1.0,
  "risk_p75": 1.0,
  "risk_p95": 1.0,
  "separation_risk_mean": 0.48860469533840595,
  "congestion_risk_mean": 0.17107879497182255,
  "speed_risk_mean": 0.9108888323083427,
  "uncertainty_risk_mean": 0.6374327196393885,
  "human_activation_count": 127,
  "cooldown_skips": 23,
  "suppressed_request_count": 23,
  "suppressed_critical_count": 0,
  "cooldown_release_count": 124,
  "critical_override_count": 124,
  "critical_trigger_rate": 0.8266666666666667,
  "trigger_active_rate": 1.0,
  "confidence_mean": 0.9500000000000002,
  "false_intervention_rate": 0.06299212598425197,
  "repeated_intervention_rate": 0.9448818897637795,
  "post_intervention_violation_rate": 0.10218978102189781,
  "mean_drift_after_intervention": 10.337433796093311,
  "min_predicted_distance_mean": 1.4749244187187125
}