{
  "violation_rate": 0.04666666666666667,
  "collision_rate": 0.006666666666666667,
  "near_miss_rate": 0.06,
  "intervention_rate": 0.76,
  "override_success_rate": 0.9385964912280702,
  "mean_intervention_delay": 0.0,
  "operator_workload": 0.76,
  "mean_drift": 10.12879540810361,
  "p95_drift": 25.45064697875822,
  "mean_latency_ms": 0.37499420732880634,
  "risk_mean": 0.844059670752857,
  "risk_p05": 0.21707795163753404,
  "risk_p25": 1.0,
  "risk_p50": 1.0,
  "risk_p75": 1.0,
  "risk_p95": 1.0,
  "separation_risk_mean": 0.08297527260872897,
  "congestion_risk_mean": 0.04530899464552913,
  "speed_risk_mean": 0.9113147066582244,
  "uncertainty_risk_mean": 0.6370872938925903,
  "human_activation_count": 114,
  "cooldown_skips": 20,
  "suppressed_request_count": 20,
  "suppressed_critical_count": 0,
  "cooldown_release_count": 113,
  "critical_override_count": 113,
  "critical_trigger_rate": 0.7533333333333333,
  "trigger_active_rate": 0.8866666666666667,
  "confidence_mean": 0.9500000000000002,
  "false_intervention_rate": 0.02631578947368421,
  "repeated_intervention_rate": 0.9736842105263158,
  "post_intervention_violation_rate": 0.05982905982905983,
  "mean_drift_after_intervention": 12.001937730641469,
  "min_predicted_distance_mean": 9.517161573829044
}