{
  "violation_rate": 0.8333333333333334,
  "collision_rate": 0.24666666666666667,
  "near_miss_rate": 0.42,
  "intervention_rate": 0.8933333333333333,
  "override_success_rate": 0.06716417910447761,
  "mean_intervention_delay": 10.0,
  "operator_workload": 0.8933333333333333,
  "mean_drift": 4.216160538796576,
  "p95_drift": 15.675831891886043,
  "mean_latency_ms": 2.1123619292241833,
  "risk_mean": 0.9525273189757992,
  "risk_p05": 0.5573974268698659,
  "risk_p25": 1.0,
  "risk_p50": 1.0,
  "risk_p75": 1.0,
  "risk_p95": 1.0,
  "separation_risk_mean": 0.6981353508775509,
  "congestion_risk_mean": 0.4059169215795213,
  "speed_risk_mean": 0.7499200300900885,
  "uncertainty_risk_mean": 0.6274367362081874,
  "human_activation_count": 134,
  "cooldown_skips": 16,
  "suppressed_request_count": 16,
  "suppressed_critical_count": 0,
  "cooldown_release_count": 134,
  "critical_override_count": 134,
  "critical_trigger_rate": 0.8933333333333333,
  "trigger_active_rate": 1.0,
  "confidence_mean": 0.21618787704013864,
  "false_intervention_rate": 0.04477611940298507,
  "repeated_intervention_rate": 0.9552238805970149,
  "post_intervention_violation_rate": 0.8531468531468531,
  "mean_drift_after_intervention": 4.5475293744534895,
  "min_predicted_distance_mean": 0.7422380119786118
}