{
  "violation_rate": 0.12666666666666668,
  "collision_rate": 0.0,
  "near_miss_rate": 0.08,
  "intervention_rate": 0.7933333333333333,
  "override_success_rate": 0.8403361344537815,
  "mean_intervention_delay": 0.0,
  "operator_workload": 0.7933333333333333,
  "mean_drift": 9.970130677176742,
  "p95_drift": 19.35043694868676,
  "mean_latency_ms": 0.5228305390725533,
  "risk_mean": 0.862385005831612,
  "risk_p05": 0.30319524625377425,
  "risk_p25": 1.0,
  "risk_p50": 1.0,
  "risk_p75": 1.0,
  "risk_p95": 1.0,
  "separation_risk_mean": 0.11854712227221219,
  "congestion_risk_mean": 0.06000509572487343,
  "speed_risk_mean": 0.7965400999785017,
  "uncertainty_risk_mean": 0.64,
  "human_activation_count": 119,
  "cooldown_skips": 31,
  "suppressed_request_count": 31,
  "suppressed_critical_count": 0,
  "cooldown_release_count": 113,
  "critical_override_count": 113,
  "critical_trigger_rate": 0.7533333333333333,
  "trigger_active_rate": 1.0,
  "confidence_mean": 0.9000000000000004,
  "false_intervention_rate": 0.06722689075630252,
  "repeated_intervention_rate": 0.9327731092436975,
  "post_intervention_violation_rate": 0.14393939393939395,
  "mean_drift_after_intervention": 11.123396652635503,
  "min_predicted_distance_mean": 6.113574108701038
}