{
  "violation_rate": 0.4066666666666667,
  "collision_rate": 0.0,
  "near_miss_rate": 0.29333333333333333,
  "intervention_rate": 0.8666666666666667,
  "override_success_rate": 0.5307692307692308,
  "mean_intervention_delay": 0.0,
  "operator_workload": 0.8666666666666667,
  "mean_drift": 7.080620670603805,
  "p95_drift": 21.724072303641982,
  "mean_latency_ms": 1.087607245426625,
  "risk_mean": 0.9230451904542659,
  "risk_p05": 0.46899964187891835,
  "risk_p25": 1.0,
  "risk_p50": 1.0,
  "risk_p75": 1.0,
  "risk_p95": 1.0,
  "separation_risk_mean": 0.3852492062697587,
  "congestion_risk_mean": 0.2349146925834944,
  "speed_risk_mean": 0.8385685271856655,
  "uncertainty_risk_mean": 0.6290518403920841,
  "human_activation_count": 130,
  "cooldown_skips": 20,
  "suppressed_request_count": 20,
  "suppressed_critical_count": 0,
  "cooldown_release_count": 128,
  "critical_override_count": 128,
  "critical_trigger_rate": 0.8533333333333334,
  "trigger_active_rate": 1.0,
  "confidence_mean": 0.75,
  "false_intervention_rate": 0.09230769230769231,
  "repeated_intervention_rate": 0.9230769230769231,
  "post_intervention_violation_rate": 0.4295774647887324,
  "mean_drift_after_intervention": 7.789036206509378,
  "min_predicted_distance_mean": 2.830320974367127
}