{
  "violation_rate": 0.02666666666666667,
  "collision_rate": 0.0,
  "near_miss_rate": 0.04,
  "intervention_rate": 0.16666666666666666,
  "override_success_rate": 0.92,
  "mean_intervention_delay": 0.0,
  "operator_workload": 0.16666666666666666,
  "mean_drift": 12.013206485015209,
  "p95_drift": 25.2143304542565,
  "mean_latency_ms": 0.35649226638876524,
  "risk_mean": 0.3225448186749391,
  "risk_p95": 0.5477532756686715,
  "separation_risk_mean": 0.12791793807513108,
  "congestion_risk_mean": 0.07929258117239019,
  "speed_risk_mean": 0.9943906749868839,
  "uncertainty_risk_mean": 0.64,
  "human_activation_count": 25,
  "cooldown_skips": 125,
  "trigger_active_rate": 1.0,
  "confidence_mean": 0.9500000000000002,
  "false_intervention_rate": 0.2
}