{
  "violation_rate": 0.02666666666666667,
  "collision_rate": 0.006666666666666667,
  "near_miss_rate": 0.08,
  "intervention_rate": 0.86,
  "override_success_rate": 0.9689922480620154,
  "mean_intervention_delay": 0.0,
  "operator_workload": 0.86,
  "mean_drift": 8.901900548488042,
  "p95_drift": 27.357426639248306,
  "mean_latency_ms": 0.46787027347212035,
  "risk_mean": 0.8898639213632695,
  "risk_p05": 0.22402148904708843,
  "risk_p25": 1.0,
  "risk_p50": 1.0,
  "risk_p75": 1.0,
  "risk_p95": 1.0,
  "separation_risk_mean": 0.11975503690491043,
  "congestion_risk_mean": 0.053380087883243874,
  "speed_risk_mean": 0.7636127912421682,
  "uncertainty_risk_mean": 0.6372968967987811,
  "human_activation_count": 129,
  "cooldown_skips": 21,
  "suppressed_request_count": 21,
  "suppressed_critical_count": 0,
  "cooldown_release_count": 126,
  "critical_override_count": 125,
  "critical_trigger_rate": 0.8333333333333334,
  "trigger_active_rate": 1.0,
  "confidence_mean": 0.9500000000000002,
  "false_intervention_rate": 0.09302325581395349,
  "repeated_intervention_rate": 0.9534883720930233,
  "post_intervention_violation_rate": 0.028985507246376812,
  "mean_drift_after_intervention": 9.725197975951243,
  "min_predicted_distance_mean": 4.458681561094656
}