{
  "violation_rate": 0.66,
  "collision_rate": 0.013333333333333334,
  "near_miss_rate": 0.14666666666666667,
  "intervention_rate": 0.78,
  "override_success_rate": 0.1623931623931624,
  "mean_intervention_delay": 0.0,
  "operator_workload": 0.78,
  "mean_drift": 11.81463673787338,
  "p95_drift": 38.97939615649798,
  "mean_latency_ms": 1.6736613858180742,
  "risk_mean": 0.8735239098425355,
  "risk_p05": 0.35244737229172557,
  "risk_p25": 0.735139095995284,
  "risk_p50": 1.0,
  "risk_p75": 1.0,
  "risk_p95": 1.0,
  "separation_risk_mean": 0.1942142355458454,
  "congestion_risk_mean": 0.11993142525898984,
  "speed_risk_mean": 0.6889219804378166,
  "uncertainty_risk_mean": 0.6389644975348836,
  "human_activation_count": 117,
  "cooldown_skips": 30,
  "suppressed_request_count": 30,
  "suppressed_critical_count": 0,
  "cooldown_release_count": 112,
  "critical_override_count": 112,
  "critical_trigger_rate": 0.7466666666666667,
  "trigger_active_rate": 0.98,
  "confidence_mean": 0.5,
  "false_intervention_rate": 0.07692307692307693,
  "repeated_intervention_rate": 0.9145299145299145,
  "post_intervention_violation_rate": 0.7557251908396947,
  "mean_drift_after_intervention": 13.589582587604614,
  "min_predicted_distance_mean": 3.1932347135679047
}