{
  "violation_rate": 0.02666666666666667,
  "collision_rate": 0.0,
  "near_miss_rate": 0.12666666666666668,
  "intervention_rate": 0.7666666666666667,
  "override_success_rate": 0.9652173913043478,
  "mean_intervention_delay": 0.0,
  "operator_workload": 0.7666666666666667,
  "mean_drift": 8.50166682386287,
  "p95_drift": 26.159200942580938,
  "mean_latency_ms": 0.5055872195710739,
  "risk_mean": 0.8325175944313828,
  "risk_p05": 0.24299908468836615,
  "risk_p25": 1.0,
  "risk_p50": 1.0,
  "risk_p75": 1.0,
  "risk_p95": 1.0,
  "separation_risk_mean": 0.05390251317678034,
  "congestion_risk_mean": 0.061314585241505015,
  "speed_risk_mean": 0.9360714634847345,
  "uncertainty_risk_mean": 0.6353315687213058,
  "human_activation_count": 115,
  "cooldown_skips": 10,
  "suppressed_request_count": 10,
  "suppressed_critical_count": 0,
  "cooldown_release_count": 115,
  "critical_override_count": 115,
  "critical_trigger_rate": 0.7666666666666667,
  "trigger_active_rate": 0.8133333333333334,
  "confidence_mean": 0.9500000000000002,
  "false_intervention_rate": 0.034782608695652174,
  "repeated_intervention_rate": 0.9826086956521739,
  "post_intervention_violation_rate": 0.034482758620689655,
  "mean_drift_after_intervention": 9.879889829566913,
  "min_predicted_distance_mean": 12.555952984437322
}