{
  "violation_rate": 0.06,
  "collision_rate": 0.006666666666666667,
  "near_miss_rate": 0.07333333333333333,
  "intervention_rate": 0.16666666666666666,
  "override_success_rate": 0.76,
  "mean_intervention_delay": 1.0,
  "operator_workload": 0.16666666666666666,
  "mean_drift": 10.117479360650911,
  "p95_drift": 22.515170869441185,
  "mean_latency_ms": 0.27621256701725844,
  "risk_mean": 0.2874043468660792,
  "risk_p95": 0.5834650996234185,
  "separation_risk_mean": 0.08283610889614752,
  "congestion_risk_mean": 0.04993547370353369,
  "speed_risk_mean": 0.9442948629128621,
  "uncertainty_risk_mean": 0.64,
  "human_activation_count": 25,
  "cooldown_skips": 125,
  "trigger_active_rate": 1.0,
  "confidence_mean": 0.9212990359040137,
  "false_intervention_rate": 0.28
}