{
  "violation_rate": 0.5933333333333334,
  "collision_rate": 0.0,
  "near_miss_rate": 0.03333333333333333,
  "intervention_rate": 0.72,
  "override_success_rate": 0.17592592592592593,
  "mean_intervention_delay": 3.0,
  "operator_workload": 0.72,
  "mean_drift": 15.463601764576145,
  "p95_drift": 42.173914512355395,
  "mean_latency_ms": 1.6072752722539008,
  "risk_mean": 0.7882770082321127,
  "risk_p05": 0.23621095752371524,
  "risk_p25": 0.3270246139686591,
  "risk_p50": 1.0,
  "risk_p75": 1.0,
  "risk_p95": 1.0,
  "separation_risk_mean": 0.021179546211867132,
  "congestion_risk_mean": 0.026217962684927546,
  "speed_risk_mean": 0.9620342971225576,
  "uncertainty_risk_mean": 0.6337327368696979,
  "human_activation_count": 108,
  "cooldown_skips": 10,
  "suppressed_request_count": 10,
  "suppressed_critical_count": 0,
  "cooldown_release_count": 106,
  "critical_override_count": 106,
  "critical_trigger_rate": 0.7066666666666667,
  "trigger_active_rate": 0.7733333333333333,
  "confidence_mean": 0.6413871590883142,
  "false_intervention_rate": 0.037037037037037035,
  "repeated_intervention_rate": 0.9722222222222222,
  "post_intervention_violation_rate": 0.8018018018018018,
  "mean_drift_after_intervention": 18.86717918250319,
  "min_predicted_distance_mean": 11.005624228444928
}