{
  "violation_rate": 0.06666666666666667,
  "collision_rate": 0.0,
  "near_miss_rate": 1.02,
  "intervention_rate": 0.7933333333333333,
  "override_success_rate": 0.9159663865546218,
  "mean_intervention_delay": 0.0,
  "operator_workload": 0.7933333333333333,
  "mean_drift": 11.94600559706688,
  "p95_drift": 34.820447485596375,
  "mean_latency_ms": 2.5545824955527983,
  "risk_mean": 0.9022696401780721,
  "risk_p05": 0.5610360758673898,
  "risk_p25": 1.0,
  "risk_p50": 1.0,
  "risk_p75": 1.0,
  "risk_p95": 1.0,
  "separation_risk_mean": 0.626975882391201,
  "congestion_risk_mean": 0.23526525984848604,
  "speed_risk_mean": 0.9058765991687494,
  "uncertainty_risk_mean": 0.64,
  "human_activation_count": 119,
  "cooldown_skips": 31,
  "suppressed_request_count": 31,
  "suppressed_critical_count": 0,
  "cooldown_release_count": 113,
  "critical_override_count": 113,
  "critical_trigger_rate": 0.7533333333333333,
  "trigger_active_rate": 1.0,
  "confidence_mean": 0.9500000000000002,
  "false_intervention_rate": 0.04201680672268908,
  "repeated_intervention_rate": 0.9327731092436975,
  "post_intervention_violation_rate": 0.07633587786259542,
  "mean_drift_after_intervention": 13.381184848454248,
  "min_predicted_distance_mean": 0.7208219997157519
}