{
  "violation_rate": 0.013333333333333334,
  "collision_rate": 0.0,
  "near_miss_rate": 0.41333333333333333,
  "intervention_rate": 0.16666666666666666,
  "override_success_rate": 0.96,
  "mean_intervention_delay": 0.0,
  "operator_workload": 0.16666666666666666,
  "mean_drift": 9.676037154876552,
  "p95_drift": 26.84953960752269,
  "mean_latency_ms": 0.6675008667904573,
  "risk_mean": 0.433914079724242,
  "risk_p95": 0.6744999999999555,
  "separation_risk_mean": 0.31924273837072303,
  "congestion_risk_mean": 0.18059901753538907,
  "speed_risk_mean": 0.9940339538237951,
  "uncertainty_risk_mean": 0.64,
  "human_activation_count": 25,
  "cooldown_skips": 125,
  "trigger_active_rate": 1.0,
  "confidence_mean": 0.9500000000000002,
  "false_intervention_rate": 0.2
}