{
  "violation_rate": 0.013333333333333334,
  "collision_rate": 0.0,
  "near_miss_rate": 0.42,
  "intervention_rate": 0.12,
  "override_success_rate": 0.9444444444444444,
  "mean_intervention_delay": 0.0,
  "operator_workload": 0.12,
  "mean_drift": 14.879395929067021,
  "p95_drift": 28.021996207705538,
  "mean_latency_ms": 0.7631397065900577,
  "risk_mean": 0.48032786996633065,
  "risk_p95": 0.6744999999999839,
  "separation_risk_mean": 0.4038745730822558,
  "congestion_risk_mean": 0.22994932563167245,
  "speed_risk_mean": 0.9681588090734801,
  "uncertainty_risk_mean": 0.6391543954025022,
  "human_activation_count": 18,
  "cooldown_skips": 88,
  "trigger_active_rate": 0.6666666666666666,
  "confidence_mean": 0.9500000000000002,
  "false_intervention_rate": 0.3333333333333333
}