{
  "violation_rate": 0.03333333333333333,
  "collision_rate": 0.006666666666666667,
  "near_miss_rate": 0.08666666666666667,
  "intervention_rate": 0.8333333333333334,
  "override_success_rate": 0.96,
  "mean_intervention_delay": 0.0,
  "operator_workload": 0.8333333333333334,
  "mean_drift": 10.373203111138405,
  "p95_drift": 32.476681607487286,
  "mean_latency_ms": 0.4894160875119269,
  "risk_mean": 0.8888940067174091,
  "risk_p05": 0.22694211645812226,
  "risk_p25": 1.0,
  "risk_p50": 1.0,
  "risk_p75": 1.0,
  "risk_p95": 1.0,
  "separation_risk_mean": 0.10569940768727844,
  "congestion_risk_mean": 0.05537812855750186,
  "speed_risk_mean": 0.8032192075553063,
  "uncertainty_risk_mean": 0.6372968967987811,
  "human_activation_count": 125,
  "cooldown_skips": 15,
  "suppressed_request_count": 15,
  "suppressed_critical_count": 0,
  "cooldown_release_count": 124,
  "critical_override_count": 124,
  "critical_trigger_rate": 0.8266666666666667,
  "trigger_active_rate": 0.9,
  "confidence_mean": 0.9500000000000002,
  "false_intervention_rate": 0.072,
  "repeated_intervention_rate": 0.968,
  "post_intervention_violation_rate": 0.038461538461538464,
  "mean_drift_after_intervention": 11.657240457352003,
  "min_predicted_distance_mean": 8.918763877951172
}