{
  "violation_rate": 0.05333333333333334,
  "collision_rate": 0.0,
  "near_miss_rate": 0.36666666666666664,
  "intervention_rate": 0.7866666666666666,
  "override_success_rate": 0.9322033898305084,
  "mean_intervention_delay": 0.0,
  "operator_workload": 0.7866666666666666,
  "mean_drift": 9.60864209125745,
  "p95_drift": 20.60201447577745,
  "mean_latency_ms": 1.7639916335853438,
  "risk_mean": 0.8608840110312267,
  "risk_p05": 0.277248328595901,
  "risk_p25": 0.7109841342645803,
  "risk_p50": 1.0,
  "risk_p75": 1.0,
  "risk_p95": 1.0,
  "separation_risk_mean": 0.32096955279100803,
  "congestion_risk_mean": 0.13124673264381972,
  "speed_risk_mean": 0.9464274439372965,
  "uncertainty_risk_mean": 0.6395587078452633,
  "human_activation_count": 118,
  "cooldown_skips": 32,
  "suppressed_request_count": 32,
  "suppressed_critical_count": 0,
  "cooldown_release_count": 111,
  "critical_override_count": 111,
  "critical_trigger_rate": 0.74,
  "trigger_active_rate": 1.0,
  "confidence_mean": 0.9500000000000002,
  "false_intervention_rate": 0.059322033898305086,
  "repeated_intervention_rate": 0.9322033898305084,
  "post_intervention_violation_rate": 0.061068702290076333,
  "mean_drift_after_intervention": 10.930604326464286,
  "min_predicted_distance_mean": 2.0941075145966623
}