{
  "violation_rate": 0.08,
  "collision_rate": 0.013333333333333334,
  "near_miss_rate": 1.22,
  "intervention_rate": 0.9866666666666667,
  "override_success_rate": 0.918918918918919,
  "mean_intervention_delay": 0.0,
  "operator_workload": 0.9866666666666667,
  "mean_drift": 12.837738268336267,
  "p95_drift": 32.54449831548866,
  "mean_latency_ms": 0.6094836195309957,
  "risk_mean": 0.9955698483166283,
  "risk_p05": 1.0,
  "risk_p25": 1.0,
  "risk_p50": 1.0,
  "risk_p75": 1.0,
  "risk_p95": 1.0,
  "separation_risk_mean": 0.7327478453139449,
  "congestion_risk_mean": 0.43591251706293815,
  "speed_risk_mean": 0.6827243891451875,
  "uncertainty_risk_mean": 0.9963126328987205,
  "human_activation_count": 148,
  "cooldown_skips": 2,
  "suppressed_request_count": 2,
  "suppressed_critical_count": 0,
  "cooldown_release_count": 148,
  "critical_override_count": 148,
  "critical_trigger_rate": 0.9866666666666667,
  "trigger_active_rate": 1.0,
  "confidence_mean": 0.9500000000000002,
  "false_intervention_rate": 0.006756756756756757,
  "repeated_intervention_rate": 0.9797297297297297,
  "post_intervention_violation_rate": 0.08053691275167785,
  "mean_drift_after_intervention": 12.88801229138137,
  "min_predicted_distance_mean": 0.5070746854258552
}