{
  "violation_rate": 0.11333333333333333,
  "collision_rate": 0.0,
  "near_miss_rate": 0.26,
  "intervention_rate": 0.8266666666666667,
  "override_success_rate": 0.8629032258064516,
  "mean_intervention_delay": 0.0,
  "operator_workload": 0.8266666666666667,
  "mean_drift": 8.113420019657987,
  "p95_drift": 21.5916159364329,
  "mean_latency_ms": 0.6274874981803199,
  "risk_mean": 0.8916158704919891,
  "risk_p05": 0.3859982420754566,
  "risk_p25": 1.0,
  "risk_p50": 1.0,
  "risk_p75": 1.0,
  "risk_p95": 1.0,
  "separation_risk_mean": 0.38269689784156957,
  "congestion_risk_mean": 0.22008933117245902,
  "speed_risk_mean": 0.848336132580426,
  "uncertainty_risk_mean": 0.6293665706822452,
  "human_activation_count": 124,
  "cooldown_skips": 26,
  "suppressed_request_count": 26,
  "suppressed_critical_count": 0,
  "cooldown_release_count": 119,
  "critical_override_count": 119,
  "critical_trigger_rate": 0.7933333333333333,
  "trigger_active_rate": 1.0,
  "confidence_mean": 0.9500000000000002,
  "false_intervention_rate": 0.08870967741935484,
  "repeated_intervention_rate": 0.9435483870967742,
  "post_intervention_violation_rate": 0.12686567164179105,
  "mean_drift_after_intervention": 9.196717936173084,
  "min_predicted_distance_mean": 1.9460912130569357
}