{
  "violation_rate": 0.5466666666666666,
  "collision_rate": 0.0,
  "near_miss_rate": 0.13333333333333333,
  "intervention_rate": 0.8333333333333334,
  "override_success_rate": 0.344,
  "mean_intervention_delay": 0.0,
  "operator_workload": 0.8333333333333334,
  "mean_drift": 12.46565285472686,
  "p95_drift": 26.711029063943954,
  "mean_latency_ms": 1.4558336255140603,
  "risk_mean": 0.9146271055795169,
  "risk_p05": 0.5409227792798582,
  "risk_p25": 1.0,
  "risk_p50": 1.0,
  "risk_p75": 1.0,
  "risk_p95": 1.0,
  "separation_risk_mean": 0.12974408354819536,
  "congestion_risk_mean": 0.08059082098897756,
  "speed_risk_mean": 0.9717689110953132,
  "uncertainty_risk_mean": 0.64,
  "human_activation_count": 125,
  "cooldown_skips": 25,
  "suppressed_request_count": 25,
  "suppressed_critical_count": 0,
  "cooldown_release_count": 120,
  "critical_override_count": 120,
  "critical_trigger_rate": 0.8,
  "trigger_active_rate": 1.0,
  "confidence_mean": 0.5,
  "false_intervention_rate": 0.072,
  "repeated_intervention_rate": 0.952,
  "post_intervention_violation_rate": 0.6044776119402985,
  "mean_drift_after_intervention": 14.00119062182366,
  "min_predicted_distance_mean": 5.7535451610890975
}