{
  "violation_rate": 0.08,
  "collision_rate": 0.0,
  "near_miss_rate": 0.05333333333333334,
  "intervention_rate": 0.7266666666666667,
  "override_success_rate": 0.8899082568807339,
  "mean_intervention_delay": 0.0,
  "operator_workload": 0.7266666666666667,
  "mean_drift": 13.396183540901927,
  "p95_drift": 30.940506050749665,
  "mean_latency_ms": 0.4873477170864741,
  "risk_mean": 0.825027294630645,
  "risk_p05": 0.25179672092508465,
  "risk_p25": 0.5067687538365324,
  "risk_p50": 1.0,
  "risk_p75": 1.0,
  "risk_p95": 1.0,
  "separation_risk_mean": 0.08571734746353461,
  "congestion_risk_mean": 0.07453486263176347,
  "speed_risk_mean": 0.9698938467015625,
  "uncertainty_risk_mean": 0.6207776463875618,
  "human_activation_count": 109,
  "cooldown_skips": 41,
  "suppressed_request_count": 41,
  "suppressed_critical_count": 0,
  "cooldown_release_count": 106,
  "critical_override_count": 106,
  "critical_trigger_rate": 0.7066666666666667,
  "trigger_active_rate": 1.0,
  "confidence_mean": 0.9500000000000002,
  "false_intervention_rate": 0.03669724770642202,
  "repeated_intervention_rate": 0.963302752293578,
  "post_intervention_violation_rate": 0.10619469026548672,
  "mean_drift_after_intervention": 16.23612858747066,
  "min_predicted_distance_mean": 2.8218816211864532
}