{
  "violation_rate": 0.32,
  "collision_rate": 0.0,
  "near_miss_rate": 0.3,
  "intervention_rate": 0.9133333333333333,
  "override_success_rate": 0.6496350364963503,
  "mean_intervention_delay": 0.0,
  "operator_workload": 0.9133333333333333,
  "mean_drift": 10.580036479391213,
  "p95_drift": 29.698846069575918,
  "mean_latency_ms": 0.9584153047762811,
  "risk_mean": 0.9633546201171894,
  "risk_p05": 0.661423311753336,
  "risk_p25": 1.0,
  "risk_p50": 1.0,
  "risk_p75": 1.0,
  "risk_p95": 1.0,
  "separation_risk_mean": 0.5477410326651653,
  "congestion_risk_mean": 0.30603613600809165,
  "speed_risk_mean": 0.9476177916141809,
  "uncertainty_risk_mean": 0.6366123299070731,
  "human_activation_count": 137,
  "cooldown_skips": 13,
  "suppressed_request_count": 13,
  "suppressed_critical_count": 0,
  "cooldown_release_count": 136,
  "critical_override_count": 136,
  "critical_trigger_rate": 0.9066666666666666,
  "trigger_active_rate": 1.0,
  "confidence_mean": 0.75,
  "false_intervention_rate": 0.058394160583941604,
  "repeated_intervention_rate": 0.9635036496350365,
  "post_intervention_violation_rate": 0.3356643356643357,
  "mean_drift_after_intervention": 10.981094205127215,
  "min_predicted_distance_mean": 1.4520533731928977
}