{
  "violation_rate": 0.30666666666666664,
  "collision_rate": 0.013333333333333334,
  "near_miss_rate": 0.17333333333333334,
  "intervention_rate": 0.86,
  "override_success_rate": 0.6434108527131783,
  "mean_intervention_delay": 1.0,
  "operator_workload": 0.86,
  "mean_drift": 11.415324909639502,
  "p95_drift": 36.79099539008782,
  "mean_latency_ms": 0.8585060946643353,
  "risk_mean": 0.9131427631475201,
  "risk_p05": 0.3873033601684324,
  "risk_p25": 1.0,
  "risk_p50": 1.0,
  "risk_p75": 1.0,
  "risk_p95": 1.0,
  "separation_risk_mean": 0.15835482749017052,
  "congestion_risk_mean": 0.09028857703029866,
  "speed_risk_mean": 0.8865006824742744,
  "uncertainty_risk_mean": 0.6303359521773554,
  "human_activation_count": 129,
  "cooldown_skips": 20,
  "suppressed_request_count": 20,
  "suppressed_critical_count": 0,
  "cooldown_release_count": 126,
  "critical_override_count": 126,
  "critical_trigger_rate": 0.84,
  "trigger_active_rate": 0.9866666666666667,
  "confidence_mean": 0.8019030252647109,
  "false_intervention_rate": 0.07751937984496124,
  "repeated_intervention_rate": 0.9612403100775194,
  "post_intervention_violation_rate": 0.33088235294117646,
  "mean_drift_after_intervention": 12.407130158849087,
  "min_predicted_distance_mean": 4.954584330523638
}