{
  "violation_rate": 0.37333333333333335,
  "collision_rate": 0.0,
  "near_miss_rate": 0.14666666666666667,
  "intervention_rate": 0.7666666666666667,
  "override_success_rate": 0.5130434782608696,
  "mean_intervention_delay": 0.0,
  "operator_workload": 0.7666666666666667,
  "mean_drift": 15.480347451010612,
  "p95_drift": 37.83387778045494,
  "mean_latency_ms": 0.9226935915648937,
  "risk_mean": 0.8590840062461825,
  "risk_p05": 0.45347861271363105,
  "risk_p25": 0.6659498739395373,
  "risk_p50": 1.0,
  "risk_p75": 1.0,
  "risk_p95": 1.0,
  "separation_risk_mean": 0.26698929189366233,
  "congestion_risk_mean": 0.1755773376820247,
  "speed_risk_mean": 0.790553816541687,
  "uncertainty_risk_mean": 0.6351472742165233,
  "human_activation_count": 115,
  "cooldown_skips": 35,
  "suppressed_request_count": 35,
  "suppressed_critical_count": 0,
  "cooldown_release_count": 108,
  "critical_override_count": 108,
  "critical_trigger_rate": 0.72,
  "trigger_active_rate": 1.0,
  "confidence_mean": 0.75,
  "false_intervention_rate": 0.0782608695652174,
  "repeated_intervention_rate": 0.9217391304347826,
  "post_intervention_violation_rate": 0.43410852713178294,
  "mean_drift_after_intervention": 17.873777407476016,
  "min_predicted_distance_mean": 2.477160626824848
}