{
  "violation_rate": 0.03333333333333333,
  "collision_rate": 0.006666666666666667,
  "near_miss_rate": 0.006666666666666667,
  "intervention_rate": 0.72,
  "override_success_rate": 0.9537037037037037,
  "mean_intervention_delay": 0.0,
  "operator_workload": 0.72,
  "mean_drift": 7.602841712086189,
  "p95_drift": 19.526138450220476,
  "mean_latency_ms": 0.45843300797666114,
  "risk_mean": 0.7810920770449412,
  "risk_p05": 0.2159999999998196,
  "risk_p25": 0.3292116282871224,
  "risk_p50": 1.0,
  "risk_p75": 1.0,
  "risk_p95": 1.0,
  "separation_risk_mean": 0.03169112113078452,
  "congestion_risk_mean": 0.021752371284572143,
  "speed_risk_mean": 0.8764509393079414,
  "uncertainty_risk_mean": 0.6359269003534952,
  "human_activation_count": 108,
  "cooldown_skips": 15,
  "suppressed_request_count": 15,
  "suppressed_critical_count": 0,
  "cooldown_release_count": 106,
  "critical_override_count": 106,
  "critical_trigger_rate": 0.7066666666666667,
  "trigger_active_rate": 0.7933333333333333,
  "confidence_mean": 0.9500000000000002,
  "false_intervention_rate": 0.06481481481481481,
  "repeated_intervention_rate": 0.9629629629629629,
  "post_intervention_violation_rate": 0.035398230088495575,
  "mean_drift_after_intervention": 9.437151406888056,
  "min_predicted_distance_mean": 9.106180115184662
}