{
  "violation_rate": 0.08,
  "collision_rate": 0.006666666666666667,
  "near_miss_rate": 1.42,
  "intervention_rate": 0.7933333333333333,
  "override_success_rate": 0.907563025210084,
  "mean_intervention_delay": 0.0,
  "operator_workload": 0.7933333333333333,
  "mean_drift": 11.585236686503132,
  "p95_drift": 32.77646980479123,
  "mean_latency_ms": 3.410884451586753,
  "risk_mean": 0.8815849899534836,
  "risk_p05": 0.38600279527992026,
  "risk_p25": 1.0,
  "risk_p50": 1.0,
  "risk_p75": 1.0,
  "risk_p95": 1.0,
  "separation_risk_mean": 0.5888989849597501,
  "congestion_risk_mean": 0.333220443147339,
  "speed_risk_mean": 0.8905703799081373,
  "uncertainty_risk_mean": 0.64,
  "human_activation_count": 119,
  "cooldown_skips": 31,
  "suppressed_request_count": 31,
  "suppressed_critical_count": 0,
  "cooldown_release_count": 114,
  "critical_override_count": 114,
  "critical_trigger_rate": 0.76,
  "trigger_active_rate": 1.0,
  "confidence_mean": 0.9500000000000002,
  "false_intervention_rate": 0.058823529411764705,
  "repeated_intervention_rate": 0.9327731092436975,
  "post_intervention_violation_rate": 0.0916030534351145,
  "mean_drift_after_intervention": 13.185281683402172,
  "min_predicted_distance_mean": 0.887954375089782
}