{
  "violation_rate": 0.0,
  "collision_rate": 0.0,
  "near_miss_rate": 1.38,
  "intervention_rate": 0.8333333333333334,
  "override_success_rate": 1.0,
  "mean_intervention_delay": 0.0,
  "operator_workload": 0.8333333333333334,
  "mean_drift": 1.9726110620126456,
  "p95_drift": 8.046820969697565,
  "mean_latency_ms": 0.6847185975251099,
  "risk_mean": 0.9298585162048748,
  "risk_p05": 0.5450337712081825,
  "risk_p25": 1.0,
  "risk_p50": 1.0,
  "risk_p75": 1.0,
  "risk_p95": 1.0,
  "separation_risk_mean": 0.7297733530288841,
  "congestion_risk_mean": 0.5377348381266235,
  "speed_risk_mean": 0.5642531453047852,
  "uncertainty_risk_mean": 0.6319286633116428,
  "human_activation_count": 125,
  "cooldown_skips": 25,
  "suppressed_request_count": 25,
  "suppressed_critical_count": 0,
  "cooldown_release_count": 125,
  "critical_override_count": 125,
  "critical_trigger_rate": 0.8333333333333334,
  "trigger_active_rate": 1.0,
  "confidence_mean": 1.0,
  "false_intervention_rate": 0.088,
  "repeated_intervention_rate": 0.92,
  "post_intervention_violation_rate": 0.0,
  "mean_drift_after_intervention": 1.9872514473062317,
  "min_predicted_distance_mean": 0.6331835426711045
}