{
  "violation_rate": 0.07333333333333333,
  "collision_rate": 0.0,
  "near_miss_rate": 0.04666666666666667,
  "intervention_rate": 1.0,
  "override_success_rate": 0.9266666666666666,
  "mean_intervention_delay": 0.0,
  "operator_workload": 1.0,
  "mean_drift": 15.717914219537505,
  "p95_drift": 36.138887454499674,
  "mean_latency_ms": 0.44527529350792366,
  "risk_mean": 0.799242295107723,
  "risk_p05": 0.24599999999990577,
  "risk_p25": 0.49473342503435275,
  "risk_p50": 1.0,
  "risk_p75": 1.0,
  "risk_p95": 1.0,
  "separation_risk_mean": 0.04278932249577543,
  "congestion_risk_mean": 0.03386744559692664,
  "speed_risk_mean": 0.9841239274450646,
  "uncertainty_risk_mean": 0.6384988009061447,
  "human_activation_count": 150,
  "cooldown_skips": 0,
  "suppressed_request_count": 0,
  "suppressed_critical_count": 0,
  "cooldown_release_count": 106,
  "critical_override_count": 106,
  "critical_trigger_rate": 0.7066666666666667,
  "trigger_active_rate": 1.0,
  "confidence_mean": 0.9500000000000002,
  "false_intervention_rate": 0.3,
  "repeated_intervention_rate": 0.9933333333333333,
  "post_intervention_violation_rate": 0.06711409395973154,
  "mean_drift_after_intervention": 15.717914219537505,
  "min_predicted_distance_mean": 12.073283419072537
}