{
  "violation_rate": 0.08666666666666667,
  "collision_rate": 0.0,
  "near_miss_rate": 1.12,
  "intervention_rate": 0.94,
  "override_success_rate": 0.9078014184397163,
  "mean_intervention_delay": 0.0,
  "operator_workload": 0.94,
  "mean_drift": 7.492655410837468,
  "p95_drift": 24.289713855988303,
  "mean_latency_ms": 2.5026860763318837,
  "risk_mean": 0.9737077517206573,
  "risk_p05": 0.5775142228147411,
  "risk_p25": 1.0,
  "risk_p50": 1.0,
  "risk_p75": 1.0,
  "risk_p95": 1.0,
  "separation_risk_mean": 0.577358670370271,
  "congestion_risk_mean": 0.26787188568420855,
  "speed_risk_mean": 0.743130867063648,
  "uncertainty_risk_mean": 0.6372964171723231,
  "human_activation_count": 141,
  "cooldown_skips": 9,
  "suppressed_request_count": 9,
  "suppressed_critical_count": 0,
  "cooldown_release_count": 141,
  "critical_override_count": 141,
  "critical_trigger_rate": 0.94,
  "trigger_active_rate": 1.0,
  "confidence_mean": 0.9500000000000002,
  "false_intervention_rate": 0.06382978723404255,
  "repeated_intervention_rate": 0.9574468085106383,
  "post_intervention_violation_rate": 0.08843537414965986,
  "mean_drift_after_intervention": 7.66366345948786,
  "min_predicted_distance_mean": 1.2707463710720301
}