{
  "violation_rate": 0.08,
  "collision_rate": 0.006666666666666667,
  "near_miss_rate": 0.23333333333333334,
  "intervention_rate": 0.8266666666666667,
  "override_success_rate": 0.9032258064516129,
  "mean_intervention_delay": 0.0,
  "operator_workload": 0.8266666666666667,
  "mean_drift": 6.006280248862732,
  "p95_drift": 22.445931889332886,
  "mean_latency_ms": 0.5658583071393272,
  "risk_mean": 0.8472433579632508,
  "risk_p05": 0.3009512494429533,
  "risk_p25": 0.6806641288620915,
  "risk_p50": 1.0,
  "risk_p75": 1.0,
  "risk_p95": 1.0,
  "separation_risk_mean": 0.47916271739439364,
  "congestion_risk_mean": 0.250012721947431,
  "speed_risk_mean": 0.5755516167943193,
  "uncertainty_risk_mean": 0.6329408412057513,
  "human_activation_count": 124,
  "cooldown_skips": 26,
  "suppressed_request_count": 26,
  "suppressed_critical_count": 0,
  "cooldown_release_count": 115,
  "critical_override_count": 112,
  "critical_trigger_rate": 0.7466666666666667,
  "trigger_active_rate": 1.0,
  "confidence_mean": 0.9500000000000002,
  "false_intervention_rate": 0.14516129032258066,
  "repeated_intervention_rate": 0.8709677419354839,
  "post_intervention_violation_rate": 0.08053691275167785,
  "mean_drift_after_intervention": 6.516678789937459,
  "min_predicted_distance_mean": 1.653052314615463
}