{
  "violation_rate": 0.09333333333333334,
  "collision_rate": 0.0,
  "near_miss_rate": 0.32,
  "intervention_rate": 1.0,
  "override_success_rate": 0.9066666666666666,
  "mean_intervention_delay": 0.0,
  "operator_workload": 1.0,
  "mean_drift": 7.886051779982483,
  "p95_drift": 21.508847479602498,
  "mean_latency_ms": 0.43607168035426486,
  "risk_mean": 0.45426853272534196,
  "risk_p95": 0.6666824696537607,
  "separation_risk_mean": 0.36528368986556775,
  "congestion_risk_mean": 0.24178393174155607,
  "speed_risk_mean": 0.9006517121994627,
  "uncertainty_risk_mean": 0.628980883470188,
  "human_activation_count": 150,
  "cooldown_skips": 0,
  "trigger_active_rate": 1.0,
  "confidence_mean": 0.9500000000000002,
  "false_intervention_rate": 0.24
}