{
  "violation_rate": 0.0,
  "collision_rate": 0.0,
  "near_miss_rate": 0.08,
  "intervention_rate": 0.8333333333333334,
  "override_success_rate": 1.0,
  "mean_intervention_delay": 0.0,
  "operator_workload": 0.8333333333333334,
  "mean_drift": 8.939752957980781,
  "p95_drift": 27.000467311806485,
  "mean_latency_ms": 0.4601397334287564,
  "risk_mean": 0.8755703358029151,
  "risk_p05": 0.2166969365080129,
  "risk_p25": 1.0,
  "risk_p50": 1.0,
  "risk_p75": 1.0,
  "risk_p95": 1.0,
  "separation_risk_mean": 0.10599350525262258,
  "congestion_risk_mean": 0.046900851291844695,
  "speed_risk_mean": 0.757594446848842,
  "uncertainty_risk_mean": 0.6353536213164689,
  "human_activation_count": 125,
  "cooldown_skips": 20,
  "suppressed_request_count": 20,
  "suppressed_critical_count": 0,
  "cooldown_release_count": 122,
  "critical_override_count": 122,
  "critical_trigger_rate": 0.8133333333333334,
  "trigger_active_rate": 0.9133333333333333,
  "confidence_mean": 1.0,
  "false_intervention_rate": 0.088,
  "repeated_intervention_rate": 0.96,
  "post_intervention_violation_rate": 0.0,
  "mean_drift_after_intervention": 9.968846589148935,
  "min_predicted_distance_mean": 4.700999563167436
}