{
  "violation_rate": 0.24666666666666667,
  "collision_rate": 0.0,
  "near_miss_rate": 0.006666666666666667,
  "intervention_rate": 0.8,
  "override_success_rate": 0.6916666666666667,
  "mean_intervention_delay": 1.0,
  "operator_workload": 0.8,
  "mean_drift": 10.31541425091278,
  "p95_drift": 28.437458889510513,
  "mean_latency_ms": 0.7779997121542692,
  "risk_mean": 0.8493376616525439,
  "risk_p05": 0.2459999999998843,
  "risk_p25": 1.0,
  "risk_p50": 1.0,
  "risk_p75": 1.0,
  "risk_p95": 1.0,
  "separation_risk_mean": 0.05408489063950879,
  "congestion_risk_mean": 0.0346236740094564,
  "speed_risk_mean": 0.9079999999993891,
  "uncertainty_risk_mean": 0.64,
  "human_activation_count": 120,
  "cooldown_skips": 30,
  "suppressed_request_count": 30,
  "suppressed_critical_count": 0,
  "cooldown_release_count": 114,
  "critical_override_count": 114,
  "critical_trigger_rate": 0.76,
  "trigger_active_rate": 1.0,
  "confidence_mean": 0.8122353723392659,
  "false_intervention_rate": 0.09166666666666666,
  "repeated_intervention_rate": 0.9416666666666667,
  "post_intervention_violation_rate": 0.2824427480916031,
  "mean_drift_after_intervention": 11.365642073917373,
  "min_predicted_distance_mean": 5.947368651447635
}