{
  "violation_rate": 0.02666666666666667,
  "collision_rate": 0.0,
  "near_miss_rate": 0.5133333333333333,
  "intervention_rate": 0.78,
  "override_success_rate": 0.9658119658119658,
  "mean_intervention_delay": 0.0,
  "operator_workload": 0.78,
  "mean_drift": 7.647085551664229,
  "p95_drift": 22.14352545087466,
  "mean_latency_ms": 0.4600388929247856,
  "risk_mean": 0.8813364858348907,
  "risk_p05": 0.37105056284534343,
  "risk_p25": 1.0,
  "risk_p50": 1.0,
  "risk_p75": 1.0,
  "risk_p95": 1.0,
  "separation_risk_mean": 0.38973574685832907,
  "congestion_risk_mean": 0.23842490284217235,
  "speed_risk_mean": 0.8401135675618298,
  "uncertainty_risk_mean": 0.6289923470694236,
  "human_activation_count": 117,
  "cooldown_skips": 33,
  "suppressed_request_count": 33,
  "suppressed_critical_count": 0,
  "cooldown_release_count": 114,
  "critical_override_count": 114,
  "critical_trigger_rate": 0.76,
  "trigger_active_rate": 1.0,
  "confidence_mean": 0.9500000000000002,
  "false_intervention_rate": 0.042735042735042736,
  "repeated_intervention_rate": 0.9487179487179487,
  "post_intervention_violation_rate": 0.024,
  "mean_drift_after_intervention": 9.10980825590611,
  "min_predicted_distance_mean": 2.8932772814681003
}