{
  "violation_rate": 0.06666666666666667,
  "collision_rate": 0.0,
  "near_miss_rate": 0.6933333333333334,
  "intervention_rate": 0.7333333333333333,
  "override_success_rate": 0.9090909090909091,
  "mean_intervention_delay": 0.0,
  "operator_workload": 0.7333333333333333,
  "mean_drift": 12.029280697336365,
  "p95_drift": 28.026536291479854,
  "mean_latency_ms": 0.5677138393123945,
  "risk_mean": 0.8064893268655222,
  "risk_p05": 0.2459999999998775,
  "risk_p25": 0.4508879815959429,
  "risk_p50": 1.0,
  "risk_p75": 1.0,
  "risk_p95": 1.0,
  "separation_risk_mean": 0.559157521197679,
  "congestion_risk_mean": 0.33404174675540543,
  "speed_risk_mean": 0.8897413911547751,
  "uncertainty_risk_mean": 0.6318802700574634,
  "human_activation_count": 110,
  "cooldown_skips": 15,
  "suppressed_request_count": 15,
  "suppressed_critical_count": 0,
  "cooldown_release_count": 107,
  "critical_override_count": 107,
  "critical_trigger_rate": 0.7133333333333334,
  "trigger_active_rate": 0.8133333333333334,
  "confidence_mean": 0.9500000000000002,
  "false_intervention_rate": 0.03636363636363636,
  "repeated_intervention_rate": 0.9636363636363636,
  "post_intervention_violation_rate": 0.08695652173913043,
  "mean_drift_after_intervention": 14.13693525287837,
  "min_predicted_distance_mean": 0.9739788651095144
}