{
  "violation_rate": 0.09333333333333334,
  "collision_rate": 0.006666666666666667,
  "near_miss_rate": 0.05333333333333334,
  "intervention_rate": 0.8266666666666667,
  "override_success_rate": 0.8870967741935484,
  "mean_intervention_delay": 0.0,
  "operator_workload": 0.8266666666666667,
  "mean_drift": 9.777997010874827,
  "p95_drift": 33.151711366902276,
  "mean_latency_ms": 0.565116114448756,
  "risk_mean": 0.8764754972281491,
  "risk_p05": 0.29638618119263527,
  "risk_p25": 1.0,
  "risk_p50": 1.0,
  "risk_p75": 1.0,
  "risk_p95": 1.0,
  "separation_risk_mean": 0.08922315836230153,
  "congestion_risk_mean": 0.043350821607261815,
  "speed_risk_mean": 0.7935642694148721,
  "uncertainty_risk_mean": 0.9978638217909933,
  "human_activation_count": 124,
  "cooldown_skips": 26,
  "suppressed_request_count": 26,
  "suppressed_critical_count": 0,
  "cooldown_release_count": 119,
  "critical_override_count": 119,
  "critical_trigger_rate": 0.7933333333333333,
  "trigger_active_rate": 1.0,
  "confidence_mean": 0.9500000000000002,
  "false_intervention_rate": 0.07258064516129033,
  "repeated_intervention_rate": 0.9435483870967742,
  "post_intervention_violation_rate": 0.1044776119402985,
  "mean_drift_after_intervention": 10.963047299231267,
  "min_predicted_distance_mean": 8.224920761514483
}