{
  "violation_rate": 0.0,
  "collision_rate": 0.0,
  "near_miss_rate": 1.1933333333333334,
  "intervention_rate": 0.5533333333333333,
  "override_success_rate": 1.0,
  "mean_intervention_delay": 0.0,
  "operator_workload": 0.5533333333333333,
  "mean_drift": 2.4461220925087352,
  "p95_drift": 6.652044249288639,
  "mean_latency_ms": 0.5289819370955229,
  "risk_mean": 0.8075848107672305,
  "risk_p05": 0.5444481611401978,
  "risk_p25": 0.6203343059933449,
  "risk_p50": 0.8487238713062284,
  "risk_p75": 1.0,
  "risk_p95": 1.0,
  "separation_risk_mean": 0.7200359170850275,
  "congestion_risk_mean": 0.456892071096901,
  "speed_risk_mean": 0.6422444629305438,
  "uncertainty_risk_mean": 0.6197497288559262,
  "human_activation_count": 83,
  "cooldown_skips": 67,
  "suppressed_request_count": 67,
  "suppressed_critical_count": 0,
  "cooldown_release_count": 75,
  "critical_override_count": 75,
  "critical_trigger_rate": 0.5,
  "trigger_active_rate": 1.0,
  "confidence_mean": 1.0,
  "false_intervention_rate": 0.0963855421686747,
  "repeated_intervention_rate": 0.7710843373493976,
  "post_intervention_violation_rate": 0.0,
  "mean_drift_after_intervention": 2.5540616076178977,
  "min_predicted_distance_mean": 0.6862831748008292
}