{
  "violation_rate": 0.013333333333333334,
  "collision_rate": 0.0,
  "near_miss_rate": 0.06,
  "intervention_rate": 0.16666666666666666,
  "override_success_rate": 0.92,
  "mean_intervention_delay": 0.0,
  "operator_workload": 0.16666666666666666,
  "mean_drift": 10.081627933567196,
  "p95_drift": 25.224563191569803,
  "mean_latency_ms": 0.21750362628760436,
  "risk_mean": 0.2757314467397269,
  "risk_p95": 0.563941044320082,
  "separation_risk_mean": 0.06602110794780025,
  "congestion_risk_mean": 0.0423519941970529,
  "speed_risk_mean": 0.9348274758301442,
  "uncertainty_risk_mean": 0.6347321882628795,
  "human_activation_count": 25,
  "cooldown_skips": 125,
  "trigger_active_rate": 1.0,
  "confidence_mean": 0.9000000000000004,
  "false_intervention_rate": 0.2
}