{
  "violation_rate": 0.02666666666666667,
  "collision_rate": 0.0,
  "near_miss_rate": 0.7,
  "intervention_rate": 0.3333333333333333,
  "override_success_rate": 0.96,
  "mean_intervention_delay": 0.0,
  "operator_workload": 0.3333333333333333,
  "mean_drift": 12.035032985849927,
  "p95_drift": 27.99190090983455,
  "mean_latency_ms": 0.8177713471620033,
  "risk_mean": 0.5540155629067006,
  "risk_p95": 0.730930862244919,
  "separation_risk_mean": 0.5344903771541389,
  "congestion_risk_mean": 0.32438422492176067,
  "speed_risk_mean": 0.9170176865287526,
  "uncertainty_risk_mean": 0.6323078931838996,
  "human_activation_count": 50,
  "cooldown_skips": 100,
  "trigger_active_rate": 1.0,
  "confidence_mean": 0.9500000000000002,
  "false_intervention_rate": 0.28
}