{
  "violation_rate": 0.0,
  "collision_rate": 0.0,
  "near_miss_rate": 0.03333333333333333,
  "intervention_rate": 0.16666666666666666,
  "override_success_rate": 1.0,
  "mean_intervention_delay": 0.0,
  "operator_workload": 0.16666666666666666,
  "mean_drift": 13.418645060234136,
  "p95_drift": 32.03553967657251,
  "mean_latency_ms": 0.3726669940321396,
  "risk_mean": 0.26580040751188316,
  "risk_p95": 0.4517115799727369,
  "separation_risk_mean": 0.03363642449280165,
  "congestion_risk_mean": 0.021268364161345758,
  "speed_risk_mean": 0.99564616966524,
  "uncertainty_risk_mean": 0.64,
  "human_activation_count": 25,
  "cooldown_skips": 125,
  "trigger_active_rate": 1.0,
  "confidence_mean": 0.9500000000000002,
  "false_intervention_rate": 0.2
}