{
  "violation_rate": 0.08666666666666667,
  "collision_rate": 0.006666666666666667,
  "near_miss_rate": 0.26666666666666666,
  "intervention_rate": 0.7866666666666666,
  "override_success_rate": 0.8898305084745762,
  "mean_intervention_delay": 0.0,
  "operator_workload": 0.7866666666666666,
  "mean_drift": 10.818789675051432,
  "p95_drift": 39.142552106556245,
  "mean_latency_ms": 0.5939030600711703,
  "risk_mean": 0.8574888407423146,
  "risk_p05": 0.33968965942827817,
  "risk_p25": 1.0,
  "risk_p50": 1.0,
  "risk_p75": 1.0,
  "risk_p95": 1.0,
  "separation_risk_mean": 0.18383161063600123,
  "congestion_risk_mean": 0.1344519535565054,
  "speed_risk_mean": 0.5468715807320892,
  "uncertainty_risk_mean": 0.6201994561760457,
  "human_activation_count": 118,
  "cooldown_skips": 31,
  "suppressed_request_count": 31,
  "suppressed_critical_count": 0,
  "cooldown_release_count": 113,
  "critical_override_count": 113,
  "critical_trigger_rate": 0.7533333333333333,
  "trigger_active_rate": 0.9666666666666667,
  "confidence_mean": 0.9500000000000002,
  "false_intervention_rate": 0.07627118644067797,
  "repeated_intervention_rate": 0.9322033898305084,
  "post_intervention_violation_rate": 0.09230769230769231,
  "mean_drift_after_intervention": 12.338186538496597,
  "min_predicted_distance_mean": 4.131279303226628
}