{
  "violation_rate": 0.16,
  "collision_rate": 0.0,
  "near_miss_rate": 0.6066666666666667,
  "intervention_rate": 0.16666666666666666,
  "override_success_rate": 0.48,
  "mean_intervention_delay": 5.0,
  "operator_workload": 0.16666666666666666,
  "mean_drift": 12.061210561823945,
  "p95_drift": 28.115444766249972,
  "mean_latency_ms": 1.079898319633988,
  "risk_mean": 0.5723654673453281,
  "risk_p95": 0.7316498524251417,
  "separation_risk_mean": 0.5618888885340111,
  "congestion_risk_mean": 0.34009455403816136,
  "speed_risk_mean": 0.9315199149590235,
  "uncertainty_risk_mean": 0.6317589450108622,
  "human_activation_count": 25,
  "cooldown_skips": 125,
  "trigger_active_rate": 1.0,
  "confidence_mean": 0.8499142448521452,
  "false_intervention_rate": 0.28
}