{
  "violation_rate": 0.06666666666666667,
  "collision_rate": 0.0,
  "near_miss_rate": 0.18666666666666668,
  "intervention_rate": 1.0,
  "override_success_rate": 0.9333333333333333,
  "mean_intervention_delay": 0.0,
  "operator_workload": 1.0,
  "mean_drift": 15.374789975700303,
  "p95_drift": 37.5655252150649,
  "mean_latency_ms": 0.5606652827312549,
  "risk_mean": 0.8760925225097193,
  "risk_p05": 0.4600523038985511,
  "risk_p25": 1.0,
  "risk_p50": 1.0,
  "risk_p75": 1.0,
  "risk_p95": 1.0,
  "separation_risk_mean": 0.2684887719241478,
  "congestion_risk_mean": 0.17706763453843558,
  "speed_risk_mean": 0.7900914189101051,
  "uncertainty_risk_mean": 0.6354911648627334,
  "human_activation_count": 150,
  "cooldown_skips": 0,
  "suppressed_request_count": 0,
  "suppressed_critical_count": 0,
  "cooldown_release_count": 114,
  "critical_override_count": 114,
  "critical_trigger_rate": 0.76,
  "trigger_active_rate": 1.0,
  "confidence_mean": 0.9500000000000002,
  "false_intervention_rate": 0.2733333333333333,
  "repeated_intervention_rate": 0.9933333333333333,
  "post_intervention_violation_rate": 0.06711409395973154,
  "mean_drift_after_intervention": 15.374789975700303,
  "min_predicted_distance_mean": 2.4976737060245355
}