{
  "violation_rate": 0.06,
  "collision_rate": 0.0,
  "near_miss_rate": 1.2533333333333334,
  "intervention_rate": 0.88,
  "override_success_rate": 0.9318181818181818,
  "mean_intervention_delay": 0.0,
  "operator_workload": 0.88,
  "mean_drift": 12.912383313186336,
  "p95_drift": 32.341765695418566,
  "mean_latency_ms": 0.5010477779433131,
  "risk_mean": 0.9597070590050758,
  "risk_p05": 0.6613239931369106,
  "risk_p25": 1.0,
  "risk_p50": 1.0,
  "risk_p75": 1.0,
  "risk_p95": 1.0,
  "separation_risk_mean": 0.7377528133050619,
  "congestion_risk_mean": 0.4341586793771773,
  "speed_risk_mean": 0.64980399022645,
  "uncertainty_risk_mean": 0.636321089552873,
  "human_activation_count": 132,
  "cooldown_skips": 18,
  "suppressed_request_count": 18,
  "suppressed_critical_count": 0,
  "cooldown_release_count": 132,
  "critical_override_count": 132,
  "critical_trigger_rate": 0.88,
  "trigger_active_rate": 1.0,
  "confidence_mean": 0.9500000000000002,
  "false_intervention_rate": 0.0,
  "repeated_intervention_rate": 0.9393939393939394,
  "post_intervention_violation_rate": 0.06382978723404255,
  "mean_drift_after_intervention": 14.03551695194528,
  "min_predicted_distance_mean": 0.4709802082670847
}