{
  "violation_rate": 0.0,
  "collision_rate": 0.0,
  "near_miss_rate": 0.76,
  "intervention_rate": 0.7666666666666667,
  "override_success_rate": 1.0,
  "mean_intervention_delay": 0.0,
  "operator_workload": 0.7666666666666667,
  "mean_drift": 12.020505953475288,
  "p95_drift": 27.994142133484527,
  "mean_latency_ms": 0.5029925292668244,
  "risk_mean": 0.8073047530112111,
  "risk_p05": 0.24599999999987712,
  "risk_p25": 0.463368318325731,
  "risk_p50": 1.0,
  "risk_p75": 1.0,
  "risk_p95": 1.0,
  "separation_risk_mean": 0.5617413324681784,
  "congestion_risk_mean": 0.333632459414144,
  "speed_risk_mean": 0.8842957368540693,
  "uncertainty_risk_mean": 0.6318802700574634,
  "human_activation_count": 115,
  "cooldown_skips": 35,
  "suppressed_request_count": 35,
  "suppressed_critical_count": 0,
  "cooldown_release_count": 107,
  "critical_override_count": 107,
  "critical_trigger_rate": 0.7133333333333334,
  "trigger_active_rate": 1.0,
  "confidence_mean": 1.0,
  "false_intervention_rate": 0.0782608695652174,
  "repeated_intervention_rate": 0.9304347826086956,
  "post_intervention_violation_rate": 0.0,
  "mean_drift_after_intervention": 13.875593636750011,
  "min_predicted_distance_mean": 0.9613951288814824
}