{
  "violation_rate": 0.006666666666666667,
  "collision_rate": 0.0,
  "near_miss_rate": 0.04,
  "intervention_rate": 0.15333333333333332,
  "override_success_rate": 0.9565217391304348,
  "mean_intervention_delay": 0.0,
  "operator_workload": 0.15333333333333332,
  "mean_drift": 8.356331047053873,
  "p95_drift": 30.508139842914044,
  "mean_latency_ms": 0.3898141932828973,
  "risk_mean": 0.3425766669781666,
  "risk_p95": 0.4493276672738925,
  "separation_risk_mean": 0.24672610465196798,
  "congestion_risk_mean": 0.13411772952622736,
  "speed_risk_mean": 0.680136583354828,
  "uncertainty_risk_mean": 0.64,
  "human_activation_count": 23,
  "cooldown_skips": 110,
  "trigger_active_rate": 0.8866666666666667,
  "confidence_mean": 0.9500000000000002,
  "false_intervention_rate": 0.21739130434782608
}