{
  "violation_rate": 0.08,
  "collision_rate": 0.006666666666666667,
  "near_miss_rate": 0.37333333333333335,
  "intervention_rate": 0.7733333333333333,
  "override_success_rate": 0.896551724137931,
  "mean_intervention_delay": 0.0,
  "operator_workload": 0.7733333333333333,
  "mean_drift": 12.7450047836879,
  "p95_drift": 36.66824318569337,
  "mean_latency_ms": 0.47268720033268136,
  "risk_mean": 0.8854379069570723,
  "risk_p05": 0.4789294300517366,
  "risk_p25": 0.7320202849411805,
  "risk_p50": 1.0,
  "risk_p75": 1.0,
  "risk_p95": 1.0,
  "separation_risk_mean": 0.4280084966257384,
  "congestion_risk_mean": 0.24028431758506125,
  "speed_risk_mean": 0.645865995438022,
  "uncertainty_risk_mean": 0.64,
  "human_activation_count": 116,
  "cooldown_skips": 34,
  "suppressed_request_count": 34,
  "suppressed_critical_count": 0,
  "cooldown_release_count": 110,
  "critical_override_count": 110,
  "critical_trigger_rate": 0.7333333333333333,
  "trigger_active_rate": 1.0,
  "confidence_mean": 0.9500000000000002,
  "false_intervention_rate": 0.0603448275862069,
  "repeated_intervention_rate": 0.9310344827586207,
  "post_intervention_violation_rate": 0.07751937984496124,
  "mean_drift_after_intervention": 14.080598145426814,
  "min_predicted_distance_mean": 1.8776716124652182
}