{
  "violation_rate": 0.006666666666666667,
  "collision_rate": 0.02,
  "near_miss_rate": 0.68,
  "intervention_rate": 0.05333333333333334,
  "override_success_rate": 0.875,
  "mean_intervention_delay": 0.0,
  "operator_workload": 0.05333333333333334,
  "mean_drift": 11.351137452468627,
  "p95_drift": 19.187078855133997,
  "mean_latency_ms": 0.6343651998516483,
  "risk_mean": 0.5640376845924006,
  "risk_p95": 0.6744999999999799,
  "separation_risk_mean": 0.5404352441654773,
  "congestion_risk_mean": 0.3143189062331462,
  "speed_risk_mean": 0.9795305604746788,
  "uncertainty_risk_mean": 0.6355500939229817,
  "human_activation_count": 8,
  "cooldown_skips": 142,
  "trigger_active_rate": 1.0,
  "confidence_mean": 0.9500000000000002,
  "false_intervention_rate": 0.25
}