{
  "violation_rate": 0.03333333333333333,
  "collision_rate": 0.006666666666666667,
  "near_miss_rate": 0.08666666666666667,
  "intervention_rate": 0.8333333333333334,
  "override_success_rate": 0.96,
  "mean_intervention_delay": 0.0,
  "operator_workload": 0.8333333333333334,
  "mean_drift": 9.864889200972145,
  "p95_drift": 34.0836463285292,
  "mean_latency_ms": 0.47980913193896413,
  "risk_mean": 0.8886323693228455,
  "risk_p05": 0.230824187293527,
  "risk_p25": 1.0,
  "risk_p50": 1.0,
  "risk_p75": 1.0,
  "risk_p95": 1.0,
  "separation_risk_mean": 0.10510757837525214,
  "congestion_risk_mean": 0.05519052635104922,
  "speed_risk_mean": 0.7765285291211509,
  "uncertainty_risk_mean": 0.6372968967987811,
  "human_activation_count": 125,
  "cooldown_skips": 25,
  "suppressed_request_count": 25,
  "suppressed_critical_count": 0,
  "cooldown_release_count": 125,
  "critical_override_count": 124,
  "critical_trigger_rate": 0.8266666666666667,
  "trigger_active_rate": 0.9466666666666667,
  "confidence_mean": 0.9500000000000002,
  "false_intervention_rate": 0.072,
  "repeated_intervention_rate": 0.976,
  "post_intervention_violation_rate": 0.0390625,
  "mean_drift_after_intervention": 11.06316935704817,
  "min_predicted_distance_mean": 8.384577217024564
}