{
  "violation_rate": 0.08,
  "collision_rate": 0.0,
  "near_miss_rate": 0.0,
  "intervention_rate": 0.96,
  "override_success_rate": 0.9166666666666666,
  "mean_intervention_delay": 0.0,
  "operator_workload": 0.96,
  "mean_drift": 13.27309536593448,
  "p95_drift": 29.390468914815482,
  "mean_latency_ms": 0.5399436495887736,
  "risk_mean": 0.9698399999999979,
  "risk_p05": 1.0,
  "risk_p25": 1.0,
  "risk_p50": 1.0,
  "risk_p75": 1.0,
  "risk_p95": 1.0,
  "separation_risk_mean": 0.0,
  "congestion_risk_mean": 0.0,
  "speed_risk_mean": 0.970151529495774,
  "uncertainty_risk_mean": 0.64,
  "human_activation_count": 144,
  "cooldown_skips": 0,
  "suppressed_request_count": 0,
  "suppressed_critical_count": 0,
  "cooldown_release_count": 144,
  "critical_override_count": 144,
  "critical_trigger_rate": 0.96,
  "trigger_active_rate": 0.96,
  "confidence_mean": 0.9500000000000002,
  "false_intervention_rate": 0.027777777777777776,
  "repeated_intervention_rate": 0.9930555555555556,
  "post_intervention_violation_rate": 0.08391608391608392,
  "mean_drift_after_intervention": 13.206849080776914,
  "min_predicted_distance_mean": 9.555776139536704
}