{
  "violation_rate": 0.23333333333333334,
  "collision_rate": 0.02666666666666667,
  "near_miss_rate": 1.12,
  "intervention_rate": 0.16666666666666666,
  "override_success_rate": 0.2,
  "mean_intervention_delay": 10.0,
  "operator_workload": 0.16666666666666666,
  "mean_drift": 12.920299634538766,
  "p95_drift": 32.454782947911475,
  "mean_latency_ms": 0.8058327457789952,
  "risk_mean": 0.6488834849851757,
  "risk_p95": 0.6925091853608395,
  "separation_risk_mean": 0.7391707921789826,
  "congestion_risk_mean": 0.4342232285356139,
  "speed_risk_mean": 0.748136858867941,
  "uncertainty_risk_mean": 0.6365352836035922,
  "human_activation_count": 25,
  "cooldown_skips": 125,
  "trigger_active_rate": 1.0,
  "confidence_mean": 0.8130947531791306,
  "false_intervention_rate": 0.0
}