{
  "violation_rate": 0.7666666666666667,
  "collision_rate": 0.013333333333333334,
  "near_miss_rate": 0.18,
  "intervention_rate": 0.8733333333333333,
  "override_success_rate": 0.12213740458015267,
  "mean_intervention_delay": 0.0,
  "operator_workload": 0.8733333333333333,
  "mean_drift": 15.62638382039333,
  "p95_drift": 34.78369102392572,
  "mean_latency_ms": 2.236275028747817,
  "risk_mean": 0.9444058332890725,
  "risk_p05": 0.6076706851244476,
  "risk_p25": 1.0,
  "risk_p50": 1.0,
  "risk_p75": 1.0,
  "risk_p95": 1.0,
  "separation_risk_mean": 0.17573373128155845,
  "congestion_risk_mean": 0.1330749533786196,
  "speed_risk_mean": 0.9847532355622264,
  "uncertainty_risk_mean": 0.6395059469916106,
  "human_activation_count": 131,
  "cooldown_skips": 19,
  "suppressed_request_count": 19,
  "suppressed_critical_count": 0,
  "cooldown_release_count": 128,
  "critical_override_count": 128,
  "critical_trigger_rate": 0.8533333333333334,
  "trigger_active_rate": 1.0,
  "confidence_mean": 0.5,
  "false_intervention_rate": 0.061068702290076333,
  "repeated_intervention_rate": 0.9618320610687023,
  "post_intervention_violation_rate": 0.8333333333333334,
  "mean_drift_after_intervention": 16.879436518683086,
  "min_predicted_distance_mean": 6.617831597182315
}