{
  "violation_rate": 0.0,
  "collision_rate": 0.0,
  "near_miss_rate": 0.9666666666666667,
  "intervention_rate": 0.14666666666666667,
  "override_success_rate": 1.0,
  "mean_intervention_delay": 0.0,
  "operator_workload": 0.14666666666666667,
  "mean_drift": 6.580668741644789,
  "p95_drift": 35.84437435288856,
  "mean_latency_ms": 0.4325700589106418,
  "risk_mean": 0.6139114696169634,
  "risk_p95": 0.7064830799675031,
  "separation_risk_mean": 0.6744384499389418,
  "congestion_risk_mean": 0.4225778577461064,
  "speed_risk_mean": 0.7300948781233425,
  "uncertainty_risk_mean": 0.635036473262745,
  "human_activation_count": 22,
  "cooldown_skips": 108,
  "trigger_active_rate": 0.8666666666666667,
  "confidence_mean": 0.9500000000000002,
  "false_intervention_rate": 0.13636363636363635
}