{
  "violation_rate": 0.08,
  "collision_rate": 0.0,
  "near_miss_rate": 0.58,
  "intervention_rate": 0.7866666666666666,
  "override_success_rate": 0.8983050847457628,
  "mean_intervention_delay": 0.0,
  "operator_workload": 0.7866666666666666,
  "mean_drift": 6.624572163427904,
  "p95_drift": 20.928766972796048,
  "mean_latency_ms": 0.5746486239756147,
  "risk_mean": 0.8908064057914293,
  "risk_p05": 0.5134283159331775,
  "risk_p25": 0.7442379327246078,
  "risk_p50": 1.0,
  "risk_p75": 1.0,
  "risk_p95": 1.0,
  "separation_risk_mean": 0.532260292178168,
  "congestion_risk_mean": 0.2992000510833005,
  "speed_risk_mean": 0.792334423435736,
  "uncertainty_risk_mean": 0.6336547778247547,
  "human_activation_count": 118,
  "cooldown_skips": 32,
  "suppressed_request_count": 32,
  "suppressed_critical_count": 0,
  "cooldown_release_count": 111,
  "critical_override_count": 111,
  "critical_trigger_rate": 0.74,
  "trigger_active_rate": 0.9933333333333333,
  "confidence_mean": 0.9500000000000002,
  "false_intervention_rate": 0.06779661016949153,
  "repeated_intervention_rate": 0.9322033898305084,
  "post_intervention_violation_rate": 0.0916030534351145,
  "mean_drift_after_intervention": 7.515702386884112,
  "min_predicted_distance_mean": 1.448593271417644
}