{
  "violation_rate": 0.05333333333333334,
  "collision_rate": 0.0,
  "near_miss_rate": 0.05333333333333334,
  "intervention_rate": 1.0,
  "override_success_rate": 0.9466666666666667,
  "mean_intervention_delay": 0.0,
  "operator_workload": 1.0,
  "mean_drift": 13.393095029220358,
  "p95_drift": 30.928416745154653,
  "mean_latency_ms": 0.42166637411961955,
  "risk_mean": 0.8261467823164533,
  "risk_p05": 0.2527052361043631,
  "risk_p25": 0.509032868014526,
  "risk_p50": 1.0,
  "risk_p75": 1.0,
  "risk_p95": 1.0,
  "separation_risk_mean": 0.0848455740505066,
  "congestion_risk_mean": 0.07231984105466316,
  "speed_risk_mean": 0.9692977931853598,
  "uncertainty_risk_mean": 0.621169900412681,
  "human_activation_count": 150,
  "cooldown_skips": 0,
  "suppressed_request_count": 0,
  "suppressed_critical_count": 0,
  "cooldown_release_count": 106,
  "critical_override_count": 106,
  "critical_trigger_rate": 0.7066666666666667,
  "trigger_active_rate": 1.0,
  "confidence_mean": 0.9500000000000002,
  "false_intervention_rate": 0.2866666666666667,
  "repeated_intervention_rate": 0.9933333333333333,
  "post_intervention_violation_rate": 0.053691275167785234,
  "mean_drift_after_intervention": 13.393095029220358,
  "min_predicted_distance_mean": 2.8311163453238906
}