{
  "violation_rate": 0.17333333333333334,
  "collision_rate": 0.013333333333333334,
  "near_miss_rate": 0.19333333333333333,
  "intervention_rate": 0.16666666666666666,
  "override_success_rate": 0.36,
  "mean_intervention_delay": 10.0,
  "operator_workload": 0.16666666666666666,
  "mean_drift": 11.351630806978477,
  "p95_drift": 37.97537022583548,
  "mean_latency_ms": 0.6420194598225256,
  "risk_mean": 0.33070617209462816,
  "risk_p95": 0.6499033446119157,
  "separation_risk_mean": 0.1640654844408597,
  "congestion_risk_mean": 0.103654035599387,
  "speed_risk_mean": 0.9091293109248749,
  "uncertainty_risk_mean": 0.630625323717755,
  "human_activation_count": 25,
  "cooldown_skips": 125,
  "trigger_active_rate": 1.0,
  "confidence_mean": 0.8130947531791306,
  "false_intervention_rate": 0.2
}