{
  "violation_rate": 0.16,
  "collision_rate": 0.0,
  "near_miss_rate": 0.07333333333333333,
  "intervention_rate": 0.16666666666666666,
  "override_success_rate": 0.36,
  "mean_intervention_delay": 10.0,
  "operator_workload": 0.16666666666666666,
  "mean_drift": 15.581797472419312,
  "p95_drift": 36.29279066662165,
  "mean_latency_ms": 0.6919846937914068,
  "risk_mean": 0.2863962969410573,
  "risk_p95": 0.6424699140338912,
  "separation_risk_mean": 0.06566148396107331,
  "congestion_risk_mean": 0.04948223556521979,
  "speed_risk_mean": 0.9913550008756511,
  "uncertainty_risk_mean": 0.6384988009061447,
  "human_activation_count": 25,
  "cooldown_skips": 125,
  "trigger_active_rate": 1.0,
  "confidence_mean": 0.8130947531791306,
  "false_intervention_rate": 0.28
}