{
  "violation_rate": 0.7066666666666667,
  "collision_rate": 0.006666666666666667,
  "near_miss_rate": 0.013333333333333334,
  "intervention_rate": 0.7666666666666667,
  "override_success_rate": 0.0782608695652174,
  "mean_intervention_delay": 10.0,
  "operator_workload": 0.7666666666666667,
  "mean_drift": 23.619364733146732,
  "p95_drift": 75.82828652785962,
  "mean_latency_ms": 2.1160864178091288,
  "risk_mean": 0.8466583902589782,
  "risk_p05": 0.31617866842908193,
  "risk_p25": 0.5569916610515756,
  "risk_p50": 1.0,
  "risk_p75": 1.0,
  "risk_p95": 1.0,
  "separation_risk_mean": 0.43145433815514944,
  "congestion_risk_mean": 0.2385289289336703,
  "speed_risk_mean": 0.9622044898609734,
  "uncertainty_risk_mean": 0.6342089334894266,
  "human_activation_count": 115,
  "cooldown_skips": 35,
  "suppressed_request_count": 35,
  "suppressed_critical_count": 0,
  "cooldown_release_count": 107,
  "critical_override_count": 107,
  "critical_trigger_rate": 0.7133333333333334,
  "trigger_active_rate": 0.9666666666666667,
  "confidence_mean": 0.3202358646239995,
  "false_intervention_rate": 0.0782608695652174,
  "repeated_intervention_rate": 0.9304347826086956,
  "post_intervention_violation_rate": 0.8203125,
  "mean_drift_after_intervention": 29.33039920556817,
  "min_predicted_distance_mean": 1.816901515072027
}