{
  "violation_rate": 0.07333333333333333,
  "collision_rate": 0.013333333333333334,
  "near_miss_rate": 1.52,
  "intervention_rate": 0.8533333333333334,
  "override_success_rate": 0.9140625,
  "mean_intervention_delay": 0.0,
  "operator_workload": 0.8533333333333334,
  "mean_drift": 9.062672978139974,
  "p95_drift": 29.584508316103047,
  "mean_latency_ms": 2.9290119442157447,
  "risk_mean": 0.9017165191759148,
  "risk_p05": 0.3640445510445912,
  "risk_p25": 1.0,
  "risk_p50": 1.0,
  "risk_p75": 1.0,
  "risk_p95": 1.0,
  "separation_risk_mean": 0.6315776394860669,
  "congestion_risk_mean": 0.3679647970931519,
  "speed_risk_mean": 0.7512738406705155,
  "uncertainty_risk_mean": 0.6393420034965582,
  "human_activation_count": 128,
  "cooldown_skips": 22,
  "suppressed_request_count": 22,
  "suppressed_critical_count": 0,
  "cooldown_release_count": 125,
  "critical_override_count": 125,
  "critical_trigger_rate": 0.8333333333333334,
  "trigger_active_rate": 1.0,
  "confidence_mean": 0.9500000000000002,
  "false_intervention_rate": 0.0625,
  "repeated_intervention_rate": 0.953125,
  "post_intervention_violation_rate": 0.072992700729927,
  "mean_drift_after_intervention": 9.897152513825072,
  "min_predicted_distance_mean": 0.6997709525302865
}