{
  "violation_rate": 0.05333333333333334,
  "collision_rate": 0.0,
  "near_miss_rate": 0.02,
  "intervention_rate": 0.74,
  "override_success_rate": 0.9279279279279279,
  "mean_intervention_delay": 0.0,
  "operator_workload": 0.74,
  "mean_drift": 8.818452640933808,
  "p95_drift": 27.796617071443272,
  "mean_latency_ms": 0.39758446781585616,
  "risk_mean": 0.8094655080962871,
  "risk_p05": 0.24540071497616056,
  "risk_p25": 0.480580904150573,
  "risk_p50": 1.0,
  "risk_p75": 1.0,
  "risk_p95": 1.0,
  "separation_risk_mean": 0.06717558269603875,
  "congestion_risk_mean": 0.036959530683437866,
  "speed_risk_mean": 0.9036601036556026,
  "uncertainty_risk_mean": 0.6384028736992956,
  "human_activation_count": 111,
  "cooldown_skips": 25,
  "suppressed_request_count": 25,
  "suppressed_critical_count": 0,
  "cooldown_release_count": 107,
  "critical_override_count": 107,
  "critical_trigger_rate": 0.7133333333333334,
  "trigger_active_rate": 0.8733333333333333,
  "confidence_mean": 0.9500000000000002,
  "false_intervention_rate": 0.06306306306306306,
  "repeated_intervention_rate": 0.9459459459459459,
  "post_intervention_violation_rate": 0.06666666666666667,
  "mean_drift_after_intervention": 10.681250542574736,
  "min_predicted_distance_mean": 4.193580985169317
}