{
  "violation_rate": 0.0,
  "collision_rate": 0.0,
  "near_miss_rate": 0.52,
  "intervention_rate": 0.1,
  "override_success_rate": 1.0,
  "mean_intervention_delay": 0.0,
  "operator_workload": 0.1,
  "mean_drift": 7.585258856254397,
  "p95_drift": 22.015645221139824,
  "mean_latency_ms": 1.3415833266723591,
  "risk_mean": 0.46106620895028166,
  "risk_p95": 0.6744999999999647,
  "separation_risk_mean": 0.387658839467045,
  "congestion_risk_mean": 0.2393250090595035,
  "speed_risk_mean": 0.8826780829042135,
  "uncertainty_risk_mean": 0.6292451099306895,
  "human_activation_count": 15,
  "cooldown_skips": 72,
  "trigger_active_rate": 0.56,
  "confidence_mean": 0.9500000000000002,
  "false_intervention_rate": 0.26666666666666666
}