{
  "violation_rate": 0.05333333333333334,
  "collision_rate": 0.0,
  "near_miss_rate": 0.07333333333333333,
  "intervention_rate": 1.0,
  "override_success_rate": 0.9466666666666667,
  "mean_intervention_delay": 0.0,
  "operator_workload": 1.0,
  "mean_drift": 9.672111112120557,
  "p95_drift": 42.87315762014887,
  "mean_latency_ms": 0.38989223695049685,
  "risk_mean": 0.8243727248154866,
  "risk_p05": 0.3187537639189491,
  "risk_p25": 0.5713537004183629,
  "risk_p50": 1.0,
  "risk_p75": 1.0,
  "risk_p95": 1.0,
  "separation_risk_mean": 0.22989130207439318,
  "congestion_risk_mean": 0.08441254042684307,
  "speed_risk_mean": 0.9355676152469729,
  "uncertainty_risk_mean": 0.6397620254992747,
  "human_activation_count": 150,
  "cooldown_skips": 0,
  "suppressed_request_count": 0,
  "suppressed_critical_count": 0,
  "cooldown_release_count": 101,
  "critical_override_count": 101,
  "critical_trigger_rate": 0.6733333333333333,
  "trigger_active_rate": 1.0,
  "confidence_mean": 0.9500000000000002,
  "false_intervention_rate": 0.35333333333333333,
  "repeated_intervention_rate": 0.9933333333333333,
  "post_intervention_violation_rate": 0.053691275167785234,
  "mean_drift_after_intervention": 9.672111112120557,
  "min_predicted_distance_mean": 2.5332785458984834
}