{
  "violation_rate": 0.05333333333333334,
  "collision_rate": 0.0,
  "near_miss_rate": 0.013333333333333334,
  "intervention_rate": 0.76,
  "override_success_rate": 0.9298245614035088,
  "mean_intervention_delay": 0.0,
  "operator_workload": 0.76,
  "mean_drift": 9.415248299560831,
  "p95_drift": 20.851563735224794,
  "mean_latency_ms": 0.5027724957714478,
  "risk_mean": 0.8102747494337573,
  "risk_p05": 0.1839999999998979,
  "risk_p25": 0.7431899489958766,
  "risk_p50": 1.0,
  "risk_p75": 1.0,
  "risk_p95": 1.0,
  "separation_risk_mean": 0.025428178802752804,
  "congestion_risk_mean": 0.01692820122926814,
  "speed_risk_mean": 0.8570274850137422,
  "uncertainty_risk_mean": 0.64,
  "human_activation_count": 114,
  "cooldown_skips": 10,
  "suppressed_request_count": 10,
  "suppressed_critical_count": 0,
  "cooldown_release_count": 112,
  "critical_override_count": 112,
  "critical_trigger_rate": 0.7466666666666667,
  "trigger_active_rate": 0.8266666666666667,
  "confidence_mean": 0.9500000000000002,
  "false_intervention_rate": 0.05263157894736842,
  "repeated_intervention_rate": 0.9736842105263158,
  "post_intervention_violation_rate": 0.06837606837606838,
  "mean_drift_after_intervention": 11.205642482909715,
  "min_predicted_distance_mean": 12.731545815965777
}