{
  "violation_rate": 0.0,
  "collision_rate": 0.0,
  "near_miss_rate": 0.04,
  "intervention_rate": 0.16666666666666666,
  "override_success_rate": 1.0,
  "mean_intervention_delay": 0.0,
  "operator_workload": 0.16666666666666666,
  "mean_drift": 15.026544497977667,
  "p95_drift": 32.73897315505601,
  "mean_latency_ms": 0.23017559384849542,
  "risk_mean": 0.2631857206640947,
  "risk_p95": 0.33281618237200844,
  "separation_risk_mean": 0.0268504633981352,
  "congestion_risk_mean": 0.030591219479687924,
  "speed_risk_mean": 0.9830347151000787,
  "uncertainty_risk_mean": 0.64,
  "human_activation_count": 25,
  "cooldown_skips": 125,
  "trigger_active_rate": 1.0,
  "confidence_mean": 1.0,
  "false_intervention_rate": 0.24
}