{
  "violation_rate": 0.15333333333333332,
  "collision_rate": 0.02,
  "near_miss_rate": 0.54,
  "intervention_rate": 0.16666666666666666,
  "override_success_rate": 0.52,
  "mean_intervention_delay": 3.0,
  "operator_workload": 0.16666666666666666,
  "mean_drift": 11.412830240536799,
  "p95_drift": 19.218940646019735,
  "mean_latency_ms": 1.3127966335741803,
  "risk_mean": 0.5662187462678511,
  "risk_p95": 0.6744999999999804,
  "separation_risk_mean": 0.5437085848904463,
  "congestion_risk_mean": 0.3159525121241199,
  "speed_risk_mean": 0.9815282729844867,
  "uncertainty_risk_mean": 0.6355500939229817,
  "human_activation_count": 25,
  "cooldown_skips": 125,
  "trigger_active_rate": 1.0,
  "confidence_mean": 0.8785618423815542,
  "false_intervention_rate": 0.28
}