{
  "violation_rate": 0.05333333333333334,
  "collision_rate": 0.0,
  "near_miss_rate": 0.19333333333333333,
  "intervention_rate": 0.8266666666666667,
  "override_success_rate": 0.9354838709677419,
  "mean_intervention_delay": 0.0,
  "operator_workload": 0.8266666666666667,
  "mean_drift": 15.398009638825538,
  "p95_drift": 37.08212891233317,
  "mean_latency_ms": 0.5596621994239589,
  "risk_mean": 0.8886126658531991,
  "risk_p05": 0.4834335175512238,
  "risk_p25": 0.681486469017247,
  "risk_p50": 1.0,
  "risk_p75": 1.0,
  "risk_p95": 1.0,
  "separation_risk_mean": 0.1997581631915187,
  "congestion_risk_mean": 0.12334215864896256,
  "speed_risk_mean": 0.993720821699586,
  "uncertainty_risk_mean": 0.64,
  "human_activation_count": 124,
  "cooldown_skips": 26,
  "suppressed_request_count": 26,
  "suppressed_critical_count": 0,
  "cooldown_release_count": 111,
  "critical_override_count": 111,
  "critical_trigger_rate": 0.74,
  "trigger_active_rate": 1.0,
  "confidence_mean": 0.9500000000000002,
  "false_intervention_rate": 0.13709677419354838,
  "repeated_intervention_rate": 0.8870967741935484,
  "post_intervention_violation_rate": 0.053691275167785234,
  "mean_drift_after_intervention": 17.080351823727376,
  "min_predicted_distance_mean": 5.561733611106341
}