{
  "violation_rate": 0.04,
  "collision_rate": 0.006666666666666667,
  "near_miss_rate": 0.04,
  "intervention_rate": 0.78,
  "override_success_rate": 0.9487179487179487,
  "mean_intervention_delay": 0.0,
  "operator_workload": 0.78,
  "mean_drift": 10.243571598501399,
  "p95_drift": 22.48892030856757,
  "mean_latency_ms": 0.5148060860422751,
  "risk_mean": 0.85415411629683,
  "risk_p05": 0.2459999999998975,
  "risk_p25": 1.0,
  "risk_p50": 1.0,
  "risk_p75": 1.0,
  "risk_p95": 1.0,
  "separation_risk_mean": 0.07867579667816085,
  "congestion_risk_mean": 0.04623287051210329,
  "speed_risk_mean": 0.9058216578709282,
  "uncertainty_risk_mean": 0.64,
  "human_activation_count": 117,
  "cooldown_skips": 16,
  "suppressed_request_count": 16,
  "suppressed_critical_count": 0,
  "cooldown_release_count": 115,
  "critical_override_count": 115,
  "critical_trigger_rate": 0.7666666666666667,
  "trigger_active_rate": 0.8666666666666667,
  "confidence_mean": 0.9500000000000002,
  "false_intervention_rate": 0.07692307692307693,
  "repeated_intervention_rate": 0.9572649572649573,
  "post_intervention_violation_rate": 0.04065040650406504,
  "mean_drift_after_intervention": 11.215673451874654,
  "min_predicted_distance_mean": 4.8637674372087485
}