{
  "violation_rate": 0.03333333333333333,
  "collision_rate": 0.006666666666666667,
  "near_miss_rate": 1.1266666666666667,
  "intervention_rate": 0.7333333333333333,
  "override_success_rate": 0.9545454545454546,
  "mean_intervention_delay": 0.0,
  "operator_workload": 0.7333333333333333,
  "mean_drift": 13.368276336037404,
  "p95_drift": 25.242240077008294,
  "mean_latency_ms": 0.4666966463749607,
  "risk_mean": 0.8720940770760147,
  "risk_p05": 0.5367939414267869,
  "risk_p25": 0.6498525741058937,
  "risk_p50": 1.0,
  "risk_p75": 1.0,
  "risk_p95": 1.0,
  "separation_risk_mean": 0.6981788821571452,
  "congestion_risk_mean": 0.46773903988961174,
  "speed_risk_mean": 0.9632438482023963,
  "uncertainty_risk_mean": 0.6389359258848868,
  "human_activation_count": 110,
  "cooldown_skips": 40,
  "suppressed_request_count": 40,
  "suppressed_critical_count": 0,
  "cooldown_release_count": 102,
  "critical_override_count": 102,
  "critical_trigger_rate": 0.68,
  "trigger_active_rate": 1.0,
  "confidence_mean": 0.9500000000000002,
  "false_intervention_rate": 0.09090909090909091,
  "repeated_intervention_rate": 0.9181818181818182,
  "post_intervention_violation_rate": 0.032,
  "mean_drift_after_intervention": 15.897283836167698,
  "min_predicted_distance_mean": 0.9602339283237032
}