{
  "violation_rate": 0.02666666666666667,
  "collision_rate": 0.0,
  "near_miss_rate": 0.5133333333333333,
  "intervention_rate": 0.3333333333333333,
  "override_success_rate": 0.96,
  "mean_intervention_delay": 0.0,
  "operator_workload": 0.3333333333333333,
  "mean_drift": 7.575491698801879,
  "p95_drift": 22.046079180323446,
  "mean_latency_ms": 0.6613945059749918,
  "risk_mean": 0.4588135596589865,
  "risk_p95": 0.674499999999964,
  "separation_risk_mean": 0.3830345441601332,
  "congestion_risk_mean": 0.2374868325235839,
  "speed_risk_mean": 0.8846397551197591,
  "uncertainty_risk_mean": 0.6292022892537777,
  "human_activation_count": 50,
  "cooldown_skips": 100,
  "trigger_active_rate": 1.0,
  "confidence_mean": 0.9500000000000002,
  "false_intervention_rate": 0.24
}