{
  "violation_rate": 0.04,
  "collision_rate": 0.0,
  "near_miss_rate": 0.02666666666666667,
  "intervention_rate": 0.7733333333333333,
  "override_success_rate": 0.9482758620689655,
  "mean_intervention_delay": 0.0,
  "operator_workload": 0.7733333333333333,
  "mean_drift": 12.713653570693415,
  "p95_drift": 34.4211777686037,
  "mean_latency_ms": 0.4107036239778002,
  "risk_mean": 0.8354411375293157,
  "risk_p05": 0.29999999999978516,
  "risk_p25": 0.6759289606349179,
  "risk_p50": 1.0,
  "risk_p75": 1.0,
  "risk_p95": 1.0,
  "separation_risk_mean": 0.0462923497226615,
  "congestion_risk_mean": 0.034627697202592574,
  "speed_risk_mean": 0.9813150708493296,
  "uncertainty_risk_mean": 0.9998781670558166,
  "human_activation_count": 116,
  "cooldown_skips": 34,
  "suppressed_request_count": 34,
  "suppressed_critical_count": 0,
  "cooldown_release_count": 109,
  "critical_override_count": 109,
  "critical_trigger_rate": 0.7266666666666667,
  "trigger_active_rate": 1.0,
  "confidence_mean": 0.9500000000000002,
  "false_intervention_rate": 0.07758620689655173,
  "repeated_intervention_rate": 0.9310344827586207,
  "post_intervention_violation_rate": 0.046511627906976744,
  "mean_drift_after_intervention": 14.775661172160415,
  "min_predicted_distance_mean": 4.441472077741777
}