{
  "violation_rate": 0.02666666666666667,
  "collision_rate": 0.0,
  "near_miss_rate": 0.04,
  "intervention_rate": 0.16666666666666666,
  "override_success_rate": 0.92,
  "mean_intervention_delay": 0.0,
  "operator_workload": 0.16666666666666666,
  "mean_drift": 15.155909949356793,
  "p95_drift": 28.99048796795636,
  "mean_latency_ms": 0.25665026681963354,
  "risk_mean": 0.2705518859984076,
  "risk_p95": 0.4595649006501978,
  "separation_risk_mean": 0.04574879052576039,
  "congestion_risk_mean": 0.02414744007290424,
  "speed_risk_mean": 0.9861871349572624,
  "uncertainty_risk_mean": 0.64,
  "human_activation_count": 25,
  "cooldown_skips": 125,
  "trigger_active_rate": 1.0,
  "confidence_mean": 0.9500000000000002,
  "false_intervention_rate": 0.2
}