{
  "violation_rate": 0.03333333333333333,
  "collision_rate": 0.0,
  "near_miss_rate": 0.06,
  "intervention_rate": 0.16666666666666666,
  "override_success_rate": 0.84,
  "mean_intervention_delay": 1.0,
  "operator_workload": 0.16666666666666666,
  "mean_drift": 10.06986823907569,
  "p95_drift": 25.231789579903424,
  "mean_latency_ms": 0.22994555338906744,
  "risk_mean": 0.2757305674901121,
  "risk_p95": 0.563941044320082,
  "separation_risk_mean": 0.06602110794780025,
  "congestion_risk_mean": 0.0423519941970529,
  "speed_risk_mean": 0.9348216141660456,
  "uncertainty_risk_mean": 0.6347321882628795,
  "human_activation_count": 25,
  "cooldown_skips": 125,
  "trigger_active_rate": 1.0,
  "confidence_mean": 0.9212990359040137,
  "false_intervention_rate": 0.2
}