{
  "violation_rate": 0.07333333333333333,
  "collision_rate": 0.006666666666666667,
  "near_miss_rate": 0.38666666666666666,
  "intervention_rate": 0.7466666666666667,
  "override_success_rate": 0.9017857142857143,
  "mean_intervention_delay": 0.0,
  "operator_workload": 0.7466666666666667,
  "mean_drift": 10.372662636117031,
  "p95_drift": 27.707985432170357,
  "mean_latency_ms": 0.6302494214226803,
  "risk_mean": 0.8062284034695264,
  "risk_p05": 0.2159999999998638,
  "risk_p25": 0.5422343892015218,
  "risk_p50": 1.0,
  "risk_p75": 1.0,
  "risk_p95": 1.0,
  "separation_risk_mean": 0.3565596840635905,
  "congestion_risk_mean": 0.18943848149913234,
  "speed_risk_mean": 0.9368629230922634,
  "uncertainty_risk_mean": 0.6389873070849426,
  "human_activation_count": 112,
  "cooldown_skips": 15,
  "suppressed_request_count": 15,
  "suppressed_critical_count": 0,
  "cooldown_release_count": 110,
  "critical_override_count": 110,
  "critical_trigger_rate": 0.7333333333333333,
  "trigger_active_rate": 0.8266666666666667,
  "confidence_mean": 0.9500000000000002,
  "false_intervention_rate": 0.05357142857142857,
  "repeated_intervention_rate": 0.9642857142857143,
  "post_intervention_violation_rate": 0.08547008547008547,
  "mean_drift_after_intervention": 12.249369712003213,
  "min_predicted_distance_mean": 3.1608744150044505
}