{
  "violation_rate": 0.3466666666666667,
  "collision_rate": 0.0,
  "near_miss_rate": 0.08666666666666667,
  "intervention_rate": 0.7933333333333333,
  "override_success_rate": 0.5630252100840336,
  "mean_intervention_delay": 1.0,
  "operator_workload": 0.7933333333333333,
  "mean_drift": 6.71189659286344,
  "p95_drift": 22.642543112276066,
  "mean_latency_ms": 0.9105103447412451,
  "risk_mean": 0.8257021532405804,
  "risk_p05": 0.21599999999987227,
  "risk_p25": 1.0,
  "risk_p50": 1.0,
  "risk_p75": 1.0,
  "risk_p95": 1.0,
  "separation_risk_mean": 0.07307084965661874,
  "congestion_risk_mean": 0.062485445237061274,
  "speed_risk_mean": 0.7758867846788547,
  "uncertainty_risk_mean": 0.632761148942908,
  "human_activation_count": 119,
  "cooldown_skips": 31,
  "suppressed_request_count": 31,
  "suppressed_critical_count": 0,
  "cooldown_release_count": 114,
  "critical_override_count": 114,
  "critical_trigger_rate": 0.76,
  "trigger_active_rate": 1.0,
  "confidence_mean": 0.8133834109031054,
  "false_intervention_rate": 0.12605042016806722,
  "repeated_intervention_rate": 0.9327731092436975,
  "post_intervention_violation_rate": 0.3969465648854962,
  "mean_drift_after_intervention": 7.51709022989842,
  "min_predicted_distance_mean": 6.727956455994956
}