{
  "violation_rate": 0.06666666666666667,
  "collision_rate": 0.0,
  "near_miss_rate": 0.17333333333333334,
  "intervention_rate": 0.8,
  "override_success_rate": 0.9166666666666666,
  "mean_intervention_delay": 0.0,
  "operator_workload": 0.8,
  "mean_drift": 9.834998826985101,
  "p95_drift": 25.29775838645761,
  "mean_latency_ms": 0.5360608578970035,
  "risk_mean": 0.8663581218458444,
  "risk_p05": 0.21599999999992014,
  "risk_p25": 1.0,
  "risk_p50": 1.0,
  "risk_p75": 1.0,
  "risk_p95": 1.0,
  "separation_risk_mean": 0.22856447470440155,
  "congestion_risk_mean": 0.1111483421292404,
  "speed_risk_mean": 0.9327679016680577,
  "uncertainty_risk_mean": 0.6390748144865775,
  "human_activation_count": 120,
  "cooldown_skips": 10,
  "suppressed_request_count": 10,
  "suppressed_critical_count": 0,
  "cooldown_release_count": 119,
  "critical_override_count": 119,
  "critical_trigger_rate": 0.7933333333333333,
  "trigger_active_rate": 0.8466666666666667,
  "confidence_mean": 0.9500000000000002,
  "false_intervention_rate": 0.058333333333333334,
  "repeated_intervention_rate": 0.975,
  "post_intervention_violation_rate": 0.08130081300813008,
  "mean_drift_after_intervention": 10.990687170187039,
  "min_predicted_distance_mean": 3.325288504112919
}