{
  "violation_rate": 0.09333333333333334,
  "collision_rate": 0.0,
  "near_miss_rate": 0.14,
  "intervention_rate": 0.7333333333333333,
  "override_success_rate": 0.8727272727272727,
  "mean_intervention_delay": 0.0,
  "operator_workload": 0.7333333333333333,
  "mean_drift": 11.411587311931937,
  "p95_drift": 40.20433155005274,
  "mean_latency_ms": 0.4537595172102253,
  "risk_mean": 0.8626611191872516,
  "risk_p05": 0.3551570077876986,
  "risk_p25": 0.6419778776767441,
  "risk_p50": 1.0,
  "risk_p75": 1.0,
  "risk_p95": 1.0,
  "separation_risk_mean": 0.1807937269581054,
  "congestion_risk_mean": 0.11212068668467502,
  "speed_risk_mean": 0.7060199428328692,
  "uncertainty_risk_mean": 0.6389644975348836,
  "human_activation_count": 110,
  "cooldown_skips": 40,
  "suppressed_request_count": 40,
  "suppressed_critical_count": 0,
  "cooldown_release_count": 109,
  "critical_override_count": 108,
  "critical_trigger_rate": 0.72,
  "trigger_active_rate": 1.0,
  "confidence_mean": 0.9500000000000002,
  "false_intervention_rate": 0.045454545454545456,
  "repeated_intervention_rate": 0.9363636363636364,
  "post_intervention_violation_rate": 0.11666666666666667,
  "mean_drift_after_intervention": 13.456268638562877,
  "min_predicted_distance_mean": 3.2547298508202447
}