{
  "violation_rate": 0.08,
  "collision_rate": 0.0,
  "near_miss_rate": 2.6,
  "intervention_rate": 1.0,
  "override_success_rate": 0.92,
  "mean_intervention_delay": 0.0,
  "operator_workload": 1.0,
  "mean_drift": 12.67610508060884,
  "p95_drift": 36.43483405278459,
  "mean_latency_ms": 4.24708305625245,
  "risk_mean": 1.0,
  "risk_p05": 1.0,
  "risk_p25": 1.0,
  "risk_p50": 1.0,
  "risk_p75": 1.0,
  "risk_p95": 1.0,
  "separation_risk_mean": 0.7146715611563049,
  "congestion_risk_mean": 0.525750235891783,
  "speed_risk_mean": 0.7901311549849492,
  "uncertainty_risk_mean": 0.6393860793224927,
  "human_activation_count": 150,
  "cooldown_skips": 0,
  "suppressed_request_count": 0,
  "suppressed_critical_count": 0,
  "cooldown_release_count": 150,
  "critical_override_count": 150,
  "critical_trigger_rate": 1.0,
  "trigger_active_rate": 1.0,
  "confidence_mean": 0.9500000000000002,
  "false_intervention_rate": 0.1,
  "repeated_intervention_rate": 0.9933333333333333,
  "post_intervention_violation_rate": 0.08053691275167785,
  "mean_drift_after_intervention": 12.67610508060884,
  "min_predicted_distance_mean": 0.6116401879067659
}