{
  "violation_rate": 0.2,
  "collision_rate": 0.0,
  "near_miss_rate": 0.02666666666666667,
  "intervention_rate": 0.16666666666666666,
  "override_success_rate": 0.4,
  "mean_intervention_delay": 10.0,
  "operator_workload": 0.16666666666666666,
  "mean_drift": 12.715900868170976,
  "p95_drift": 34.30915605175366,
  "mean_latency_ms": 0.935590559480867,
  "risk_mean": 0.27184993047868833,
  "risk_p95": 0.5280612894235596,
  "separation_risk_mean": 0.041648137566953417,
  "congestion_risk_mean": 0.03501602576861615,
  "speed_risk_mean": 0.9891119355256354,
  "uncertainty_risk_mean": 0.6399164786837332,
  "human_activation_count": 25,
  "cooldown_skips": 125,
  "trigger_active_rate": 1.0,
  "confidence_mean": 0.8130947531791306,
  "false_intervention_rate": 0.32
}