{
  "violation_rate": 0.05333333333333334,
  "collision_rate": 0.0,
  "near_miss_rate": 0.0,
  "intervention_rate": 0.78,
  "override_success_rate": 0.9316239316239316,
  "mean_intervention_delay": 0.0,
  "operator_workload": 0.78,
  "mean_drift": 15.708109477963347,
  "p95_drift": 34.25936343436426,
  "mean_latency_ms": 0.5135691398754716,
  "risk_mean": 0.8190295365327923,
  "risk_p05": 0.18399999999992994,
  "risk_p25": 1.0,
  "risk_p50": 1.0,
  "risk_p75": 1.0,
  "risk_p95": 1.0,
  "separation_risk_mean": 0.002040735352967099,
  "congestion_risk_mean": 0.0053131295825961326,
  "speed_risk_mean": 0.9271510387827064,
  "uncertainty_risk_mean": 0.6396812588364196,
  "human_activation_count": 117,
  "cooldown_skips": 5,
  "suppressed_request_count": 5,
  "suppressed_critical_count": 0,
  "cooldown_release_count": 116,
  "critical_override_count": 116,
  "critical_trigger_rate": 0.7733333333333333,
  "trigger_active_rate": 0.7866666666666666,
  "confidence_mean": 0.9500000000000002,
  "false_intervention_rate": 0.042735042735042736,
  "repeated_intervention_rate": 0.9829059829059829,
  "post_intervention_violation_rate": 0.06779661016949153,
  "mean_drift_after_intervention": 17.992267485927215,
  "min_predicted_distance_mean": 11.991308673811309
}