{
  "violation_rate": 0.2733333333333333,
  "collision_rate": 0.0,
  "near_miss_rate": 0.06,
  "intervention_rate": 0.7066666666666667,
  "override_success_rate": 0.6132075471698113,
  "mean_intervention_delay": 1.0,
  "operator_workload": 0.7066666666666667,
  "mean_drift": 6.519032752022447,
  "p95_drift": 17.48889240363452,
  "mean_latency_ms": 0.677515862043947,
  "risk_mean": 0.763373067944823,
  "risk_p05": 0.21599999999988206,
  "risk_p25": 0.4183395904466416,
  "risk_p50": 1.0,
  "risk_p75": 1.0,
  "risk_p95": 1.0,
  "separation_risk_mean": 0.062285794226575014,
  "congestion_risk_mean": 0.04573296151193967,
  "speed_risk_mean": 0.8874814072625704,
  "uncertainty_risk_mean": 0.6334924921537425,
  "human_activation_count": 106,
  "cooldown_skips": 44,
  "suppressed_request_count": 44,
  "suppressed_critical_count": 0,
  "cooldown_release_count": 97,
  "critical_override_count": 97,
  "critical_trigger_rate": 0.6466666666666666,
  "trigger_active_rate": 1.0,
  "confidence_mean": 0.8283079122330183,
  "false_intervention_rate": 0.09433962264150944,
  "repeated_intervention_rate": 0.9056603773584906,
  "post_intervention_violation_rate": 0.3333333333333333,
  "mean_drift_after_intervention": 8.086617229106615,
  "min_predicted_distance_mean": 8.431039512853477
}