{
  "violation_rate": 0.11333333333333333,
  "collision_rate": 0.006666666666666667,
  "near_miss_rate": 0.26666666666666666,
  "intervention_rate": 0.7933333333333333,
  "override_success_rate": 0.8571428571428571,
  "mean_intervention_delay": 0.0,
  "operator_workload": 0.7933333333333333,
  "mean_drift": 10.821753345478893,
  "p95_drift": 38.96798989638366,
  "mean_latency_ms": 0.6056953112905225,
  "risk_mean": 0.8574888407423146,
  "risk_p05": 0.33968965942827817,
  "risk_p25": 1.0,
  "risk_p50": 1.0,
  "risk_p75": 1.0,
  "risk_p95": 1.0,
  "separation_risk_mean": 0.18385411154781636,
  "congestion_risk_mean": 0.13446470194846866,
  "speed_risk_mean": 0.5525421130382638,
  "uncertainty_risk_mean": 0.6201994561760457,
  "human_activation_count": 119,
  "cooldown_skips": 31,
  "suppressed_request_count": 31,
  "suppressed_critical_count": 0,
  "cooldown_release_count": 113,
  "critical_override_count": 113,
  "critical_trigger_rate": 0.7533333333333333,
  "trigger_active_rate": 1.0,
  "confidence_mean": 0.9000000000000004,
  "false_intervention_rate": 0.08403361344537816,
  "repeated_intervention_rate": 0.9327731092436975,
  "post_intervention_violation_rate": 0.12213740458015267,
  "mean_drift_after_intervention": 12.322014451754358,
  "min_predicted_distance_mean": 4.14913621802505
}