{
  "violation_rate": 0.06,
  "collision_rate": 0.0,
  "near_miss_rate": 0.02,
  "intervention_rate": 0.16666666666666666,
  "override_success_rate": 0.8,
  "mean_intervention_delay": 0.0,
  "operator_workload": 0.16666666666666666,
  "mean_drift": 8.778896768781781,
  "p95_drift": 27.564083549547192,
  "mean_latency_ms": 0.6772647337250722,
  "risk_mean": 0.26883644692358594,
  "risk_p95": 0.4221276967059004,
  "separation_risk_mean": 0.05020988925855322,
  "congestion_risk_mean": 0.03332266128897831,
  "speed_risk_mean": 0.9478736974717411,
  "uncertainty_risk_mean": 0.6382018454282079,
  "human_activation_count": 25,
  "cooldown_skips": 125,
  "trigger_active_rate": 1.0,
  "confidence_mean": 0.75,
  "false_intervention_rate": 0.32
}