{
  "violation_rate": 0.0,
  "collision_rate": 0.0,
  "near_miss_rate": 0.04666666666666667,
  "intervention_rate": 0.0,
  "override_success_rate": 0.0,
  "mean_intervention_delay": 0.0,
  "operator_workload": 0.0,
  "mean_drift": 13.57874490575804,
  "p95_drift": 35.262673459104974,
  "mean_latency_ms": 0.5125455463227505,
  "risk_mean": 0.30899505612281686,
  "risk_p95": 0.46886594660875686,
  "separation_risk_mean": 0.1151665081608013,
  "congestion_risk_mean": 0.07496781538467225,
  "speed_risk_mean": 0.9497580569441186,
  "uncertainty_risk_mean": 0.639763100417803,
  "human_activation_count": 0,
  "cooldown_skips": 0,
  "trigger_active_rate": 0.0,
  "confidence_mean": 0.9500000000000002,
  "false_intervention_rate": 0.0
}