{
  "violation_rate": 0.04,
  "collision_rate": 0.0,
  "near_miss_rate": 0.32666666666666666,
  "intervention_rate": 1.0,
  "override_success_rate": 0.96,
  "mean_intervention_delay": 0.0,
  "operator_workload": 1.0,
  "mean_drift": 10.715533416838035,
  "p95_drift": 25.068776654396103,
  "mean_latency_ms": 0.3873610935988836,
  "risk_mean": 0.4012030195884612,
  "risk_p95": 0.6809981622476643,
  "separation_risk_mean": 0.27066052410230845,
  "congestion_risk_mean": 0.1573063393773762,
  "speed_risk_mean": 0.9614531781672785,
  "uncertainty_risk_mean": 0.6390748144865775,
  "human_activation_count": 150,
  "cooldown_skips": 0,
  "trigger_active_rate": 1.0,
  "confidence_mean": 0.9500000000000002,
  "false_intervention_rate": 0.24666666666666667
}