{
  "violation_rate": 0.04,
  "collision_rate": 0.0,
  "near_miss_rate": 0.02,
  "intervention_rate": 0.78,
  "override_success_rate": 0.9487179487179487,
  "mean_intervention_delay": 0.0,
  "operator_workload": 0.78,
  "mean_drift": 22.69370943530853,
  "p95_drift": 64.36750383466907,
  "mean_latency_ms": 0.40245780954137444,
  "risk_mean": 0.8281244689367436,
  "risk_p05": 0.29999999999993276,
  "risk_p25": 0.6901717520913138,
  "risk_p50": 1.0,
  "risk_p75": 1.0,
  "risk_p95": 1.0,
  "separation_risk_mean": 0.09735745139936962,
  "congestion_risk_mean": 0.06110778453721354,
  "speed_risk_mean": 0.9961251130529188,
  "uncertainty_risk_mean": 0.9983396613985506,
  "human_activation_count": 117,
  "cooldown_skips": 33,
  "suppressed_request_count": 33,
  "suppressed_critical_count": 0,
  "cooldown_release_count": 110,
  "critical_override_count": 110,
  "critical_trigger_rate": 0.7333333333333333,
  "trigger_active_rate": 1.0,
  "confidence_mean": 0.9500000000000002,
  "false_intervention_rate": 0.07692307692307693,
  "repeated_intervention_rate": 0.9316239316239316,
  "post_intervention_violation_rate": 0.046153846153846156,
  "mean_drift_after_intervention": 26.180099615721893,
  "min_predicted_distance_mean": 3.72154176411693
}