{
  "violation_rate": 0.35333333333333333,
  "collision_rate": 0.0,
  "near_miss_rate": 0.02,
  "intervention_rate": 0.78,
  "override_success_rate": 0.5470085470085471,
  "mean_intervention_delay": 0.0,
  "operator_workload": 0.78,
  "mean_drift": 22.811122738262853,
  "p95_drift": 64.49171340851261,
  "mean_latency_ms": 0.8743538917042315,
  "risk_mean": 0.8129310825147049,
  "risk_p05": 0.24599999999993272,
  "risk_p25": 0.6439296597411635,
  "risk_p50": 1.0,
  "risk_p75": 1.0,
  "risk_p95": 1.0,
  "separation_risk_mean": 0.09214555909526263,
  "congestion_risk_mean": 0.05785279652423225,
  "speed_risk_mean": 0.9979192068990149,
  "uncertainty_risk_mean": 0.6385798749626165,
  "human_activation_count": 117,
  "cooldown_skips": 33,
  "suppressed_request_count": 33,
  "suppressed_critical_count": 0,
  "cooldown_release_count": 110,
  "critical_override_count": 110,
  "critical_trigger_rate": 0.7333333333333333,
  "trigger_active_rate": 1.0,
  "confidence_mean": 0.75,
  "false_intervention_rate": 0.07692307692307693,
  "repeated_intervention_rate": 0.9316239316239316,
  "post_intervention_violation_rate": 0.4076923076923077,
  "mean_drift_after_intervention": 26.331678224372126,
  "min_predicted_distance_mean": 3.7562694357660416
}