{
  "violation_rate": 0.06666666666666667,
  "collision_rate": 0.0,
  "near_miss_rate": 0.19333333333333333,
  "intervention_rate": 0.74,
  "override_success_rate": 0.9099099099099099,
  "mean_intervention_delay": 0.0,
  "operator_workload": 0.74,
  "mean_drift": 15.378365090953725,
  "p95_drift": 37.12119844914104,
  "mean_latency_ms": 0.45173243231450516,
  "risk_mean": 0.8789913405659786,
  "risk_p05": 0.45920484488861213,
  "risk_p25": 0.6621131107286988,
  "risk_p50": 1.0,
  "risk_p75": 1.0,
  "risk_p95": 1.0,
  "separation_risk_mean": 0.19456909683837298,
  "congestion_risk_mean": 0.12323023321194894,
  "speed_risk_mean": 0.9970346135520997,
  "uncertainty_risk_mean": 0.64,
  "human_activation_count": 111,
  "cooldown_skips": 39,
  "suppressed_request_count": 39,
  "suppressed_critical_count": 0,
  "cooldown_release_count": 109,
  "critical_override_count": 109,
  "critical_trigger_rate": 0.7266666666666667,
  "trigger_active_rate": 1.0,
  "confidence_mean": 0.9500000000000002,
  "false_intervention_rate": 0.036036036036036036,
  "repeated_intervention_rate": 0.972972972972973,
  "post_intervention_violation_rate": 0.08771929824561403,
  "mean_drift_after_intervention": 18.0819541377513,
  "min_predicted_distance_mean": 5.379051091074024
}