{
  "violation_rate": 0.2733333333333333,
  "collision_rate": 0.0,
  "near_miss_rate": 0.16666666666666666,
  "intervention_rate": 0.78,
  "override_success_rate": 0.6495726495726496,
  "mean_intervention_delay": 1.0,
  "operator_workload": 0.78,
  "mean_drift": 11.647082759636838,
  "p95_drift": 40.61860382205395,
  "mean_latency_ms": 0.6791000130275885,
  "risk_mean": 0.8726035999735281,
  "risk_p05": 0.35244737229172557,
  "risk_p25": 0.735139095995284,
  "risk_p50": 1.0,
  "risk_p75": 1.0,
  "risk_p95": 1.0,
  "separation_risk_mean": 0.18863785284538545,
  "congestion_risk_mean": 0.1170115192636085,
  "speed_risk_mean": 0.6970288723156496,
  "uncertainty_risk_mean": 0.6389644975348836,
  "human_activation_count": 117,
  "cooldown_skips": 30,
  "suppressed_request_count": 30,
  "suppressed_critical_count": 0,
  "cooldown_release_count": 112,
  "critical_override_count": 112,
  "critical_trigger_rate": 0.7466666666666667,
  "trigger_active_rate": 0.98,
  "confidence_mean": 0.8156794880307843,
  "false_intervention_rate": 0.07692307692307693,
  "repeated_intervention_rate": 0.9145299145299145,
  "post_intervention_violation_rate": 0.31297709923664124,
  "mean_drift_after_intervention": 13.380554943884446,
  "min_predicted_distance_mean": 3.2450475834425716
}