{
  "violation_rate": 0.06666666666666667,
  "collision_rate": 0.0,
  "near_miss_rate": 0.08666666666666667,
  "intervention_rate": 0.72,
  "override_success_rate": 0.9074074074074074,
  "mean_intervention_delay": 0.0,
  "operator_workload": 0.72,
  "mean_drift": 7.513711995019061,
  "p95_drift": 25.537682890523644,
  "mean_latency_ms": 0.4058366664685309,
  "risk_mean": 0.7976865226629595,
  "risk_p05": 0.18399999999987085,
  "risk_p25": 0.6424338272690802,
  "risk_p50": 1.0,
  "risk_p75": 1.0,
  "risk_p95": 1.0,
  "separation_risk_mean": 0.0786177556080274,
  "congestion_risk_mean": 0.06822087277296016,
  "speed_risk_mean": 0.790973144283898,
  "uncertainty_risk_mean": 0.6330028901407403,
  "human_activation_count": 108,
  "cooldown_skips": 15,
  "suppressed_request_count": 15,
  "suppressed_critical_count": 0,
  "cooldown_release_count": 105,
  "critical_override_count": 105,
  "critical_trigger_rate": 0.7,
  "trigger_active_rate": 0.82,
  "confidence_mean": 0.9500000000000002,
  "false_intervention_rate": 0.05555555555555555,
  "repeated_intervention_rate": 0.9629629629629629,
  "post_intervention_violation_rate": 0.08849557522123894,
  "mean_drift_after_intervention": 9.098427763110612,
  "min_predicted_distance_mean": 8.223281050212524
}