{
  "violation_rate": 0.15333333333333332,
  "collision_rate": 0.013333333333333334,
  "near_miss_rate": 1.2,
  "intervention_rate": 0.16666666666666666,
  "override_success_rate": 0.48,
  "mean_intervention_delay": 0.0,
  "operator_workload": 0.16666666666666666,
  "mean_drift": 7.722160384689515,
  "p95_drift": 30.32255284992841,
  "mean_latency_ms": 0.8160339064003589,
  "risk_mean": 0.6796567954894062,
  "risk_p95": 0.7659035486144619,
  "separation_risk_mean": 0.7217815585116019,
  "congestion_risk_mean": 0.6184030063091253,
  "speed_risk_mean": 0.6975888795667953,
  "uncertainty_risk_mean": 0.6374400709792301,
  "human_activation_count": 25,
  "cooldown_skips": 125,
  "trigger_active_rate": 1.0,
  "confidence_mean": 0.5,
  "false_intervention_rate": 0.12
}