{
  "violation_rate": 0.06,
  "collision_rate": 0.013333333333333334,
  "near_miss_rate": 1.2133333333333334,
  "intervention_rate": 0.76,
  "override_success_rate": 0.9210526315789473,
  "mean_intervention_delay": 0.0,
  "operator_workload": 0.76,
  "mean_drift": 7.710682408081389,
  "p95_drift": 30.1690857508383,
  "mean_latency_ms": 0.5771314019026855,
  "risk_mean": 0.9009143205444968,
  "risk_p05": 0.5456010444629614,
  "risk_p25": 1.0,
  "risk_p50": 1.0,
  "risk_p75": 1.0,
  "risk_p95": 1.0,
  "separation_risk_mean": 0.7229267712094082,
  "congestion_risk_mean": 0.600074896796833,
  "speed_risk_mean": 0.6228144472532051,
  "uncertainty_risk_mean": 0.6374400709792301,
  "human_activation_count": 114,
  "cooldown_skips": 36,
  "suppressed_request_count": 36,
  "suppressed_critical_count": 0,
  "cooldown_release_count": 113,
  "critical_override_count": 113,
  "critical_trigger_rate": 0.7533333333333333,
  "trigger_active_rate": 1.0,
  "confidence_mean": 0.9500000000000002,
  "false_intervention_rate": 0.0,
  "repeated_intervention_rate": 0.956140350877193,
  "post_intervention_violation_rate": 0.0743801652892562,
  "mean_drift_after_intervention": 8.927433159347448,
  "min_predicted_distance_mean": 0.8081374238949134
}