{
  "violation_rate": 0.1,
  "collision_rate": 0.0,
  "near_miss_rate": 0.16666666666666666,
  "intervention_rate": 0.7733333333333333,
  "override_success_rate": 0.8706896551724138,
  "mean_intervention_delay": 0.0,
  "operator_workload": 0.7733333333333333,
  "mean_drift": 15.367239478335037,
  "p95_drift": 37.570210251645584,
  "mean_latency_ms": 0.5772721961451074,
  "risk_mean": 0.8723091145316706,
  "risk_p05": 0.4527183236776985,
  "risk_p25": 1.0,
  "risk_p50": 1.0,
  "risk_p75": 1.0,
  "risk_p95": 1.0,
  "separation_risk_mean": 0.26551060316469155,
  "congestion_risk_mean": 0.1748996078212031,
  "speed_risk_mean": 0.7908198657849487,
  "uncertainty_risk_mean": 0.6352058273710635,
  "human_activation_count": 116,
  "cooldown_skips": 34,
  "suppressed_request_count": 34,
  "suppressed_critical_count": 0,
  "cooldown_release_count": 113,
  "critical_override_count": 113,
  "critical_trigger_rate": 0.7533333333333333,
  "trigger_active_rate": 1.0,
  "confidence_mean": 0.9500000000000002,
  "false_intervention_rate": 0.06896551724137931,
  "repeated_intervention_rate": 0.9482758620689655,
  "post_intervention_violation_rate": 0.12096774193548387,
  "mean_drift_after_intervention": 17.663290704093146,
  "min_predicted_distance_mean": 2.504520219878829
}