{
  "violation_rate": 0.17333333333333334,
  "collision_rate": 0.0,
  "near_miss_rate": 0.02,
  "intervention_rate": 0.16666666666666666,
  "override_success_rate": 0.44,
  "mean_intervention_delay": 10.0,
  "operator_workload": 0.16666666666666666,
  "mean_drift": 8.79684383061931,
  "p95_drift": 27.720613293438667,
  "mean_latency_ms": 0.6372347400368502,
  "risk_mean": 0.2688264973547809,
  "risk_p95": 0.4221276967059004,
  "separation_risk_mean": 0.05038569020605616,
  "congestion_risk_mean": 0.03341899057528129,
  "speed_risk_mean": 0.9471194153600273,
  "uncertainty_risk_mean": 0.6382018454282079,
  "human_activation_count": 25,
  "cooldown_skips": 125,
  "trigger_active_rate": 1.0,
  "confidence_mean": 0.8130947531791306,
  "false_intervention_rate": 0.32
}