{
  "violation_rate": 0.03333333333333333,
  "collision_rate": 0.02,
  "near_miss_rate": 0.6533333333333333,
  "intervention_rate": 0.09333333333333334,
  "override_success_rate": 0.7857142857142857,
  "mean_intervention_delay": 0.0,
  "operator_workload": 0.09333333333333334,
  "mean_drift": 11.383024516979285,
  "p95_drift": 19.181176277804244,
  "mean_latency_ms": 0.6143033598588469,
  "risk_mean": 0.5631119400174819,
  "risk_p95": 0.6744999999999799,
  "separation_risk_mean": 0.5384900607279081,
  "congestion_risk_mean": 0.3132575928095215,
  "speed_risk_mean": 0.9809633359939706,
  "uncertainty_risk_mean": 0.6355500939229817,
  "human_activation_count": 14,
  "cooldown_skips": 136,
  "trigger_active_rate": 1.0,
  "confidence_mean": 0.9500000000000002,
  "false_intervention_rate": 0.2857142857142857
}