{
  "violation_rate": 0.26,
  "collision_rate": 0.0,
  "near_miss_rate": 0.26666666666666666,
  "intervention_rate": 0.8266666666666667,
  "override_success_rate": 0.6854838709677419,
  "mean_intervention_delay": 1.0,
  "operator_workload": 0.8266666666666667,
  "mean_drift": 7.932190194386606,
  "p95_drift": 23.338161582895967,
  "mean_latency_ms": 0.7920466037467122,
  "risk_mean": 0.8916158704919891,
  "risk_p05": 0.3859982420754566,
  "risk_p25": 1.0,
  "risk_p50": 1.0,
  "risk_p75": 1.0,
  "risk_p95": 1.0,
  "separation_risk_mean": 0.39550470613254984,
  "congestion_risk_mean": 0.22836766757008747,
  "speed_risk_mean": 0.8492647618342243,
  "uncertainty_risk_mean": 0.6293665706822452,
  "human_activation_count": 124,
  "cooldown_skips": 26,
  "suppressed_request_count": 26,
  "suppressed_critical_count": 0,
  "cooldown_release_count": 119,
  "critical_override_count": 119,
  "critical_trigger_rate": 0.7933333333333333,
  "trigger_active_rate": 1.0,
  "confidence_mean": 0.8076432180839082,
  "false_intervention_rate": 0.08870967741935484,
  "repeated_intervention_rate": 0.9435483870967742,
  "post_intervention_violation_rate": 0.291044776119403,
  "mean_drift_after_intervention": 8.977488308828672,
  "min_predicted_distance_mean": 1.9009694228369713
}