{
  "violation_rate": 0.03333333333333333,
  "collision_rate": 0.0,
  "near_miss_rate": 0.02666666666666667,
  "intervention_rate": 0.9666666666666667,
  "override_success_rate": 0.9655172413793104,
  "mean_intervention_delay": 0.0,
  "operator_workload": 0.9666666666666667,
  "mean_drift": 13.843265134130348,
  "p95_drift": 31.538913001937278,
  "mean_latency_ms": 0.4001875330383579,
  "risk_mean": 0.9748666666666653,
  "risk_p05": 1.0,
  "risk_p25": 1.0,
  "risk_p50": 1.0,
  "risk_p75": 1.0,
  "risk_p95": 1.0,
  "separation_risk_mean": 0.03840345221283729,
  "congestion_risk_mean": 0.02163131903779993,
  "speed_risk_mean": 0.9976506949427272,
  "uncertainty_risk_mean": 0.64,
  "human_activation_count": 145,
  "cooldown_skips": 0,
  "suppressed_request_count": 0,
  "suppressed_critical_count": 0,
  "cooldown_release_count": 145,
  "critical_override_count": 145,
  "critical_trigger_rate": 0.9666666666666667,
  "trigger_active_rate": 0.9666666666666667,
  "confidence_mean": 0.9500000000000002,
  "false_intervention_rate": 0.020689655172413793,
  "repeated_intervention_rate": 0.993103448275862,
  "post_intervention_violation_rate": 0.034722222222222224,
  "mean_drift_after_intervention": 13.687565678021402,
  "min_predicted_distance_mean": 7.951531170863259
}