{
  "violation_rate": 0.13333333333333333,
  "collision_rate": 0.0,
  "near_miss_rate": 0.0,
  "intervention_rate": 0.9733333333333334,
  "override_success_rate": 0.863013698630137,
  "mean_intervention_delay": 0.0,
  "operator_workload": 0.9733333333333334,
  "mean_drift": 16.92691231910632,
  "p95_drift": 36.171437280141106,
  "mean_latency_ms": 0.5047647065172592,
  "risk_mean": 0.9798933333333324,
  "risk_p05": 1.0,
  "risk_p25": 1.0,
  "risk_p50": 1.0,
  "risk_p75": 1.0,
  "risk_p95": 1.0,
  "separation_risk_mean": 0.0,
  "congestion_risk_mean": 0.0,
  "speed_risk_mean": 0.7257718467738984,
  "uncertainty_risk_mean": 0.64,
  "human_activation_count": 146,
  "cooldown_skips": 0,
  "suppressed_request_count": 0,
  "suppressed_critical_count": 0,
  "cooldown_release_count": 146,
  "critical_override_count": 146,
  "critical_trigger_rate": 0.9733333333333334,
  "trigger_active_rate": 0.9733333333333334,
  "confidence_mean": 0.9500000000000002,
  "false_intervention_rate": 0.0136986301369863,
  "repeated_intervention_rate": 0.9931506849315068,
  "post_intervention_violation_rate": 0.13793103448275862,
  "mean_drift_after_intervention": 16.745945697003755,
  "min_predicted_distance_mean": 11.11438104982149
}