{
  "violation_rate": 0.04666666666666667,
  "collision_rate": 0.0,
  "near_miss_rate": 0.0,
  "intervention_rate": 0.7666666666666667,
  "override_success_rate": 0.9391304347826087,
  "mean_intervention_delay": 0.0,
  "operator_workload": 0.7666666666666667,
  "mean_drift": 15.343248337308415,
  "p95_drift": 32.03563625547913,
  "mean_latency_ms": 0.5276597780175507,
  "risk_mean": 0.8380403485301107,
  "risk_p05": 0.24599999999991196,
  "risk_p25": 0.6926067254490191,
  "risk_p50": 1.0,
  "risk_p75": 1.0,
  "risk_p95": 1.0,
  "separation_risk_mean": 0.05709478766209447,
  "congestion_risk_mean": 0.029343151948911867,
  "speed_risk_mean": 0.9841339557991174,
  "uncertainty_risk_mean": 0.64,
  "human_activation_count": 115,
  "cooldown_skips": 19,
  "suppressed_request_count": 19,
  "suppressed_critical_count": 0,
  "cooldown_release_count": 112,
  "critical_override_count": 112,
  "critical_trigger_rate": 0.7466666666666667,
  "trigger_active_rate": 0.88,
  "confidence_mean": 0.9500000000000002,
  "false_intervention_rate": 0.0782608695652174,
  "repeated_intervention_rate": 0.9565217391304348,
  "post_intervention_violation_rate": 0.05737704918032787,
  "mean_drift_after_intervention": 17.501699557560382,
  "min_predicted_distance_mean": 4.684690346100133
}