{
  "violation_rate": 0.12666666666666668,
  "collision_rate": 0.006666666666666667,
  "near_miss_rate": 0.08,
  "intervention_rate": 0.7933333333333333,
  "override_success_rate": 0.8403361344537815,
  "mean_intervention_delay": 0.0,
  "operator_workload": 0.7933333333333333,
  "mean_drift": 10.274460764226964,
  "p95_drift": 32.6103764651385,
  "mean_latency_ms": 0.45582892606034875,
  "risk_mean": 0.856352278555654,
  "risk_p05": 0.21359059855348977,
  "risk_p25": 1.0,
  "risk_p50": 1.0,
  "risk_p75": 1.0,
  "risk_p95": 1.0,
  "separation_risk_mean": 0.09347802269796672,
  "congestion_risk_mean": 0.05244644446553038,
  "speed_risk_mean": 0.8082613158527296,
  "uncertainty_risk_mean": 0.6370872938925903,
  "human_activation_count": 119,
  "cooldown_skips": 21,
  "suppressed_request_count": 21,
  "suppressed_critical_count": 0,
  "cooldown_release_count": 116,
  "critical_override_count": 116,
  "critical_trigger_rate": 0.7733333333333333,
  "trigger_active_rate": 0.9,
  "confidence_mean": 0.9000000000000004,
  "false_intervention_rate": 0.05042016806722689,
  "repeated_intervention_rate": 0.9495798319327731,
  "post_intervention_violation_rate": 0.14960629921259844,
  "mean_drift_after_intervention": 11.886874831097813,
  "min_predicted_distance_mean": 9.662802156873923
}