{
  "violation_rate": 0.07333333333333333,
  "collision_rate": 0.006666666666666667,
  "near_miss_rate": 0.38666666666666666,
  "intervention_rate": 0.7333333333333333,
  "override_success_rate": 0.9,
  "mean_intervention_delay": 0.0,
  "operator_workload": 0.7333333333333333,
  "mean_drift": 10.373028529417823,
  "p95_drift": 27.688024306445257,
  "mean_latency_ms": 0.5374066554941237,
  "risk_mean": 0.7939543440873107,
  "risk_p05": 0.2159999999998638,
  "risk_p25": 0.4162002845906687,
  "risk_p50": 1.0,
  "risk_p75": 1.0,
  "risk_p95": 1.0,
  "separation_risk_mean": 0.3513683367113152,
  "congestion_risk_mean": 0.18997445058273174,
  "speed_risk_mean": 0.93458075117806,
  "uncertainty_risk_mean": 0.6389873070849426,
  "human_activation_count": 110,
  "cooldown_skips": 15,
  "suppressed_request_count": 15,
  "suppressed_critical_count": 0,
  "cooldown_release_count": 107,
  "critical_override_count": 107,
  "critical_trigger_rate": 0.7133333333333334,
  "trigger_active_rate": 0.8133333333333334,
  "confidence_mean": 0.9500000000000002,
  "false_intervention_rate": 0.03636363636363636,
  "repeated_intervention_rate": 0.9636363636363636,
  "post_intervention_violation_rate": 0.08695652173913043,
  "mean_drift_after_intervention": 12.29793144948564,
  "min_predicted_distance_mean": 3.2150694503617174
}