{
  "violation_rate": 0.07333333333333333,
  "collision_rate": 0.006666666666666667,
  "near_miss_rate": 0.02666666666666667,
  "intervention_rate": 0.72,
  "override_success_rate": 0.8981481481481481,
  "mean_intervention_delay": 0.0,
  "operator_workload": 0.72,
  "mean_drift": 10.545812771892878,
  "p95_drift": 33.19264718016366,
  "mean_latency_ms": 0.5032630489828686,
  "risk_mean": 0.7881626485822083,
  "risk_p05": 0.19326697784711577,
  "risk_p25": 0.3701342834994269,
  "risk_p50": 1.0,
  "risk_p75": 1.0,
  "risk_p95": 1.0,
  "separation_risk_mean": 0.05887669533803052,
  "congestion_risk_mean": 0.03179090832177776,
  "speed_risk_mean": 0.7728374154472304,
  "uncertainty_risk_mean": 0.632605871466389,
  "human_activation_count": 108,
  "cooldown_skips": 15,
  "suppressed_request_count": 15,
  "suppressed_critical_count": 0,
  "cooldown_release_count": 107,
  "critical_override_count": 107,
  "critical_trigger_rate": 0.7133333333333334,
  "trigger_active_rate": 0.8066666666666666,
  "confidence_mean": 0.9500000000000002,
  "false_intervention_rate": 0.08333333333333333,
  "repeated_intervention_rate": 0.9444444444444444,
  "post_intervention_violation_rate": 0.08695652173913043,
  "mean_drift_after_intervention": 12.913742945493512,
  "min_predicted_distance_mean": 11.571087527326549
}