{
  "violation_rate": 0.06666666666666667,
  "collision_rate": 0.0,
  "near_miss_rate": 0.3,
  "intervention_rate": 0.8933333333333333,
  "override_success_rate": 0.9253731343283582,
  "mean_intervention_delay": 0.0,
  "operator_workload": 0.8933333333333333,
  "mean_drift": 14.837244218542592,
  "p95_drift": 32.13436066342772,
  "mean_latency_ms": 0.6632319302298129,
  "risk_mean": 0.9637828347048296,
  "risk_p05": 0.707314837689809,
  "risk_p25": 1.0,
  "risk_p50": 1.0,
  "risk_p75": 1.0,
  "risk_p95": 1.0,
  "separation_risk_mean": 0.20035157918024524,
  "congestion_risk_mean": 0.1478042074622743,
  "speed_risk_mean": 0.9813383072701629,
  "uncertainty_risk_mean": 0.9997317597240597,
  "human_activation_count": 134,
  "cooldown_skips": 16,
  "suppressed_request_count": 16,
  "suppressed_critical_count": 0,
  "cooldown_release_count": 132,
  "critical_override_count": 132,
  "critical_trigger_rate": 0.88,
  "trigger_active_rate": 1.0,
  "confidence_mean": 0.9500000000000002,
  "false_intervention_rate": 0.05223880597014925,
  "repeated_intervention_rate": 0.9626865671641791,
  "post_intervention_violation_rate": 0.07142857142857142,
  "mean_drift_after_intervention": 15.739346644047234,
  "min_predicted_distance_mean": 6.194614374305852
}