{
  "violation_rate": 0.1,
  "collision_rate": 0.006666666666666667,
  "near_miss_rate": 0.54,
  "intervention_rate": 0.9466666666666667,
  "override_success_rate": 0.8943661971830986,
  "mean_intervention_delay": 0.0,
  "operator_workload": 0.9466666666666667,
  "mean_drift": 7.062339769505313,
  "p95_drift": 20.491484915630473,
  "mean_latency_ms": 0.6354685764138898,
  "risk_mean": 0.9763856374605372,
  "risk_p05": 0.6639623546508898,
  "risk_p25": 1.0,
  "risk_p50": 1.0,
  "risk_p75": 1.0,
  "risk_p95": 1.0,
  "separation_risk_mean": 0.3813476409644275,
  "congestion_risk_mean": 0.24453704738374246,
  "speed_risk_mean": 0.8347836277608068,
  "uncertainty_risk_mean": 0.6366493781097015,
  "human_activation_count": 142,
  "cooldown_skips": 8,
  "suppressed_request_count": 8,
  "suppressed_critical_count": 0,
  "cooldown_release_count": 141,
  "critical_override_count": 141,
  "critical_trigger_rate": 0.94,
  "trigger_active_rate": 1.0,
  "confidence_mean": 0.9500000000000002,
  "false_intervention_rate": 0.04225352112676056,
  "repeated_intervention_rate": 0.971830985915493,
  "post_intervention_violation_rate": 0.0958904109589041,
  "mean_drift_after_intervention": 7.302894045075084,
  "min_predicted_distance_mean": 2.4262008851312737
}