{
  "violation_rate": 0.006666666666666667,
  "collision_rate": 0.006666666666666667,
  "near_miss_rate": 0.26,
  "intervention_rate": 0.16666666666666666,
  "override_success_rate": 0.96,
  "mean_intervention_delay": 0.0,
  "operator_workload": 0.16666666666666666,
  "mean_drift": 17.265687061871112,
  "p95_drift": 35.58903040291797,
  "mean_latency_ms": 0.39841777402519557,
  "risk_mean": 0.3669506655840593,
  "risk_p95": 0.6744999999999799,
  "separation_risk_mean": 0.20764372056093658,
  "congestion_risk_mean": 0.11411274674817558,
  "speed_risk_mean": 0.993218697630626,
  "uncertainty_risk_mean": 0.64,
  "human_activation_count": 25,
  "cooldown_skips": 125,
  "trigger_active_rate": 1.0,
  "confidence_mean": 0.9500000000000002,
  "false_intervention_rate": 0.24
}