{
  "violation_rate": 0.04666666666666667,
  "collision_rate": 0.0,
  "near_miss_rate": 0.02666666666666667,
  "intervention_rate": 0.7666666666666667,
  "override_success_rate": 0.9391304347826087,
  "mean_intervention_delay": 0.0,
  "operator_workload": 0.7666666666666667,
  "mean_drift": 11.751509093606415,
  "p95_drift": 30.782819000896705,
  "mean_latency_ms": 0.3871088979455332,
  "risk_mean": 0.8279034175806931,
  "risk_p05": 0.21599999999992187,
  "risk_p25": 0.8106624402893563,
  "risk_p50": 1.0,
  "risk_p75": 1.0,
  "risk_p95": 1.0,
  "separation_risk_mean": 0.046122697167703765,
  "congestion_risk_mean": 0.034445928587720255,
  "speed_risk_mean": 0.8372066391801224,
  "uncertainty_risk_mean": 0.64,
  "human_activation_count": 115,
  "cooldown_skips": 15,
  "suppressed_request_count": 15,
  "suppressed_critical_count": 0,
  "cooldown_release_count": 112,
  "critical_override_count": 112,
  "critical_trigger_rate": 0.7466666666666667,
  "trigger_active_rate": 0.84,
  "confidence_mean": 0.9500000000000002,
  "false_intervention_rate": 0.043478260869565216,
  "repeated_intervention_rate": 0.9652173913043478,
  "post_intervention_violation_rate": 0.058333333333333334,
  "mean_drift_after_intervention": 13.664707014101236,
  "min_predicted_distance_mean": 5.958771315539152
}