{
  "violation_rate": 0.6933333333333334,
  "collision_rate": 0.0,
  "near_miss_rate": 0.13333333333333333,
  "intervention_rate": 0.7866666666666666,
  "override_success_rate": 0.11864406779661017,
  "mean_intervention_delay": 5.0,
  "operator_workload": 0.7866666666666666,
  "mean_drift": 19.043771658300436,
  "p95_drift": 48.23311558148057,
  "mean_latency_ms": 2.2687469345207014,
  "risk_mean": 0.8891797208749053,
  "risk_p05": 0.4874788141410903,
  "risk_p25": 0.677032678591277,
  "risk_p50": 1.0,
  "risk_p75": 1.0,
  "risk_p95": 1.0,
  "separation_risk_mean": 0.14336741404965903,
  "congestion_risk_mean": 0.09367224984526143,
  "speed_risk_mean": 0.9974540238786975,
  "uncertainty_risk_mean": 0.64,
  "human_activation_count": 118,
  "cooldown_skips": 32,
  "suppressed_request_count": 32,
  "suppressed_critical_count": 0,
  "cooldown_release_count": 111,
  "critical_override_count": 111,
  "critical_trigger_rate": 0.74,
  "trigger_active_rate": 1.0,
  "confidence_mean": 0.4775952357021246,
  "false_intervention_rate": 0.09322033898305085,
  "repeated_intervention_rate": 0.9322033898305084,
  "post_intervention_violation_rate": 0.7938931297709924,
  "mean_drift_after_intervention": 22.23437911442892,
  "min_predicted_distance_mean": 6.598493433853079
}