{
  "violation_rate": 0.04666666666666667,
  "collision_rate": 0.0,
  "near_miss_rate": 0.25333333333333335,
  "intervention_rate": 0.16666666666666666,
  "override_success_rate": 0.84,
  "mean_intervention_delay": 1.0,
  "operator_workload": 0.16666666666666666,
  "mean_drift": 7.642216271539393,
  "p95_drift": 22.247033265195142,
  "mean_latency_ms": 0.30776583958261955,
  "risk_mean": 0.3859708177766375,
  "risk_p95": 0.6544546234086445,
  "separation_risk_mean": 0.2588075086309305,
  "congestion_risk_mean": 0.1733848742997641,
  "speed_risk_mean": 0.8784963588544957,
  "uncertainty_risk_mean": 0.6292451099306895,
  "human_activation_count": 25,
  "cooldown_skips": 125,
  "trigger_active_rate": 1.0,
  "confidence_mean": 0.9212990359040137,
  "false_intervention_rate": 0.2
}