{
  "violation_rate": 0.09333333333333334,
  "collision_rate": 0.0,
  "near_miss_rate": 0.02666666666666667,
  "intervention_rate": 0.7733333333333333,
  "override_success_rate": 0.8793103448275862,
  "mean_intervention_delay": 0.0,
  "operator_workload": 0.7733333333333333,
  "mean_drift": 12.70717018482187,
  "p95_drift": 34.37949303617621,
  "mean_latency_ms": 0.5928385925168792,
  "risk_mean": 0.8335889158389317,
  "risk_p05": 0.24599999999976638,
  "risk_p25": 0.7449410637817881,
  "risk_p50": 1.0,
  "risk_p75": 1.0,
  "risk_p95": 1.0,
  "separation_risk_mean": 0.048200206247940684,
  "congestion_risk_mean": 0.034141359564774196,
  "speed_risk_mean": 0.9815295305707032,
  "uncertainty_risk_mean": 0.6399164786837332,
  "human_activation_count": 116,
  "cooldown_skips": 34,
  "suppressed_request_count": 34,
  "suppressed_critical_count": 0,
  "cooldown_release_count": 112,
  "critical_override_count": 112,
  "critical_trigger_rate": 0.7466666666666667,
  "trigger_active_rate": 1.0,
  "confidence_mean": 0.9500000000000002,
  "false_intervention_rate": 0.07758620689655173,
  "repeated_intervention_rate": 0.9482758620689655,
  "post_intervention_violation_rate": 0.11290322580645161,
  "mean_drift_after_intervention": 14.887531205249358,
  "min_predicted_distance_mean": 4.398276415767325
}