{
  "violation_rate": 0.6466666666666666,
  "collision_rate": 0.0,
  "near_miss_rate": 0.13333333333333333,
  "intervention_rate": 0.7866666666666666,
  "override_success_rate": 0.17796610169491525,
  "mean_intervention_delay": 0.0,
  "operator_workload": 0.7866666666666666,
  "mean_drift": 16.251702135709735,
  "p95_drift": 39.24598165570668,
  "mean_latency_ms": 2.000607814795027,
  "risk_mean": 0.8891797208749053,
  "risk_p05": 0.4874788141410903,
  "risk_p25": 0.677032678591277,
  "risk_p50": 1.0,
  "risk_p75": 1.0,
  "risk_p95": 1.0,
  "separation_risk_mean": 0.16315714408855903,
  "congestion_risk_mean": 0.10637040504412444,
  "speed_risk_mean": 0.9974540238786586,
  "uncertainty_risk_mean": 0.64,
  "human_activation_count": 118,
  "cooldown_skips": 32,
  "suppressed_request_count": 32,
  "suppressed_critical_count": 0,
  "cooldown_release_count": 111,
  "critical_override_count": 111,
  "critical_trigger_rate": 0.74,
  "trigger_active_rate": 1.0,
  "confidence_mean": 0.5,
  "false_intervention_rate": 0.09322033898305085,
  "repeated_intervention_rate": 0.9322033898305084,
  "post_intervention_violation_rate": 0.7404580152671756,
  "mean_drift_after_intervention": 18.685138195881418,
  "min_predicted_distance_mean": 5.760714886503879
}