{
  "violation_rate": 0.6266666666666667,
  "collision_rate": 0.02666666666666667,
  "near_miss_rate": 0.06666666666666667,
  "intervention_rate": 0.8666666666666667,
  "override_success_rate": 0.27692307692307694,
  "mean_intervention_delay": 3.0,
  "operator_workload": 0.8666666666666667,
  "mean_drift": 10.368555551213118,
  "p95_drift": 27.01194909573717,
  "mean_latency_ms": 1.6347460790226858,
  "risk_mean": 0.9011751046647752,
  "risk_p05": 0.24599999999981245,
  "risk_p25": 1.0,
  "risk_p50": 1.0,
  "risk_p75": 1.0,
  "risk_p95": 1.0,
  "separation_risk_mean": 0.11238786188326311,
  "congestion_risk_mean": 0.05930494658880381,
  "speed_risk_mean": 0.8876182366483918,
  "uncertainty_risk_mean": 0.6365570858032663,
  "human_activation_count": 130,
  "cooldown_skips": 16,
  "suppressed_request_count": 16,
  "suppressed_critical_count": 0,
  "cooldown_release_count": 127,
  "critical_override_count": 127,
  "critical_trigger_rate": 0.8466666666666667,
  "trigger_active_rate": 0.9466666666666667,
  "confidence_mean": 0.5785215803840819,
  "false_intervention_rate": 0.08461538461538462,
  "repeated_intervention_rate": 0.9615384615384616,
  "post_intervention_violation_rate": 0.6911764705882353,
  "mean_drift_after_intervention": 11.415650509901525,
  "min_predicted_distance_mean": 9.302065300513787
}