{
  "violation_rate": 0.02666666666666667,
  "collision_rate": 0.0,
  "near_miss_rate": 0.3933333333333333,
  "intervention_rate": 0.7866666666666666,
  "override_success_rate": 0.9661016949152542,
  "mean_intervention_delay": 0.0,
  "operator_workload": 0.7866666666666666,
  "mean_drift": 15.04002227496869,
  "p95_drift": 27.966257823349164,
  "mean_latency_ms": 0.5386886093765497,
  "risk_mean": 0.891498109059783,
  "risk_p05": 0.44235079460367444,
  "risk_p25": 1.0,
  "risk_p50": 1.0,
  "risk_p75": 1.0,
  "risk_p95": 1.0,
  "separation_risk_mean": 0.41008185142325254,
  "congestion_risk_mean": 0.22131862852859996,
  "speed_risk_mean": 0.9517457897725147,
  "uncertainty_risk_mean": 0.6388949721372807,
  "human_activation_count": 118,
  "cooldown_skips": 7,
  "suppressed_request_count": 7,
  "suppressed_critical_count": 0,
  "cooldown_release_count": 117,
  "critical_override_count": 117,
  "critical_trigger_rate": 0.78,
  "trigger_active_rate": 0.8333333333333334,
  "confidence_mean": 0.9500000000000002,
  "false_intervention_rate": 0.05084745762711865,
  "repeated_intervention_rate": 0.9661016949152542,
  "post_intervention_violation_rate": 0.03305785123966942,
  "mean_drift_after_intervention": 18.079617007761623,
  "min_predicted_distance_mean": 2.1986458141979317
}