{
  "violation_rate": 0.36,
  "collision_rate": 0.02,
  "near_miss_rate": 0.18,
  "intervention_rate": 0.7933333333333333,
  "override_success_rate": 0.5462184873949579,
  "mean_intervention_delay": 0.0,
  "operator_workload": 0.7933333333333333,
  "mean_drift": 11.483022972089907,
  "p95_drift": 38.112132808631245,
  "mean_latency_ms": 0.7900619429225723,
  "risk_mean": 0.8832951863839533,
  "risk_p05": 0.3571436301586469,
  "risk_p25": 1.0,
  "risk_p50": 1.0,
  "risk_p75": 1.0,
  "risk_p95": 1.0,
  "separation_risk_mean": 0.16226717591230644,
  "congestion_risk_mean": 0.09778437445775534,
  "speed_risk_mean": 0.8810157946214187,
  "uncertainty_risk_mean": 0.6303359521773554,
  "human_activation_count": 119,
  "cooldown_skips": 29,
  "suppressed_request_count": 29,
  "suppressed_critical_count": 0,
  "cooldown_release_count": 115,
  "critical_override_count": 115,
  "critical_trigger_rate": 0.7666666666666667,
  "trigger_active_rate": 0.98,
  "confidence_mean": 0.75,
  "false_intervention_rate": 0.04201680672268908,
  "repeated_intervention_rate": 0.9327731092436975,
  "post_intervention_violation_rate": 0.3969465648854962,
  "mean_drift_after_intervention": 13.177071566852627,
  "min_predicted_distance_mean": 5.052191698219229
}