{
  "violation_rate": 0.04,
  "collision_rate": 0.006666666666666667,
  "near_miss_rate": 0.07333333333333333,
  "intervention_rate": 0.7466666666666667,
  "override_success_rate": 0.9464285714285714,
  "mean_intervention_delay": 0.0,
  "operator_workload": 0.7466666666666667,
  "mean_drift": 9.051434833558131,
  "p95_drift": 33.901151287294255,
  "mean_latency_ms": 0.37447216066842276,
  "risk_mean": 0.8121251719466366,
  "risk_p05": 0.1980179533676744,
  "risk_p25": 0.548807724999568,
  "risk_p50": 1.0,
  "risk_p75": 1.0,
  "risk_p95": 1.0,
  "separation_risk_mean": 0.08574629145591145,
  "congestion_risk_mean": 0.049323668695709394,
  "speed_risk_mean": 0.6401603318373472,
  "uncertainty_risk_mean": 0.6190029454225997,
  "human_activation_count": 112,
  "cooldown_skips": 31,
  "suppressed_request_count": 31,
  "suppressed_critical_count": 0,
  "cooldown_release_count": 108,
  "critical_override_count": 108,
  "critical_trigger_rate": 0.72,
  "trigger_active_rate": 0.92,
  "confidence_mean": 0.9500000000000002,
  "false_intervention_rate": 0.0625,
  "repeated_intervention_rate": 0.9196428571428571,
  "post_intervention_violation_rate": 0.03968253968253968,
  "mean_drift_after_intervention": 10.9983048928617,
  "min_predicted_distance_mean": 5.126859997294832
}