{
  "violation_rate": 0.006666666666666667,
  "collision_rate": 0.0,
  "near_miss_rate": 0.04666666666666667,
  "intervention_rate": 0.013333333333333334,
  "override_success_rate": 0.5,
  "mean_intervention_delay": 0.0,
  "operator_workload": 0.013333333333333334,
  "mean_drift": 15.77933305971494,
  "p95_drift": 35.34255635613254,
  "mean_latency_ms": 0.37633024039678276,
  "risk_mean": 0.2689388977370757,
  "risk_p95": 0.4549985481520522,
  "separation_risk_mean": 0.03501989709692026,
  "congestion_risk_mean": 0.035327910651426084,
  "speed_risk_mean": 0.9904876416312224,
  "uncertainty_risk_mean": 0.6384988009061447,
  "human_activation_count": 2,
  "cooldown_skips": 10,
  "trigger_active_rate": 0.06666666666666667,
  "confidence_mean": 0.9500000000000002,
  "false_intervention_rate": 0.5
}