{
  "violation_rate": 0.04,
  "collision_rate": 0.0,
  "near_miss_rate": 0.08666666666666667,
  "intervention_rate": 0.7533333333333333,
  "override_success_rate": 0.9469026548672567,
  "mean_intervention_delay": 0.0,
  "operator_workload": 0.7533333333333333,
  "mean_drift": 7.494298858537244,
  "p95_drift": 25.641288348448985,
  "mean_latency_ms": 0.36768087806801003,
  "risk_mean": 0.8031551143670629,
  "risk_p05": 0.21599999999987082,
  "risk_p25": 0.6183697728179123,
  "risk_p50": 1.0,
  "risk_p75": 1.0,
  "risk_p95": 1.0,
  "separation_risk_mean": 0.0786177556080274,
  "congestion_risk_mean": 0.06822087277296016,
  "speed_risk_mean": 0.7931192892281145,
  "uncertainty_risk_mean": 0.6330028901407403,
  "human_activation_count": 113,
  "cooldown_skips": 37,
  "suppressed_request_count": 37,
  "suppressed_critical_count": 0,
  "cooldown_release_count": 105,
  "critical_override_count": 105,
  "critical_trigger_rate": 0.7,
  "trigger_active_rate": 1.0,
  "confidence_mean": 0.9500000000000002,
  "false_intervention_rate": 0.09734513274336283,
  "repeated_intervention_rate": 0.9203539823008849,
  "post_intervention_violation_rate": 0.046875,
  "mean_drift_after_intervention": 8.867392908240113,
  "min_predicted_distance_mean": 8.225404219937921
}