{
  "violation_rate": 0.0,
  "collision_rate": 0.0,
  "near_miss_rate": 1.1933333333333334,
  "intervention_rate": 0.16666666666666666,
  "override_success_rate": 1.0,
  "mean_intervention_delay": 0.0,
  "operator_workload": 0.16666666666666666,
  "mean_drift": 1.985641189921244,
  "p95_drift": 7.925991753624855,
  "mean_latency_ms": 0.39553330027653527,
  "risk_mean": 0.6397357381166561,
  "risk_p95": 0.7623808782537554,
  "separation_risk_mean": 0.7169359344368704,
  "congestion_risk_mean": 0.4878268400211567,
  "speed_risk_mean": 0.6706676232335023,
  "uncertainty_risk_mean": 0.6303847608649991,
  "human_activation_count": 25,
  "cooldown_skips": 125,
  "trigger_active_rate": 1.0,
  "confidence_mean": 0.9500000000000002,
  "false_intervention_rate": 0.32
}