{
  "violation_rate": 0.07333333333333333,
  "collision_rate": 0.0,
  "near_miss_rate": 0.2733333333333333,
  "intervention_rate": 1.0,
  "override_success_rate": 0.9266666666666666,
  "mean_intervention_delay": 0.0,
  "operator_workload": 1.0,
  "mean_drift": 14.977272369192118,
  "p95_drift": 32.266244031192294,
  "mean_latency_ms": 0.43026413419283926,
  "risk_mean": 0.35916903116822646,
  "risk_p95": 0.7590170076740089,
  "separation_risk_mean": 0.18002897288600167,
  "congestion_risk_mean": 0.1376491352145014,
  "speed_risk_mean": 0.9854521167810587,
  "uncertainty_risk_mean": 0.6395059469916106,
  "human_activation_count": 150,
  "cooldown_skips": 0,
  "trigger_active_rate": 1.0,
  "confidence_mean": 0.9500000000000002,
  "false_intervention_rate": 0.18
}