{
  "violation_rate": 0.08,
  "collision_rate": 0.0,
  "near_miss_rate": 0.04,
  "intervention_rate": 0.7533333333333333,
  "override_success_rate": 0.8938053097345132,
  "mean_intervention_delay": 0.0,
  "operator_workload": 0.7533333333333333,
  "mean_drift": 15.031761479067441,
  "p95_drift": 32.80799631535383,
  "mean_latency_ms": 0.4513900214806199,
  "risk_mean": 0.8192593827866186,
  "risk_p05": 0.21599999999994307,
  "risk_p25": 0.7848974614946723,
  "risk_p50": 1.0,
  "risk_p75": 1.0,
  "risk_p95": 1.0,
  "separation_risk_mean": 0.026290262185801085,
  "congestion_risk_mean": 0.030572868461424284,
  "speed_risk_mean": 0.9711486489213993,
  "uncertainty_risk_mean": 0.64,
  "human_activation_count": 113,
  "cooldown_skips": 37,
  "suppressed_request_count": 37,
  "suppressed_critical_count": 0,
  "cooldown_release_count": 111,
  "critical_override_count": 111,
  "critical_trigger_rate": 0.74,
  "trigger_active_rate": 1.0,
  "confidence_mean": 0.9500000000000002,
  "false_intervention_rate": 0.02654867256637168,
  "repeated_intervention_rate": 0.9734513274336283,
  "post_intervention_violation_rate": 0.10344827586206896,
  "mean_drift_after_intervention": 17.366184970700914,
  "min_predicted_distance_mean": 8.142104257425807
}