{
  "violation_rate": 0.08,
  "collision_rate": 0.0,
  "near_miss_rate": 0.58,
  "intervention_rate": 0.98,
  "override_success_rate": 0.9183673469387755,
  "mean_intervention_delay": 0.0,
  "operator_workload": 0.98,
  "mean_drift": 19.221069481616166,
  "p95_drift": 31.51577718636392,
  "mean_latency_ms": 0.6808463864338895,
  "risk_mean": 0.9849199999999995,
  "risk_p05": 1.0,
  "risk_p25": 1.0,
  "risk_p50": 1.0,
  "risk_p75": 1.0,
  "risk_p95": 1.0,
  "separation_risk_mean": 0.4892109969450496,
  "congestion_risk_mean": 0.25717667311733855,
  "speed_risk_mean": 0.9985638632988613,
  "uncertainty_risk_mean": 0.64,
  "human_activation_count": 147,
  "cooldown_skips": 0,
  "suppressed_request_count": 0,
  "suppressed_critical_count": 0,
  "cooldown_release_count": 147,
  "critical_override_count": 147,
  "critical_trigger_rate": 0.98,
  "trigger_active_rate": 0.98,
  "confidence_mean": 0.9500000000000002,
  "false_intervention_rate": 0.027210884353741496,
  "repeated_intervention_rate": 0.9931972789115646,
  "post_intervention_violation_rate": 0.0821917808219178,
  "mean_drift_after_intervention": 19.034619768000237,
  "min_predicted_distance_mean": 3.9358521043017056
}