{
  "violation_rate": 0.03333333333333333,
  "collision_rate": 0.0,
  "near_miss_rate": 0.03333333333333333,
  "intervention_rate": 0.16666666666666666,
  "override_success_rate": 0.88,
  "mean_intervention_delay": 0.0,
  "operator_workload": 0.16666666666666666,
  "mean_drift": 12.315232329478075,
  "p95_drift": 38.90523378081824,
  "mean_latency_ms": 0.36379697325173765,
  "risk_mean": 0.2902284976928541,
  "risk_p95": 0.5783985540978104,
  "separation_risk_mean": 0.0800030505403324,
  "congestion_risk_mean": 0.05236977158015157,
  "speed_risk_mean": 0.967564547031111,
  "uncertainty_risk_mean": 0.64,
  "human_activation_count": 25,
  "cooldown_skips": 125,
  "trigger_active_rate": 1.0,
  "confidence_mean": 0.9500000000000002,
  "false_intervention_rate": 0.28
}