{
  "violation_rate": 0.16,
  "collision_rate": 0.0,
  "near_miss_rate": 0.26,
  "intervention_rate": 0.8266666666666667,
  "override_success_rate": 0.8064516129032258,
  "mean_intervention_delay": 0.0,
  "operator_workload": 0.8266666666666667,
  "mean_drift": 7.902939560423901,
  "p95_drift": 21.469026781369827,
  "mean_latency_ms": 0.6725325474205116,
  "risk_mean": 0.8916158704919891,
  "risk_p05": 0.3859982420754566,
  "risk_p25": 1.0,
  "risk_p50": 1.0,
  "risk_p75": 1.0,
  "risk_p95": 1.0,
  "separation_risk_mean": 0.3836879971554682,
  "congestion_risk_mean": 0.22111652564021747,
  "speed_risk_mean": 0.848310148707388,
  "uncertainty_risk_mean": 0.6293665706822452,
  "human_activation_count": 124,
  "cooldown_skips": 26,
  "suppressed_request_count": 26,
  "suppressed_critical_count": 0,
  "cooldown_release_count": 119,
  "critical_override_count": 119,
  "critical_trigger_rate": 0.7933333333333333,
  "trigger_active_rate": 1.0,
  "confidence_mean": 0.9000000000000004,
  "false_intervention_rate": 0.08870967741935484,
  "repeated_intervention_rate": 0.9435483870967742,
  "post_intervention_violation_rate": 0.1791044776119403,
  "mean_drift_after_intervention": 8.942104477422173,
  "min_predicted_distance_mean": 1.941093562562518
}