{
  "violation_rate": 0.6733333333333333,
  "collision_rate": 0.10666666666666667,
  "near_miss_rate": 0.24,
  "intervention_rate": 0.8,
  "override_success_rate": 0.15833333333333333,
  "mean_intervention_delay": 0.0,
  "operator_workload": 0.8,
  "mean_drift": 6.9156456942191795,
  "p95_drift": 23.27580322175683,
  "mean_latency_ms": 1.6802913509309292,
  "risk_mean": 0.8851616234340552,
  "risk_p05": 0.4849908962167083,
  "risk_p25": 1.0,
  "risk_p50": 1.0,
  "risk_p75": 1.0,
  "risk_p95": 1.0,
  "separation_risk_mean": 0.4632448451146064,
  "congestion_risk_mean": 0.2598913585721885,
  "speed_risk_mean": 0.7695096289051598,
  "uncertainty_risk_mean": 0.6336547778247547,
  "human_activation_count": 120,
  "cooldown_skips": 30,
  "suppressed_request_count": 30,
  "suppressed_critical_count": 0,
  "cooldown_release_count": 113,
  "critical_override_count": 113,
  "critical_trigger_rate": 0.7533333333333333,
  "trigger_active_rate": 1.0,
  "confidence_mean": 0.5,
  "false_intervention_rate": 0.06666666666666667,
  "repeated_intervention_rate": 0.9416666666666667,
  "post_intervention_violation_rate": 0.7709923664122137,
  "mean_drift_after_intervention": 7.842601577960128,
  "min_predicted_distance_mean": 1.8658236960956656
}