{
  "violation_rate": 0.04,
  "collision_rate": 0.0,
  "near_miss_rate": 0.08,
  "intervention_rate": 0.7133333333333334,
  "override_success_rate": 0.9439252336448598,
  "mean_intervention_delay": 0.0,
  "operator_workload": 0.7133333333333334,
  "mean_drift": 8.420609592550875,
  "p95_drift": 27.69316134658858,
  "mean_latency_ms": 0.4251885856501758,
  "risk_mean": 0.8010407379648253,
  "risk_p05": 0.23435856336048408,
  "risk_p25": 0.5973022758012354,
  "risk_p50": 1.0,
  "risk_p75": 1.0,
  "risk_p95": 1.0,
  "separation_risk_mean": 0.06728503162737635,
  "congestion_risk_mean": 0.04561300358837837,
  "speed_risk_mean": 0.8951551232581695,
  "uncertainty_risk_mean": 0.6307269983540685,
  "human_activation_count": 107,
  "cooldown_skips": 19,
  "suppressed_request_count": 19,
  "suppressed_critical_count": 0,
  "cooldown_release_count": 105,
  "critical_override_count": 105,
  "critical_trigger_rate": 0.7,
  "trigger_active_rate": 0.8333333333333334,
  "confidence_mean": 0.9500000000000002,
  "false_intervention_rate": 0.037383177570093455,
  "repeated_intervention_rate": 0.9439252336448598,
  "post_intervention_violation_rate": 0.05217391304347826,
  "mean_drift_after_intervention": 9.968977643938416,
  "min_predicted_distance_mean": 5.071079860763899
}