{
  "violation_rate": 0.13333333333333333,
  "collision_rate": 0.0,
  "near_miss_rate": 0.30666666666666664,
  "intervention_rate": 0.8,
  "override_success_rate": 0.8333333333333334,
  "mean_intervention_delay": 0.0,
  "operator_workload": 0.8,
  "mean_drift": 12.296528635954743,
  "p95_drift": 28.909665229693985,
  "mean_latency_ms": 0.5625289321566621,
  "risk_mean": 0.8238875814069462,
  "risk_p05": 0.24599999999988792,
  "risk_p25": 1.0,
  "risk_p50": 1.0,
  "risk_p75": 1.0,
  "risk_p95": 1.0,
  "separation_risk_mean": 0.17959467485473865,
  "congestion_risk_mean": 0.15694910610185508,
  "speed_risk_mean": 0.9684935285082871,
  "uncertainty_risk_mean": 0.6379323874773102,
  "human_activation_count": 120,
  "cooldown_skips": 30,
  "suppressed_request_count": 30,
  "suppressed_critical_count": 0,
  "cooldown_release_count": 113,
  "critical_override_count": 113,
  "critical_trigger_rate": 0.7533333333333333,
  "trigger_active_rate": 1.0,
  "confidence_mean": 0.9000000000000004,
  "false_intervention_rate": 0.075,
  "repeated_intervention_rate": 0.9416666666666667,
  "post_intervention_violation_rate": 0.15267175572519084,
  "mean_drift_after_intervention": 13.694577722154262,
  "min_predicted_distance_mean": 5.192866968226024
}