{
  "violation_rate": 0.15333333333333332,
  "collision_rate": 0.0,
  "near_miss_rate": 0.04666666666666667,
  "intervention_rate": 0.16666666666666666,
  "override_success_rate": 0.52,
  "mean_intervention_delay": 10.0,
  "operator_workload": 0.16666666666666666,
  "mean_drift": 13.371297911070442,
  "p95_drift": 30.907334725330212,
  "mean_latency_ms": 0.9534766738458226,
  "risk_mean": 0.29242433050022254,
  "risk_p95": 0.4669251638951905,
  "separation_risk_mean": 0.07987703538429504,
  "congestion_risk_mean": 0.06546804268246531,
  "speed_risk_mean": 0.9795121975335151,
  "uncertainty_risk_mean": 0.6212388285109748,
  "human_activation_count": 25,
  "cooldown_skips": 125,
  "trigger_active_rate": 1.0,
  "confidence_mean": 0.8130947531791306,
  "false_intervention_rate": 0.28
}