{
  "violation_rate": 0.0,
  "collision_rate": 0.0,
  "near_miss_rate": 0.18,
  "intervention_rate": 0.0,
  "override_success_rate": 0.0,
  "mean_intervention_delay": 0.0,
  "operator_workload": 0.0,
  "mean_drift": 9.845260560880021,
  "p95_drift": 25.2817158393742,
  "mean_latency_ms": 0.5544980328219632,
  "risk_mean": 0.3601758689635048,
  "risk_p95": 0.6744999999999556,
  "separation_risk_mean": 0.20504600075003987,
  "congestion_risk_mean": 0.11337846842788284,
  "speed_risk_mean": 0.9579955289735305,
  "uncertainty_risk_mean": 0.6390748144865775,
  "human_activation_count": 0,
  "cooldown_skips": 0,
  "trigger_active_rate": 0.0,
  "confidence_mean": 0.9500000000000002,
  "false_intervention_rate": 0.0
}