{
  "violation_rate": 0.05333333333333334,
  "collision_rate": 0.006666666666666667,
  "near_miss_rate": 0.07333333333333333,
  "intervention_rate": 0.8,
  "override_success_rate": 0.9333333333333333,
  "mean_intervention_delay": 0.0,
  "operator_workload": 0.8,
  "mean_drift": 10.068462160701166,
  "p95_drift": 24.92508318776332,
  "mean_latency_ms": 0.3891466705438991,
  "risk_mean": 0.8429159611669371,
  "risk_p05": 0.21599999999985967,
  "risk_p25": 1.0,
  "risk_p50": 1.0,
  "risk_p75": 1.0,
  "risk_p95": 1.0,
  "separation_risk_mean": 0.08165927044075569,
  "congestion_risk_mean": 0.045594924840558285,
  "speed_risk_mean": 0.9005559209511266,
  "uncertainty_risk_mean": 0.6370880543947167,
  "human_activation_count": 120,
  "cooldown_skips": 16,
  "suppressed_request_count": 16,
  "suppressed_critical_count": 0,
  "cooldown_release_count": 113,
  "critical_override_count": 113,
  "critical_trigger_rate": 0.7533333333333333,
  "trigger_active_rate": 0.8866666666666667,
  "confidence_mean": 0.9500000000000002,
  "false_intervention_rate": 0.06666666666666667,
  "repeated_intervention_rate": 0.925,
  "post_intervention_violation_rate": 0.05925925925925926,
  "mean_drift_after_intervention": 11.50941979055591,
  "min_predicted_distance_mean": 9.566869717760156
}