{
  "violation_rate": 0.0,
  "collision_rate": 0.0,
  "near_miss_rate": 0.04,
  "intervention_rate": 0.16666666666666666,
  "override_success_rate": 1.0,
  "mean_intervention_delay": 0.0,
  "operator_workload": 0.16666666666666666,
  "mean_drift": 12.008282103904198,
  "p95_drift": 25.175223905570604,
  "mean_latency_ms": 0.22589224730230248,
  "risk_mean": 0.3225954104161125,
  "risk_p95": 0.5477532756686715,
  "separation_risk_mean": 0.12791793807513108,
  "congestion_risk_mean": 0.07929258117239019,
  "speed_risk_mean": 0.9947279532613732,
  "uncertainty_risk_mean": 0.64,
  "human_activation_count": 25,
  "cooldown_skips": 125,
  "trigger_active_rate": 1.0,
  "confidence_mean": 1.0,
  "false_intervention_rate": 0.2
}