{
  "violation_rate": 0.08666666666666667,
  "collision_rate": 0.02,
  "near_miss_rate": 0.16666666666666666,
  "intervention_rate": 0.7666666666666667,
  "override_success_rate": 0.8869565217391304,
  "mean_intervention_delay": 0.0,
  "operator_workload": 0.7666666666666667,
  "mean_drift": 10.531724210394204,
  "p95_drift": 19.244194731532616,
  "mean_latency_ms": 0.4823935901125272,
  "risk_mean": 0.8543901819870037,
  "risk_p05": 0.36487684749712973,
  "risk_p25": 0.6335873381736802,
  "risk_p50": 1.0,
  "risk_p75": 1.0,
  "risk_p95": 1.0,
  "separation_risk_mean": 0.18409242323641256,
  "congestion_risk_mean": 0.11868678971431312,
  "speed_risk_mean": 0.9736941050023584,
  "uncertainty_risk_mean": 0.9960671475274904,
  "human_activation_count": 115,
  "cooldown_skips": 35,
  "suppressed_request_count": 35,
  "suppressed_critical_count": 0,
  "cooldown_release_count": 108,
  "critical_override_count": 108,
  "critical_trigger_rate": 0.72,
  "trigger_active_rate": 1.0,
  "confidence_mean": 0.9500000000000002,
  "false_intervention_rate": 0.0782608695652174,
  "repeated_intervention_rate": 0.9304347826086956,
  "post_intervention_violation_rate": 0.09375,
  "mean_drift_after_intervention": 12.256558994503363,
  "min_predicted_distance_mean": 3.768160410313717
}