{
  "violation_rate": 0.0,
  "collision_rate": 0.0,
  "near_miss_rate": 0.38666666666666666,
  "intervention_rate": 0.78,
  "override_success_rate": 1.0,
  "mean_intervention_delay": 0.0,
  "operator_workload": 0.78,
  "mean_drift": 9.614787241091884,
  "p95_drift": 19.5748820122604,
  "mean_latency_ms": 0.39934671328713495,
  "risk_mean": 0.8577313264540891,
  "risk_p05": 0.2459999999999174,
  "risk_p25": 0.7116013325019802,
  "risk_p50": 1.0,
  "risk_p75": 1.0,
  "risk_p95": 1.0,
  "separation_risk_mean": 0.35810449153605267,
  "congestion_risk_mean": 0.21859833235800957,
  "speed_risk_mean": 0.9311012904151538,
  "uncertainty_risk_mean": 0.6320801628610062,
  "human_activation_count": 117,
  "cooldown_skips": 33,
  "suppressed_request_count": 33,
  "suppressed_critical_count": 0,
  "cooldown_release_count": 110,
  "critical_override_count": 110,
  "critical_trigger_rate": 0.7333333333333333,
  "trigger_active_rate": 1.0,
  "confidence_mean": 1.0,
  "false_intervention_rate": 0.042735042735042736,
  "repeated_intervention_rate": 0.9316239316239316,
  "post_intervention_violation_rate": 0.0,
  "mean_drift_after_intervention": 11.014382854171686,
  "min_predicted_distance_mean": 2.062469379164902
}