{
  "violation_rate": 0.08,
  "collision_rate": 0.0,
  "near_miss_rate": 0.37333333333333335,
  "intervention_rate": 0.78,
  "override_success_rate": 0.8974358974358975,
  "mean_intervention_delay": 0.0,
  "operator_workload": 0.78,
  "mean_drift": 9.623903637635832,
  "p95_drift": 19.782816415200372,
  "mean_latency_ms": 0.4706752734879653,
  "risk_mean": 0.8577313264540891,
  "risk_p05": 0.2459999999999174,
  "risk_p25": 0.7116013325019802,
  "risk_p50": 1.0,
  "risk_p75": 1.0,
  "risk_p95": 1.0,
  "separation_risk_mean": 0.3569957152080281,
  "congestion_risk_mean": 0.2176468837281694,
  "speed_risk_mean": 0.9311012904151535,
  "uncertainty_risk_mean": 0.6320801628610062,
  "human_activation_count": 117,
  "cooldown_skips": 33,
  "suppressed_request_count": 33,
  "suppressed_critical_count": 0,
  "cooldown_release_count": 110,
  "critical_override_count": 110,
  "critical_trigger_rate": 0.7333333333333333,
  "trigger_active_rate": 1.0,
  "confidence_mean": 0.9500000000000002,
  "false_intervention_rate": 0.042735042735042736,
  "repeated_intervention_rate": 0.9316239316239316,
  "post_intervention_violation_rate": 0.09230769230769231,
  "mean_drift_after_intervention": 11.02607054204854,
  "min_predicted_distance_mean": 2.065500787045981
}