{
  "violation_rate": 0.08666666666666667,
  "collision_rate": 0.0,
  "near_miss_rate": 0.12,
  "intervention_rate": 0.6933333333333334,
  "override_success_rate": 0.875,
  "mean_intervention_delay": 0.0,
  "operator_workload": 0.6933333333333334,
  "mean_drift": 12.009944278098526,
  "p95_drift": 38.11449256965115,
  "mean_latency_ms": 0.4660147614777088,
  "risk_mean": 0.793965818743348,
  "risk_p05": 0.24243693916995585,
  "risk_p25": 0.5048683753096834,
  "risk_p50": 1.0,
  "risk_p75": 1.0,
  "risk_p95": 1.0,
  "separation_risk_mean": 0.1468843156975711,
  "congestion_risk_mean": 0.09029247457703028,
  "speed_risk_mean": 0.9633437366447629,
  "uncertainty_risk_mean": 0.64,
  "human_activation_count": 104,
  "cooldown_skips": 44,
  "suppressed_request_count": 44,
  "suppressed_critical_count": 0,
  "cooldown_release_count": 97,
  "critical_override_count": 95,
  "critical_trigger_rate": 0.6333333333333333,
  "trigger_active_rate": 0.9866666666666667,
  "confidence_mean": 0.9500000000000002,
  "false_intervention_rate": 0.11538461538461539,
  "repeated_intervention_rate": 0.8942307692307693,
  "post_intervention_violation_rate": 0.10569105691056911,
  "mean_drift_after_intervention": 15.202515598286064,
  "min_predicted_distance_mean": 3.3787898086195094
}