{
  "violation_rate": 0.04666666666666667,
  "collision_rate": 0.0,
  "near_miss_rate": 1.3533333333333333,
  "intervention_rate": 0.8866666666666667,
  "override_success_rate": 0.9473684210526315,
  "mean_intervention_delay": 0.0,
  "operator_workload": 0.8866666666666667,
  "mean_drift": 6.659215035030143,
  "p95_drift": 35.97797090459904,
  "mean_latency_ms": 0.6541712985684475,
  "risk_mean": 0.9342870410960548,
  "risk_p05": 0.4907140540785823,
  "risk_p25": 1.0,
  "risk_p50": 1.0,
  "risk_p75": 1.0,
  "risk_p95": 1.0,
  "separation_risk_mean": 0.7062721237948849,
  "congestion_risk_mean": 0.46394359065631186,
  "speed_risk_mean": 0.626054001887344,
  "uncertainty_risk_mean": 0.6348081429327146,
  "human_activation_count": 133,
  "cooldown_skips": 17,
  "suppressed_request_count": 17,
  "suppressed_critical_count": 0,
  "cooldown_release_count": 130,
  "critical_override_count": 130,
  "critical_trigger_rate": 0.8666666666666667,
  "trigger_active_rate": 1.0,
  "confidence_mean": 0.9500000000000002,
  "false_intervention_rate": 0.07518796992481203,
  "repeated_intervention_rate": 0.9548872180451128,
  "post_intervention_violation_rate": 0.04964539007092199,
  "mean_drift_after_intervention": 7.2274484419732135,
  "min_predicted_distance_mean": 0.6892061575451491
}