{
  "violation_rate": 0.0,
  "collision_rate": 0.0,
  "near_miss_rate": 0.12666666666666668,
  "intervention_rate": 0.02,
  "override_success_rate": 1.0,
  "mean_intervention_delay": 0.0,
  "operator_workload": 0.02,
  "mean_drift": 8.489843298434788,
  "p95_drift": 26.082159363383475,
  "mean_latency_ms": 0.608010326201717,
  "risk_mean": 0.278069133640568,
  "risk_p95": 0.6753233260417388,
  "separation_risk_mean": 0.05493471023123278,
  "congestion_risk_mean": 0.06072084258521071,
  "speed_risk_mean": 0.9519637926070217,
  "uncertainty_risk_mean": 0.635824896661049,
  "human_activation_count": 3,
  "cooldown_skips": 15,
  "trigger_active_rate": 0.08666666666666667,
  "confidence_mean": 0.9500000000000002,
  "false_intervention_rate": 0.3333333333333333
}