{
  "violation_rate": 0.8,
  "collision_rate": 0.013333333333333334,
  "near_miss_rate": 0.18,
  "intervention_rate": 0.88,
  "override_success_rate": 0.09090909090909091,
  "mean_intervention_delay": 5.0,
  "operator_workload": 0.88,
  "mean_drift": 15.760119789176388,
  "p95_drift": 34.58672591204911,
  "mean_latency_ms": 2.3916441528126597,
  "risk_mean": 0.9480528095057914,
  "risk_p05": 0.6236083467565152,
  "risk_p25": 1.0,
  "risk_p50": 1.0,
  "risk_p75": 1.0,
  "risk_p95": 1.0,
  "separation_risk_mean": 0.18138309096576477,
  "congestion_risk_mean": 0.13613225080013885,
  "speed_risk_mean": 0.9847532355622316,
  "uncertainty_risk_mean": 0.6395059469916106,
  "human_activation_count": 132,
  "cooldown_skips": 18,
  "suppressed_request_count": 18,
  "suppressed_critical_count": 0,
  "cooldown_release_count": 129,
  "critical_override_count": 129,
  "critical_trigger_rate": 0.86,
  "trigger_active_rate": 1.0,
  "confidence_mean": 0.42154721281932583,
  "false_intervention_rate": 0.06060606060606061,
  "repeated_intervention_rate": 0.9621212121212122,
  "post_intervention_violation_rate": 0.8633093525179856,
  "mean_drift_after_intervention": 16.94035768264891,
  "min_predicted_distance_mean": 6.721670695665044
}