{
  "violation_rate": 0.16666666666666666,
  "collision_rate": 0.02666666666666667,
  "near_miss_rate": 1.1666666666666667,
  "intervention_rate": 0.16666666666666666,
  "override_success_rate": 0.44,
  "mean_intervention_delay": 5.0,
  "operator_workload": 0.16666666666666666,
  "mean_drift": 12.90430337540929,
  "p95_drift": 32.46108712395825,
  "mean_latency_ms": 0.9175922199695682,
  "risk_mean": 0.6505893583017648,
  "risk_p95": 0.6925091853608395,
  "separation_risk_mean": 0.7392220540274725,
  "congestion_risk_mean": 0.434251317219718,
  "speed_risk_mean": 0.7593087476262247,
  "uncertainty_risk_mean": 0.6365352836035922,
  "human_activation_count": 25,
  "cooldown_skips": 125,
  "trigger_active_rate": 1.0,
  "confidence_mean": 0.8499142448521452,
  "false_intervention_rate": 0.0
}