{
  "violation_rate": 0.07333333333333333,
  "collision_rate": 0.013333333333333334,
  "near_miss_rate": 0.9066666666666666,
  "intervention_rate": 0.8133333333333334,
  "override_success_rate": 0.9098360655737705,
  "mean_intervention_delay": 0.0,
  "operator_workload": 0.8133333333333334,
  "mean_drift": 7.574660703991356,
  "p95_drift": 31.179585074451882,
  "mean_latency_ms": 0.4574978320548932,
  "risk_mean": 0.9239899266794729,
  "risk_p05": 0.5928556691010171,
  "risk_p25": 1.0,
  "risk_p50": 1.0,
  "risk_p75": 1.0,
  "risk_p95": 1.0,
  "separation_risk_mean": 0.6887522524331101,
  "congestion_risk_mean": 0.46490147245684216,
  "speed_risk_mean": 0.6022332895709549,
  "uncertainty_risk_mean": 0.9966843890090017,
  "human_activation_count": 122,
  "cooldown_skips": 28,
  "suppressed_request_count": 28,
  "suppressed_critical_count": 0,
  "cooldown_release_count": 117,
  "critical_override_count": 117,
  "critical_trigger_rate": 0.78,
  "trigger_active_rate": 1.0,
  "confidence_mean": 0.9500000000000002,
  "false_intervention_rate": 0.03278688524590164,
  "repeated_intervention_rate": 0.9344262295081968,
  "post_intervention_violation_rate": 0.08148148148148149,
  "mean_drift_after_intervention": 8.340749161442135,
  "min_predicted_distance_mean": 0.8815718662918931
}