{
  "violation_rate": 0.04666666666666667,
  "collision_rate": 0.0,
  "near_miss_rate": 0.18,
  "intervention_rate": 0.8,
  "override_success_rate": 0.9416666666666667,
  "mean_intervention_delay": 0.0,
  "operator_workload": 0.8,
  "mean_drift": 7.62500655123186,
  "p95_drift": 25.81284696209441,
  "mean_latency_ms": 0.49197358544915915,
  "risk_mean": 0.8785075435155651,
  "risk_p05": 0.2493538438626171,
  "risk_p25": 1.0,
  "risk_p50": 1.0,
  "risk_p75": 1.0,
  "risk_p95": 1.0,
  "separation_risk_mean": 0.23002728307159231,
  "congestion_risk_mean": 0.13169631602669848,
  "speed_risk_mean": 0.6677012399451964,
  "uncertainty_risk_mean": 0.6390636506498047,
  "human_activation_count": 120,
  "cooldown_skips": 30,
  "suppressed_request_count": 30,
  "suppressed_critical_count": 0,
  "cooldown_release_count": 119,
  "critical_override_count": 119,
  "critical_trigger_rate": 0.7933333333333333,
  "trigger_active_rate": 0.9333333333333333,
  "confidence_mean": 0.9500000000000002,
  "false_intervention_rate": 0.075,
  "repeated_intervention_rate": 0.975,
  "post_intervention_violation_rate": 0.056910569105691054,
  "mean_drift_after_intervention": 8.720548136259547,
  "min_predicted_distance_mean": 4.919118854877985
}