{
  "violation_rate": 0.0,
  "collision_rate": 0.0,
  "near_miss_rate": 0.0,
  "intervention_rate": 0.0,
  "override_success_rate": 0.0,
  "mean_intervention_delay": 0.0,
  "operator_workload": 0.0,
  "mean_drift": 11.571991123016817,
  "p95_drift": 24.862188806945255,
  "mean_latency_ms": 0.4545036329849002,
  "risk_mean": 0.2450173073352528,
  "risk_p95": 0.24599999999997607,
  "separation_risk_mean": 0.0009875849098872512,
  "congestion_risk_mean": 0.00335864684715669,
  "speed_risk_mean": 0.9848882160934291,
  "uncertainty_risk_mean": 0.64,
  "human_activation_count": 0,
  "cooldown_skips": 0,
  "trigger_active_rate": 0.0,
  "confidence_mean": 0.9500000000000002,
  "false_intervention_rate": 0.0
}