{
  "violation_rate": 0.02666666666666667,
  "collision_rate": 0.006666666666666667,
  "near_miss_rate": 0.9,
  "intervention_rate": 1.0,
  "override_success_rate": 0.9733333333333334,
  "mean_intervention_delay": 0.0,
  "operator_workload": 1.0,
  "mean_drift": 13.294592514155685,
  "p95_drift": 37.3149054963116,
  "mean_latency_ms": 0.41318083414807916,
  "risk_mean": 0.9403618310925739,
  "risk_p05": 0.6778075987412321,
  "risk_p25": 1.0,
  "risk_p50": 1.0,
  "risk_p75": 1.0,
  "risk_p95": 1.0,
  "separation_risk_mean": 0.5497838962416479,
  "congestion_risk_mean": 0.33656922059447375,
  "speed_risk_mean": 0.7593461406563594,
  "uncertainty_risk_mean": 0.64,
  "human_activation_count": 150,
  "cooldown_skips": 0,
  "suppressed_request_count": 0,
  "suppressed_critical_count": 0,
  "cooldown_release_count": 123,
  "critical_override_count": 123,
  "critical_trigger_rate": 0.82,
  "trigger_active_rate": 1.0,
  "confidence_mean": 0.9500000000000002,
  "false_intervention_rate": 0.14,
  "repeated_intervention_rate": 0.9933333333333333,
  "post_intervention_violation_rate": 0.020134228187919462,
  "mean_drift_after_intervention": 13.294592514155685,
  "min_predicted_distance_mean": 1.4413807095794504
}