{
  "violation_rate": 0.07333333333333333,
  "collision_rate": 0.006666666666666667,
  "near_miss_rate": 0.5066666666666667,
  "intervention_rate": 0.76,
  "override_success_rate": 0.9035087719298246,
  "mean_intervention_delay": 0.0,
  "operator_workload": 0.76,
  "mean_drift": 16.118174998585967,
  "p95_drift": 48.81187654059249,
  "mean_latency_ms": 0.6614591802159945,
  "risk_mean": 0.8485250809425999,
  "risk_p05": 0.3131917521835837,
  "risk_p25": 0.5402762224172769,
  "risk_p50": 1.0,
  "risk_p75": 1.0,
  "risk_p95": 1.0,
  "separation_risk_mean": 0.557160040666487,
  "congestion_risk_mean": 0.3045565632150459,
  "speed_risk_mean": 0.9639408131560162,
  "uncertainty_risk_mean": 0.6342481109983557,
  "human_activation_count": 114,
  "cooldown_skips": 36,
  "suppressed_request_count": 36,
  "suppressed_critical_count": 0,
  "cooldown_release_count": 111,
  "critical_override_count": 111,
  "critical_trigger_rate": 0.74,
  "trigger_active_rate": 1.0,
  "confidence_mean": 0.9500000000000002,
  "false_intervention_rate": 0.07017543859649122,
  "repeated_intervention_rate": 0.9473684210526315,
  "post_intervention_violation_rate": 0.08130081300813008,
  "mean_drift_after_intervention": 19.680490026817726,
  "min_predicted_distance_mean": 1.3709729842289868
}