{
  "violation_rate": 0.06666666666666667,
  "collision_rate": 0.0,
  "near_miss_rate": 0.08666666666666667,
  "intervention_rate": 0.7133333333333334,
  "override_success_rate": 0.9065420560747663,
  "mean_intervention_delay": 0.0,
  "operator_workload": 0.7133333333333334,
  "mean_drift": 7.482322561432001,
  "p95_drift": 25.400706213309725,
  "mean_latency_ms": 0.38363084585095447,
  "risk_mean": 0.8015894996456028,
  "risk_p05": 0.2159999999998734,
  "risk_p25": 0.6290001167936783,
  "risk_p50": 1.0,
  "risk_p75": 1.0,
  "risk_p95": 1.0,
  "separation_risk_mean": 0.07590245247626835,
  "congestion_risk_mean": 0.06652725053181233,
  "speed_risk_mean": 0.7935213313999394,
  "uncertainty_risk_mean": 0.6336362966180368,
  "human_activation_count": 107,
  "cooldown_skips": 11,
  "suppressed_request_count": 11,
  "suppressed_critical_count": 0,
  "cooldown_release_count": 105,
  "critical_override_count": 105,
  "critical_trigger_rate": 0.7,
  "trigger_active_rate": 0.7666666666666667,
  "confidence_mean": 0.9500000000000002,
  "false_intervention_rate": 0.04672897196261682,
  "repeated_intervention_rate": 0.9626168224299065,
  "post_intervention_violation_rate": 0.09009009009009009,
  "mean_drift_after_intervention": 9.11696288970568,
  "min_predicted_distance_mean": 8.227724028224271
}