{
  "violation_rate": 0.05333333333333334,
  "collision_rate": 0.0,
  "near_miss_rate": 0.6933333333333334,
  "intervention_rate": 0.7533333333333333,
  "override_success_rate": 0.9292035398230089,
  "mean_intervention_delay": 0.0,
  "operator_workload": 0.7533333333333333,
  "mean_drift": 12.022985220516896,
  "p95_drift": 28.002348206470522,
  "mean_latency_ms": 0.6559596816077828,
  "risk_mean": 0.8174412659739095,
  "risk_p05": 0.24599999999987535,
  "risk_p25": 0.589990103302338,
  "risk_p50": 1.0,
  "risk_p75": 1.0,
  "risk_p95": 1.0,
  "separation_risk_mean": 0.5568817753740599,
  "congestion_risk_mean": 0.32725343029023585,
  "speed_risk_mean": 0.8918395017257933,
  "uncertainty_risk_mean": 0.6321701213154951,
  "human_activation_count": 113,
  "cooldown_skips": 15,
  "suppressed_request_count": 15,
  "suppressed_critical_count": 0,
  "cooldown_release_count": 111,
  "critical_override_count": 111,
  "critical_trigger_rate": 0.74,
  "trigger_active_rate": 0.82,
  "confidence_mean": 0.9500000000000002,
  "false_intervention_rate": 0.05309734513274336,
  "repeated_intervention_rate": 0.9646017699115044,
  "post_intervention_violation_rate": 0.06779661016949153,
  "mean_drift_after_intervention": 13.988235238565881,
  "min_predicted_distance_mean": 0.9500617387673306
}