{
  "violation_rate": 0.06,
  "collision_rate": 0.0,
  "near_miss_rate": 0.08,
  "intervention_rate": 0.7933333333333333,
  "override_success_rate": 0.9243697478991597,
  "mean_intervention_delay": 0.0,
  "operator_workload": 0.7933333333333333,
  "mean_drift": 9.964187285163693,
  "p95_drift": 19.12570922659965,
  "mean_latency_ms": 0.4176997727093597,
  "risk_mean": 0.8644455757016022,
  "risk_p05": 0.3007190236416949,
  "risk_p25": 1.0,
  "risk_p50": 1.0,
  "risk_p75": 1.0,
  "risk_p95": 1.0,
  "separation_risk_mean": 0.11806695694825874,
  "congestion_risk_mean": 0.059647669916251554,
  "speed_risk_mean": 0.7967963602570437,
  "uncertainty_risk_mean": 0.64,
  "human_activation_count": 119,
  "cooldown_skips": 28,
  "suppressed_request_count": 28,
  "suppressed_critical_count": 0,
  "cooldown_release_count": 114,
  "critical_override_count": 113,
  "critical_trigger_rate": 0.7533333333333333,
  "trigger_active_rate": 0.96,
  "confidence_mean": 0.9500000000000002,
  "false_intervention_rate": 0.06722689075630252,
  "repeated_intervention_rate": 0.9327731092436975,
  "post_intervention_violation_rate": 0.06818181818181818,
  "mean_drift_after_intervention": 11.120074451811819,
  "min_predicted_distance_mean": 6.118362179783765
}