{
  "violation_rate": 0.0,
  "collision_rate": 0.0,
  "near_miss_rate": 0.7866666666666666,
  "intervention_rate": 0.14,
  "override_success_rate": 1.0,
  "mean_intervention_delay": 0.0,
  "operator_workload": 0.14,
  "mean_drift": 14.27425893386921,
  "p95_drift": 32.347690414812455,
  "mean_latency_ms": 0.4450161198231702,
  "risk_mean": 0.6043884830047072,
  "risk_p95": 0.7274245858484463,
  "separation_risk_mean": 0.6003333390612402,
  "congestion_risk_mean": 0.46958162538188625,
  "speed_risk_mean": 0.8056204938778505,
  "uncertainty_risk_mean": 0.64,
  "human_activation_count": 21,
  "cooldown_skips": 102,
  "trigger_active_rate": 0.82,
  "confidence_mean": 0.9500000000000002,
  "false_intervention_rate": 0.0
}