{
  "violation_rate": 0.2,
  "collision_rate": 0.0,
  "near_miss_rate": 0.24,
  "intervention_rate": 0.16666666666666666,
  "override_success_rate": 0.32,
  "mean_intervention_delay": 10.0,
  "operator_workload": 0.16666666666666666,
  "mean_drift": 7.616244325022052,
  "p95_drift": 22.335467683123422,
  "mean_latency_ms": 0.8859427789381394,
  "risk_mean": 0.38141866051877943,
  "risk_p95": 0.6521669619066583,
  "separation_risk_mean": 0.2513483172943359,
  "congestion_risk_mean": 0.16926101193599521,
  "speed_risk_mean": 0.8773993217515075,
  "uncertainty_risk_mean": 0.6292451099306895,
  "human_activation_count": 25,
  "cooldown_skips": 125,
  "trigger_active_rate": 1.0,
  "confidence_mean": 0.8130947531791306,
  "false_intervention_rate": 0.2
}