{
  "violation_rate": 0.07333333333333333,
  "collision_rate": 0.0,
  "near_miss_rate": 0.04666666666666667,
  "intervention_rate": 0.3333333333333333,
  "override_success_rate": 0.86,
  "mean_intervention_delay": 0.0,
  "operator_workload": 0.3333333333333333,
  "mean_drift": 15.781846988881382,
  "p95_drift": 35.361666036614274,
  "mean_latency_ms": 0.3936130730047201,
  "risk_mean": 0.268879991742767,
  "risk_p95": 0.4534900462920505,
  "separation_risk_mean": 0.03503140529598228,
  "congestion_risk_mean": 0.03533434761044524,
  "speed_risk_mean": 0.9900496821402798,
  "uncertainty_risk_mean": 0.6384988009061447,
  "human_activation_count": 50,
  "cooldown_skips": 100,
  "trigger_active_rate": 1.0,
  "confidence_mean": 0.9500000000000002,
  "false_intervention_rate": 0.3
}