{
  "violation_rate": 0.02666666666666667,
  "collision_rate": 0.0,
  "near_miss_rate": 0.0,
  "intervention_rate": 1.0,
  "override_success_rate": 0.9733333333333334,
  "mean_intervention_delay": 0.0,
  "operator_workload": 1.0,
  "mean_drift": 19.157841568317327,
  "p95_drift": 28.27258214176952,
  "mean_latency_ms": 0.4827819617154698,
  "risk_mean": 1.0,
  "risk_p05": 1.0,
  "risk_p25": 1.0,
  "risk_p50": 1.0,
  "risk_p75": 1.0,
  "risk_p95": 1.0,
  "separation_risk_mean": 0.0,
  "congestion_risk_mean": 0.0,
  "speed_risk_mean": 0.9551377491609991,
  "uncertainty_risk_mean": 0.64,
  "human_activation_count": 150,
  "cooldown_skips": 0,
  "suppressed_request_count": 0,
  "suppressed_critical_count": 0,
  "cooldown_release_count": 150,
  "critical_override_count": 150,
  "critical_trigger_rate": 1.0,
  "trigger_active_rate": 1.0,
  "confidence_mean": 0.9500000000000002,
  "false_intervention_rate": 0.02666666666666667,
  "repeated_intervention_rate": 0.9933333333333333,
  "post_intervention_violation_rate": 0.026845637583892617,
  "mean_drift_after_intervention": 19.157841568317327,
  "min_predicted_distance_mean": 17.878019903484436
}