{
  "violation_rate": 0.05333333333333334,
  "collision_rate": 0.0,
  "near_miss_rate": 0.006666666666666667,
  "intervention_rate": 0.8333333333333334,
  "override_success_rate": 0.936,
  "mean_intervention_delay": 0.0,
  "operator_workload": 0.8333333333333334,
  "mean_drift": 16.354788645420538,
  "p95_drift": 29.583334315751127,
  "mean_latency_ms": 0.40656329520667595,
  "risk_mean": 0.8817636167857006,
  "risk_p05": 0.2999999999999144,
  "risk_p25": 1.0,
  "risk_p50": 1.0,
  "risk_p75": 1.0,
  "risk_p95": 1.0,
  "separation_risk_mean": 0.06612430992523853,
  "congestion_risk_mean": 0.029057761116459246,
  "speed_risk_mean": 0.9700050384857752,
  "uncertainty_risk_mean": 1.0,
  "human_activation_count": 125,
  "cooldown_skips": 25,
  "suppressed_request_count": 25,
  "suppressed_critical_count": 0,
  "cooldown_release_count": 120,
  "critical_override_count": 120,
  "critical_trigger_rate": 0.8,
  "trigger_active_rate": 1.0,
  "confidence_mean": 0.9500000000000002,
  "false_intervention_rate": 0.056,
  "repeated_intervention_rate": 0.952,
  "post_intervention_violation_rate": 0.05970149253731343,
  "mean_drift_after_intervention": 18.19122458667622,
  "min_predicted_distance_mean": 6.3563081070167735
}