{
  "violation_rate": 0.04,
  "collision_rate": 0.0,
  "near_miss_rate": 0.38666666666666666,
  "intervention_rate": 0.76,
  "override_success_rate": 0.9473684210526315,
  "mean_intervention_delay": 0.0,
  "operator_workload": 0.76,
  "mean_drift": 9.63331754328711,
  "p95_drift": 20.108346541256974,
  "mean_latency_ms": 0.43358863176157075,
  "risk_mean": 0.8582675229033633,
  "risk_p05": 0.24599999999991787,
  "risk_p25": 0.7116013325019802,
  "risk_p50": 1.0,
  "risk_p75": 1.0,
  "risk_p95": 1.0,
  "separation_risk_mean": 0.36223607995530405,
  "congestion_risk_mean": 0.22046713827712414,
  "speed_risk_mean": 0.935104167559571,
  "uncertainty_risk_mean": 0.6320801628610062,
  "human_activation_count": 114,
  "cooldown_skips": 36,
  "suppressed_request_count": 36,
  "suppressed_critical_count": 0,
  "cooldown_release_count": 110,
  "critical_override_count": 110,
  "critical_trigger_rate": 0.7333333333333333,
  "trigger_active_rate": 1.0,
  "confidence_mean": 0.9500000000000002,
  "false_intervention_rate": 0.03508771929824561,
  "repeated_intervention_rate": 0.956140350877193,
  "post_intervention_violation_rate": 0.049586776859504134,
  "mean_drift_after_intervention": 11.203177910608485,
  "min_predicted_distance_mean": 2.048816505363475
}