{
  "violation_rate": 0.0,
  "collision_rate": 0.0,
  "near_miss_rate": 0.2866666666666667,
  "intervention_rate": 0.16666666666666666,
  "override_success_rate": 1.0,
  "mean_intervention_delay": 0.0,
  "operator_workload": 0.16666666666666666,
  "mean_drift": 16.244979660730266,
  "p95_drift": 39.04320902104021,
  "mean_latency_ms": 0.4636599463992752,
  "risk_mean": 0.3810356767822119,
  "risk_p95": 0.6744735292643481,
  "separation_risk_mean": 0.23212385284724435,
  "congestion_risk_mean": 0.13010858824263963,
  "speed_risk_mean": 0.9870186396019471,
  "uncertainty_risk_mean": 0.64,
  "human_activation_count": 25,
  "cooldown_skips": 125,
  "trigger_active_rate": 1.0,
  "confidence_mean": 0.9500000000000002,
  "false_intervention_rate": 0.28
}