{
  "violation_rate": 0.05333333333333334,
  "collision_rate": 0.0,
  "near_miss_rate": 0.6866666666666666,
  "intervention_rate": 0.84,
  "override_success_rate": 0.9365079365079365,
  "mean_intervention_delay": 0.0,
  "operator_workload": 0.84,
  "mean_drift": 10.320252733332483,
  "p95_drift": 27.62213041049509,
  "mean_latency_ms": 0.5261636168385545,
  "risk_mean": 0.943889607621195,
  "risk_p05": 0.6798629228528176,
  "risk_p25": 1.0,
  "risk_p50": 1.0,
  "risk_p75": 1.0,
  "risk_p95": 1.0,
  "separation_risk_mean": 0.5867704901125138,
  "congestion_risk_mean": 0.32866389989559924,
  "speed_risk_mean": 0.9660679066259877,
  "uncertainty_risk_mean": 0.9969447168513837,
  "human_activation_count": 126,
  "cooldown_skips": 24,
  "suppressed_request_count": 24,
  "suppressed_critical_count": 0,
  "cooldown_release_count": 124,
  "critical_override_count": 124,
  "critical_trigger_rate": 0.8266666666666667,
  "trigger_active_rate": 1.0,
  "confidence_mean": 0.9500000000000002,
  "false_intervention_rate": 0.07142857142857142,
  "repeated_intervention_rate": 0.9365079365079365,
  "post_intervention_violation_rate": 0.057971014492753624,
  "mean_drift_after_intervention": 11.231732734631112,
  "min_predicted_distance_mean": 1.363125272983233
}