{
  "violation_rate": 0.07333333333333333,
  "collision_rate": 0.0,
  "near_miss_rate": 0.02,
  "intervention_rate": 0.94,
  "override_success_rate": 0.9219858156028369,
  "mean_intervention_delay": 0.0,
  "operator_workload": 0.94,
  "mean_drift": 15.673512204578422,
  "p95_drift": 29.12260607906158,
  "mean_latency_ms": 0.395035808129857,
  "risk_mean": 0.9547599999999975,
  "risk_p05": 0.24599999999996464,
  "risk_p25": 1.0,
  "risk_p50": 1.0,
  "risk_p75": 1.0,
  "risk_p95": 1.0,
  "separation_risk_mean": 0.024525504275729488,
  "congestion_risk_mean": 0.01833376680624663,
  "speed_risk_mean": 0.9953175899618808,
  "uncertainty_risk_mean": 0.64,
  "human_activation_count": 141,
  "cooldown_skips": 0,
  "suppressed_request_count": 0,
  "suppressed_critical_count": 0,
  "cooldown_release_count": 141,
  "critical_override_count": 141,
  "critical_trigger_rate": 0.94,
  "trigger_active_rate": 0.94,
  "confidence_mean": 0.9500000000000002,
  "false_intervention_rate": 0.02127659574468085,
  "repeated_intervention_rate": 0.9929078014184397,
  "post_intervention_violation_rate": 0.07857142857142857,
  "mean_drift_after_intervention": 15.424590594172168,
  "min_predicted_distance_mean": 8.694017815541846
}