{
  "violation_rate": 0.06,
  "collision_rate": 0.0,
  "near_miss_rate": 0.0,
  "intervention_rate": 0.9533333333333334,
  "override_success_rate": 0.9370629370629371,
  "mean_intervention_delay": 0.0,
  "operator_workload": 0.9533333333333334,
  "mean_drift": 13.385694910871107,
  "p95_drift": 26.71986447732097,
  "mean_latency_ms": 0.49776523529241484,
  "risk_mean": 0.9648133333333313,
  "risk_p05": 1.0,
  "risk_p25": 1.0,
  "risk_p50": 1.0,
  "risk_p75": 1.0,
  "risk_p95": 1.0,
  "separation_risk_mean": 0.002356802703878448,
  "congestion_risk_mean": 0.0013332707873220122,
  "speed_risk_mean": 0.9674708279940624,
  "uncertainty_risk_mean": 0.64,
  "human_activation_count": 143,
  "cooldown_skips": 0,
  "suppressed_request_count": 0,
  "suppressed_critical_count": 0,
  "cooldown_release_count": 143,
  "critical_override_count": 143,
  "critical_trigger_rate": 0.9533333333333334,
  "trigger_active_rate": 0.9533333333333334,
  "confidence_mean": 0.9500000000000002,
  "false_intervention_rate": 0.013986013986013986,
  "repeated_intervention_rate": 0.993006993006993,
  "post_intervention_violation_rate": 0.06338028169014084,
  "mean_drift_after_intervention": 13.23653975086921,
  "min_predicted_distance_mean": 9.546171286912088
}