{
  "violation_rate": 0.013333333333333334,
  "collision_rate": 0.0,
  "near_miss_rate": 0.05333333333333334,
  "intervention_rate": 0.16666666666666666,
  "override_success_rate": 0.96,
  "mean_intervention_delay": 1.0,
  "operator_workload": 0.16666666666666666,
  "mean_drift": 13.358595042243333,
  "p95_drift": 30.87540444242627,
  "mean_latency_ms": 0.24410862669659159,
  "risk_mean": 0.29390856081259664,
  "risk_p95": 0.465746031595862,
  "separation_risk_mean": 0.08050650007845876,
  "congestion_risk_mean": 0.0702746695999653,
  "speed_risk_mean": 0.9795601902604373,
  "uncertainty_risk_mean": 0.6211862655882224,
  "human_activation_count": 25,
  "cooldown_skips": 125,
  "trigger_active_rate": 1.0,
  "confidence_mean": 0.9212990359040137,
  "false_intervention_rate": 0.28
}