{
  "violation_rate": 0.3933333333333333,
  "collision_rate": 0.0,
  "near_miss_rate": 0.18,
  "intervention_rate": 0.7733333333333333,
  "override_success_rate": 0.49137931034482757,
  "mean_intervention_delay": 0.0,
  "operator_workload": 0.7733333333333333,
  "mean_drift": 15.619924258744426,
  "p95_drift": 37.21302658626991,
  "mean_latency_ms": 1.0901022229033213,
  "risk_mean": 0.8789363180734255,
  "risk_p05": 0.4604222704882358,
  "risk_p25": 0.6626657307708534,
  "risk_p50": 1.0,
  "risk_p75": 1.0,
  "risk_p95": 1.0,
  "separation_risk_mean": 0.18772512600696545,
  "congestion_risk_mean": 0.11837037619942893,
  "speed_risk_mean": 0.9974540238786445,
  "uncertainty_risk_mean": 0.64,
  "human_activation_count": 116,
  "cooldown_skips": 34,
  "suppressed_request_count": 34,
  "suppressed_critical_count": 0,
  "cooldown_release_count": 109,
  "critical_override_count": 109,
  "critical_trigger_rate": 0.7266666666666667,
  "trigger_active_rate": 1.0,
  "confidence_mean": 0.75,
  "false_intervention_rate": 0.07758620689655173,
  "repeated_intervention_rate": 0.9310344827586207,
  "post_intervention_violation_rate": 0.4573643410852713,
  "mean_drift_after_intervention": 17.958678197444108,
  "min_predicted_distance_mean": 5.812712049891576
}