{
  "violation_rate": 0.08666666666666667,
  "collision_rate": 0.0,
  "near_miss_rate": 0.07333333333333333,
  "intervention_rate": 0.16666666666666666,
  "override_success_rate": 0.68,
  "mean_intervention_delay": 5.0,
  "operator_workload": 0.16666666666666666,
  "mean_drift": 9.586959662130289,
  "p95_drift": 42.12911840010718,
  "mean_latency_ms": 0.5292900062825842,
  "risk_mean": 0.3406705956286956,
  "risk_p95": 0.5935898409614524,
  "separation_risk_mean": 0.16599925945150545,
  "congestion_risk_mean": 0.09532957043166042,
  "speed_risk_mean": 0.9743946654876993,
  "uncertainty_risk_mean": 0.6398622429629875,
  "human_activation_count": 25,
  "cooldown_skips": 125,
  "trigger_active_rate": 1.0,
  "confidence_mean": 0.8499142448521452,
  "false_intervention_rate": 0.4
}