{
  "violation_rate": 0.07333333333333333,
  "collision_rate": 0.0,
  "near_miss_rate": 0.10666666666666667,
  "intervention_rate": 0.8266666666666667,
  "override_success_rate": 0.9112903225806451,
  "mean_intervention_delay": 0.0,
  "operator_workload": 0.8266666666666667,
  "mean_drift": 12.260712550060562,
  "p95_drift": 25.122038976013034,
  "mean_latency_ms": 0.5319628360060354,
  "risk_mean": 0.9175698825060662,
  "risk_p05": 0.5611217997815134,
  "risk_p25": 1.0,
  "risk_p50": 1.0,
  "risk_p75": 1.0,
  "risk_p95": 1.0,
  "separation_risk_mean": 0.12337074837813458,
  "congestion_risk_mean": 0.07713155422973295,
  "speed_risk_mean": 0.9883290241696068,
  "uncertainty_risk_mean": 1.0,
  "human_activation_count": 124,
  "cooldown_skips": 26,
  "suppressed_request_count": 26,
  "suppressed_critical_count": 0,
  "cooldown_release_count": 119,
  "critical_override_count": 119,
  "critical_trigger_rate": 0.7933333333333333,
  "trigger_active_rate": 1.0,
  "confidence_mean": 0.9500000000000002,
  "false_intervention_rate": 0.07258064516129033,
  "repeated_intervention_rate": 0.9435483870967742,
  "post_intervention_violation_rate": 0.08208955223880597,
  "mean_drift_after_intervention": 13.831835692323942,
  "min_predicted_distance_mean": 5.711545779483467
}