{
  "violation_rate": 0.25333333333333335,
  "collision_rate": 0.04666666666666667,
  "near_miss_rate": 1.0666666666666667,
  "intervention_rate": 1.0,
  "override_success_rate": 0.7466666666666667,
  "mean_intervention_delay": 0.0,
  "operator_workload": 1.0,
  "mean_drift": 12.936771021195828,
  "p95_drift": 32.451094399122496,
  "mean_latency_ms": 0.7975763850845397,
  "risk_mean": 1.0,
  "risk_p05": 1.0,
  "risk_p25": 1.0,
  "risk_p50": 1.0,
  "risk_p75": 1.0,
  "risk_p95": 1.0,
  "separation_risk_mean": 0.7349135197291913,
  "congestion_risk_mean": 0.434894850756665,
  "speed_risk_mean": 0.633702511423683,
  "uncertainty_risk_mean": 0.6362347256034111,
  "human_activation_count": 150,
  "cooldown_skips": 0,
  "suppressed_request_count": 0,
  "suppressed_critical_count": 0,
  "cooldown_release_count": 150,
  "critical_override_count": 150,
  "critical_trigger_rate": 1.0,
  "trigger_active_rate": 1.0,
  "confidence_mean": 0.9000000000000004,
  "false_intervention_rate": 0.0,
  "repeated_intervention_rate": 0.9933333333333333,
  "post_intervention_violation_rate": 0.2483221476510067,
  "mean_drift_after_intervention": 12.936771021195828,
  "min_predicted_distance_mean": 0.4259116069473564
}