{
  "violation_rate": 0.25333333333333335,
  "collision_rate": 0.006666666666666667,
  "near_miss_rate": 0.1,
  "intervention_rate": 0.74,
  "override_success_rate": 0.6576576576576577,
  "mean_intervention_delay": 1.0,
  "operator_workload": 0.74,
  "mean_drift": 11.773825608882891,
  "p95_drift": 38.58657918482492,
  "mean_latency_ms": 0.7447749950612584,
  "risk_mean": 0.8081723456114199,
  "risk_p05": 0.245999999999907,
  "risk_p25": 0.5281193821227739,
  "risk_p50": 1.0,
  "risk_p75": 1.0,
  "risk_p95": 1.0,
  "separation_risk_mean": 0.14814671380869646,
  "congestion_risk_mean": 0.07623425495689369,
  "speed_risk_mean": 0.9636780698907526,
  "uncertainty_risk_mean": 0.64,
  "human_activation_count": 111,
  "cooldown_skips": 39,
  "suppressed_request_count": 39,
  "suppressed_critical_count": 0,
  "cooldown_release_count": 106,
  "critical_override_count": 102,
  "critical_trigger_rate": 0.68,
  "trigger_active_rate": 1.0,
  "confidence_mean": 0.822567719413821,
  "false_intervention_rate": 0.16216216216216217,
  "repeated_intervention_rate": 0.9009009009009009,
  "post_intervention_violation_rate": 0.29457364341085274,
  "mean_drift_after_intervention": 14.294166288687107,
  "min_predicted_distance_mean": 3.557413838889694
}