{
  "violation_rate": 0.14666666666666667,
  "collision_rate": 0.0,
  "near_miss_rate": 0.05333333333333334,
  "intervention_rate": 0.16666666666666666,
  "override_success_rate": 0.44,
  "mean_intervention_delay": 10.0,
  "operator_workload": 0.16666666666666666,
  "mean_drift": 6.5924596255338095,
  "p95_drift": 17.13653805544233,
  "mean_latency_ms": 0.6502388535106244,
  "risk_mean": 0.2720566494401545,
  "risk_p95": 0.5718998554809899,
  "separation_risk_mean": 0.059524765366597746,
  "congestion_risk_mean": 0.04582388597931807,
  "speed_risk_mean": 0.9252347408479151,
  "uncertainty_risk_mean": 0.6335288160211245,
  "human_activation_count": 25,
  "cooldown_skips": 125,
  "trigger_active_rate": 1.0,
  "confidence_mean": 0.8130947531791306,
  "false_intervention_rate": 0.36
}