{
  "violation_rate": 0.08,
  "collision_rate": 0.0,
  "near_miss_rate": 0.03333333333333333,
  "intervention_rate": 1.0,
  "override_success_rate": 0.92,
  "mean_intervention_delay": 0.0,
  "operator_workload": 1.0,
  "mean_drift": 14.609400215378928,
  "p95_drift": 39.13546559215285,
  "mean_latency_ms": 0.36452248013423133,
  "risk_mean": 0.2580380147714931,
  "risk_p95": 0.2606303660886206,
  "separation_risk_mean": 0.022069922249320313,
  "congestion_risk_mean": 0.02638959847079356,
  "speed_risk_mean": 0.9763238355146007,
  "uncertainty_risk_mean": 0.6337371654294031,
  "human_activation_count": 150,
  "cooldown_skips": 0,
  "trigger_active_rate": 1.0,
  "confidence_mean": 0.9500000000000002,
  "false_intervention_rate": 0.31333333333333335
}