{
  "violation_rate": 0.5733333333333334,
  "collision_rate": 0.0,
  "near_miss_rate": 0.21333333333333335,
  "intervention_rate": 0.7933333333333333,
  "override_success_rate": 0.2773109243697479,
  "mean_intervention_delay": 3.0,
  "operator_workload": 0.7933333333333333,
  "mean_drift": 15.849809186856596,
  "p95_drift": 39.304718954235696,
  "mean_latency_ms": 1.5659477623800437,
  "risk_mean": 0.8724942734049699,
  "risk_p05": 0.4538799371082967,
  "risk_p25": 1.0,
  "risk_p50": 1.0,
  "risk_p75": 1.0,
  "risk_p95": 1.0,
  "separation_risk_mean": 0.32960173175132607,
  "congestion_risk_mean": 0.21239827988991256,
  "speed_risk_mean": 0.7908198657849539,
  "uncertainty_risk_mean": 0.6352058273710635,
  "human_activation_count": 119,
  "cooldown_skips": 31,
  "suppressed_request_count": 31,
  "suppressed_critical_count": 0,
  "cooldown_release_count": 113,
  "critical_override_count": 113,
  "critical_trigger_rate": 0.7533333333333333,
  "trigger_active_rate": 1.0,
  "confidence_mean": 0.609954369736198,
  "false_intervention_rate": 0.09243697478991597,
  "repeated_intervention_rate": 0.9327731092436975,
  "post_intervention_violation_rate": 0.6564885496183206,
  "mean_drift_after_intervention": 18.038592129280893,
  "min_predicted_distance_mean": 2.170821073427506
}