{
  "violation_rate": 0.72,
  "collision_rate": 0.006666666666666667,
  "near_miss_rate": 0.03333333333333333,
  "intervention_rate": 0.8,
  "override_success_rate": 0.1,
  "mean_intervention_delay": 5.0,
  "operator_workload": 0.8,
  "mean_drift": 12.330245709625395,
  "p95_drift": 26.63904909007408,
  "mean_latency_ms": 2.166422786346326,
  "risk_mean": 0.8516381902224739,
  "risk_p05": 0.24599999999989186,
  "risk_p25": 1.0,
  "risk_p50": 1.0,
  "risk_p75": 1.0,
  "risk_p95": 1.0,
  "separation_risk_mean": 0.07457195485279933,
  "congestion_risk_mean": 0.044085013843450975,
  "speed_risk_mean": 0.9094772477764816,
  "uncertainty_risk_mean": 0.64,
  "human_activation_count": 120,
  "cooldown_skips": 30,
  "suppressed_request_count": 30,
  "suppressed_critical_count": 0,
  "cooldown_release_count": 115,
  "critical_override_count": 115,
  "critical_trigger_rate": 0.7666666666666667,
  "trigger_active_rate": 1.0,
  "confidence_mean": 0.4695883752902962,
  "false_intervention_rate": 0.1,
  "repeated_intervention_rate": 0.9333333333333333,
  "post_intervention_violation_rate": 0.8106060606060606,
  "mean_drift_after_intervention": 13.753246138861389,
  "min_predicted_distance_mean": 7.180218732461426
}