{
  "violation_rate": 0.006666666666666667,
  "collision_rate": 0.0,
  "near_miss_rate": 0.3,
  "intervention_rate": 0.09333333333333334,
  "override_success_rate": 0.9285714285714286,
  "mean_intervention_delay": 0.0,
  "operator_workload": 0.09333333333333334,
  "mean_drift": 10.373350875253234,
  "p95_drift": 26.67112613641762,
  "mean_latency_ms": 0.47258696557643515,
  "risk_mean": 0.5665046101691893,
  "risk_p95": 0.6690757561944674,
  "separation_risk_mean": 0.5460740960088563,
  "congestion_risk_mean": 0.3090350685766839,
  "speed_risk_mean": 0.986261621240605,
  "uncertainty_risk_mean": 0.6371550442329486,
  "human_activation_count": 14,
  "cooldown_skips": 136,
  "trigger_active_rate": 1.0,
  "confidence_mean": 0.9500000000000002,
  "false_intervention_rate": 0.14285714285714285
}