{
  "violation_rate": 0.04,
  "collision_rate": 0.0,
  "near_miss_rate": 0.02666666666666667,
  "intervention_rate": 0.76,
  "override_success_rate": 0.9473684210526315,
  "mean_intervention_delay": 0.0,
  "operator_workload": 0.76,
  "mean_drift": 11.700073860046896,
  "p95_drift": 30.653968053745405,
  "mean_latency_ms": 0.38774029817432165,
  "risk_mean": 0.8284326562317273,
  "risk_p05": 0.2159999999999223,
  "risk_p25": 0.8106624402893563,
  "risk_p50": 1.0,
  "risk_p75": 1.0,
  "risk_p95": 1.0,
  "separation_risk_mean": 0.046603551391893996,
  "congestion_risk_mean": 0.034830223880300215,
  "speed_risk_mean": 0.8384455697905748,
  "uncertainty_risk_mean": 0.64,
  "human_activation_count": 114,
  "cooldown_skips": 36,
  "suppressed_request_count": 36,
  "suppressed_critical_count": 0,
  "cooldown_release_count": 112,
  "critical_override_count": 112,
  "critical_trigger_rate": 0.7466666666666667,
  "trigger_active_rate": 1.0,
  "confidence_mean": 0.9500000000000002,
  "false_intervention_rate": 0.03508771929824561,
  "repeated_intervention_rate": 0.9736842105263158,
  "post_intervention_violation_rate": 0.05128205128205128,
  "mean_drift_after_intervention": 13.729528118078473,
  "min_predicted_distance_mean": 6.03888247993796
}