{
  "violation_rate": 0.5933333333333334,
  "collision_rate": 0.05333333333333334,
  "near_miss_rate": 0.13333333333333333,
  "intervention_rate": 0.8133333333333334,
  "override_success_rate": 0.27049180327868855,
  "mean_intervention_delay": 0.0,
  "operator_workload": 0.8133333333333334,
  "mean_drift": 15.338360487250446,
  "p95_drift": 29.869998142038483,
  "mean_latency_ms": 1.5931086180110772,
  "risk_mean": 0.8709705320533375,
  "risk_p05": 0.2624284721002184,
  "risk_p25": 1.0,
  "risk_p50": 1.0,
  "risk_p75": 1.0,
  "risk_p95": 1.0,
  "separation_risk_mean": 0.40685394070039477,
  "congestion_risk_mean": 0.21216159520866246,
  "speed_risk_mean": 0.9394095990731948,
  "uncertainty_risk_mean": 0.6391543954025022,
  "human_activation_count": 122,
  "cooldown_skips": 26,
  "suppressed_request_count": 26,
  "suppressed_critical_count": 0,
  "cooldown_release_count": 117,
  "critical_override_count": 117,
  "critical_trigger_rate": 0.78,
  "trigger_active_rate": 0.96,
  "confidence_mean": 0.5,
  "false_intervention_rate": 0.09016393442622951,
  "repeated_intervention_rate": 0.9426229508196722,
  "post_intervention_violation_rate": 0.6742424242424242,
  "mean_drift_after_intervention": 18.01313291547465,
  "min_predicted_distance_mean": 1.9763723500986579
}