{
  "violation_rate": 0.03333333333333333,
  "collision_rate": 0.0,
  "near_miss_rate": 0.03333333333333333,
  "intervention_rate": 0.16666666666666666,
  "override_success_rate": 0.88,
  "mean_intervention_delay": 0.0,
  "operator_workload": 0.16666666666666666,
  "mean_drift": 14.641463580769821,
  "p95_drift": 39.09494226996296,
  "mean_latency_ms": 0.5906491329854665,
  "risk_mean": 0.25789692154314214,
  "risk_p95": 0.25505174851318496,
  "separation_risk_mean": 0.022048546958535916,
  "congestion_risk_mean": 0.026217962684927546,
  "speed_risk_mean": 0.9757378280674293,
  "uncertainty_risk_mean": 0.6337327368696979,
  "human_activation_count": 25,
  "cooldown_skips": 125,
  "trigger_active_rate": 1.0,
  "confidence_mean": 0.75,
  "false_intervention_rate": 0.32
}