{
  "violation_rate": 0.013333333333333334,
  "collision_rate": 0.0,
  "near_miss_rate": 0.18,
  "intervention_rate": 0.16666666666666666,
  "override_success_rate": 0.96,
  "mean_intervention_delay": 1.0,
  "operator_workload": 0.16666666666666666,
  "mean_drift": 15.36047442673562,
  "p95_drift": 37.48917475031361,
  "mean_latency_ms": 0.24347441329155117,
  "risk_mean": 0.3850348147331758,
  "risk_p95": 0.6627384558644678,
  "separation_risk_mean": 0.2723836132039864,
  "congestion_risk_mean": 0.1784371268922498,
  "speed_risk_mean": 0.816425389801596,
  "uncertainty_risk_mean": 0.6359273239872006,
  "human_activation_count": 25,
  "cooldown_skips": 125,
  "trigger_active_rate": 1.0,
  "confidence_mean": 0.9212990359040137,
  "false_intervention_rate": 0.28
}