{
  "violation_rate": 0.12,
  "collision_rate": 0.006666666666666667,
  "near_miss_rate": 0.26666666666666666,
  "intervention_rate": 0.78,
  "override_success_rate": 0.8461538461538461,
  "mean_intervention_delay": 0.0,
  "operator_workload": 0.78,
  "mean_drift": 10.856890499573133,
  "p95_drift": 39.26778442289154,
  "mean_latency_ms": 0.6369458596842984,
  "risk_mean": 0.8571114817533066,
  "risk_p05": 0.33968965942827817,
  "risk_p25": 1.0,
  "risk_p50": 1.0,
  "risk_p75": 1.0,
  "risk_p95": 1.0,
  "separation_risk_mean": 0.1834631463329173,
  "congestion_risk_mean": 0.13430760014379545,
  "speed_risk_mean": 0.5475861907653282,
  "uncertainty_risk_mean": 0.6201994561760457,
  "human_activation_count": 117,
  "cooldown_skips": 26,
  "suppressed_request_count": 26,
  "suppressed_critical_count": 0,
  "cooldown_release_count": 113,
  "critical_override_count": 113,
  "critical_trigger_rate": 0.7533333333333333,
  "trigger_active_rate": 0.9466666666666667,
  "confidence_mean": 0.9500000000000002,
  "false_intervention_rate": 0.06837606837606838,
  "repeated_intervention_rate": 0.9401709401709402,
  "post_intervention_violation_rate": 0.13385826771653545,
  "mean_drift_after_intervention": 12.42324471147607,
  "min_predicted_distance_mean": 4.1397371402145335
}