{
  "violation_rate": 0.03333333333333333,
  "collision_rate": 0.0,
  "near_miss_rate": 0.09333333333333334,
  "intervention_rate": 0.6866666666666666,
  "override_success_rate": 0.9514563106796117,
  "mean_intervention_delay": 0.0,
  "operator_workload": 0.6866666666666666,
  "mean_drift": 9.568809883579311,
  "p95_drift": 42.18325013039204,
  "mean_latency_ms": 0.36238086099425953,
  "risk_mean": 0.829789590535431,
  "risk_p05": 0.35069569919942534,
  "risk_p25": 0.5708191101652638,
  "risk_p50": 1.0,
  "risk_p75": 1.0,
  "risk_p95": 1.0,
  "separation_risk_mean": 0.23684995382385415,
  "congestion_risk_mean": 0.09025335196002642,
  "speed_risk_mean": 0.9382716306021215,
  "uncertainty_risk_mean": 0.6398854567573995,
  "human_activation_count": 103,
  "cooldown_skips": 22,
  "suppressed_request_count": 22,
  "suppressed_critical_count": 0,
  "cooldown_release_count": 102,
  "critical_override_count": 102,
  "critical_trigger_rate": 0.68,
  "trigger_active_rate": 0.8133333333333334,
  "confidence_mean": 0.9500000000000002,
  "false_intervention_rate": 0.05825242718446602,
  "repeated_intervention_rate": 0.9320388349514563,
  "post_intervention_violation_rate": 0.044642857142857144,
  "mean_drift_after_intervention": 11.88080671865605,
  "min_predicted_distance_mean": 2.490362184466328
}