{
  "violation_rate": 0.07333333333333333,
  "collision_rate": 0.0,
  "near_miss_rate": 0.02,
  "intervention_rate": 0.66,
  "override_success_rate": 0.8888888888888888,
  "mean_intervention_delay": 0.0,
  "operator_workload": 0.66,
  "mean_drift": 12.279904601445018,
  "p95_drift": 38.66057799172835,
  "mean_latency_ms": 0.4002194292843342,
  "risk_mean": 0.760872773084057,
  "risk_p05": 0.24599999999985425,
  "risk_p25": 0.4016718285830477,
  "risk_p50": 1.0,
  "risk_p75": 1.0,
  "risk_p95": 1.0,
  "separation_risk_mean": 0.06816701232754725,
  "congestion_risk_mean": 0.03547210345818447,
  "speed_risk_mean": 0.9517972778138092,
  "uncertainty_risk_mean": 0.64,
  "human_activation_count": 99,
  "cooldown_skips": 15,
  "suppressed_request_count": 15,
  "suppressed_critical_count": 0,
  "cooldown_release_count": 96,
  "critical_override_count": 96,
  "critical_trigger_rate": 0.64,
  "trigger_active_rate": 0.7466666666666667,
  "confidence_mean": 0.9500000000000002,
  "false_intervention_rate": 0.050505050505050504,
  "repeated_intervention_rate": 0.9595959595959596,
  "post_intervention_violation_rate": 0.10576923076923077,
  "mean_drift_after_intervention": 16.416360851065306,
  "min_predicted_distance_mean": 5.329904818449702
}