{
  "violation_rate": 0.26666666666666666,
  "collision_rate": 0.0,
  "near_miss_rate": 0.04666666666666667,
  "intervention_rate": 0.7666666666666667,
  "override_success_rate": 0.6521739130434783,
  "mean_intervention_delay": 0.0,
  "operator_workload": 0.7666666666666667,
  "mean_drift": 15.945445889776408,
  "p95_drift": 36.2572228376624,
  "mean_latency_ms": 0.7399491569958627,
  "risk_mean": 0.8129209549120443,
  "risk_p05": 0.2459999999999096,
  "risk_p25": 0.586902024961434,
  "risk_p50": 1.0,
  "risk_p75": 1.0,
  "risk_p95": 1.0,
  "separation_risk_mean": 0.033906515174131895,
  "congestion_risk_mean": 0.035327910651426084,
  "speed_risk_mean": 0.9859026722436097,
  "uncertainty_risk_mean": 0.6384988009061447,
  "human_activation_count": 115,
  "cooldown_skips": 35,
  "suppressed_request_count": 35,
  "suppressed_critical_count": 0,
  "cooldown_release_count": 109,
  "critical_override_count": 109,
  "critical_trigger_rate": 0.7266666666666667,
  "trigger_active_rate": 1.0,
  "confidence_mean": 0.75,
  "false_intervention_rate": 0.08695652173913043,
  "repeated_intervention_rate": 0.9304347826086956,
  "post_intervention_violation_rate": 0.3046875,
  "mean_drift_after_intervention": 18.802764165497653,
  "min_predicted_distance_mean": 12.769653807527307
}