{
  "violation_rate": 0.7466666666666667,
  "collision_rate": 0.02,
  "near_miss_rate": 0.06666666666666667,
  "intervention_rate": 0.86,
  "override_success_rate": 0.13178294573643412,
  "mean_intervention_delay": 0.0,
  "operator_workload": 0.86,
  "mean_drift": 10.423204155058063,
  "p95_drift": 20.149496509559963,
  "mean_latency_ms": 1.9646186117703717,
  "risk_mean": 0.8821294574483348,
  "risk_p05": 0.2459999999999089,
  "risk_p25": 1.0,
  "risk_p50": 1.0,
  "risk_p75": 1.0,
  "risk_p95": 1.0,
  "separation_risk_mean": 0.17284266536034698,
  "congestion_risk_mean": 0.10720393742211115,
  "speed_risk_mean": 0.933210392212128,
  "uncertainty_risk_mean": 0.6322041262822735,
  "human_activation_count": 129,
  "cooldown_skips": 21,
  "suppressed_request_count": 21,
  "suppressed_critical_count": 0,
  "cooldown_release_count": 125,
  "critical_override_count": 125,
  "critical_trigger_rate": 0.8333333333333334,
  "trigger_active_rate": 1.0,
  "confidence_mean": 0.5,
  "false_intervention_rate": 0.06976744186046512,
  "repeated_intervention_rate": 0.9534883720930233,
  "post_intervention_violation_rate": 0.8175182481751825,
  "mean_drift_after_intervention": 11.094382240043426,
  "min_predicted_distance_mean": 3.4132913850584092
}