{
  "violation_rate": 0.15333333333333332,
  "collision_rate": 0.006666666666666667,
  "near_miss_rate": 4.02,
  "intervention_rate": 1.0,
  "override_success_rate": 0.8466666666666667,
  "mean_intervention_delay": 0.0,
  "operator_workload": 1.0,
  "mean_drift": 8.621095795664862,
  "p95_drift": 27.42041293008829,
  "mean_latency_ms": 4.824610013359536,
  "risk_mean": 1.0,
  "risk_p05": 1.0,
  "risk_p25": 1.0,
  "risk_p50": 1.0,
  "risk_p75": 1.0,
  "risk_p95": 1.0,
  "separation_risk_mean": 0.7275120017605982,
  "congestion_risk_mean": 0.42609807321647547,
  "speed_risk_mean": 0.6149887141082365,
  "uncertainty_risk_mean": 0.6389297966785714,
  "human_activation_count": 150,
  "cooldown_skips": 0,
  "suppressed_request_count": 0,
  "suppressed_critical_count": 0,
  "cooldown_release_count": 150,
  "critical_override_count": 150,
  "critical_trigger_rate": 1.0,
  "trigger_active_rate": 1.0,
  "confidence_mean": 0.9500000000000002,
  "false_intervention_rate": 0.006666666666666667,
  "repeated_intervention_rate": 0.9933333333333333,
  "post_intervention_violation_rate": 0.15436241610738255,
  "mean_drift_after_intervention": 8.621095795664862,
  "min_predicted_distance_mean": 0.3070336027283383
}