{
  "violation_rate": 0.12666666666666668,
  "collision_rate": 0.0,
  "near_miss_rate": 0.006666666666666667,
  "intervention_rate": 0.76,
  "override_success_rate": 0.8333333333333334,
  "mean_intervention_delay": 0.0,
  "operator_workload": 0.76,
  "mean_drift": 12.44038166326768,
  "p95_drift": 30.634052244467107,
  "mean_latency_ms": 0.522381659441938,
  "risk_mean": 0.8084972897826217,
  "risk_p05": 0.2459999999998909,
  "risk_p25": 0.4703966157336964,
  "risk_p50": 1.0,
  "risk_p75": 1.0,
  "risk_p95": 1.0,
  "separation_risk_mean": 0.064548550908081,
  "congestion_risk_mean": 0.037728084737341294,
  "speed_risk_mean": 0.9463972649596056,
  "uncertainty_risk_mean": 0.6337602315724443,
  "human_activation_count": 114,
  "cooldown_skips": 36,
  "suppressed_request_count": 36,
  "suppressed_critical_count": 0,
  "cooldown_release_count": 106,
  "critical_override_count": 106,
  "critical_trigger_rate": 0.7066666666666667,
  "trigger_active_rate": 1.0,
  "confidence_mean": 0.9500000000000002,
  "false_intervention_rate": 0.07894736842105263,
  "repeated_intervention_rate": 0.9210526315789473,
  "post_intervention_violation_rate": 0.140625,
  "mean_drift_after_intervention": 14.884463936519477,
  "min_predicted_distance_mean": 5.385358013086408
}