{
  "violation_rate": 0.02666666666666667,
  "collision_rate": 0.006666666666666667,
  "near_miss_rate": 0.06666666666666667,
  "intervention_rate": 0.78,
  "override_success_rate": 0.9658119658119658,
  "mean_intervention_delay": 0.0,
  "operator_workload": 0.78,
  "mean_drift": 8.158468575153462,
  "p95_drift": 19.623061985877236,
  "mean_latency_ms": 0.4782200239909192,
  "risk_mean": 0.8199884698635117,
  "risk_p05": 0.24599999999988043,
  "risk_p25": 0.6815449800756501,
  "risk_p50": 1.0,
  "risk_p75": 1.0,
  "risk_p95": 1.0,
  "separation_risk_mean": 0.05097069838476458,
  "congestion_risk_mean": 0.04385814841057534,
  "speed_risk_mean": 0.9610039837958951,
  "uncertainty_risk_mean": 0.64,
  "human_activation_count": 117,
  "cooldown_skips": 33,
  "suppressed_request_count": 33,
  "suppressed_critical_count": 0,
  "cooldown_release_count": 111,
  "critical_override_count": 111,
  "critical_trigger_rate": 0.74,
  "trigger_active_rate": 1.0,
  "confidence_mean": 0.9500000000000002,
  "false_intervention_rate": 0.11965811965811966,
  "repeated_intervention_rate": 0.9316239316239316,
  "post_intervention_violation_rate": 0.03076923076923077,
  "mean_drift_after_intervention": 8.876871242911232,
  "min_predicted_distance_mean": 5.968652433072094
}