{
  "violation_rate": 0.0,
  "collision_rate": 0.0,
  "near_miss_rate": 0.03333333333333333,
  "intervention_rate": 0.72,
  "override_success_rate": 1.0,
  "mean_intervention_delay": 0.0,
  "operator_workload": 0.72,
  "mean_drift": 14.593283128927522,
  "p95_drift": 39.07537372855722,
  "mean_latency_ms": 0.3544469162200888,
  "risk_mean": 0.7882770082321127,
  "risk_p05": 0.23621095752371524,
  "risk_p25": 0.3270246139686591,
  "risk_p50": 1.0,
  "risk_p75": 1.0,
  "risk_p95": 1.0,
  "separation_risk_mean": 0.021179546211867132,
  "congestion_risk_mean": 0.026217962684927546,
  "speed_risk_mean": 0.9620342971225345,
  "uncertainty_risk_mean": 0.6337327368696979,
  "human_activation_count": 108,
  "cooldown_skips": 10,
  "suppressed_request_count": 10,
  "suppressed_critical_count": 0,
  "cooldown_release_count": 106,
  "critical_override_count": 106,
  "critical_trigger_rate": 0.7066666666666667,
  "trigger_active_rate": 0.7733333333333333,
  "confidence_mean": 1.0,
  "false_intervention_rate": 0.037037037037037035,
  "repeated_intervention_rate": 0.9722222222222222,
  "post_intervention_violation_rate": 0.0,
  "mean_drift_after_intervention": 17.658403299657884,
  "min_predicted_distance_mean": 9.761894310153426
}