{
  "violation_rate": 0.013333333333333334,
  "collision_rate": 0.0,
  "near_miss_rate": 1.24,
  "intervention_rate": 0.16666666666666666,
  "override_success_rate": 0.96,
  "mean_intervention_delay": 0.0,
  "operator_workload": 0.16666666666666666,
  "mean_drift": 13.017909855253306,
  "p95_drift": 32.306017009295495,
  "mean_latency_ms": 0.4597200407685402,
  "risk_mean": 0.6503519993610555,
  "risk_p95": 0.6923754183406773,
  "separation_risk_mean": 0.737967888336377,
  "congestion_risk_mean": 0.43044123805682605,
  "speed_risk_mean": 0.7680531777503221,
  "uncertainty_risk_mean": 0.636321089552873,
  "human_activation_count": 25,
  "cooldown_skips": 125,
  "trigger_active_rate": 1.0,
  "confidence_mean": 0.9500000000000002,
  "false_intervention_rate": 0.0
}