{
  "violation_rate": 0.66,
  "collision_rate": 0.006666666666666667,
  "near_miss_rate": 0.35333333333333333,
  "intervention_rate": 0.8133333333333334,
  "override_success_rate": 0.1885245901639344,
  "mean_intervention_delay": 3.0,
  "operator_workload": 0.8133333333333334,
  "mean_drift": 14.901849115333894,
  "p95_drift": 32.98785007662604,
  "mean_latency_ms": 1.9119472398112218,
  "risk_mean": 0.9335580188300465,
  "risk_p05": 0.643137114704668,
  "risk_p25": 1.0,
  "risk_p50": 1.0,
  "risk_p75": 1.0,
  "risk_p95": 1.0,
  "separation_risk_mean": 0.20428920809366916,
  "congestion_risk_mean": 0.1742215846612722,
  "speed_risk_mean": 0.993213120659601,
  "uncertainty_risk_mean": 0.6395059469916106,
  "human_activation_count": 122,
  "cooldown_skips": 28,
  "suppressed_request_count": 28,
  "suppressed_critical_count": 0,
  "cooldown_release_count": 116,
  "critical_override_count": 116,
  "critical_trigger_rate": 0.7733333333333333,
  "trigger_active_rate": 1.0,
  "confidence_mean": 0.6013817908219844,
  "false_intervention_rate": 0.04918032786885246,
  "repeated_intervention_rate": 0.9426229508196722,
  "post_intervention_violation_rate": 0.7368421052631579,
  "mean_drift_after_intervention": 16.92281220057992,
  "min_predicted_distance_mean": 5.902518457718749
}