{
  "violation_rate": 0.14,
  "collision_rate": 0.0,
  "near_miss_rate": 0.3,
  "intervention_rate": 0.8,
  "override_success_rate": 0.825,
  "mean_intervention_delay": 0.0,
  "operator_workload": 0.8,
  "mean_drift": 7.53190529801629,
  "p95_drift": 22.31419786780063,
  "mean_latency_ms": 0.5501572228968143,
  "risk_mean": 0.8949026058782577,
  "risk_p05": 0.4341829538745905,
  "risk_p25": 1.0,
  "risk_p50": 1.0,
  "risk_p75": 1.0,
  "risk_p95": 1.0,
  "separation_risk_mean": 0.27941120813082715,
  "congestion_risk_mean": 0.1818844261115105,
  "speed_risk_mean": 0.8373846366209426,
  "uncertainty_risk_mean": 0.628873883939334,
  "human_activation_count": 120,
  "cooldown_skips": 23,
  "suppressed_request_count": 23,
  "suppressed_critical_count": 0,
  "cooldown_release_count": 117,
  "critical_override_count": 117,
  "critical_trigger_rate": 0.78,
  "trigger_active_rate": 0.9333333333333333,
  "confidence_mean": 0.9500000000000002,
  "false_intervention_rate": 0.05,
  "repeated_intervention_rate": 0.9333333333333333,
  "post_intervention_violation_rate": 0.16153846153846155,
  "mean_drift_after_intervention": 8.789309063899209,
  "min_predicted_distance_mean": 3.6281620739456564
}