{
  "violation_rate": 0.76,
  "collision_rate": 0.06666666666666667,
  "near_miss_rate": 0.52,
  "intervention_rate": 0.9133333333333333,
  "override_success_rate": 0.1678832116788321,
  "mean_intervention_delay": 5.0,
  "operator_workload": 0.9133333333333333,
  "mean_drift": 9.162447888015668,
  "p95_drift": 42.897838062146135,
  "mean_latency_ms": 2.0422880429153643,
  "risk_mean": 0.9540019868304739,
  "risk_p05": 0.5618214527955974,
  "risk_p25": 1.0,
  "risk_p50": 1.0,
  "risk_p75": 1.0,
  "risk_p95": 1.0,
  "separation_risk_mean": 0.6869697661894514,
  "congestion_risk_mean": 0.42203884706996775,
  "speed_risk_mean": 0.6183105410846553,
  "uncertainty_risk_mean": 0.6374310093181734,
  "human_activation_count": 137,
  "cooldown_skips": 13,
  "suppressed_request_count": 13,
  "suppressed_critical_count": 0,
  "cooldown_release_count": 135,
  "critical_override_count": 135,
  "critical_trigger_rate": 0.9,
  "trigger_active_rate": 1.0,
  "confidence_mean": 0.40153006178975487,
  "false_intervention_rate": 0.051094890510948905,
  "repeated_intervention_rate": 0.9635036496350365,
  "post_intervention_violation_rate": 0.7972027972027972,
  "mean_drift_after_intervention": 9.68847194992303,
  "min_predicted_distance_mean": 0.8185139638740124
}