{
  "violation_rate": 0.6333333333333333,
  "collision_rate": 0.006666666666666667,
  "near_miss_rate": 0.10666666666666667,
  "intervention_rate": 0.7933333333333333,
  "override_success_rate": 0.20168067226890757,
  "mean_intervention_delay": 5.0,
  "operator_workload": 0.7933333333333333,
  "mean_drift": 15.765713811712335,
  "p95_drift": 35.58232094721036,
  "mean_latency_ms": 1.9135652855038643,
  "risk_mean": 0.8704294598652577,
  "risk_p05": 0.41225046963782636,
  "risk_p25": 1.0,
  "risk_p50": 1.0,
  "risk_p75": 1.0,
  "risk_p95": 1.0,
  "separation_risk_mean": 0.1925816262296767,
  "congestion_risk_mean": 0.12388997927817859,
  "speed_risk_mean": 0.971461899315669,
  "uncertainty_risk_mean": 0.6363025686562032,
  "human_activation_count": 119,
  "cooldown_skips": 31,
  "suppressed_request_count": 31,
  "suppressed_critical_count": 0,
  "cooldown_release_count": 114,
  "critical_override_count": 114,
  "critical_trigger_rate": 0.76,
  "trigger_active_rate": 1.0,
  "confidence_mean": 0.4735918054962103,
  "false_intervention_rate": 0.08403361344537816,
  "repeated_intervention_rate": 0.9327731092436975,
  "post_intervention_violation_rate": 0.7251908396946565,
  "mean_drift_after_intervention": 17.923049360700585,
  "min_predicted_distance_mean": 3.651286194027664
}