{
  "violation_rate": 0.7133333333333334,
  "collision_rate": 0.006666666666666667,
  "near_miss_rate": 0.04666666666666667,
  "intervention_rate": 0.7733333333333333,
  "override_success_rate": 0.07758620689655173,
  "mean_intervention_delay": 5.0,
  "operator_workload": 0.7733333333333333,
  "mean_drift": 11.795416339522669,
  "p95_drift": 25.84093776870999,
  "mean_latency_ms": 2.001572511314104,
  "risk_mean": 0.8399293341327319,
  "risk_p05": 0.24599999999987235,
  "risk_p25": 0.6589538778178617,
  "risk_p50": 1.0,
  "risk_p75": 1.0,
  "risk_p95": 1.0,
  "separation_risk_mean": 0.08593238871122935,
  "congestion_risk_mean": 0.050830349677469654,
  "speed_risk_mean": 0.8951488655077859,
  "uncertainty_risk_mean": 0.64,
  "human_activation_count": 116,
  "cooldown_skips": 34,
  "suppressed_request_count": 34,
  "suppressed_critical_count": 0,
  "cooldown_release_count": 109,
  "critical_override_count": 109,
  "critical_trigger_rate": 0.7266666666666667,
  "trigger_active_rate": 1.0,
  "confidence_mean": 0.48560209611395294,
  "false_intervention_rate": 0.07758620689655173,
  "repeated_intervention_rate": 0.9310344827586207,
  "post_intervention_violation_rate": 0.8217054263565892,
  "mean_drift_after_intervention": 13.26301933926979,
  "min_predicted_distance_mean": 6.773346764664545
}