{
  "violation_rate": 0.04,
  "collision_rate": 0.0,
  "near_miss_rate": 0.02,
  "intervention_rate": 0.16666666666666666,
  "override_success_rate": 0.88,
  "mean_intervention_delay": 0.0,
  "operator_workload": 0.16666666666666666,
  "mean_drift": 9.459326514505827,
  "p95_drift": 24.71521680848431,
  "mean_latency_ms": 0.2538914536125958,
  "risk_mean": 0.2676195903736591,
  "risk_p95": 0.522631003750411,
  "separation_risk_mean": 0.055430836769663316,
  "congestion_risk_mean": 0.053314757335203154,
  "speed_risk_mean": 0.8899056311109185,
  "uncertainty_risk_mean": 0.6390745321791474,
  "human_activation_count": 25,
  "cooldown_skips": 125,
  "trigger_active_rate": 1.0,
  "confidence_mean": 0.9000000000000004,
  "false_intervention_rate": 0.32
}