{
  "violation_rate": 0.14,
  "collision_rate": 0.0,
  "near_miss_rate": 0.07333333333333333,
  "intervention_rate": 0.16666666666666666,
  "override_success_rate": 0.44,
  "mean_intervention_delay": 5.0,
  "operator_workload": 0.16666666666666666,
  "mean_drift": 15.535672297151846,
  "p95_drift": 36.27309447334052,
  "mean_latency_ms": 0.6024563937292745,
  "risk_mean": 0.286426365467696,
  "risk_p95": 0.6425062410588028,
  "separation_risk_mean": 0.06571187417996564,
  "congestion_risk_mean": 0.04950831596545277,
  "speed_risk_mean": 0.9913608197295105,
  "uncertainty_risk_mean": 0.6384988009061447,
  "human_activation_count": 25,
  "cooldown_skips": 125,
  "trigger_active_rate": 1.0,
  "confidence_mean": 0.8499142448521452,
  "false_intervention_rate": 0.28
}