{
  "violation_rate": 0.0,
  "collision_rate": 0.0,
  "near_miss_rate": 0.18666666666666668,
  "intervention_rate": 0.16666666666666666,
  "override_success_rate": 1.0,
  "mean_intervention_delay": 0.0,
  "operator_workload": 0.16666666666666666,
  "mean_drift": 6.194884625254968,
  "p95_drift": 20.897635408117427,
  "mean_latency_ms": 0.34148055342181277,
  "risk_mean": 0.3212863573848555,
  "risk_p95": 0.6248428950323115,
  "separation_risk_mean": 0.1610120648297686,
  "congestion_risk_mean": 0.090608319853887,
  "speed_risk_mean": 0.8678589883199197,
  "uncertainty_risk_mean": 0.64,
  "human_activation_count": 25,
  "cooldown_skips": 125,
  "trigger_active_rate": 1.0,
  "confidence_mean": 0.9500000000000002,
  "false_intervention_rate": 0.2
}