{
  "violation_rate": 0.09333333333333334,
  "collision_rate": 0.0,
  "near_miss_rate": 0.44,
  "intervention_rate": 0.9666666666666667,
  "override_success_rate": 0.903448275862069,
  "mean_intervention_delay": 0.0,
  "operator_workload": 0.9666666666666667,
  "mean_drift": 20.841858181179308,
  "p95_drift": 35.804738968870716,
  "mean_latency_ms": 0.6096904942144951,
  "risk_mean": 0.9748666666666654,
  "risk_p05": 1.0,
  "risk_p25": 1.0,
  "risk_p50": 1.0,
  "risk_p75": 1.0,
  "risk_p95": 1.0,
  "separation_risk_mean": 0.3872168897325446,
  "congestion_risk_mean": 0.20650336935479272,
  "speed_risk_mean": 0.9554645216165242,
  "uncertainty_risk_mean": 0.64,
  "human_activation_count": 145,
  "cooldown_skips": 0,
  "suppressed_request_count": 0,
  "suppressed_critical_count": 0,
  "cooldown_release_count": 145,
  "critical_override_count": 145,
  "critical_trigger_rate": 0.9666666666666667,
  "trigger_active_rate": 0.9666666666666667,
  "confidence_mean": 0.9500000000000002,
  "false_intervention_rate": 0.013793103448275862,
  "repeated_intervention_rate": 0.993103448275862,
  "post_intervention_violation_rate": 0.09722222222222222,
  "mean_drift_after_intervention": 20.85621172565174,
  "min_predicted_distance_mean": 5.086201781003927
}