{
  "violation_rate": 0.6266666666666667,
  "collision_rate": 0.0,
  "near_miss_rate": 0.11333333333333333,
  "intervention_rate": 0.76,
  "override_success_rate": 0.17543859649122806,
  "mean_intervention_delay": 3.0,
  "operator_workload": 0.76,
  "mean_drift": 14.557678365497447,
  "p95_drift": 32.658066284280984,
  "mean_latency_ms": 1.9742953109865387,
  "risk_mean": 0.8499210077968746,
  "risk_p05": 0.4016868066333405,
  "risk_p25": 0.6077431470836261,
  "risk_p50": 1.0,
  "risk_p75": 1.0,
  "risk_p95": 1.0,
  "separation_risk_mean": 0.1846065985192609,
  "congestion_risk_mean": 0.11852547032270586,
  "speed_risk_mean": 0.9688197166358805,
  "uncertainty_risk_mean": 0.6358197814168217,
  "human_activation_count": 114,
  "cooldown_skips": 36,
  "suppressed_request_count": 36,
  "suppressed_critical_count": 0,
  "cooldown_release_count": 108,
  "critical_override_count": 108,
  "critical_trigger_rate": 0.72,
  "trigger_active_rate": 1.0,
  "confidence_mean": 0.6242420012598873,
  "false_intervention_rate": 0.09649122807017543,
  "repeated_intervention_rate": 0.9122807017543859,
  "post_intervention_violation_rate": 0.7286821705426356,
  "mean_drift_after_intervention": 17.06240615376362,
  "min_predicted_distance_mean": 4.212762713602163
}