{
  "violation_rate": 0.013333333333333334,
  "collision_rate": 0.0,
  "near_miss_rate": 0.02666666666666667,
  "intervention_rate": 0.16666666666666666,
  "override_success_rate": 0.96,
  "mean_intervention_delay": 0.0,
  "operator_workload": 0.16666666666666666,
  "mean_drift": 10.670469912036792,
  "p95_drift": 31.413992722578957,
  "mean_latency_ms": 0.23269612623456246,
  "risk_mean": 0.28873097181809804,
  "risk_p95": 0.48861360445383395,
  "separation_risk_mean": 0.07870090374877182,
  "congestion_risk_mean": 0.049580006443348194,
  "speed_risk_mean": 0.9661370901354243,
  "uncertainty_risk_mean": 0.64,
  "human_activation_count": 25,
  "cooldown_skips": 125,
  "trigger_active_rate": 1.0,
  "confidence_mean": 0.9500000000000002,
  "false_intervention_rate": 0.4
}