{
  "violation_rate": 0.18,
  "collision_rate": 0.013333333333333334,
  "near_miss_rate": 1.18,
  "intervention_rate": 0.16666666666666666,
  "override_success_rate": 0.36,
  "mean_intervention_delay": 5.0,
  "operator_workload": 0.16666666666666666,
  "mean_drift": 7.723496551012364,
  "p95_drift": 30.36500250432569,
  "mean_latency_ms": 0.8373489263855541,
  "risk_mean": 0.6795342577072552,
  "risk_p95": 0.7660636182218029,
  "separation_risk_mean": 0.7216024538257914,
  "congestion_risk_mean": 0.6183106257519723,
  "speed_risk_mean": 0.6974632426718096,
  "uncertainty_risk_mean": 0.6374400709792301,
  "human_activation_count": 25,
  "cooldown_skips": 125,
  "trigger_active_rate": 1.0,
  "confidence_mean": 0.8499142448521452,
  "false_intervention_rate": 0.12
}