{
  "violation_rate": 0.6466666666666666,
  "collision_rate": 0.02666666666666667,
  "near_miss_rate": 0.06666666666666667,
  "intervention_rate": 0.8666666666666667,
  "override_success_rate": 0.25384615384615383,
  "mean_intervention_delay": 0.0,
  "operator_workload": 0.8666666666666667,
  "mean_drift": 10.430984129419228,
  "p95_drift": 27.319862872093235,
  "mean_latency_ms": 1.6409158241003752,
  "risk_mean": 0.9011751046647752,
  "risk_p05": 0.24599999999981245,
  "risk_p25": 1.0,
  "risk_p50": 1.0,
  "risk_p75": 1.0,
  "risk_p95": 1.0,
  "separation_risk_mean": 0.11238786188326311,
  "congestion_risk_mean": 0.05930494658880381,
  "speed_risk_mean": 0.8902651609093937,
  "uncertainty_risk_mean": 0.6365570858032663,
  "human_activation_count": 130,
  "cooldown_skips": 16,
  "suppressed_request_count": 16,
  "suppressed_critical_count": 0,
  "cooldown_release_count": 127,
  "critical_override_count": 127,
  "critical_trigger_rate": 0.8466666666666667,
  "trigger_active_rate": 0.9466666666666667,
  "confidence_mean": 0.5,
  "false_intervention_rate": 0.08461538461538462,
  "repeated_intervention_rate": 0.9615384615384616,
  "post_intervention_violation_rate": 0.7132352941176471,
  "mean_drift_after_intervention": 11.487683484754728,
  "min_predicted_distance_mean": 9.341784641195463
}