{
  "violation_rate": 0.07333333333333333,
  "collision_rate": 0.006666666666666667,
  "near_miss_rate": 0.52,
  "intervention_rate": 0.7533333333333333,
  "override_success_rate": 0.9026548672566371,
  "mean_intervention_delay": 0.0,
  "operator_workload": 0.7533333333333333,
  "mean_drift": 16.11716353518378,
  "p95_drift": 48.82314587190732,
  "mean_latency_ms": 0.5432831045861045,
  "risk_mean": 0.8473500068946237,
  "risk_p05": 0.31617866842908193,
  "risk_p25": 0.5687419609706963,
  "risk_p50": 1.0,
  "risk_p75": 1.0,
  "risk_p95": 1.0,
  "separation_risk_mean": 0.5993241777254916,
  "congestion_risk_mean": 0.3300339766172408,
  "speed_risk_mean": 0.961790431458773,
  "uncertainty_risk_mean": 0.6342089334894266,
  "human_activation_count": 113,
  "cooldown_skips": 27,
  "suppressed_request_count": 27,
  "suppressed_critical_count": 0,
  "cooldown_release_count": 107,
  "critical_override_count": 107,
  "critical_trigger_rate": 0.7133333333333334,
  "trigger_active_rate": 0.9266666666666666,
  "confidence_mean": 0.9500000000000002,
  "false_intervention_rate": 0.061946902654867256,
  "repeated_intervention_rate": 0.9380530973451328,
  "post_intervention_violation_rate": 0.08064516129032258,
  "mean_drift_after_intervention": 19.79068491272161,
  "min_predicted_distance_mean": 1.2951251541977404
}