{
  "violation_rate": 0.16,
  "collision_rate": 0.006666666666666667,
  "near_miss_rate": 0.29333333333333333,
  "intervention_rate": 0.16666666666666666,
  "override_success_rate": 0.48,
  "mean_intervention_delay": 0.0,
  "operator_workload": 0.16666666666666666,
  "mean_drift": 11.706125884294448,
  "p95_drift": 39.33296937077563,
  "mean_latency_ms": 0.7717558065390525,
  "risk_mean": 0.32956339207546553,
  "risk_p95": 0.6850587157842959,
  "separation_risk_mean": 0.21179877190212093,
  "congestion_risk_mean": 0.1509073398484746,
  "speed_risk_mean": 0.6894799174134728,
  "uncertainty_risk_mean": 0.6207008143024766,
  "human_activation_count": 25,
  "cooldown_skips": 125,
  "trigger_active_rate": 1.0,
  "confidence_mean": 0.5,
  "false_intervention_rate": 0.28
}