{
  "violation_rate": 0.08666666666666667,
  "collision_rate": 0.006666666666666667,
  "near_miss_rate": 0.23333333333333334,
  "intervention_rate": 0.7666666666666667,
  "override_success_rate": 0.8869565217391304,
  "mean_intervention_delay": 0.0,
  "operator_workload": 0.7666666666666667,
  "mean_drift": 6.055373815562244,
  "p95_drift": 22.09825779396695,
  "mean_latency_ms": 0.43021467902387184,
  "risk_mean": 0.831132135286664,
  "risk_p05": 0.27109817889044757,
  "risk_p25": 0.555830364825566,
  "risk_p50": 1.0,
  "risk_p75": 1.0,
  "risk_p95": 1.0,
  "separation_risk_mean": 0.4534133424429422,
  "congestion_risk_mean": 0.24350905684827656,
  "speed_risk_mean": 0.5904277798156479,
  "uncertainty_risk_mean": 0.631843293598175,
  "human_activation_count": 115,
  "cooldown_skips": 35,
  "suppressed_request_count": 35,
  "suppressed_critical_count": 0,
  "cooldown_release_count": 110,
  "critical_override_count": 107,
  "critical_trigger_rate": 0.7133333333333334,
  "trigger_active_rate": 0.9666666666666667,
  "confidence_mean": 0.9500000000000002,
  "false_intervention_rate": 0.08695652173913043,
  "repeated_intervention_rate": 0.9130434782608695,
  "post_intervention_violation_rate": 0.09923664122137404,
  "mean_drift_after_intervention": 6.8609944897387445,
  "min_predicted_distance_mean": 1.7341582878516633
}