{
  "violation_rate": 0.05333333333333334,
  "collision_rate": 0.006666666666666667,
  "near_miss_rate": 0.12,
  "intervention_rate": 0.84,
  "override_success_rate": 0.9365079365079365,
  "mean_intervention_delay": 0.0,
  "operator_workload": 0.84,
  "mean_drift": 14.902140620074002,
  "p95_drift": 33.59773452942401,
  "mean_latency_ms": 0.5369472216504315,
  "risk_mean": 0.8833575650121793,
  "risk_p05": 0.20545641260405045,
  "risk_p25": 1.0,
  "risk_p50": 1.0,
  "risk_p75": 1.0,
  "risk_p95": 1.0,
  "separation_risk_mean": 0.10669563280831312,
  "congestion_risk_mean": 0.06980069991542737,
  "speed_risk_mean": 0.9307400138079015,
  "uncertainty_risk_mean": 0.6383484196461757,
  "human_activation_count": 126,
  "cooldown_skips": 19,
  "suppressed_request_count": 19,
  "suppressed_critical_count": 0,
  "cooldown_release_count": 124,
  "critical_override_count": 124,
  "critical_trigger_rate": 0.8266666666666667,
  "trigger_active_rate": 0.9333333333333333,
  "confidence_mean": 0.9500000000000002,
  "false_intervention_rate": 0.07936507936507936,
  "repeated_intervention_rate": 0.9523809523809523,
  "post_intervention_violation_rate": 0.05223880597014925,
  "mean_drift_after_intervention": 16.513032582291213,
  "min_predicted_distance_mean": 6.0202598593284335
}