{
  "violation_rate": 0.03333333333333333,
  "collision_rate": 0.0,
  "near_miss_rate": 0.6666666666666666,
  "intervention_rate": 0.16666666666666666,
  "override_success_rate": 0.88,
  "mean_intervention_delay": 0.0,
  "operator_workload": 0.16666666666666666,
  "mean_drift": 14.107904140754131,
  "p95_drift": 26.01580616531188,
  "mean_latency_ms": 0.3996244610364859,
  "risk_mean": 0.5473343836346817,
  "risk_p95": 0.6744999999999793,
  "separation_risk_mean": 0.510545655616412,
  "congestion_risk_mean": 0.2897045679904613,
  "speed_risk_mean": 0.9944179773978716,
  "uncertainty_risk_mean": 0.64,
  "human_activation_count": 25,
  "cooldown_skips": 125,
  "trigger_active_rate": 1.0,
  "confidence_mean": 0.9500000000000002,
  "false_intervention_rate": 0.24
}