{
  "violation_rate": 0.2733333333333333,
  "collision_rate": 0.0,
  "near_miss_rate": 0.30666666666666664,
  "intervention_rate": 0.8133333333333334,
  "override_success_rate": 0.6639344262295082,
  "mean_intervention_delay": 1.0,
  "operator_workload": 0.8133333333333334,
  "mean_drift": 12.383814873379132,
  "p95_drift": 28.65618847475152,
  "mean_latency_ms": 0.8412155811674893,
  "risk_mean": 0.8386897322107538,
  "risk_p05": 0.24599999999988353,
  "risk_p25": 1.0,
  "risk_p50": 1.0,
  "risk_p75": 1.0,
  "risk_p95": 1.0,
  "separation_risk_mean": 0.1847606558546715,
  "congestion_risk_mean": 0.16149980137617473,
  "speed_risk_mean": 0.960973150343221,
  "uncertainty_risk_mean": 0.6379323874773102,
  "human_activation_count": 122,
  "cooldown_skips": 28,
  "suppressed_request_count": 28,
  "suppressed_critical_count": 0,
  "cooldown_release_count": 117,
  "critical_override_count": 117,
  "critical_trigger_rate": 0.78,
  "trigger_active_rate": 1.0,
  "confidence_mean": 0.8099392952115871,
  "false_intervention_rate": 0.08196721311475409,
  "repeated_intervention_rate": 0.9426229508196722,
  "post_intervention_violation_rate": 0.3082706766917293,
  "mean_drift_after_intervention": 13.70021245957477,
  "min_predicted_distance_mean": 5.190135365922274
}