{
  "violation_rate": 0.09333333333333334,
  "collision_rate": 0.0,
  "near_miss_rate": 0.16666666666666666,
  "intervention_rate": 0.16666666666666666,
  "override_success_rate": 0.68,
  "mean_intervention_delay": 5.0,
  "operator_workload": 0.16666666666666666,
  "mean_drift": 15.32492257945921,
  "p95_drift": 37.4842845450587,
  "mean_latency_ms": 0.6415724601053322,
  "risk_mean": 0.38563907447597356,
  "risk_p95": 0.692856613577135,
  "separation_risk_mean": 0.27305551796224475,
  "congestion_risk_mean": 0.18023829460539376,
  "speed_risk_mean": 0.8155766590519155,
  "uncertainty_risk_mean": 0.6357867925588517,
  "human_activation_count": 25,
  "cooldown_skips": 125,
  "trigger_active_rate": 1.0,
  "confidence_mean": 0.8499142448521452,
  "false_intervention_rate": 0.24
}