{
  "violation_rate": 0.12,
  "collision_rate": 0.0,
  "near_miss_rate": 0.5466666666666666,
  "intervention_rate": 0.16666666666666666,
  "override_success_rate": 0.56,
  "mean_intervention_delay": 0.0,
  "operator_workload": 0.16666666666666666,
  "mean_drift": 6.634631683246766,
  "p95_drift": 21.271686098738066,
  "mean_latency_ms": 1.041705573152285,
  "risk_mean": 0.5346395877711112,
  "risk_p95": 0.6727355536982788,
  "separation_risk_mean": 0.522909170729547,
  "congestion_risk_mean": 0.29958111631510825,
  "speed_risk_mean": 0.8625797679354978,
  "uncertainty_risk_mean": 0.6336547778247547,
  "human_activation_count": 25,
  "cooldown_skips": 125,
  "trigger_active_rate": 1.0,
  "confidence_mean": 0.5,
  "false_intervention_rate": 0.24
}