{
  "violation_rate": 0.06666666666666667,
  "collision_rate": 0.0,
  "near_miss_rate": 0.4866666666666667,
  "intervention_rate": 0.96,
  "override_success_rate": 0.9305555555555556,
  "mean_intervention_delay": 0.0,
  "operator_workload": 0.96,
  "mean_drift": 15.855569373753266,
  "p95_drift": 27.766652293238522,
  "mean_latency_ms": 0.6634221823575596,
  "risk_mean": 0.9698399999999974,
  "risk_p05": 1.0,
  "risk_p25": 1.0,
  "risk_p50": 1.0,
  "risk_p75": 1.0,
  "risk_p95": 1.0,
  "separation_risk_mean": 0.2508328243985225,
  "congestion_risk_mean": 0.1861696624818056,
  "speed_risk_mean": 0.9932428660835122,
  "uncertainty_risk_mean": 0.64,
  "human_activation_count": 144,
  "cooldown_skips": 0,
  "suppressed_request_count": 0,
  "suppressed_critical_count": 0,
  "cooldown_release_count": 144,
  "critical_override_count": 144,
  "critical_trigger_rate": 0.96,
  "trigger_active_rate": 0.96,
  "confidence_mean": 0.9500000000000002,
  "false_intervention_rate": 0.013888888888888888,
  "repeated_intervention_rate": 0.9930555555555556,
  "post_intervention_violation_rate": 0.06993006993006994,
  "mean_drift_after_intervention": 15.924310966584466,
  "min_predicted_distance_mean": 6.278273657971657
}