{
  "violation_rate": 0.03333333333333333,
  "collision_rate": 0.0,
  "near_miss_rate": 0.58,
  "intervention_rate": 0.84,
  "override_success_rate": 0.9603174603174603,
  "mean_intervention_delay": 0.0,
  "operator_workload": 0.84,
  "mean_drift": 11.622472063251363,
  "p95_drift": 39.727666849427024,
  "mean_latency_ms": 0.511843126732856,
  "risk_mean": 0.9039708147890063,
  "risk_p05": 0.44131644082283217,
  "risk_p25": 1.0,
  "risk_p50": 1.0,
  "risk_p75": 1.0,
  "risk_p95": 1.0,
  "separation_risk_mean": 0.5066374510904855,
  "congestion_risk_mean": 0.27520762779708025,
  "speed_risk_mean": 0.9418749073129387,
  "uncertainty_risk_mean": 0.6138945253711476,
  "human_activation_count": 126,
  "cooldown_skips": 24,
  "suppressed_request_count": 24,
  "suppressed_critical_count": 0,
  "cooldown_release_count": 122,
  "critical_override_count": 122,
  "critical_trigger_rate": 0.8133333333333334,
  "trigger_active_rate": 1.0,
  "confidence_mean": 0.9500000000000002,
  "false_intervention_rate": 0.11904761904761904,
  "repeated_intervention_rate": 0.9444444444444444,
  "post_intervention_violation_rate": 0.03676470588235294,
  "mean_drift_after_intervention": 13.283333400840966,
  "min_predicted_distance_mean": 1.6304529222391477
}