{
  "violation_rate": 0.0,
  "collision_rate": 0.0,
  "near_miss_rate": 0.0,
  "intervention_rate": 0.05333333333333334,
  "override_success_rate": 1.0,
  "mean_intervention_delay": 0.0,
  "operator_workload": 0.05333333333333334,
  "mean_drift": 16.61052991542581,
  "p95_drift": 31.133108024598574,
  "mean_latency_ms": 0.3454652471312632,
  "risk_mean": 0.26422075545883655,
  "risk_p95": 0.409277596500275,
  "separation_risk_mean": 0.03597577722073482,
  "congestion_risk_mean": 0.021335290702009534,
  "speed_risk_mean": 0.9779855535600238,
  "uncertainty_risk_mean": 0.64,
  "human_activation_count": 8,
  "cooldown_skips": 142,
  "trigger_active_rate": 1.0,
  "confidence_mean": 0.9500000000000002,
  "false_intervention_rate": 0.25
}