{
  "violation_rate": 0.0,
  "collision_rate": 0.0,
  "near_miss_rate": 0.12,
  "intervention_rate": 0.3333333333333333,
  "override_success_rate": 1.0,
  "mean_intervention_delay": 0.0,
  "operator_workload": 0.3333333333333333,
  "mean_drift": 8.479768774267521,
  "p95_drift": 26.10621127681755,
  "mean_latency_ms": 0.37051806051749736,
  "risk_mean": 0.2775459787644064,
  "risk_p95": 0.670931394592192,
  "separation_risk_mean": 0.05415985432112454,
  "congestion_risk_mean": 0.06010218881071123,
  "speed_risk_mean": 0.952006221616114,
  "uncertainty_risk_mean": 0.6356504258320363,
  "human_activation_count": 50,
  "cooldown_skips": 100,
  "trigger_active_rate": 1.0,
  "confidence_mean": 0.9500000000000002,
  "false_intervention_rate": 0.26
}