{
  "violation_rate": 0.04,
  "collision_rate": 0.0,
  "near_miss_rate": 0.11333333333333333,
  "intervention_rate": 0.76,
  "override_success_rate": 0.9473684210526315,
  "mean_intervention_delay": 0.0,
  "operator_workload": 0.76,
  "mean_drift": 7.56755335163048,
  "p95_drift": 25.96355655192783,
  "mean_latency_ms": 0.3923996995824079,
  "risk_mean": 0.8403743747101056,
  "risk_p05": 0.16303807695943948,
  "risk_p25": 0.6592665638153274,
  "risk_p50": 1.0,
  "risk_p75": 1.0,
  "risk_p95": 1.0,
  "separation_risk_mean": 0.19827342124862787,
  "congestion_risk_mean": 0.12053599518575668,
  "speed_risk_mean": 0.67466605657159,
  "uncertainty_risk_mean": 0.6390118463796821,
  "human_activation_count": 114,
  "cooldown_skips": 23,
  "suppressed_request_count": 23,
  "suppressed_critical_count": 0,
  "cooldown_release_count": 109,
  "critical_override_count": 109,
  "critical_trigger_rate": 0.7266666666666667,
  "trigger_active_rate": 0.9133333333333333,
  "confidence_mean": 0.9500000000000002,
  "false_intervention_rate": 0.043859649122807015,
  "repeated_intervention_rate": 0.9473684210526315,
  "post_intervention_violation_rate": 0.04878048780487805,
  "mean_drift_after_intervention": 8.88644641754384,
  "min_predicted_distance_mean": 4.969236969906901
}