{
  "violation_rate": 0.12666666666666668,
  "collision_rate": 0.0,
  "near_miss_rate": 1.7266666666666666,
  "intervention_rate": 0.78,
  "override_success_rate": 0.8376068376068376,
  "mean_intervention_delay": 0.0,
  "operator_workload": 0.78,
  "mean_drift": 9.730012471181935,
  "p95_drift": 31.644868030279998,
  "mean_latency_ms": 4.978644199048479,
  "risk_mean": 0.8605017568378845,
  "risk_p05": 0.3420825185434075,
  "risk_p25": 0.7040719049627325,
  "risk_p50": 1.0,
  "risk_p75": 1.0,
  "risk_p95": 1.0,
  "separation_risk_mean": 0.619373298429622,
  "congestion_risk_mean": 0.36482526534312393,
  "speed_risk_mean": 0.7651392306346007,
  "uncertainty_risk_mean": 0.6393420034965582,
  "human_activation_count": 117,
  "cooldown_skips": 33,
  "suppressed_request_count": 33,
  "suppressed_critical_count": 0,
  "cooldown_release_count": 111,
  "critical_override_count": 111,
  "critical_trigger_rate": 0.74,
  "trigger_active_rate": 1.0,
  "confidence_mean": 0.9500000000000002,
  "false_intervention_rate": 0.05982905982905983,
  "repeated_intervention_rate": 0.9230769230769231,
  "post_intervention_violation_rate": 0.13740458015267176,
  "mean_drift_after_intervention": 11.481131072461574,
  "min_predicted_distance_mean": 0.755978313974312
}