{
  "violation_rate": 0.16666666666666666,
  "collision_rate": 0.0,
  "near_miss_rate": 0.08666666666666667,
  "intervention_rate": 0.16666666666666666,
  "override_success_rate": 0.4,
  "mean_intervention_delay": 10.0,
  "operator_workload": 0.16666666666666666,
  "mean_drift": 9.949986070462254,
  "p95_drift": 19.463396454503684,
  "mean_latency_ms": 0.7780766604507031,
  "risk_mean": 0.2837088380724711,
  "risk_p95": 0.5706609739486286,
  "separation_risk_mean": 0.10669916777341276,
  "congestion_risk_mean": 0.06037126934936767,
  "speed_risk_mean": 0.8306759682472896,
  "uncertainty_risk_mean": 0.64,
  "human_activation_count": 25,
  "cooldown_skips": 125,
  "trigger_active_rate": 1.0,
  "confidence_mean": 0.8130947531791306,
  "false_intervention_rate": 0.28
}