{
  "violation_rate": 0.0,
  "collision_rate": 0.0,
  "near_miss_rate": 0.02,
  "intervention_rate": 0.16666666666666666,
  "override_success_rate": 1.0,
  "mean_intervention_delay": 0.0,
  "operator_workload": 0.16666666666666666,
  "mean_drift": 8.767607624167189,
  "p95_drift": 27.49779446384599,
  "mean_latency_ms": 0.2187605673680082,
  "risk_mean": 0.2688324737155082,
  "risk_p95": 0.4221276967059004,
  "separation_risk_mean": 0.05020988925855322,
  "congestion_risk_mean": 0.03332266128897831,
  "speed_risk_mean": 0.9478472094178899,
  "uncertainty_risk_mean": 0.6382018454282079,
  "human_activation_count": 25,
  "cooldown_skips": 125,
  "trigger_active_rate": 1.0,
  "confidence_mean": 0.9500000000000002,
  "false_intervention_rate": 0.32
}