{
  "violation_rate": 0.05333333333333334,
  "collision_rate": 0.0,
  "near_miss_rate": 0.36666666666666664,
  "intervention_rate": 0.3333333333333333,
  "override_success_rate": 0.9,
  "mean_intervention_delay": 0.0,
  "operator_workload": 0.3333333333333333,
  "mean_drift": 5.322155496477613,
  "p95_drift": 16.027928823053315,
  "mean_latency_ms": 0.732829766056966,
  "risk_mean": 0.315336323433402,
  "risk_p95": 0.7152768556607871,
  "separation_risk_mean": 0.13669258680901422,
  "congestion_risk_mean": 0.14069315891372028,
  "speed_risk_mean": 0.8666904243589812,
  "uncertainty_risk_mean": 0.5909853732471225,
  "human_activation_count": 50,
  "cooldown_skips": 100,
  "trigger_active_rate": 1.0,
  "confidence_mean": 0.9500000000000002,
  "false_intervention_rate": 0.3
}