{
  "violation_rate": 0.13333333333333333,
  "collision_rate": 0.0,
  "near_miss_rate": 0.36,
  "intervention_rate": 0.78,
  "override_success_rate": 0.8290598290598291,
  "mean_intervention_delay": 0.0,
  "operator_workload": 0.78,
  "mean_drift": 9.631301657243066,
  "p95_drift": 20.022731974009037,
  "mean_latency_ms": 0.5416285727793971,
  "risk_mean": 0.8577313264540891,
  "risk_p05": 0.2459999999999174,
  "risk_p25": 0.7116013325019802,
  "risk_p50": 1.0,
  "risk_p75": 1.0,
  "risk_p95": 1.0,
  "separation_risk_mean": 0.35722475122588804,
  "congestion_risk_mean": 0.2174713152785597,
  "speed_risk_mean": 0.9311012904151541,
  "uncertainty_risk_mean": 0.6320801628610062,
  "human_activation_count": 117,
  "cooldown_skips": 33,
  "suppressed_request_count": 33,
  "suppressed_critical_count": 0,
  "cooldown_release_count": 110,
  "critical_override_count": 110,
  "critical_trigger_rate": 0.7333333333333333,
  "trigger_active_rate": 1.0,
  "confidence_mean": 0.9000000000000004,
  "false_intervention_rate": 0.042735042735042736,
  "repeated_intervention_rate": 0.9316239316239316,
  "post_intervention_violation_rate": 0.15384615384615385,
  "mean_drift_after_intervention": 11.035555182570636,
  "min_predicted_distance_mean": 2.0650517101931407
}