{
  "violation_rate": 0.02666666666666667,
  "collision_rate": 0.0,
  "near_miss_rate": 0.4266666666666667,
  "intervention_rate": 0.7866666666666666,
  "override_success_rate": 0.9661016949152542,
  "mean_intervention_delay": 0.0,
  "operator_workload": 0.7866666666666666,
  "mean_drift": 14.90328337207454,
  "p95_drift": 28.146560424793215,
  "mean_latency_ms": 0.42461137830590207,
  "risk_mean": 0.8554141534328111,
  "risk_p05": 0.2651390894716538,
  "risk_p25": 0.6473984211030983,
  "risk_p50": 1.0,
  "risk_p75": 1.0,
  "risk_p95": 1.0,
  "separation_risk_mean": 0.416337894037139,
  "congestion_risk_mean": 0.2287567856783472,
  "speed_risk_mean": 0.9389315829561807,
  "uncertainty_risk_mean": 0.6391543954025022,
  "human_activation_count": 118,
  "cooldown_skips": 32,
  "suppressed_request_count": 32,
  "suppressed_critical_count": 0,
  "cooldown_release_count": 111,
  "critical_override_count": 111,
  "critical_trigger_rate": 0.74,
  "trigger_active_rate": 1.0,
  "confidence_mean": 0.9500000000000002,
  "false_intervention_rate": 0.07627118644067797,
  "repeated_intervention_rate": 0.9322033898305084,
  "post_intervention_violation_rate": 0.030534351145038167,
  "mean_drift_after_intervention": 17.774700590347656,
  "min_predicted_distance_mean": 2.0050374699082365
}