{
  "violation_rate": 0.7066666666666667,
  "collision_rate": 0.0,
  "near_miss_rate": 0.04,
  "intervention_rate": 0.78,
  "override_success_rate": 0.09401709401709402,
  "mean_intervention_delay": 5.0,
  "operator_workload": 0.78,
  "mean_drift": 15.668912394454644,
  "p95_drift": 38.923024169280936,
  "mean_latency_ms": 2.24014057777822,
  "risk_mean": 0.8470325741604233,
  "risk_p05": 0.30549382519244017,
  "risk_p25": 0.6044500554559695,
  "risk_p50": 1.0,
  "risk_p75": 1.0,
  "risk_p95": 1.0,
  "separation_risk_mean": 0.09202421875222176,
  "congestion_risk_mean": 0.07219534925164066,
  "speed_risk_mean": 0.9684206698995013,
  "uncertainty_risk_mean": 0.6209588325400424,
  "human_activation_count": 117,
  "cooldown_skips": 33,
  "suppressed_request_count": 33,
  "suppressed_critical_count": 0,
  "cooldown_release_count": 111,
  "critical_override_count": 111,
  "critical_trigger_rate": 0.74,
  "trigger_active_rate": 1.0,
  "confidence_mean": 0.4815986659080388,
  "false_intervention_rate": 0.08547008547008547,
  "repeated_intervention_rate": 0.9316239316239316,
  "post_intervention_violation_rate": 0.8076923076923077,
  "mean_drift_after_intervention": 18.422162692217825,
  "min_predicted_distance_mean": 3.6954363960542547
}