{
  "violation_rate": 0.02666666666666667,
  "collision_rate": 0.0,
  "near_miss_rate": 0.06666666666666667,
  "intervention_rate": 0.3333333333333333,
  "override_success_rate": 0.94,
  "mean_intervention_delay": 0.0,
  "operator_workload": 0.3333333333333333,
  "mean_drift": 10.021994087613955,
  "p95_drift": 24.955144689855988,
  "mean_latency_ms": 0.5247202661121264,
  "risk_mean": 0.2819559030389757,
  "risk_p95": 0.6009418893260046,
  "separation_risk_mean": 0.07576583456631689,
  "congestion_risk_mean": 0.04792390653014048,
  "speed_risk_mean": 0.9373899325695667,
  "uncertainty_risk_mean": 0.6351454064410865,
  "human_activation_count": 50,
  "cooldown_skips": 100,
  "trigger_active_rate": 1.0,
  "confidence_mean": 0.9500000000000002,
  "false_intervention_rate": 0.22
}