{
  "violation_rate": 0.11333333333333333,
  "collision_rate": 0.0,
  "near_miss_rate": 0.46,
  "intervention_rate": 0.7933333333333333,
  "override_success_rate": 0.8571428571428571,
  "mean_intervention_delay": 0.0,
  "operator_workload": 0.7933333333333333,
  "mean_drift": 7.6875402506747585,
  "p95_drift": 21.956932340838502,
  "mean_latency_ms": 0.5766242013002435,
  "risk_mean": 0.8841155411769883,
  "risk_p05": 0.38326782426144224,
  "risk_p25": 1.0,
  "risk_p50": 1.0,
  "risk_p75": 1.0,
  "risk_p95": 1.0,
  "separation_risk_mean": 0.39272545729387365,
  "congestion_risk_mean": 0.23892688503114543,
  "speed_risk_mean": 0.8333879234671959,
  "uncertainty_risk_mean": 0.6292451099306895,
  "human_activation_count": 119,
  "cooldown_skips": 31,
  "suppressed_request_count": 31,
  "suppressed_critical_count": 0,
  "cooldown_release_count": 114,
  "critical_override_count": 114,
  "critical_trigger_rate": 0.76,
  "trigger_active_rate": 0.9666666666666667,
  "confidence_mean": 0.9000000000000004,
  "false_intervention_rate": 0.05042016806722689,
  "repeated_intervention_rate": 0.9327731092436975,
  "post_intervention_violation_rate": 0.12213740458015267,
  "mean_drift_after_intervention": 9.045600318509756,
  "min_predicted_distance_mean": 2.8779392211270873
}