{
  "violation_rate": 0.32666666666666666,
  "collision_rate": 0.0,
  "near_miss_rate": 0.31333333333333335,
  "intervention_rate": 0.78,
  "override_success_rate": 0.5811965811965812,
  "mean_intervention_delay": 0.0,
  "operator_workload": 0.78,
  "mean_drift": 9.659274255600259,
  "p95_drift": 20.2210502956771,
  "mean_latency_ms": 0.7980538446766635,
  "risk_mean": 0.8577502547081478,
  "risk_p05": 0.24599999999991745,
  "risk_p25": 0.7116013325019802,
  "risk_p50": 1.0,
  "risk_p75": 1.0,
  "risk_p95": 1.0,
  "separation_risk_mean": 0.3477546895813363,
  "congestion_risk_mean": 0.21166914868231912,
  "speed_risk_mean": 0.9292781679805407,
  "uncertainty_risk_mean": 0.6320801628610062,
  "human_activation_count": 117,
  "cooldown_skips": 33,
  "suppressed_request_count": 33,
  "suppressed_critical_count": 0,
  "cooldown_release_count": 110,
  "critical_override_count": 110,
  "critical_trigger_rate": 0.7333333333333333,
  "trigger_active_rate": 1.0,
  "confidence_mean": 0.75,
  "false_intervention_rate": 0.042735042735042736,
  "repeated_intervention_rate": 0.9316239316239316,
  "post_intervention_violation_rate": 0.36923076923076925,
  "mean_drift_after_intervention": 11.069885418504581,
  "min_predicted_distance_mean": 2.089747318238289
}