{
  "violation_rate": 0.09333333333333334,
  "collision_rate": 0.0,
  "near_miss_rate": 0.03333333333333333,
  "intervention_rate": 0.78,
  "override_success_rate": 0.8803418803418803,
  "mean_intervention_delay": 0.0,
  "operator_workload": 0.78,
  "mean_drift": 13.760890745945229,
  "p95_drift": 37.06182027502894,
  "mean_latency_ms": 0.5727202895407876,
  "risk_mean": 0.837510356673329,
  "risk_p05": 0.21599999999993666,
  "risk_p25": 1.0,
  "risk_p50": 1.0,
  "risk_p75": 1.0,
  "risk_p95": 1.0,
  "separation_risk_mean": 0.10951627803937503,
  "congestion_risk_mean": 0.07289840084157315,
  "speed_risk_mean": 0.9142906562695631,
  "uncertainty_risk_mean": 0.639763100417803,
  "human_activation_count": 117,
  "cooldown_skips": 5,
  "suppressed_request_count": 5,
  "suppressed_critical_count": 0,
  "cooldown_release_count": 117,
  "critical_override_count": 117,
  "critical_trigger_rate": 0.78,
  "trigger_active_rate": 0.8066666666666666,
  "confidence_mean": 0.9500000000000002,
  "false_intervention_rate": 0.03418803418803419,
  "repeated_intervention_rate": 0.9829059829059829,
  "post_intervention_violation_rate": 0.11864406779661017,
  "mean_drift_after_intervention": 15.558646347756586,
  "min_predicted_distance_mean": 4.450262229816782
}