{
  "violation_rate": 0.0,
  "collision_rate": 0.0,
  "near_miss_rate": 0.74,
  "intervention_rate": 0.78,
  "override_success_rate": 1.0,
  "mean_intervention_delay": 0.0,
  "operator_workload": 0.78,
  "mean_drift": 11.992023903061025,
  "p95_drift": 27.942659950358678,
  "mean_latency_ms": 0.6059577548876405,
  "risk_mean": 0.8172917104351757,
  "risk_p05": 0.24599999999987462,
  "risk_p25": 0.589990103302338,
  "risk_p50": 1.0,
  "risk_p75": 1.0,
  "risk_p95": 1.0,
  "separation_risk_mean": 0.5558367381458079,
  "congestion_risk_mean": 0.3276139941879543,
  "speed_risk_mean": 0.8850806834494207,
  "uncertainty_risk_mean": 0.6321701213154951,
  "human_activation_count": 117,
  "cooldown_skips": 33,
  "suppressed_request_count": 33,
  "suppressed_critical_count": 0,
  "cooldown_release_count": 111,
  "critical_override_count": 111,
  "critical_trigger_rate": 0.74,
  "trigger_active_rate": 1.0,
  "confidence_mean": 1.0,
  "false_intervention_rate": 0.08547008547008547,
  "repeated_intervention_rate": 0.9316239316239316,
  "post_intervention_violation_rate": 0.0,
  "mean_drift_after_intervention": 13.738257379861208,
  "min_predicted_distance_mean": 0.9546630911368035
}