{
  "violation_rate": 0.0,
  "collision_rate": 0.006666666666666667,
  "near_miss_rate": 0.18666666666666668,
  "intervention_rate": 0.16666666666666666,
  "override_success_rate": 1.0,
  "mean_intervention_delay": 0.0,
  "operator_workload": 0.16666666666666666,
  "mean_drift": 11.390114838987683,
  "p95_drift": 37.66359753172591,
  "mean_latency_ms": 0.2408341463888064,
  "risk_mean": 0.3210961758411193,
  "risk_p95": 0.6522138554192944,
  "separation_risk_mean": 0.14627270105655654,
  "congestion_risk_mean": 0.09281770207237432,
  "speed_risk_mean": 0.9147721719732003,
  "uncertainty_risk_mean": 0.6323547270106349,
  "human_activation_count": 25,
  "cooldown_skips": 125,
  "trigger_active_rate": 1.0,
  "confidence_mean": 1.0,
  "false_intervention_rate": 0.24
}