{
  "violation_rate": 0.06666666666666667,
  "collision_rate": 0.0,
  "near_miss_rate": 0.37333333333333335,
  "intervention_rate": 0.9266666666666666,
  "override_success_rate": 0.9280575539568345,
  "mean_intervention_delay": 0.0,
  "operator_workload": 0.9266666666666666,
  "mean_drift": 21.974609499521684,
  "p95_drift": 38.36592147495793,
  "mean_latency_ms": 0.4421669229244192,
  "risk_mean": 0.9447066666666641,
  "risk_p05": 0.24599999999996439,
  "risk_p25": 1.0,
  "risk_p50": 1.0,
  "risk_p75": 1.0,
  "risk_p95": 1.0,
  "separation_risk_mean": 0.31859657323761575,
  "congestion_risk_mean": 0.17054417801504015,
  "speed_risk_mean": 0.998666666666372,
  "uncertainty_risk_mean": 0.64,
  "human_activation_count": 139,
  "cooldown_skips": 0,
  "suppressed_request_count": 0,
  "suppressed_critical_count": 0,
  "cooldown_release_count": 139,
  "critical_override_count": 139,
  "critical_trigger_rate": 0.9266666666666666,
  "trigger_active_rate": 0.9266666666666666,
  "confidence_mean": 0.9500000000000002,
  "false_intervention_rate": 0.014388489208633094,
  "repeated_intervention_rate": 0.9928057553956835,
  "post_intervention_violation_rate": 0.07246376811594203,
  "mean_drift_after_intervention": 22.055744079041883,
  "min_predicted_distance_mean": 4.280641142857553
}