{
  "violation_rate": 0.0,
  "collision_rate": 0.006666666666666667,
  "near_miss_rate": 0.18,
  "intervention_rate": 0.7933333333333333,
  "override_success_rate": 1.0,
  "mean_intervention_delay": 0.0,
  "operator_workload": 0.7933333333333333,
  "mean_drift": 11.462929065304284,
  "p95_drift": 37.668482491033764,
  "mean_latency_ms": 0.37681608460843563,
  "risk_mean": 0.8795402789899114,
  "risk_p05": 0.3303677755602729,
  "risk_p25": 1.0,
  "risk_p50": 1.0,
  "risk_p75": 1.0,
  "risk_p95": 1.0,
  "separation_risk_mean": 0.16466939074277945,
  "congestion_risk_mean": 0.09617559851213194,
  "speed_risk_mean": 0.879769318666374,
  "uncertainty_risk_mean": 0.6323547270106349,
  "human_activation_count": 119,
  "cooldown_skips": 29,
  "suppressed_request_count": 29,
  "suppressed_critical_count": 0,
  "cooldown_release_count": 114,
  "critical_override_count": 114,
  "critical_trigger_rate": 0.76,
  "trigger_active_rate": 0.9866666666666667,
  "confidence_mean": 1.0,
  "false_intervention_rate": 0.06722689075630252,
  "repeated_intervention_rate": 0.9327731092436975,
  "post_intervention_violation_rate": 0.0,
  "mean_drift_after_intervention": 13.093569580850685,
  "min_predicted_distance_mean": 4.9491582575637825
}