{
  "violation_rate": 0.06666666666666667,
  "collision_rate": 0.013333333333333334,
  "near_miss_rate": 0.30666666666666664,
  "intervention_rate": 0.94,
  "override_success_rate": 0.9290780141843972,
  "mean_intervention_delay": 0.0,
  "operator_workload": 0.94,
  "mean_drift": 12.092389557072767,
  "p95_drift": 27.100281705263637,
  "mean_latency_ms": 0.5164475079315404,
  "risk_mean": 0.9547599999999966,
  "risk_p05": 0.24599999999995675,
  "risk_p25": 1.0,
  "risk_p50": 1.0,
  "risk_p75": 1.0,
  "risk_p95": 1.0,
  "separation_risk_mean": 0.24346503926216503,
  "congestion_risk_mean": 0.14057117415091572,
  "speed_risk_mean": 0.9927130447050065,
  "uncertainty_risk_mean": 0.64,
  "human_activation_count": 141,
  "cooldown_skips": 1,
  "suppressed_request_count": 1,
  "suppressed_critical_count": 0,
  "cooldown_release_count": 141,
  "critical_override_count": 141,
  "critical_trigger_rate": 0.94,
  "trigger_active_rate": 0.9466666666666667,
  "confidence_mean": 0.9500000000000002,
  "false_intervention_rate": 0.02127659574468085,
  "repeated_intervention_rate": 0.9858156028368794,
  "post_intervention_violation_rate": 0.07092198581560284,
  "mean_drift_after_intervention": 12.015438428288649,
  "min_predicted_distance_mean": 6.828757180613844
}