{
  "violation_rate": 0.66,
  "collision_rate": 0.17333333333333334,
  "near_miss_rate": 0.7666666666666667,
  "intervention_rate": 1.0,
  "override_success_rate": 0.34,
  "mean_intervention_delay": 3.0,
  "operator_workload": 1.0,
  "mean_drift": 13.045059851934155,
  "p95_drift": 33.09878518991532,
  "mean_latency_ms": 1.42427140303577,
  "risk_mean": 1.0,
  "risk_p05": 1.0,
  "risk_p25": 1.0,
  "risk_p50": 1.0,
  "risk_p75": 1.0,
  "risk_p95": 1.0,
  "separation_risk_mean": 0.735596489575483,
  "congestion_risk_mean": 0.43692246222221875,
  "speed_risk_mean": 0.6149360774140801,
  "uncertainty_risk_mean": 0.6362347256034111,
  "human_activation_count": 150,
  "cooldown_skips": 0,
  "suppressed_request_count": 0,
  "suppressed_critical_count": 0,
  "cooldown_release_count": 150,
  "critical_override_count": 150,
  "critical_trigger_rate": 1.0,
  "trigger_active_rate": 1.0,
  "confidence_mean": 0.5213710542893252,
  "false_intervention_rate": 0.0,
  "repeated_intervention_rate": 0.9933333333333333,
  "post_intervention_violation_rate": 0.6577181208053692,
  "mean_drift_after_intervention": 13.045059851934155,
  "min_predicted_distance_mean": 0.39173531526903055
}