{
  "violation_rate": 0.6333333333333333,
  "collision_rate": 0.006666666666666667,
  "near_miss_rate": 0.08,
  "intervention_rate": 0.8466666666666667,
  "override_success_rate": 0.25196850393700787,
  "mean_intervention_delay": 0.0,
  "operator_workload": 0.8466666666666667,
  "mean_drift": 10.691740237069755,
  "p95_drift": 21.74518596831526,
  "mean_latency_ms": 1.8341380668183167,
  "risk_mean": 0.8936121598931561,
  "risk_p05": 0.3270426685696117,
  "risk_p25": 1.0,
  "risk_p50": 1.0,
  "risk_p75": 1.0,
  "risk_p95": 1.0,
  "separation_risk_mean": 0.13773293597228461,
  "congestion_risk_mean": 0.06787779235753359,
  "speed_risk_mean": 0.7973225114797855,
  "uncertainty_risk_mean": 0.64,
  "human_activation_count": 127,
  "cooldown_skips": 23,
  "suppressed_request_count": 23,
  "suppressed_critical_count": 0,
  "cooldown_release_count": 125,
  "critical_override_count": 123,
  "critical_trigger_rate": 0.82,
  "trigger_active_rate": 1.0,
  "confidence_mean": 0.5,
  "false_intervention_rate": 0.09448818897637795,
  "repeated_intervention_rate": 0.9291338582677166,
  "post_intervention_violation_rate": 0.6785714285714286,
  "mean_drift_after_intervention": 11.710430638907393,
  "min_predicted_distance_mean": 6.600813556445525
}