{
  "violation_rate": 0.7666666666666667,
  "collision_rate": 0.0,
  "near_miss_rate": 0.14,
  "intervention_rate": 0.8133333333333334,
  "override_success_rate": 0.05737704918032787,
  "mean_intervention_delay": 5.0,
  "operator_workload": 0.8133333333333334,
  "mean_drift": 16.05935877089519,
  "p95_drift": 37.83729390731083,
  "mean_latency_ms": 2.2927210930113993,
  "risk_mean": 0.9029590116286764,
  "risk_p05": 0.5205624121691736,
  "risk_p25": 1.0,
  "risk_p50": 1.0,
  "risk_p75": 1.0,
  "risk_p95": 1.0,
  "separation_risk_mean": 0.12996631541338016,
  "congestion_risk_mean": 0.08057963444999387,
  "speed_risk_mean": 0.9931219159526938,
  "uncertainty_risk_mean": 0.64,
  "human_activation_count": 122,
  "cooldown_skips": 28,
  "suppressed_request_count": 28,
  "suppressed_critical_count": 0,
  "cooldown_release_count": 116,
  "critical_override_count": 116,
  "critical_trigger_rate": 0.7733333333333333,
  "trigger_active_rate": 1.0,
  "confidence_mean": 0.46158151487846777,
  "false_intervention_rate": 0.05737704918032787,
  "repeated_intervention_rate": 0.9426229508196722,
  "post_intervention_violation_rate": 0.8571428571428571,
  "mean_drift_after_intervention": 18.583439237208424,
  "min_predicted_distance_mean": 6.382506937241395
}