{
  "violation_rate": 0.7666666666666667,
  "collision_rate": 0.013333333333333334,
  "near_miss_rate": 0.12666666666666668,
  "intervention_rate": 0.8666666666666667,
  "override_success_rate": 0.11538461538461539,
  "mean_intervention_delay": 10.0,
  "operator_workload": 0.8666666666666667,
  "mean_drift": 9.335305326516393,
  "p95_drift": 37.84993096043016,
  "mean_latency_ms": 2.2148250020109117,
  "risk_mean": 0.920041261390259,
  "risk_p05": 0.4170686194964902,
  "risk_p25": 1.0,
  "risk_p50": 1.0,
  "risk_p75": 1.0,
  "risk_p95": 1.0,
  "separation_risk_mean": 0.1335982574790387,
  "congestion_risk_mean": 0.09700236813771052,
  "speed_risk_mean": 0.8258529712040841,
  "uncertainty_risk_mean": 0.6290518403920841,
  "human_activation_count": 130,
  "cooldown_skips": 20,
  "suppressed_request_count": 20,
  "suppressed_critical_count": 0,
  "cooldown_release_count": 128,
  "critical_override_count": 128,
  "critical_trigger_rate": 0.8533333333333334,
  "trigger_active_rate": 1.0,
  "confidence_mean": 0.2380927165314778,
  "false_intervention_rate": 0.09230769230769231,
  "repeated_intervention_rate": 0.9230769230769231,
  "post_intervention_violation_rate": 0.8098591549295775,
  "mean_drift_after_intervention": 10.389670471881347,
  "min_predicted_distance_mean": 5.58296567954868
}