{
  "violation_rate": 0.04,
  "collision_rate": 0.0,
  "near_miss_rate": 0.5,
  "intervention_rate": 0.82,
  "override_success_rate": 0.9512195121951219,
  "mean_intervention_delay": 0.0,
  "operator_workload": 0.82,
  "mean_drift": 11.35052195552454,
  "p95_drift": 31.283403110945695,
  "mean_latency_ms": 1.6927782795391977,
  "risk_mean": 0.912413495204691,
  "risk_p05": 0.5386208513779711,
  "risk_p25": 1.0,
  "risk_p50": 1.0,
  "risk_p75": 1.0,
  "risk_p95": 1.0,
  "separation_risk_mean": 0.45002680009926593,
  "congestion_risk_mean": 0.17887162453925193,
  "speed_risk_mean": 0.8140121499932653,
  "uncertainty_risk_mean": 0.6390924564885313,
  "human_activation_count": 123,
  "cooldown_skips": 27,
  "suppressed_request_count": 27,
  "suppressed_critical_count": 0,
  "cooldown_release_count": 118,
  "critical_override_count": 118,
  "critical_trigger_rate": 0.7866666666666666,
  "trigger_active_rate": 1.0,
  "confidence_mean": 0.9500000000000002,
  "false_intervention_rate": 0.06504065040650407,
  "repeated_intervention_rate": 0.9349593495934959,
  "post_intervention_violation_rate": 0.044444444444444446,
  "mean_drift_after_intervention": 12.965509867476891,
  "min_predicted_distance_mean": 1.6555623834559883
}