{
  "violation_rate": 0.013333333333333334,
  "collision_rate": 0.006666666666666667,
  "near_miss_rate": 0.08,
  "intervention_rate": 0.84,
  "override_success_rate": 0.9841269841269841,
  "mean_intervention_delay": 0.0,
  "operator_workload": 0.84,
  "mean_drift": 8.669606500107623,
  "p95_drift": 26.03915804822845,
  "mean_latency_ms": 0.4604202656385799,
  "risk_mean": 0.8838810424897219,
  "risk_p05": 0.1868417583529371,
  "risk_p25": 1.0,
  "risk_p50": 1.0,
  "risk_p75": 1.0,
  "risk_p95": 1.0,
  "separation_risk_mean": 0.14424149442449807,
  "congestion_risk_mean": 0.05099603854662122,
  "speed_risk_mean": 0.8101051319492291,
  "uncertainty_risk_mean": 0.6372968967987811,
  "human_activation_count": 126,
  "cooldown_skips": 15,
  "suppressed_request_count": 15,
  "suppressed_critical_count": 0,
  "cooldown_release_count": 124,
  "critical_override_count": 124,
  "critical_trigger_rate": 0.8266666666666667,
  "trigger_active_rate": 0.9066666666666666,
  "confidence_mean": 0.9500000000000002,
  "false_intervention_rate": 0.07936507936507936,
  "repeated_intervention_rate": 0.9682539682539683,
  "post_intervention_violation_rate": 0.015267175572519083,
  "mean_drift_after_intervention": 9.554571708947902,
  "min_predicted_distance_mean": 4.282690489587738
}