{
  "violation_rate": 0.13333333333333333,
  "collision_rate": 0.02,
  "near_miss_rate": 3.2733333333333334,
  "intervention_rate": 0.9933333333333333,
  "override_success_rate": 0.8657718120805369,
  "mean_intervention_delay": 0.0,
  "operator_workload": 0.9933333333333333,
  "mean_drift": 7.983546732628493,
  "p95_drift": 37.49073575190646,
  "mean_latency_ms": 4.142389108116428,
  "risk_mean": 0.9975180846354871,
  "risk_p05": 1.0,
  "risk_p25": 1.0,
  "risk_p50": 1.0,
  "risk_p75": 1.0,
  "risk_p95": 1.0,
  "separation_risk_mean": 0.7241197095779188,
  "congestion_risk_mean": 0.4773194184635371,
  "speed_risk_mean": 0.6395443454701035,
  "uncertainty_risk_mean": 0.6392360077733,
  "human_activation_count": 149,
  "cooldown_skips": 1,
  "suppressed_request_count": 1,
  "suppressed_critical_count": 0,
  "cooldown_release_count": 149,
  "critical_override_count": 149,
  "critical_trigger_rate": 0.9933333333333333,
  "trigger_active_rate": 1.0,
  "confidence_mean": 0.9500000000000002,
  "false_intervention_rate": 0.04697986577181208,
  "repeated_intervention_rate": 0.9865771812080537,
  "post_intervention_violation_rate": 0.12751677852348994,
  "mean_drift_after_intervention": 8.025900641669564,
  "min_predicted_distance_mean": 0.32092788469845623
}