{
  "violation_rate": 0.03333333333333333,
  "collision_rate": 0.0,
  "near_miss_rate": 0.08,
  "intervention_rate": 0.7266666666666667,
  "override_success_rate": 0.9541284403669725,
  "mean_intervention_delay": 0.0,
  "operator_workload": 0.7266666666666667,
  "mean_drift": 9.531340152445289,
  "p95_drift": 42.104794082357174,
  "mean_latency_ms": 0.34493116817126673,
  "risk_mean": 0.8262368658596302,
  "risk_p05": 0.3409320786281534,
  "risk_p25": 0.5671300534817788,
  "risk_p50": 1.0,
  "risk_p75": 1.0,
  "risk_p95": 1.0,
  "separation_risk_mean": 0.23663424782604991,
  "congestion_risk_mean": 0.08937070205746221,
  "speed_risk_mean": 0.9314875403795784,
  "uncertainty_risk_mean": 0.6398622429629875,
  "human_activation_count": 109,
  "cooldown_skips": 41,
  "suppressed_request_count": 41,
  "suppressed_critical_count": 0,
  "cooldown_release_count": 102,
  "critical_override_count": 100,
  "critical_trigger_rate": 0.6666666666666666,
  "trigger_active_rate": 1.0,
  "confidence_mean": 0.9500000000000002,
  "false_intervention_rate": 0.11926605504587157,
  "repeated_intervention_rate": 0.8807339449541285,
  "post_intervention_violation_rate": 0.0390625,
  "mean_drift_after_intervention": 11.482713841036324,
  "min_predicted_distance_mean": 2.5172957393919715
}