{
  "violation_rate": 0.7333333333333333,
  "collision_rate": 0.006666666666666667,
  "near_miss_rate": 0.02666666666666667,
  "intervention_rate": 0.8133333333333334,
  "override_success_rate": 0.09836065573770492,
  "mean_intervention_delay": 5.0,
  "operator_workload": 0.8133333333333334,
  "mean_drift": 14.851009799413411,
  "p95_drift": 37.833655955012176,
  "mean_latency_ms": 2.2215391718782485,
  "risk_mean": 0.839393206278166,
  "risk_p05": 0.2459999999998853,
  "risk_p25": 1.0,
  "risk_p50": 1.0,
  "risk_p75": 1.0,
  "risk_p95": 1.0,
  "separation_risk_mean": 0.032775604279599725,
  "congestion_risk_mean": 0.024724303860944263,
  "speed_risk_mean": 0.978192109004588,
  "uncertainty_risk_mean": 0.6386003468380005,
  "human_activation_count": 122,
  "cooldown_skips": 28,
  "suppressed_request_count": 28,
  "suppressed_critical_count": 0,
  "cooldown_release_count": 117,
  "critical_override_count": 117,
  "critical_trigger_rate": 0.78,
  "trigger_active_rate": 1.0,
  "confidence_mean": 0.46158151487846777,
  "false_intervention_rate": 0.08196721311475409,
  "repeated_intervention_rate": 0.9426229508196722,
  "post_intervention_violation_rate": 0.8270676691729323,
  "mean_drift_after_intervention": 16.73082940549724,
  "min_predicted_distance_mean": 8.244258031039374
}