{
  "violation_rate": 0.6533333333333333,
  "collision_rate": 0.0,
  "near_miss_rate": 0.08666666666666667,
  "intervention_rate": 0.7533333333333333,
  "override_success_rate": 0.13274336283185842,
  "mean_intervention_delay": 10.0,
  "operator_workload": 0.7533333333333333,
  "mean_drift": 12.658339724564314,
  "p95_drift": 74.34006226581654,
  "mean_latency_ms": 1.8919388476448755,
  "risk_mean": 0.8622122651539538,
  "risk_p05": 0.38248066915646656,
  "risk_p25": 0.6489115172394745,
  "risk_p50": 1.0,
  "risk_p75": 1.0,
  "risk_p95": 1.0,
  "separation_risk_mean": 0.2784844138367456,
  "congestion_risk_mean": 0.09967573508519299,
  "speed_risk_mean": 0.9318141069414978,
  "uncertainty_risk_mean": 0.6397480568536729,
  "human_activation_count": 113,
  "cooldown_skips": 37,
  "suppressed_request_count": 37,
  "suppressed_critical_count": 0,
  "cooldown_release_count": 110,
  "critical_override_count": 110,
  "critical_trigger_rate": 0.7333333333333333,
  "trigger_active_rate": 1.0,
  "confidence_mean": 0.33118828436966913,
  "false_intervention_rate": 0.12389380530973451,
  "repeated_intervention_rate": 0.8849557522123894,
  "post_intervention_violation_rate": 0.7480916030534351,
  "mean_drift_after_intervention": 15.37781225213289,
  "min_predicted_distance_mean": 2.314202178432726
}