{
  "violation_rate": 0.08666666666666667,
  "collision_rate": 0.02,
  "near_miss_rate": 0.54,
  "intervention_rate": 0.9733333333333334,
  "override_success_rate": 0.910958904109589,
  "mean_intervention_delay": 0.0,
  "operator_workload": 0.9733333333333334,
  "mean_drift": 29.69274334038696,
  "p95_drift": 63.704002613534236,
  "mean_latency_ms": 0.6249549884038667,
  "risk_mean": 0.9798933333333323,
  "risk_p05": 1.0,
  "risk_p25": 1.0,
  "risk_p50": 1.0,
  "risk_p75": 1.0,
  "risk_p95": 1.0,
  "separation_risk_mean": 0.4643582285324654,
  "congestion_risk_mean": 0.2509638860849547,
  "speed_risk_mean": 0.9999999999997445,
  "uncertainty_risk_mean": 0.64,
  "human_activation_count": 146,
  "cooldown_skips": 0,
  "suppressed_request_count": 0,
  "suppressed_critical_count": 0,
  "cooldown_release_count": 146,
  "critical_override_count": 146,
  "critical_trigger_rate": 0.9733333333333334,
  "trigger_active_rate": 0.9733333333333334,
  "confidence_mean": 0.9500000000000002,
  "false_intervention_rate": 0.0136986301369863,
  "repeated_intervention_rate": 0.9931506849315068,
  "post_intervention_violation_rate": 0.0896551724137931,
  "mean_drift_after_intervention": 29.997974545864206,
  "min_predicted_distance_mean": 3.8044028416034665
}