{
  "violation_rate": 0.08666666666666667,
  "collision_rate": 0.0,
  "near_miss_rate": 1.9733333333333334,
  "intervention_rate": 0.9266666666666666,
  "override_success_rate": 0.9064748201438849,
  "mean_intervention_delay": 0.0,
  "operator_workload": 0.9266666666666666,
  "mean_drift": 8.266494469506165,
  "p95_drift": 22.818355664864253,
  "mean_latency_ms": 2.742506928431491,
  "risk_mean": 0.9667001803353112,
  "risk_p05": 0.5950931413148454,
  "risk_p25": 1.0,
  "risk_p50": 1.0,
  "risk_p75": 1.0,
  "risk_p95": 1.0,
  "separation_risk_mean": 0.694933318570221,
  "congestion_risk_mean": 0.34649557565238986,
  "speed_risk_mean": 0.7679871811063755,
  "uncertainty_risk_mean": 0.6362194183407248,
  "human_activation_count": 139,
  "cooldown_skips": 11,
  "suppressed_request_count": 11,
  "suppressed_critical_count": 0,
  "cooldown_release_count": 138,
  "critical_override_count": 138,
  "critical_trigger_rate": 0.92,
  "trigger_active_rate": 1.0,
  "confidence_mean": 0.9500000000000002,
  "false_intervention_rate": 0.08633093525179857,
  "repeated_intervention_rate": 0.9568345323741008,
  "post_intervention_violation_rate": 0.0896551724137931,
  "mean_drift_after_intervention": 8.588393322742862,
  "min_predicted_distance_mean": 0.7039123094905377
}