{
  "violation_rate": 0.04,
  "collision_rate": 0.0,
  "near_miss_rate": 0.04666666666666667,
  "intervention_rate": 0.16666666666666666,
  "override_success_rate": 0.88,
  "mean_intervention_delay": 0.0,
  "operator_workload": 0.16666666666666666,
  "mean_drift": 13.744401635973178,
  "p95_drift": 36.315938535066046,
  "mean_latency_ms": 0.699505259496315,
  "risk_mean": 0.3110192319834354,
  "risk_p95": 0.4773634997863476,
  "separation_risk_mean": 0.11902491514252302,
  "congestion_risk_mean": 0.07705765120924511,
  "speed_risk_mean": 0.9481942820287887,
  "uncertainty_risk_mean": 0.639763100417803,
  "human_activation_count": 25,
  "cooldown_skips": 125,
  "trigger_active_rate": 1.0,
  "confidence_mean": 0.75,
  "false_intervention_rate": 0.24
}