{
  "violation_rate": 0.013333333333333334,
  "collision_rate": 0.0,
  "near_miss_rate": 0.006666666666666667,
  "intervention_rate": 0.16666666666666666,
  "override_success_rate": 0.96,
  "mean_intervention_delay": 0.0,
  "operator_workload": 0.16666666666666666,
  "mean_drift": 17.821162091454166,
  "p95_drift": 31.89462191328702,
  "mean_latency_ms": 0.326616106807099,
  "risk_mean": 0.247613333404119,
  "risk_p95": 0.24599999999998604,
  "separation_risk_mean": 0.0018698340328861624,
  "congestion_risk_mean": 0.0030876323573715532,
  "speed_risk_mean": 0.9999999999998486,
  "uncertainty_risk_mean": 0.64,
  "human_activation_count": 25,
  "cooldown_skips": 125,
  "trigger_active_rate": 1.0,
  "confidence_mean": 0.9500000000000002,
  "false_intervention_rate": 0.24
}