{
  "violation_rate": 0.0,
  "collision_rate": 0.0,
  "near_miss_rate": 0.013333333333333334,
  "intervention_rate": 0.0,
  "override_success_rate": 0.0,
  "mean_intervention_delay": 0.0,
  "operator_workload": 0.0,
  "mean_drift": 9.55896244767545,
  "p95_drift": 24.698783697699536,
  "mean_latency_ms": 0.3512513739406131,
  "risk_mean": 0.267091858331486,
  "risk_p95": 0.36576993289064746,
  "separation_risk_mean": 0.049621468346458385,
  "congestion_risk_mean": 0.04747219276357755,
  "speed_risk_mean": 0.9135084244140311,
  "uncertainty_risk_mean": 0.6391192381505377,
  "human_activation_count": 0,
  "cooldown_skips": 0,
  "trigger_active_rate": 0.0,
  "confidence_mean": 0.9500000000000002,
  "false_intervention_rate": 0.0
}