{
  "violation_rate": 0.04666666666666667,
  "collision_rate": 0.0,
  "near_miss_rate": 0.18,
  "intervention_rate": 0.8066666666666666,
  "override_success_rate": 0.9421487603305785,
  "mean_intervention_delay": 0.0,
  "operator_workload": 0.8066666666666666,
  "mean_drift": 9.819364817140377,
  "p95_drift": 25.288522564083806,
  "mean_latency_ms": 0.5000424998191496,
  "risk_mean": 0.8637612271569944,
  "risk_p05": 0.183999999999921,
  "risk_p25": 1.0,
  "risk_p50": 1.0,
  "risk_p75": 1.0,
  "risk_p95": 1.0,
  "separation_risk_mean": 0.2304387256912836,
  "congestion_risk_mean": 0.11334465626164501,
  "speed_risk_mean": 0.936752463018359,
  "uncertainty_risk_mean": 0.6390748144865775,
  "human_activation_count": 121,
  "cooldown_skips": 18,
  "suppressed_request_count": 18,
  "suppressed_critical_count": 0,
  "cooldown_release_count": 118,
  "critical_override_count": 118,
  "critical_trigger_rate": 0.7866666666666666,
  "trigger_active_rate": 0.88,
  "confidence_mean": 0.9500000000000002,
  "false_intervention_rate": 0.06611570247933884,
  "repeated_intervention_rate": 0.9586776859504132,
  "post_intervention_violation_rate": 0.0546875,
  "mean_drift_after_intervention": 10.878767460761773,
  "min_predicted_distance_mean": 3.3780409525846835
}