{
  "violation_rate": 0.09333333333333334,
  "collision_rate": 0.0,
  "near_miss_rate": 0.04,
  "intervention_rate": 0.8066666666666666,
  "override_success_rate": 0.8842975206611571,
  "mean_intervention_delay": 0.0,
  "operator_workload": 0.8066666666666666,
  "mean_drift": 11.885096547000144,
  "p95_drift": 25.19776216406076,
  "mean_latency_ms": 0.5774452607147396,
  "risk_mean": 0.8977476826599627,
  "risk_p05": 0.46334731489880077,
  "risk_p25": 1.0,
  "risk_p50": 1.0,
  "risk_p75": 1.0,
  "risk_p95": 1.0,
  "separation_risk_mean": 0.1250051364006786,
  "congestion_risk_mean": 0.07910382004325403,
  "speed_risk_mean": 0.9814831346149178,
  "uncertainty_risk_mean": 0.64,
  "human_activation_count": 121,
  "cooldown_skips": 29,
  "suppressed_request_count": 29,
  "suppressed_critical_count": 0,
  "cooldown_release_count": 119,
  "critical_override_count": 119,
  "critical_trigger_rate": 0.7933333333333333,
  "trigger_active_rate": 1.0,
  "confidence_mean": 0.9500000000000002,
  "false_intervention_rate": 0.049586776859504134,
  "repeated_intervention_rate": 0.9669421487603306,
  "post_intervention_violation_rate": 0.1111111111111111,
  "mean_drift_after_intervention": 13.652064720854131,
  "min_predicted_distance_mean": 5.2725445493428325
}