{
  "violation_rate": 0.32666666666666666,
  "collision_rate": 0.0,
  "near_miss_rate": 0.26666666666666666,
  "intervention_rate": 0.8733333333333333,
  "override_success_rate": 0.6259541984732825,
  "mean_intervention_delay": 1.0,
  "operator_workload": 0.8733333333333333,
  "mean_drift": 14.952815833020503,
  "p95_drift": 32.646945741063746,
  "mean_latency_ms": 1.0937069395246606,
  "risk_mean": 0.9442397917961061,
  "risk_p05": 0.6129841903936302,
  "risk_p25": 1.0,
  "risk_p50": 1.0,
  "risk_p75": 1.0,
  "risk_p95": 1.0,
  "separation_risk_mean": 0.17785761432431405,
  "congestion_risk_mean": 0.13722738655991554,
  "speed_risk_mean": 0.9797136405352114,
  "uncertainty_risk_mean": 0.6395059469916106,
  "human_activation_count": 131,
  "cooldown_skips": 19,
  "suppressed_request_count": 19,
  "suppressed_critical_count": 0,
  "cooldown_release_count": 128,
  "critical_override_count": 128,
  "critical_trigger_rate": 0.8533333333333334,
  "trigger_active_rate": 1.0,
  "confidence_mean": 0.799606948137032,
  "false_intervention_rate": 0.061068702290076333,
  "repeated_intervention_rate": 0.9618320610687023,
  "post_intervention_violation_rate": 0.35507246376811596,
  "mean_drift_after_intervention": 16.13602517697743,
  "min_predicted_distance_mean": 6.330932521100731
}