{
  "violation_rate": 0.14,
  "collision_rate": 0.006666666666666667,
  "near_miss_rate": 3.933333333333333,
  "intervention_rate": 0.96,
  "override_success_rate": 0.8611111111111112,
  "mean_intervention_delay": 0.0,
  "operator_workload": 0.96,
  "mean_drift": 8.636114639367241,
  "p95_drift": 27.385341589992883,
  "mean_latency_ms": 5.019272242983182,
  "risk_mean": 0.9840774942619224,
  "risk_p05": 1.0,
  "risk_p25": 1.0,
  "risk_p50": 1.0,
  "risk_p75": 1.0,
  "risk_p95": 1.0,
  "separation_risk_mean": 0.729851044506116,
  "congestion_risk_mean": 0.4264997314233707,
  "speed_risk_mean": 0.6098082833982947,
  "uncertainty_risk_mean": 0.6389297966785714,
  "human_activation_count": 144,
  "cooldown_skips": 6,
  "suppressed_request_count": 6,
  "suppressed_critical_count": 0,
  "cooldown_release_count": 143,
  "critical_override_count": 143,
  "critical_trigger_rate": 0.9533333333333334,
  "trigger_active_rate": 1.0,
  "confidence_mean": 0.9500000000000002,
  "false_intervention_rate": 0.006944444444444444,
  "repeated_intervention_rate": 0.9583333333333334,
  "post_intervention_violation_rate": 0.14093959731543623,
  "mean_drift_after_intervention": 8.86630990958365,
  "min_predicted_distance_mean": 0.32164774740284086
}