{
  "violation_rate": 0.06666666666666667,
  "collision_rate": 0.0,
  "near_miss_rate": 0.0,
  "intervention_rate": 0.7266666666666667,
  "override_success_rate": 0.908256880733945,
  "mean_intervention_delay": 0.0,
  "operator_workload": 0.7266666666666667,
  "mean_drift": 15.322058398936415,
  "p95_drift": 32.00740729164903,
  "mean_latency_ms": 0.40196839331959683,
  "risk_mean": 0.8232102622727545,
  "risk_p05": 0.24599999999991254,
  "risk_p25": 0.5314061412663289,
  "risk_p50": 1.0,
  "risk_p75": 1.0,
  "risk_p95": 1.0,
  "separation_risk_mean": 0.05273967243932757,
  "congestion_risk_mean": 0.02912684922970068,
  "speed_risk_mean": 0.9835560841995421,
  "uncertainty_risk_mean": 0.64,
  "human_activation_count": 109,
  "cooldown_skips": 0,
  "suppressed_request_count": 0,
  "suppressed_critical_count": 0,
  "cooldown_release_count": 109,
  "critical_override_count": 109,
  "critical_trigger_rate": 0.7266666666666667,
  "trigger_active_rate": 0.7266666666666667,
  "confidence_mean": 0.9500000000000002,
  "false_intervention_rate": 0.01834862385321101,
  "repeated_intervention_rate": 0.9908256880733946,
  "post_intervention_violation_rate": 0.09259259259259259,
  "mean_drift_after_intervention": 17.999745448247097,
  "min_predicted_distance_mean": 4.748399692013661
}