{
  "violation_rate": 0.05333333333333334,
  "collision_rate": 0.006666666666666667,
  "near_miss_rate": 0.24666666666666667,
  "intervention_rate": 0.7333333333333333,
  "override_success_rate": 0.9272727272727272,
  "mean_intervention_delay": 0.0,
  "operator_workload": 0.7333333333333333,
  "mean_drift": 6.015646492606782,
  "p95_drift": 22.55764348001347,
  "mean_latency_ms": 0.39787691629802185,
  "risk_mean": 0.8293432598475978,
  "risk_p05": 0.29067151838835265,
  "risk_p25": 0.5162394999965942,
  "risk_p50": 1.0,
  "risk_p75": 1.0,
  "risk_p95": 1.0,
  "separation_risk_mean": 0.44973368699050603,
  "congestion_risk_mean": 0.2417203600608229,
  "speed_risk_mean": 0.5984568741317287,
  "uncertainty_risk_mean": 0.631843293598175,
  "human_activation_count": 110,
  "cooldown_skips": 40,
  "suppressed_request_count": 40,
  "suppressed_critical_count": 0,
  "cooldown_release_count": 107,
  "critical_override_count": 107,
  "critical_trigger_rate": 0.7133333333333334,
  "trigger_active_rate": 1.0,
  "confidence_mean": 0.9500000000000002,
  "false_intervention_rate": 0.045454545454545456,
  "repeated_intervention_rate": 0.9545454545454546,
  "post_intervention_violation_rate": 0.06837606837606838,
  "mean_drift_after_intervention": 6.850039173485072,
  "min_predicted_distance_mean": 1.7467357487892556
}