{
  "violation_rate": 0.6066666666666667,
  "collision_rate": 0.04666666666666667,
  "near_miss_rate": 0.18,
  "intervention_rate": 0.7866666666666666,
  "override_success_rate": 0.2288135593220339,
  "mean_intervention_delay": 3.0,
  "operator_workload": 0.7866666666666666,
  "mean_drift": 15.386722366826529,
  "p95_drift": 30.142752421174887,
  "mean_latency_ms": 1.6476980480365455,
  "risk_mean": 0.8571674981762101,
  "risk_p05": 0.2604884582267079,
  "risk_p25": 0.742070263309435,
  "risk_p50": 1.0,
  "risk_p75": 1.0,
  "risk_p95": 1.0,
  "separation_risk_mean": 0.4148998062552782,
  "congestion_risk_mean": 0.2258230079555715,
  "speed_risk_mean": 0.938322611086879,
  "uncertainty_risk_mean": 0.6391543954025022,
  "human_activation_count": 118,
  "cooldown_skips": 30,
  "suppressed_request_count": 30,
  "suppressed_critical_count": 0,
  "cooldown_release_count": 112,
  "critical_override_count": 112,
  "critical_trigger_rate": 0.7466666666666667,
  "trigger_active_rate": 0.96,
  "confidence_mean": 0.6128118960409359,
  "false_intervention_rate": 0.07627118644067797,
  "repeated_intervention_rate": 0.9322033898305084,
  "post_intervention_violation_rate": 0.7,
  "mean_drift_after_intervention": 18.38914251491239,
  "min_predicted_distance_mean": 2.026973574775125
}