{
  "violation_rate": 0.04,
  "collision_rate": 0.006666666666666667,
  "near_miss_rate": 1.02,
  "intervention_rate": 0.8866666666666667,
  "override_success_rate": 0.9548872180451128,
  "mean_intervention_delay": 0.0,
  "operator_workload": 0.8866666666666667,
  "mean_drift": 3.6976051304692907,
  "p95_drift": 12.353385497256388,
  "mean_latency_ms": 0.6379666567469636,
  "risk_mean": 0.9507489051628424,
  "risk_p05": 0.5982534481747027,
  "risk_p25": 1.0,
  "risk_p50": 1.0,
  "risk_p75": 1.0,
  "risk_p95": 1.0,
  "separation_risk_mean": 0.7026906768464852,
  "congestion_risk_mean": 0.4180376932373393,
  "speed_risk_mean": 0.7789958047001357,
  "uncertainty_risk_mean": 0.9826794404731095,
  "human_activation_count": 133,
  "cooldown_skips": 17,
  "suppressed_request_count": 17,
  "suppressed_critical_count": 0,
  "cooldown_release_count": 132,
  "critical_override_count": 132,
  "critical_trigger_rate": 0.88,
  "trigger_active_rate": 1.0,
  "confidence_mean": 0.9500000000000002,
  "false_intervention_rate": 0.06015037593984962,
  "repeated_intervention_rate": 0.9323308270676691,
  "post_intervention_violation_rate": 0.041666666666666664,
  "mean_drift_after_intervention": 3.972089687674057,
  "min_predicted_distance_mean": 0.7266775574937394
}