{
  "violation_rate": 0.5266666666666666,
  "collision_rate": 0.0,
  "near_miss_rate": 0.12,
  "intervention_rate": 0.7866666666666666,
  "override_success_rate": 0.3305084745762712,
  "mean_intervention_delay": 3.0,
  "operator_workload": 0.7866666666666666,
  "mean_drift": 11.63359454018607,
  "p95_drift": 30.633115723380413,
  "mean_latency_ms": 1.440092835109681,
  "risk_mean": 0.8356931845171398,
  "risk_p05": 0.245999999999886,
  "risk_p25": 0.7024443933602635,
  "risk_p50": 1.0,
  "risk_p75": 1.0,
  "risk_p95": 1.0,
  "separation_risk_mean": 0.1662627843233604,
  "congestion_risk_mean": 0.09165950945737258,
  "speed_risk_mean": 0.8688788442804215,
  "uncertainty_risk_mean": 0.6298240266612993,
  "human_activation_count": 118,
  "cooldown_skips": 32,
  "suppressed_request_count": 32,
  "suppressed_critical_count": 0,
  "cooldown_release_count": 112,
  "critical_override_count": 112,
  "critical_trigger_rate": 0.7466666666666667,
  "trigger_active_rate": 1.0,
  "confidence_mean": 0.6128118960409359,
  "false_intervention_rate": 0.0847457627118644,
  "repeated_intervention_rate": 0.9322033898305084,
  "post_intervention_violation_rate": 0.6030534351145038,
  "mean_drift_after_intervention": 13.223379961276356,
  "min_predicted_distance_mean": 3.58668707518671
}