{
  "violation_rate": 0.09333333333333334,
  "collision_rate": 0.0,
  "near_miss_rate": 0.23333333333333334,
  "intervention_rate": 0.78,
  "override_success_rate": 0.8803418803418803,
  "mean_intervention_delay": 0.0,
  "operator_workload": 0.78,
  "mean_drift": 16.38368093673667,
  "p95_drift": 40.763398644695954,
  "mean_latency_ms": 0.6041435617953539,
  "risk_mean": 0.8199342845883104,
  "risk_p05": 0.24599999999992114,
  "risk_p25": 0.4950794161763481,
  "risk_p50": 1.0,
  "risk_p75": 1.0,
  "risk_p95": 1.0,
  "separation_risk_mean": 0.24178876259056664,
  "congestion_risk_mean": 0.12408826909151337,
  "speed_risk_mean": 0.9962102476717735,
  "uncertainty_risk_mean": 0.64,
  "human_activation_count": 117,
  "cooldown_skips": 33,
  "suppressed_request_count": 33,
  "suppressed_critical_count": 0,
  "cooldown_release_count": 111,
  "critical_override_count": 111,
  "critical_trigger_rate": 0.74,
  "trigger_active_rate": 1.0,
  "confidence_mean": 0.9500000000000002,
  "false_intervention_rate": 0.08547008547008547,
  "repeated_intervention_rate": 0.9316239316239316,
  "post_intervention_violation_rate": 0.1076923076923077,
  "mean_drift_after_intervention": 19.09044968719368,
  "min_predicted_distance_mean": 4.714293403389801
}