{
  "violation_rate": 0.07333333333333333,
  "collision_rate": 0.0,
  "near_miss_rate": 0.4066666666666667,
  "intervention_rate": 0.8133333333333334,
  "override_success_rate": 0.9098360655737705,
  "mean_intervention_delay": 0.0,
  "operator_workload": 0.8133333333333334,
  "mean_drift": 14.855895394885668,
  "p95_drift": 28.201552141612204,
  "mean_latency_ms": 0.6060325028374791,
  "risk_mean": 0.8709705320533375,
  "risk_p05": 0.2624284721002184,
  "risk_p25": 1.0,
  "risk_p50": 1.0,
  "risk_p75": 1.0,
  "risk_p95": 1.0,
  "separation_risk_mean": 0.4261173778068246,
  "congestion_risk_mean": 0.22977671344261566,
  "speed_risk_mean": 0.9388226261121319,
  "uncertainty_risk_mean": 0.6391543954025022,
  "human_activation_count": 122,
  "cooldown_skips": 26,
  "suppressed_request_count": 26,
  "suppressed_critical_count": 0,
  "cooldown_release_count": 117,
  "critical_override_count": 117,
  "critical_trigger_rate": 0.78,
  "trigger_active_rate": 0.96,
  "confidence_mean": 0.9000000000000004,
  "false_intervention_rate": 0.09016393442622951,
  "repeated_intervention_rate": 0.9426229508196722,
  "post_intervention_violation_rate": 0.08333333333333333,
  "mean_drift_after_intervention": 17.419938129780252,
  "min_predicted_distance_mean": 1.8381941002773987
}