{
  "violation_rate": 0.07333333333333333,
  "collision_rate": 0.0,
  "near_miss_rate": 0.02666666666666667,
  "intervention_rate": 0.78,
  "override_success_rate": 0.905982905982906,
  "mean_intervention_delay": 0.0,
  "operator_workload": 0.78,
  "mean_drift": 11.731184837725486,
  "p95_drift": 30.766744412548828,
  "mean_latency_ms": 0.5322516794937352,
  "risk_mean": 0.8401123211560027,
  "risk_p05": 0.21599999999992195,
  "risk_p25": 1.0,
  "risk_p50": 1.0,
  "risk_p75": 1.0,
  "risk_p95": 1.0,
  "separation_risk_mean": 0.046229809190205286,
  "congestion_risk_mean": 0.034445928587720255,
  "speed_risk_mean": 0.8356670336105505,
  "uncertainty_risk_mean": 0.64,
  "human_activation_count": 117,
  "cooldown_skips": 15,
  "suppressed_request_count": 15,
  "suppressed_critical_count": 0,
  "cooldown_release_count": 115,
  "critical_override_count": 115,
  "critical_trigger_rate": 0.7666666666666667,
  "trigger_active_rate": 0.8533333333333334,
  "confidence_mean": 0.9500000000000002,
  "false_intervention_rate": 0.05982905982905983,
  "repeated_intervention_rate": 0.9658119658119658,
  "post_intervention_violation_rate": 0.09016393442622951,
  "mean_drift_after_intervention": 13.569458414253981,
  "min_predicted_distance_mean": 6.005202376186053
}