{
  "violation_rate": 0.006666666666666667,
  "collision_rate": 0.0,
  "near_miss_rate": 0.04,
  "intervention_rate": 1.0,
  "override_success_rate": 0.9933333333333333,
  "mean_intervention_delay": 0.0,
  "operator_workload": 1.0,
  "mean_drift": 15.024726095894431,
  "p95_drift": 32.71076500041171,
  "mean_latency_ms": 0.27514779387274757,
  "risk_mean": 0.26331857962582683,
  "risk_p95": 0.33956664917089113,
  "separation_risk_mean": 0.027560604242755648,
  "congestion_risk_mean": 0.03107286626534999,
  "speed_risk_mean": 0.9809872743349949,
  "uncertainty_risk_mean": 0.64,
  "human_activation_count": 150,
  "cooldown_skips": 0,
  "trigger_active_rate": 1.0,
  "confidence_mean": 0.9500000000000002,
  "false_intervention_rate": 0.26666666666666666
}