{
  "violation_rate": 0.0,
  "collision_rate": 0.0,
  "near_miss_rate": 0.7466666666666667,
  "intervention_rate": 0.05333333333333334,
  "override_success_rate": 1.0,
  "mean_intervention_delay": 0.0,
  "operator_workload": 0.05333333333333334,
  "mean_drift": 11.981985762985243,
  "p95_drift": 27.966007380566715,
  "mean_latency_ms": 0.6493785269170379,
  "risk_mean": 0.5531991974710246,
  "risk_p95": 0.7364082415276281,
  "separation_risk_mean": 0.5382414951067218,
  "congestion_risk_mean": 0.3280999240305483,
  "speed_risk_mean": 0.8955091072400259,
  "uncertainty_risk_mean": 0.6309278505290598,
  "human_activation_count": 8,
  "cooldown_skips": 142,
  "trigger_active_rate": 1.0,
  "confidence_mean": 0.9500000000000002,
  "false_intervention_rate": 0.25
}