{
  "violation_rate": 0.09333333333333334,
  "collision_rate": 0.0,
  "near_miss_rate": 0.02666666666666667,
  "intervention_rate": 0.7866666666666666,
  "override_success_rate": 0.8813559322033898,
  "mean_intervention_delay": 0.0,
  "operator_workload": 0.7866666666666666,
  "mean_drift": 13.446676439433348,
  "p95_drift": 30.16894486848335,
  "mean_latency_ms": 0.4637963759402434,
  "risk_mean": 0.796956740931466,
  "risk_p05": 0.22063652940683795,
  "risk_p25": 0.46649026135331617,
  "risk_p50": 1.0,
  "risk_p75": 1.0,
  "risk_p95": 1.0,
  "separation_risk_mean": 0.028281444245981398,
  "congestion_risk_mean": 0.023518274566095634,
  "speed_risk_mean": 0.9633145936391714,
  "uncertainty_risk_mean": 0.64,
  "human_activation_count": 118,
  "cooldown_skips": 0,
  "suppressed_request_count": 0,
  "suppressed_critical_count": 0,
  "cooldown_release_count": 107,
  "critical_override_count": 107,
  "critical_trigger_rate": 0.7133333333333334,
  "trigger_active_rate": 0.7866666666666666,
  "confidence_mean": 0.9500000000000002,
  "false_intervention_rate": 0.1016949152542373,
  "repeated_intervention_rate": 0.9830508474576272,
  "post_intervention_violation_rate": 0.11764705882352941,
  "mean_drift_after_intervention": 15.465798416457416,
  "min_predicted_distance_mean": 14.720744680647137
}