{
  "violation_rate": 0.04,
  "collision_rate": 0.006666666666666667,
  "near_miss_rate": 0.06,
  "intervention_rate": 0.76,
  "override_success_rate": 0.9473684210526315,
  "mean_intervention_delay": 0.0,
  "operator_workload": 0.76,
  "mean_drift": 10.107356502723711,
  "p95_drift": 25.27829856855693,
  "mean_latency_ms": 0.3653947574396928,
  "risk_mean": 0.8437152543773273,
  "risk_p05": 0.22126279541829388,
  "risk_p25": 1.0,
  "risk_p50": 1.0,
  "risk_p75": 1.0,
  "risk_p95": 1.0,
  "separation_risk_mean": 0.08265632821727378,
  "congestion_risk_mean": 0.045600117271287106,
  "speed_risk_mean": 0.9073166628045696,
  "uncertainty_risk_mean": 0.6370872938925903,
  "human_activation_count": 114,
  "cooldown_skips": 36,
  "suppressed_request_count": 36,
  "suppressed_critical_count": 0,
  "cooldown_release_count": 113,
  "critical_override_count": 113,
  "critical_trigger_rate": 0.7533333333333333,
  "trigger_active_rate": 0.8733333333333333,
  "confidence_mean": 0.9500000000000002,
  "false_intervention_rate": 0.02631578947368421,
  "repeated_intervention_rate": 0.9736842105263158,
  "post_intervention_violation_rate": 0.05128205128205128,
  "mean_drift_after_intervention": 11.98399485856818,
  "min_predicted_distance_mean": 9.54819641810888
}