{
  "violation_rate": 0.08666666666666667,
  "collision_rate": 0.0,
  "near_miss_rate": 0.006666666666666667,
  "intervention_rate": 1.0,
  "override_success_rate": 0.9133333333333333,
  "mean_intervention_delay": 0.0,
  "operator_workload": 1.0,
  "mean_drift": 10.263850922361272,
  "p95_drift": 27.87168720997449,
  "mean_latency_ms": 0.4505375314814349,
  "risk_mean": 0.83561779853815,
  "risk_p05": 0.2459999999998874,
  "risk_p25": 0.610437081606157,
  "risk_p50": 1.0,
  "risk_p75": 1.0,
  "risk_p95": 1.0,
  "separation_risk_mean": 0.05105174638448566,
  "congestion_risk_mean": 0.03473805066066396,
  "speed_risk_mean": 0.9083838496451029,
  "uncertainty_risk_mean": 0.64,
  "human_activation_count": 150,
  "cooldown_skips": 0,
  "suppressed_request_count": 0,
  "suppressed_critical_count": 0,
  "cooldown_release_count": 111,
  "critical_override_count": 111,
  "critical_trigger_rate": 0.74,
  "trigger_active_rate": 1.0,
  "confidence_mean": 0.9500000000000002,
  "false_intervention_rate": 0.2733333333333333,
  "repeated_intervention_rate": 0.9933333333333333,
  "post_intervention_violation_rate": 0.087248322147651,
  "mean_drift_after_intervention": 10.263850922361272,
  "min_predicted_distance_mean": 6.041630064146494
}