{
  "violation_rate": 0.11333333333333333,
  "collision_rate": 0.006666666666666667,
  "near_miss_rate": 0.04,
  "intervention_rate": 0.8,
  "override_success_rate": 0.8583333333333333,
  "mean_intervention_delay": 0.0,
  "operator_workload": 0.8,
  "mean_drift": 6.816919093290762,
  "p95_drift": 20.51196511819263,
  "mean_latency_ms": 0.5732671854396661,
  "risk_mean": 0.8626528678428304,
  "risk_p05": 0.31113507209958374,
  "risk_p25": 1.0,
  "risk_p50": 1.0,
  "risk_p75": 1.0,
  "risk_p95": 1.0,
  "separation_risk_mean": 0.17199465159882227,
  "congestion_risk_mean": 0.07934576785795049,
  "speed_risk_mean": 0.7549069796619131,
  "uncertainty_risk_mean": 0.62608761137121,
  "human_activation_count": 120,
  "cooldown_skips": 30,
  "suppressed_request_count": 30,
  "suppressed_critical_count": 0,
  "cooldown_release_count": 117,
  "critical_override_count": 116,
  "critical_trigger_rate": 0.7733333333333333,
  "trigger_active_rate": 0.9866666666666667,
  "confidence_mean": 0.9500000000000002,
  "false_intervention_rate": 0.14166666666666666,
  "repeated_intervention_rate": 0.9083333333333333,
  "post_intervention_violation_rate": 0.11940298507462686,
  "mean_drift_after_intervention": 8.05370794778162,
  "min_predicted_distance_mean": 3.0388308399048984
}