{
  "violation_rate": 0.10666666666666667,
  "collision_rate": 0.0,
  "near_miss_rate": 0.07333333333333333,
  "intervention_rate": 0.7,
  "override_success_rate": 0.8476190476190476,
  "mean_intervention_delay": 0.0,
  "operator_workload": 0.7,
  "mean_drift": 7.089281783390094,
  "p95_drift": 17.287016365241694,
  "mean_latency_ms": 0.4260946810245514,
  "risk_mean": 0.7932564783174226,
  "risk_p05": 0.21599999999987288,
  "risk_p25": 0.5613037183971097,
  "risk_p50": 1.0,
  "risk_p75": 1.0,
  "risk_p95": 1.0,
  "separation_risk_mean": 0.07162340266339619,
  "congestion_risk_mean": 0.05045026568074945,
  "speed_risk_mean": 0.8922278443326159,
  "uncertainty_risk_mean": 0.633309291111472,
  "human_activation_count": 105,
  "cooldown_skips": 30,
  "suppressed_request_count": 30,
  "suppressed_critical_count": 0,
  "cooldown_release_count": 102,
  "critical_override_count": 102,
  "critical_trigger_rate": 0.68,
  "trigger_active_rate": 0.8533333333333334,
  "confidence_mean": 0.9500000000000002,
  "false_intervention_rate": 0.0380952380952381,
  "repeated_intervention_rate": 0.9619047619047619,
  "post_intervention_violation_rate": 0.14545454545454545,
  "mean_drift_after_intervention": 8.989299471811528,
  "min_predicted_distance_mean": 7.172818029662614
}