{
  "violation_rate": 0.02,
  "collision_rate": 0.0,
  "near_miss_rate": 0.6333333333333333,
  "intervention_rate": 0.16666666666666666,
  "override_success_rate": 0.92,
  "mean_intervention_delay": 1.0,
  "operator_workload": 0.16666666666666666,
  "mean_drift": 6.614926790848261,
  "p95_drift": 20.852738001285225,
  "mean_latency_ms": 0.3649707799195312,
  "risk_mean": 0.5341017704947587,
  "risk_p95": 0.6726818171168318,
  "separation_risk_mean": 0.5221317760420067,
  "congestion_risk_mean": 0.2989598716934814,
  "speed_risk_mean": 0.8623619111918139,
  "uncertainty_risk_mean": 0.6336547778247547,
  "human_activation_count": 25,
  "cooldown_skips": 125,
  "trigger_active_rate": 1.0,
  "confidence_mean": 0.9212990359040137,
  "false_intervention_rate": 0.24
}