{
  "violation_rate": 0.04666666666666667,
  "collision_rate": 0.0,
  "near_miss_rate": 0.06,
  "intervention_rate": 0.6733333333333333,
  "override_success_rate": 0.9306930693069307,
  "mean_intervention_delay": 0.0,
  "operator_workload": 0.6733333333333333,
  "mean_drift": 6.693782084594572,
  "p95_drift": 16.80371804339382,
  "mean_latency_ms": 0.38964857657750446,
  "risk_mean": 0.7569353321541988,
  "risk_p05": 0.1839999999998817,
  "risk_p25": 0.4188045300492852,
  "risk_p50": 1.0,
  "risk_p75": 1.0,
  "risk_p95": 1.0,
  "separation_risk_mean": 0.062285794226575014,
  "congestion_risk_mean": 0.04573296151193967,
  "speed_risk_mean": 0.8851946401286572,
  "uncertainty_risk_mean": 0.6334924921537425,
  "human_activation_count": 101,
  "cooldown_skips": 20,
  "suppressed_request_count": 20,
  "suppressed_critical_count": 0,
  "cooldown_release_count": 97,
  "critical_override_count": 97,
  "critical_trigger_rate": 0.6466666666666666,
  "trigger_active_rate": 0.7733333333333333,
  "confidence_mean": 0.9500000000000002,
  "false_intervention_rate": 0.04950495049504951,
  "repeated_intervention_rate": 0.9504950495049505,
  "post_intervention_violation_rate": 0.06481481481481481,
  "mean_drift_after_intervention": 8.545191144752467,
  "min_predicted_distance_mean": 9.286395762488006
}