{
  "violation_rate": 0.06666666666666667,
  "collision_rate": 0.0,
  "near_miss_rate": 0.0,
  "intervention_rate": 0.8,
  "override_success_rate": 0.9166666666666666,
  "mean_intervention_delay": 0.0,
  "operator_workload": 0.8,
  "mean_drift": 15.198188187374006,
  "p95_drift": 34.53912614043796,
  "mean_latency_ms": 0.4346488641264538,
  "risk_mean": 0.8299171204385558,
  "risk_p05": 0.26999999999992635,
  "risk_p25": 1.0,
  "risk_p50": 1.0,
  "risk_p75": 1.0,
  "risk_p95": 1.0,
  "separation_risk_mean": 0.0018908633514924849,
  "congestion_risk_mean": 0.005287653180258432,
  "speed_risk_mean": 0.9132231214970382,
  "uncertainty_risk_mean": 0.9996287909022689,
  "human_activation_count": 120,
  "cooldown_skips": 30,
  "suppressed_request_count": 30,
  "suppressed_critical_count": 0,
  "cooldown_release_count": 114,
  "critical_override_count": 114,
  "critical_trigger_rate": 0.76,
  "trigger_active_rate": 1.0,
  "confidence_mean": 0.9500000000000002,
  "false_intervention_rate": 0.06666666666666667,
  "repeated_intervention_rate": 0.9416666666666667,
  "post_intervention_violation_rate": 0.07633587786259542,
  "mean_drift_after_intervention": 16.992382198197188,
  "min_predicted_distance_mean": 12.030249682068904
}