{
  "violation_rate": 0.02666666666666667,
  "collision_rate": 0.0,
  "near_miss_rate": 0.5,
  "intervention_rate": 0.86,
  "override_success_rate": 0.9689922480620154,
  "mean_intervention_delay": 0.0,
  "operator_workload": 0.86,
  "mean_drift": 7.614762923907862,
  "p95_drift": 22.05256602789089,
  "mean_latency_ms": 0.5664346848304073,
  "risk_mean": 0.9214087201336596,
  "risk_p05": 0.4478530188446118,
  "risk_p25": 1.0,
  "risk_p50": 1.0,
  "risk_p75": 1.0,
  "risk_p95": 1.0,
  "separation_risk_mean": 0.3889233417830497,
  "congestion_risk_mean": 0.23690028102430422,
  "speed_risk_mean": 0.8356782069013042,
  "uncertainty_risk_mean": 0.6290518403920841,
  "human_activation_count": 129,
  "cooldown_skips": 19,
  "suppressed_request_count": 19,
  "suppressed_critical_count": 0,
  "cooldown_release_count": 128,
  "critical_override_count": 128,
  "critical_trigger_rate": 0.8533333333333334,
  "trigger_active_rate": 0.96,
  "confidence_mean": 0.9500000000000002,
  "false_intervention_rate": 0.08527131782945736,
  "repeated_intervention_rate": 0.9302325581395349,
  "post_intervention_violation_rate": 0.02857142857142857,
  "mean_drift_after_intervention": 8.435555419154872,
  "min_predicted_distance_mean": 2.8727062705004287
}