{
  "violation_rate": 0.7,
  "collision_rate": 0.0,
  "near_miss_rate": 0.04666666666666667,
  "intervention_rate": 0.8133333333333334,
  "override_success_rate": 0.13934426229508196,
  "mean_intervention_delay": 5.0,
  "operator_workload": 0.8133333333333334,
  "mean_drift": 16.87686175366514,
  "p95_drift": 35.89996461914258,
  "mean_latency_ms": 2.0641925116069615,
  "risk_mean": 0.8709705320533375,
  "risk_p05": 0.2624284721002184,
  "risk_p25": 1.0,
  "risk_p50": 1.0,
  "risk_p75": 1.0,
  "risk_p95": 1.0,
  "separation_risk_mean": 0.12668460153727856,
  "congestion_risk_mean": 0.07550871365195733,
  "speed_risk_mean": 0.9394095990732084,
  "uncertainty_risk_mean": 0.6391543954025022,
  "human_activation_count": 122,
  "cooldown_skips": 26,
  "suppressed_request_count": 26,
  "suppressed_critical_count": 0,
  "cooldown_release_count": 117,
  "critical_override_count": 117,
  "critical_trigger_rate": 0.78,
  "trigger_active_rate": 0.96,
  "confidence_mean": 0.46158151487846777,
  "false_intervention_rate": 0.09016393442622951,
  "repeated_intervention_rate": 0.9426229508196722,
  "post_intervention_violation_rate": 0.7954545454545454,
  "mean_drift_after_intervention": 19.90473283319763,
  "min_predicted_distance_mean": 3.1848237487265814
}