{
  "violation_rate": 0.06,
  "collision_rate": 0.0,
  "near_miss_rate": 1.0866666666666667,
  "intervention_rate": 0.7466666666666667,
  "override_success_rate": 0.9196428571428571,
  "mean_intervention_delay": 0.0,
  "operator_workload": 0.7466666666666667,
  "mean_drift": 6.605956425201703,
  "p95_drift": 35.871933361762025,
  "mean_latency_ms": 0.47394031658768654,
  "risk_mean": 0.8696854955302753,
  "risk_p05": 0.44357040419008775,
  "risk_p25": 0.6823481129176818,
  "risk_p50": 1.0,
  "risk_p75": 1.0,
  "risk_p95": 1.0,
  "separation_risk_mean": 0.6906128756612863,
  "congestion_risk_mean": 0.43982397805628126,
  "speed_risk_mean": 0.6529463438423959,
  "uncertainty_risk_mean": 0.6348081429327146,
  "human_activation_count": 112,
  "cooldown_skips": 38,
  "suppressed_request_count": 38,
  "suppressed_critical_count": 0,
  "cooldown_release_count": 105,
  "critical_override_count": 105,
  "critical_trigger_rate": 0.7,
  "trigger_active_rate": 1.0,
  "confidence_mean": 0.9500000000000002,
  "false_intervention_rate": 0.05357142857142857,
  "repeated_intervention_rate": 0.9017857142857143,
  "post_intervention_violation_rate": 0.06976744186046512,
  "mean_drift_after_intervention": 7.6864747357774315,
  "min_predicted_distance_mean": 0.8825314081876006
}