{
  "violation_rate": 0.06,
  "collision_rate": 0.0,
  "near_miss_rate": 0.78,
  "intervention_rate": 0.7866666666666666,
  "override_success_rate": 0.923728813559322,
  "mean_intervention_delay": 0.0,
  "operator_workload": 0.7866666666666666,
  "mean_drift": 12.59567357701489,
  "p95_drift": 25.03987458972176,
  "mean_latency_ms": 1.0428288920472066,
  "risk_mean": 0.8772228982510125,
  "risk_p05": 0.46580894519395455,
  "risk_p25": 0.8061722339032463,
  "risk_p50": 1.0,
  "risk_p75": 1.0,
  "risk_p95": 1.0,
  "separation_risk_mean": 0.47230525062449297,
  "congestion_risk_mean": 0.33522550711628357,
  "speed_risk_mean": 0.9604594317350177,
  "uncertainty_risk_mean": 0.9973706018664745,
  "human_activation_count": 118,
  "cooldown_skips": 32,
  "suppressed_request_count": 32,
  "suppressed_critical_count": 0,
  "cooldown_release_count": 112,
  "critical_override_count": 112,
  "critical_trigger_rate": 0.7466666666666667,
  "trigger_active_rate": 1.0,
  "confidence_mean": 0.9500000000000002,
  "false_intervention_rate": 0.09322033898305085,
  "repeated_intervention_rate": 0.923728813559322,
  "post_intervention_violation_rate": 0.06870229007633588,
  "mean_drift_after_intervention": 14.451278542496356,
  "min_predicted_distance_mean": 1.7753141666168653
}