{
  "violation_rate": 0.5533333333333333,
  "collision_rate": 0.0,
  "near_miss_rate": 0.04666666666666667,
  "intervention_rate": 0.76,
  "override_success_rate": 0.2719298245614035,
  "mean_intervention_delay": 0.0,
  "operator_workload": 0.76,
  "mean_drift": 16.144730889638584,
  "p95_drift": 36.76151614664216,
  "mean_latency_ms": 1.429187497124076,
  "risk_mean": 0.7987184948310354,
  "risk_p05": 0.24599999999990316,
  "risk_p25": 0.4841855960795768,
  "risk_p50": 1.0,
  "risk_p75": 1.0,
  "risk_p95": 1.0,
  "separation_risk_mean": 0.030476065972910627,
  "congestion_risk_mean": 0.03300832727210092,
  "speed_risk_mean": 0.9876713101505421,
  "uncertainty_risk_mean": 0.6384988009061447,
  "human_activation_count": 114,
  "cooldown_skips": 36,
  "suppressed_request_count": 36,
  "suppressed_critical_count": 0,
  "cooldown_release_count": 106,
  "critical_override_count": 106,
  "critical_trigger_rate": 0.7066666666666667,
  "trigger_active_rate": 1.0,
  "confidence_mean": 0.5,
  "false_intervention_rate": 0.07894736842105263,
  "repeated_intervention_rate": 0.9210526315789473,
  "post_intervention_violation_rate": 0.640625,
  "mean_drift_after_intervention": 19.158332765995265,
  "min_predicted_distance_mean": 13.804141578710105
}