{
  "violation_rate": 0.35333333333333333,
  "collision_rate": 0.0,
  "near_miss_rate": 0.25333333333333335,
  "intervention_rate": 0.88,
  "override_success_rate": 0.5984848484848485,
  "mean_intervention_delay": 0.0,
  "operator_workload": 0.88,
  "mean_drift": 9.796406151159957,
  "p95_drift": 20.678870585907728,
  "mean_latency_ms": 0.957654407247901,
  "risk_mean": 0.9076605125323249,
  "risk_p05": 0.24599999999991523,
  "risk_p25": 1.0,
  "risk_p50": 1.0,
  "risk_p75": 1.0,
  "risk_p95": 1.0,
  "separation_risk_mean": 0.315019386934122,
  "congestion_risk_mean": 0.19111251819264372,
  "speed_risk_mean": 0.9307405748443508,
  "uncertainty_risk_mean": 0.6322011459873624,
  "human_activation_count": 132,
  "cooldown_skips": 18,
  "suppressed_request_count": 18,
  "suppressed_critical_count": 0,
  "cooldown_release_count": 129,
  "critical_override_count": 129,
  "critical_trigger_rate": 0.86,
  "trigger_active_rate": 1.0,
  "confidence_mean": 0.75,
  "false_intervention_rate": 0.06060606060606061,
  "repeated_intervention_rate": 0.9545454545454546,
  "post_intervention_violation_rate": 0.37857142857142856,
  "mean_drift_after_intervention": 10.270943961166859,
  "min_predicted_distance_mean": 2.2061446612533206
}