{
  "violation_rate": 0.0,
  "collision_rate": 0.0,
  "near_miss_rate": 0.5266666666666666,
  "intervention_rate": 0.16666666666666666,
  "override_success_rate": 1.0,
  "mean_intervention_delay": 0.0,
  "operator_workload": 0.16666666666666666,
  "mean_drift": 12.59830914383557,
  "p95_drift": 28.294731313978254,
  "mean_latency_ms": 0.4465850199145886,
  "risk_mean": 0.4684890363993145,
  "risk_p95": 0.615912563037623,
  "separation_risk_mean": 0.4137034075116023,
  "congestion_risk_mean": 0.2289762085442687,
  "speed_risk_mean": 0.8605230058868423,
  "uncertainty_risk_mean": 0.64,
  "human_activation_count": 25,
  "cooldown_skips": 125,
  "trigger_active_rate": 1.0,
  "confidence_mean": 0.9500000000000002,
  "false_intervention_rate": 0.2
}