{
  "violation_rate": 0.006666666666666667,
  "collision_rate": 0.0,
  "near_miss_rate": 0.03333333333333333,
  "intervention_rate": 0.16666666666666666,
  "override_success_rate": 1.0,
  "mean_intervention_delay": 0.0,
  "operator_workload": 0.16666666666666666,
  "mean_drift": 14.296461524339264,
  "p95_drift": 27.988800627077904,
  "mean_latency_ms": 0.4082744473513837,
  "risk_mean": 0.26872411255391443,
  "risk_p95": 0.43413797499288775,
  "separation_risk_mean": 0.04063389819038342,
  "congestion_risk_mean": 0.024671039268749403,
  "speed_risk_mean": 0.9884739903403635,
  "uncertainty_risk_mean": 0.64,
  "human_activation_count": 25,
  "cooldown_skips": 125,
  "trigger_active_rate": 1.0,
  "confidence_mean": 0.9500000000000002,
  "false_intervention_rate": 0.24
}