{
  "violation_rate": 0.0,
  "collision_rate": 0.0,
  "near_miss_rate": 0.013333333333333334,
  "intervention_rate": 0.05333333333333334,
  "override_success_rate": 1.0,
  "mean_intervention_delay": 0.0,
  "operator_workload": 0.05333333333333334,
  "mean_drift": 9.6808424095995,
  "p95_drift": 20.527757921721165,
  "mean_latency_ms": 0.34161970698429894,
  "risk_mean": 0.24198979698051679,
  "risk_p95": 0.29878969676716527,
  "separation_risk_mean": 0.023253040084859004,
  "congestion_risk_mean": 0.017004571912409824,
  "speed_risk_mean": 0.8751652397615188,
  "uncertainty_risk_mean": 0.64,
  "human_activation_count": 8,
  "cooldown_skips": 142,
  "trigger_active_rate": 1.0,
  "confidence_mean": 0.9500000000000002,
  "false_intervention_rate": 0.25
}