{
  "violation_rate": 0.05333333333333334,
  "collision_rate": 0.0,
  "near_miss_rate": 0.02,
  "intervention_rate": 0.7733333333333333,
  "override_success_rate": 0.9310344827586207,
  "mean_intervention_delay": 0.0,
  "operator_workload": 0.7733333333333333,
  "mean_drift": 22.613927801064808,
  "p95_drift": 63.98928877708942,
  "mean_latency_ms": 0.5248522285061578,
  "risk_mean": 0.8251723765083655,
  "risk_p05": 0.24599999999993274,
  "risk_p25": 1.0,
  "risk_p50": 1.0,
  "risk_p75": 1.0,
  "risk_p95": 1.0,
  "separation_risk_mean": 0.09083609885952183,
  "congestion_risk_mean": 0.05785011709922472,
  "speed_risk_mean": 0.9979192068990111,
  "uncertainty_risk_mean": 0.6385798749626165,
  "human_activation_count": 116,
  "cooldown_skips": 34,
  "suppressed_request_count": 34,
  "suppressed_critical_count": 0,
  "cooldown_release_count": 113,
  "critical_override_count": 113,
  "critical_trigger_rate": 0.7533333333333333,
  "trigger_active_rate": 1.0,
  "confidence_mean": 0.9500000000000002,
  "false_intervention_rate": 0.06896551724137931,
  "repeated_intervention_rate": 0.9568965517241379,
  "post_intervention_violation_rate": 0.06504065040650407,
  "mean_drift_after_intervention": 26.37523784180376,
  "min_predicted_distance_mean": 3.7569706083577157
}