{
  "violation_rate": 0.5266666666666666,
  "collision_rate": 0.05333333333333334,
  "near_miss_rate": 0.82,
  "intervention_rate": 0.7733333333333333,
  "override_success_rate": 0.31896551724137934,
  "mean_intervention_delay": 0.0,
  "operator_workload": 0.7733333333333333,
  "mean_drift": 6.81557791452917,
  "p95_drift": 37.31017525367155,
  "mean_latency_ms": 1.1202569181720416,
  "risk_mean": 0.8729627571993582,
  "risk_p05": 0.417974585844481,
  "risk_p25": 0.6933934275541415,
  "risk_p50": 1.0,
  "risk_p75": 1.0,
  "risk_p95": 1.0,
  "separation_risk_mean": 0.6844997869103668,
  "congestion_risk_mean": 0.43879492539324577,
  "speed_risk_mean": 0.6603054539020193,
  "uncertainty_risk_mean": 0.6348081429327146,
  "human_activation_count": 116,
  "cooldown_skips": 34,
  "suppressed_request_count": 34,
  "suppressed_critical_count": 0,
  "cooldown_release_count": 110,
  "critical_override_count": 109,
  "critical_trigger_rate": 0.7266666666666667,
  "trigger_active_rate": 1.0,
  "confidence_mean": 0.5,
  "false_intervention_rate": 0.07758620689655173,
  "repeated_intervention_rate": 0.9137931034482759,
  "post_intervention_violation_rate": 0.5954198473282443,
  "mean_drift_after_intervention": 7.864967431364561,
  "min_predicted_distance_mean": 0.8505275081745233
}