{
  "violation_rate": 0.05333333333333334,
  "collision_rate": 0.0,
  "near_miss_rate": 0.013333333333333334,
  "intervention_rate": 0.7866666666666666,
  "override_success_rate": 0.9322033898305084,
  "mean_intervention_delay": 0.0,
  "operator_workload": 0.7866666666666666,
  "mean_drift": 22.090910435551326,
  "p95_drift": 53.90788660630755,
  "mean_latency_ms": 0.5121020150060455,
  "risk_mean": 0.8114817709635859,
  "risk_p05": 0.21599999999993508,
  "risk_p25": 0.697091379783393,
  "risk_p50": 1.0,
  "risk_p75": 1.0,
  "risk_p95": 1.0,
  "separation_risk_mean": 0.017340390429291936,
  "congestion_risk_mean": 0.013133430210970198,
  "speed_risk_mean": 0.9593894819175803,
  "uncertainty_risk_mean": 0.64,
  "human_activation_count": 118,
  "cooldown_skips": 32,
  "suppressed_request_count": 32,
  "suppressed_critical_count": 0,
  "cooldown_release_count": 112,
  "critical_override_count": 112,
  "critical_trigger_rate": 0.7466666666666667,
  "trigger_active_rate": 1.0,
  "confidence_mean": 0.9500000000000002,
  "false_intervention_rate": 0.0847457627118644,
  "repeated_intervention_rate": 0.9322033898305084,
  "post_intervention_violation_rate": 0.061068702290076333,
  "mean_drift_after_intervention": 25.945570434345317,
  "min_predicted_distance_mean": 12.38031704343514
}