{
  "violation_rate": 0.08,
  "collision_rate": 0.0,
  "near_miss_rate": 0.36,
  "intervention_rate": 0.8,
  "override_success_rate": 0.9,
  "mean_intervention_delay": 0.0,
  "operator_workload": 0.8,
  "mean_drift": 12.385939664315305,
  "p95_drift": 28.878574194065486,
  "mean_latency_ms": 0.6230269884690642,
  "risk_mean": 0.8385874795041411,
  "risk_p05": 0.24599999999988595,
  "risk_p25": 1.0,
  "risk_p50": 1.0,
  "risk_p75": 1.0,
  "risk_p95": 1.0,
  "separation_risk_mean": 0.20768705695020054,
  "congestion_risk_mean": 0.18140457191787124,
  "speed_risk_mean": 0.9767984533152719,
  "uncertainty_risk_mean": 0.6379323874773102,
  "human_activation_count": 120,
  "cooldown_skips": 30,
  "suppressed_request_count": 30,
  "suppressed_critical_count": 0,
  "cooldown_release_count": 117,
  "critical_override_count": 117,
  "critical_trigger_rate": 0.78,
  "trigger_active_rate": 1.0,
  "confidence_mean": 0.9500000000000002,
  "false_intervention_rate": 0.06666666666666667,
  "repeated_intervention_rate": 0.9666666666666667,
  "post_intervention_violation_rate": 0.096,
  "mean_drift_after_intervention": 13.84894099698356,
  "min_predicted_distance_mean": 4.990150098026484
}