{
  "violation_rate": 0.02,
  "collision_rate": 0.0,
  "near_miss_rate": 0.02,
  "intervention_rate": 0.7733333333333333,
  "override_success_rate": 0.9741379310344828,
  "mean_intervention_delay": 0.0,
  "operator_workload": 0.7733333333333333,
  "mean_drift": 8.919452073440373,
  "p95_drift": 27.8963415598741,
  "mean_latency_ms": 0.460417492625614,
  "risk_mean": 0.851758809945132,
  "risk_p05": 0.3891882163068311,
  "risk_p25": 0.5771364690875154,
  "risk_p50": 1.0,
  "risk_p75": 1.0,
  "risk_p95": 1.0,
  "separation_risk_mean": 0.06603369634589312,
  "congestion_risk_mean": 0.028160851014318287,
  "speed_risk_mean": 0.9187904865688488,
  "uncertainty_risk_mean": 0.6379463370092036,
  "human_activation_count": 116,
  "cooldown_skips": 34,
  "suppressed_request_count": 34,
  "suppressed_critical_count": 0,
  "cooldown_release_count": 111,
  "critical_override_count": 111,
  "critical_trigger_rate": 0.74,
  "trigger_active_rate": 1.0,
  "confidence_mean": 0.9500000000000002,
  "false_intervention_rate": 0.10344827586206896,
  "repeated_intervention_rate": 0.9224137931034483,
  "post_intervention_violation_rate": 0.023076923076923078,
  "mean_drift_after_intervention": 10.524684875151644,
  "min_predicted_distance_mean": 4.179271803220998
}