{
  "violation_rate": 0.07333333333333333,
  "collision_rate": 0.006666666666666667,
  "near_miss_rate": 0.6866666666666666,
  "intervention_rate": 0.74,
  "override_success_rate": 0.9009009009009009,
  "mean_intervention_delay": 0.0,
  "operator_workload": 0.74,
  "mean_drift": 16.068141502419557,
  "p95_drift": 48.87518016961482,
  "mean_latency_ms": 0.539277249481529,
  "risk_mean": 0.850533875387791,
  "risk_p05": 0.31453559010879406,
  "risk_p25": 0.5944968755467438,
  "risk_p50": 1.0,
  "risk_p75": 1.0,
  "risk_p95": 1.0,
  "separation_risk_mean": 0.6134694325334188,
  "congestion_risk_mean": 0.33763935904399306,
  "speed_risk_mean": 0.9596108122626439,
  "uncertainty_risk_mean": 0.6342089334894266,
  "human_activation_count": 111,
  "cooldown_skips": 39,
  "suppressed_request_count": 39,
  "suppressed_critical_count": 0,
  "cooldown_release_count": 107,
  "critical_override_count": 107,
  "critical_trigger_rate": 0.7133333333333334,
  "trigger_active_rate": 0.94,
  "confidence_mean": 0.9500000000000002,
  "false_intervention_rate": 0.04504504504504504,
  "repeated_intervention_rate": 0.954954954954955,
  "post_intervention_violation_rate": 0.0847457627118644,
  "mean_drift_after_intervention": 19.951885770552327,
  "min_predicted_distance_mean": 1.2589445202461664
}