{
  "violation_rate": 0.04,
  "collision_rate": 0.0,
  "near_miss_rate": 0.03333333333333333,
  "intervention_rate": 0.82,
  "override_success_rate": 0.9512195121951219,
  "mean_intervention_delay": 0.0,
  "operator_workload": 0.82,
  "mean_drift": 9.267771178793412,
  "p95_drift": 23.634060935001546,
  "mean_latency_ms": 0.49430300792058307,
  "risk_mean": 0.8214992194039767,
  "risk_p05": 0.21883480826879287,
  "risk_p25": 0.5959941250198033,
  "risk_p50": 1.0,
  "risk_p75": 1.0,
  "risk_p95": 1.0,
  "separation_risk_mean": 0.06628438841444476,
  "congestion_risk_mean": 0.05152415282840045,
  "speed_risk_mean": 0.8216856772149396,
  "uncertainty_risk_mean": 0.6389644975348836,
  "human_activation_count": 123,
  "cooldown_skips": 27,
  "suppressed_request_count": 27,
  "suppressed_critical_count": 0,
  "cooldown_release_count": 112,
  "critical_override_count": 110,
  "critical_trigger_rate": 0.7333333333333333,
  "trigger_active_rate": 1.0,
  "confidence_mean": 0.9500000000000002,
  "false_intervention_rate": 0.15447154471544716,
  "repeated_intervention_rate": 0.8699186991869918,
  "post_intervention_violation_rate": 0.040268456375838924,
  "mean_drift_after_intervention": 10.378981790964014,
  "min_predicted_distance_mean": 3.989249227773122
}