{
  "violation_rate": 0.5466666666666666,
  "collision_rate": 0.0,
  "near_miss_rate": 0.24,
  "intervention_rate": 0.7866666666666666,
  "override_success_rate": 0.3050847457627119,
  "mean_intervention_delay": 3.0,
  "operator_workload": 0.7866666666666666,
  "mean_drift": 10.625308050001498,
  "p95_drift": 29.438514093353763,
  "mean_latency_ms": 1.3287938619032502,
  "risk_mean": 0.9034728891578713,
  "risk_p05": 0.5872868897054613,
  "risk_p25": 0.7558749999998766,
  "risk_p50": 1.0,
  "risk_p75": 1.0,
  "risk_p95": 1.0,
  "separation_risk_mean": 0.510096691735537,
  "congestion_risk_mean": 0.28734940200861614,
  "speed_risk_mean": 0.935865198981356,
  "uncertainty_risk_mean": 0.6371550442329486,
  "human_activation_count": 118,
  "cooldown_skips": 32,
  "suppressed_request_count": 32,
  "suppressed_critical_count": 0,
  "cooldown_release_count": 112,
  "critical_override_count": 112,
  "critical_trigger_rate": 0.7466666666666667,
  "trigger_active_rate": 1.0,
  "confidence_mean": 0.6128118960409359,
  "false_intervention_rate": 0.059322033898305086,
  "repeated_intervention_rate": 0.9322033898305084,
  "post_intervention_violation_rate": 0.6259541984732825,
  "mean_drift_after_intervention": 12.111342161650168,
  "min_predicted_distance_mean": 1.5826636221999675
}