{
  "violation_rate": 0.6066666666666667,
  "collision_rate": 0.0,
  "near_miss_rate": 0.21333333333333335,
  "intervention_rate": 0.7933333333333333,
  "override_success_rate": 0.23529411764705882,
  "mean_intervention_delay": 0.0,
  "operator_workload": 0.7933333333333333,
  "mean_drift": 15.908369841027486,
  "p95_drift": 39.44257917880596,
  "mean_latency_ms": 1.6902282430479925,
  "risk_mean": 0.8724942734049699,
  "risk_p05": 0.4538799371082967,
  "risk_p25": 1.0,
  "risk_p50": 1.0,
  "risk_p75": 1.0,
  "risk_p95": 1.0,
  "separation_risk_mean": 0.34147001289817974,
  "congestion_risk_mean": 0.21950536321624103,
  "speed_risk_mean": 0.7908198657849543,
  "uncertainty_risk_mean": 0.6352058273710635,
  "human_activation_count": 119,
  "cooldown_skips": 31,
  "suppressed_request_count": 31,
  "suppressed_critical_count": 0,
  "cooldown_release_count": 113,
  "critical_override_count": 113,
  "critical_trigger_rate": 0.7533333333333333,
  "trigger_active_rate": 1.0,
  "confidence_mean": 0.5,
  "false_intervention_rate": 0.09243697478991597,
  "repeated_intervention_rate": 0.9327731092436975,
  "post_intervention_violation_rate": 0.6946564885496184,
  "mean_drift_after_intervention": 18.112408079916467,
  "min_predicted_distance_mean": 2.1156986963993534
}