{
  "violation_rate": 0.013333333333333334,
  "collision_rate": 0.0,
  "near_miss_rate": 0.05333333333333334,
  "intervention_rate": 0.3333333333333333,
  "override_success_rate": 0.98,
  "mean_intervention_delay": 0.0,
  "operator_workload": 0.3333333333333333,
  "mean_drift": 13.361330609035548,
  "p95_drift": 30.899993471045164,
  "mean_latency_ms": 0.43131058734919253,
  "risk_mean": 0.2984917687462099,
  "risk_p95": 0.46783459714001563,
  "separation_risk_mean": 0.08793931389395891,
  "congestion_risk_mean": 0.07604366595873867,
  "speed_risk_mean": 0.978771001848972,
  "uncertainty_risk_mean": 0.6206167381793198,
  "human_activation_count": 50,
  "cooldown_skips": 100,
  "trigger_active_rate": 1.0,
  "confidence_mean": 0.9500000000000002,
  "false_intervention_rate": 0.3
}