{
  "violation_rate": 0.06666666666666667,
  "collision_rate": 0.0,
  "near_miss_rate": 0.17333333333333334,
  "intervention_rate": 0.74,
  "override_success_rate": 0.9099099099099099,
  "mean_intervention_delay": 0.0,
  "operator_workload": 0.74,
  "mean_drift": 15.385595693923623,
  "p95_drift": 37.12126924288386,
  "mean_latency_ms": 0.5792458401992917,
  "risk_mean": 0.888672284953272,
  "risk_p05": 0.4932732488264475,
  "risk_p25": 0.67792037822725,
  "risk_p50": 1.0,
  "risk_p75": 1.0,
  "risk_p95": 1.0,
  "separation_risk_mean": 0.20125869953229203,
  "congestion_risk_mean": 0.12374067565141514,
  "speed_risk_mean": 0.9975035316105175,
  "uncertainty_risk_mean": 0.64,
  "human_activation_count": 111,
  "cooldown_skips": 0,
  "suppressed_request_count": 0,
  "suppressed_critical_count": 0,
  "cooldown_release_count": 111,
  "critical_override_count": 111,
  "critical_trigger_rate": 0.74,
  "trigger_active_rate": 0.74,
  "confidence_mean": 0.9500000000000002,
  "false_intervention_rate": 0.036036036036036036,
  "repeated_intervention_rate": 0.990990990990991,
  "post_intervention_violation_rate": 0.09090909090909091,
  "mean_drift_after_intervention": 18.24062537057751,
  "min_predicted_distance_mean": 5.351054106272548
}