{
  "violation_rate": 0.006666666666666667,
  "collision_rate": 0.006666666666666667,
  "near_miss_rate": 0.9133333333333333,
  "intervention_rate": 0.8466666666666667,
  "override_success_rate": 0.9921259842519685,
  "mean_intervention_delay": 0.0,
  "operator_workload": 0.8466666666666667,
  "mean_drift": 13.44869960901319,
  "p95_drift": 37.218344860087186,
  "mean_latency_ms": 0.42145442062367994,
  "risk_mean": 0.9451550784631539,
  "risk_p05": 0.6732221216988548,
  "risk_p25": 1.0,
  "risk_p50": 1.0,
  "risk_p75": 1.0,
  "risk_p95": 1.0,
  "separation_risk_mean": 0.5525364928676979,
  "congestion_risk_mean": 0.33938936696347005,
  "speed_risk_mean": 0.756811004232652,
  "uncertainty_risk_mean": 0.64,
  "human_activation_count": 127,
  "cooldown_skips": 23,
  "suppressed_request_count": 23,
  "suppressed_critical_count": 0,
  "cooldown_release_count": 124,
  "critical_override_count": 124,
  "critical_trigger_rate": 0.8266666666666667,
  "trigger_active_rate": 1.0,
  "confidence_mean": 1.0,
  "false_intervention_rate": 0.031496062992125984,
  "repeated_intervention_rate": 0.9448818897637795,
  "post_intervention_violation_rate": 0.0,
  "mean_drift_after_intervention": 14.941627501089688,
  "min_predicted_distance_mean": 1.4131665758883036
}