{
  "violation_rate": 0.5866666666666667,
  "collision_rate": 0.013333333333333334,
  "near_miss_rate": 1.4133333333333333,
  "intervention_rate": 0.8266666666666667,
  "override_success_rate": 0.2903225806451613,
  "mean_intervention_delay": 0.0,
  "operator_workload": 0.8266666666666667,
  "mean_drift": 9.800364379340436,
  "p95_drift": 21.97629713723773,
  "mean_latency_ms": 7.632893635115276,
  "risk_mean": 0.9157850166027249,
  "risk_p05": 0.5561035295332996,
  "risk_p25": 1.0,
  "risk_p50": 1.0,
  "risk_p75": 1.0,
  "risk_p95": 1.0,
  "separation_risk_mean": 0.7095336263594544,
  "congestion_risk_mean": 0.4029881629454987,
  "speed_risk_mean": 0.8466152198211486,
  "uncertainty_risk_mean": 0.6278730293107405,
  "human_activation_count": 124,
  "cooldown_skips": 26,
  "suppressed_request_count": 26,
  "suppressed_critical_count": 0,
  "cooldown_release_count": 119,
  "critical_override_count": 119,
  "critical_trigger_rate": 0.7933333333333333,
  "trigger_active_rate": 1.0,
  "confidence_mean": 0.9500000000000002,
  "false_intervention_rate": 0.03225806451612903,
  "repeated_intervention_rate": 0.9435483870967742,
  "post_intervention_violation_rate": 0.6492537313432836,
  "mean_drift_after_intervention": 10.909963937662686,
  "min_predicted_distance_mean": 0.5321790785248867
}