{
  "violation_rate": 0.0,
  "collision_rate": 0.0,
  "near_miss_rate": 0.006666666666666667,
  "intervention_rate": 0.16666666666666666,
  "override_success_rate": 1.0,
  "mean_intervention_delay": 0.0,
  "operator_workload": 0.16666666666666666,
  "mean_drift": 13.163997130113009,
  "p95_drift": 27.805110072773573,
  "mean_latency_ms": 0.3603502596767309,
  "risk_mean": 0.25006837692745637,
  "risk_p95": 0.24599999999997382,
  "separation_risk_mean": 0.007349778699119209,
  "congestion_risk_mean": 0.006693942666184043,
  "speed_risk_mean": 0.9939166056420448,
  "uncertainty_risk_mean": 0.64,
  "human_activation_count": 25,
  "cooldown_skips": 125,
  "trigger_active_rate": 1.0,
  "confidence_mean": 0.9500000000000002,
  "false_intervention_rate": 0.2
}