{
  "violation_rate": 0.07333333333333333,
  "collision_rate": 0.0,
  "near_miss_rate": 0.0,
  "intervention_rate": 0.16666666666666666,
  "override_success_rate": 0.76,
  "mean_intervention_delay": 3.0,
  "operator_workload": 0.16666666666666666,
  "mean_drift": 17.193234368751746,
  "p95_drift": 34.284220594179644,
  "mean_latency_ms": 0.7242310793177845,
  "risk_mean": 0.242306547896583,
  "risk_p95": 0.2459999999999808,
  "separation_risk_mean": 0.002160573655851895,
  "congestion_risk_mean": 0.0053131295825961326,
  "speed_risk_mean": 0.9603587902022512,
  "uncertainty_risk_mean": 0.6396812588364196,
  "human_activation_count": 25,
  "cooldown_skips": 125,
  "trigger_active_rate": 1.0,
  "confidence_mean": 0.8785618423815542,
  "false_intervention_rate": 0.28
}