{
  "violation_rate": 0.07333333333333333,
  "collision_rate": 0.0,
  "near_miss_rate": 0.03333333333333333,
  "intervention_rate": 0.76,
  "override_success_rate": 0.9035087719298246,
  "mean_intervention_delay": 0.0,
  "operator_workload": 0.76,
  "mean_drift": 14.634955951110868,
  "p95_drift": 39.166792989915514,
  "mean_latency_ms": 0.411763028241694,
  "risk_mean": 0.7882832827824888,
  "risk_p05": 0.23621095752370969,
  "risk_p25": 0.3270246139686591,
  "risk_p50": 1.0,
  "risk_p75": 1.0,
  "risk_p95": 1.0,
  "separation_risk_mean": 0.021179546211867132,
  "congestion_risk_mean": 0.026217962684927546,
  "speed_risk_mean": 0.9620761274583772,
  "uncertainty_risk_mean": 0.6337327368696979,
  "human_activation_count": 114,
  "cooldown_skips": 36,
  "suppressed_request_count": 36,
  "suppressed_critical_count": 0,
  "cooldown_release_count": 106,
  "critical_override_count": 106,
  "critical_trigger_rate": 0.7066666666666667,
  "trigger_active_rate": 1.0,
  "confidence_mean": 0.9500000000000002,
  "false_intervention_rate": 0.08771929824561403,
  "repeated_intervention_rate": 0.9210526315789473,
  "post_intervention_violation_rate": 0.0859375,
  "mean_drift_after_intervention": 17.21506675987973,
  "min_predicted_distance_mean": 9.817502639678544
}