{
  "violation_rate": 0.04666666666666667,
  "collision_rate": 0.0,
  "near_miss_rate": 0.1,
  "intervention_rate": 0.74,
  "override_success_rate": 0.9369369369369369,
  "mean_intervention_delay": 0.0,
  "operator_workload": 0.74,
  "mean_drift": 9.625725168215611,
  "p95_drift": 42.29785694585122,
  "mean_latency_ms": 0.46988584256420535,
  "risk_mean": 0.8535974315322342,
  "risk_p05": 0.3356388979853435,
  "risk_p25": 0.6279826296621203,
  "risk_p50": 1.0,
  "risk_p75": 1.0,
  "risk_p95": 1.0,
  "separation_risk_mean": 0.2632617391887632,
  "congestion_risk_mean": 0.08966684285413193,
  "speed_risk_mean": 0.9250406689845883,
  "uncertainty_risk_mean": 0.6396218806028345,
  "human_activation_count": 111,
  "cooldown_skips": 35,
  "suppressed_request_count": 35,
  "suppressed_critical_count": 0,
  "cooldown_release_count": 110,
  "critical_override_count": 110,
  "critical_trigger_rate": 0.7333333333333333,
  "trigger_active_rate": 0.9066666666666666,
  "confidence_mean": 0.9500000000000002,
  "false_intervention_rate": 0.11711711711711711,
  "repeated_intervention_rate": 0.8918918918918919,
  "post_intervention_violation_rate": 0.05511811023622047,
  "mean_drift_after_intervention": 11.419941442913503,
  "min_predicted_distance_mean": 2.3771907936882757
}