{
  "violation_rate": 0.5266666666666666,
  "collision_rate": 0.0,
  "near_miss_rate": 0.06666666666666667,
  "intervention_rate": 0.72,
  "override_success_rate": 0.26851851851851855,
  "mean_intervention_delay": 3.0,
  "operator_workload": 0.72,
  "mean_drift": 10.074204030423086,
  "p95_drift": 47.4861436631174,
  "mean_latency_ms": 1.2785839460169275,
  "risk_mean": 0.8268154951442824,
  "risk_p05": 0.35782868305740895,
  "risk_p25": 0.5688153298547669,
  "risk_p50": 1.0,
  "risk_p75": 1.0,
  "risk_p95": 1.0,
  "separation_risk_mean": 0.25621265093812395,
  "congestion_risk_mean": 0.09720207370234192,
  "speed_risk_mean": 0.935358231775881,
  "uncertainty_risk_mean": 0.6398622429629875,
  "human_activation_count": 108,
  "cooldown_skips": 42,
  "suppressed_request_count": 42,
  "suppressed_critical_count": 0,
  "cooldown_release_count": 101,
  "critical_override_count": 100,
  "critical_trigger_rate": 0.6666666666666666,
  "trigger_active_rate": 1.0,
  "confidence_mean": 0.6413871590883142,
  "false_intervention_rate": 0.10185185185185185,
  "repeated_intervention_rate": 0.8888888888888888,
  "post_intervention_violation_rate": 0.6190476190476191,
  "mean_drift_after_intervention": 12.270232587465264,
  "min_predicted_distance_mean": 2.4035179465645515
}