{
  "violation_rate": 0.02666666666666667,
  "collision_rate": 0.0,
  "near_miss_rate": 0.02666666666666667,
  "intervention_rate": 0.7466666666666667,
  "override_success_rate": 0.9642857142857143,
  "mean_intervention_delay": 0.0,
  "operator_workload": 0.7466666666666667,
  "mean_drift": 12.69906726920434,
  "p95_drift": 34.53099349364365,
  "mean_latency_ms": 0.38352196260044974,
  "risk_mean": 0.8198253741095942,
  "risk_p05": 0.245999999999858,
  "risk_p25": 0.6122406559483072,
  "risk_p50": 1.0,
  "risk_p75": 1.0,
  "risk_p95": 1.0,
  "separation_risk_mean": 0.04496822269121214,
  "congestion_risk_mean": 0.03501602576861615,
  "speed_risk_mean": 0.9796101932471394,
  "uncertainty_risk_mean": 0.6399164786837332,
  "human_activation_count": 112,
  "cooldown_skips": 15,
  "suppressed_request_count": 15,
  "suppressed_critical_count": 0,
  "cooldown_release_count": 109,
  "critical_override_count": 109,
  "critical_trigger_rate": 0.7266666666666667,
  "trigger_active_rate": 0.84,
  "confidence_mean": 0.9500000000000002,
  "false_intervention_rate": 0.044642857142857144,
  "repeated_intervention_rate": 0.9642857142857143,
  "post_intervention_violation_rate": 0.03418803418803419,
  "mean_drift_after_intervention": 15.069374531623057,
  "min_predicted_distance_mean": 4.401222779529811
}