{
  "violation_rate": 0.04,
  "collision_rate": 0.0,
  "near_miss_rate": 0.04,
  "intervention_rate": 0.8066666666666666,
  "override_success_rate": 0.9504132231404959,
  "mean_intervention_delay": 0.0,
  "operator_workload": 0.8066666666666666,
  "mean_drift": 11.728033360284293,
  "p95_drift": 30.845094033051883,
  "mean_latency_ms": 0.48518281274785596,
  "risk_mean": 0.8550274223593028,
  "risk_p05": 0.26999999999992236,
  "risk_p25": 1.0,
  "risk_p50": 1.0,
  "risk_p75": 1.0,
  "risk_p95": 1.0,
  "separation_risk_mean": 0.04237473404106192,
  "congestion_risk_mean": 0.0312887457037551,
  "speed_risk_mean": 0.8583307252228978,
  "uncertainty_risk_mean": 1.0,
  "human_activation_count": 121,
  "cooldown_skips": 29,
  "suppressed_request_count": 29,
  "suppressed_critical_count": 0,
  "cooldown_release_count": 116,
  "critical_override_count": 116,
  "critical_trigger_rate": 0.7733333333333333,
  "trigger_active_rate": 1.0,
  "confidence_mean": 0.9500000000000002,
  "false_intervention_rate": 0.09090909090909091,
  "repeated_intervention_rate": 0.9338842975206612,
  "post_intervention_violation_rate": 0.04477611940298507,
  "mean_drift_after_intervention": 13.328557396124287,
  "min_predicted_distance_mean": 5.673070494086262
}