{
  "violation_rate": 0.0,
  "collision_rate": 0.0,
  "near_miss_rate": 0.4,
  "intervention_rate": 0.02666666666666667,
  "override_success_rate": 1.0,
  "mean_intervention_delay": 0.0,
  "operator_workload": 0.02666666666666667,
  "mean_drift": 9.633514715578348,
  "p95_drift": 19.81410592272994,
  "mean_latency_ms": 0.5252716735897897,
  "risk_mean": 0.4641715319018137,
  "risk_p95": 0.6744999999999771,
  "separation_risk_mean": 0.3769090027490805,
  "congestion_risk_mean": 0.22868411863666202,
  "speed_risk_mean": 0.9506400254354161,
  "uncertainty_risk_mean": 0.6319696479349973,
  "human_activation_count": 4,
  "cooldown_skips": 20,
  "trigger_active_rate": 0.14,
  "confidence_mean": 0.9500000000000002,
  "false_intervention_rate": 0.25
}