{
  "violation_rate": 0.013333333333333334,
  "collision_rate": 0.0,
  "near_miss_rate": 0.43333333333333335,
  "intervention_rate": 0.16666666666666666,
  "override_success_rate": 0.96,
  "mean_intervention_delay": 0.0,
  "operator_workload": 0.16666666666666666,
  "mean_drift": 13.346169332324434,
  "p95_drift": 32.039278539118705,
  "mean_latency_ms": 0.420127226486026,
  "risk_mean": 0.44171905118749694,
  "risk_p95": 0.6744999999999709,
  "separation_risk_mean": 0.3289724086610733,
  "congestion_risk_mean": 0.199131098969749,
  "speed_risk_mean": 0.9859912836505114,
  "uncertainty_risk_mean": 0.64,
  "human_activation_count": 25,
  "cooldown_skips": 125,
  "trigger_active_rate": 1.0,
  "confidence_mean": 0.9500000000000002,
  "false_intervention_rate": 0.28
}