{
  "violation_rate": 0.13333333333333333,
  "collision_rate": 0.0,
  "near_miss_rate": 0.34,
  "intervention_rate": 0.16666666666666666,
  "override_success_rate": 0.56,
  "mean_intervention_delay": 3.0,
  "operator_workload": 0.16666666666666666,
  "mean_drift": 9.628136051698789,
  "p95_drift": 19.779956750362015,
  "mean_latency_ms": 0.7997483264383239,
  "risk_mean": 0.45297334218636964,
  "risk_p95": 0.6744999999999776,
  "separation_risk_mean": 0.3567191143155124,
  "congestion_risk_mean": 0.21841917305156605,
  "speed_risk_mean": 0.9535528203489769,
  "uncertainty_risk_mean": 0.6320801628610062,
  "human_activation_count": 25,
  "cooldown_skips": 125,
  "trigger_active_rate": 1.0,
  "confidence_mean": 0.8785618423815542,
  "false_intervention_rate": 0.12
}