{
  "violation_rate": 0.05333333333333334,
  "collision_rate": 0.0,
  "near_miss_rate": 0.17333333333333334,
  "intervention_rate": 0.7666666666666667,
  "override_success_rate": 0.9304347826086956,
  "mean_intervention_delay": 0.0,
  "operator_workload": 0.7666666666666667,
  "mean_drift": 7.470576229848027,
  "p95_drift": 26.161024453096495,
  "mean_latency_ms": 0.4085699957795441,
  "risk_mean": 0.8373193896137824,
  "risk_p05": 0.20592019119638377,
  "risk_p25": 0.6536707032773296,
  "risk_p50": 1.0,
  "risk_p75": 1.0,
  "risk_p95": 1.0,
  "separation_risk_mean": 0.2106581044391777,
  "congestion_risk_mean": 0.12672062152156996,
  "speed_risk_mean": 0.6720279037291194,
  "uncertainty_risk_mean": 0.6390118463796821,
  "human_activation_count": 115,
  "cooldown_skips": 27,
  "suppressed_request_count": 27,
  "suppressed_critical_count": 0,
  "cooldown_release_count": 109,
  "critical_override_count": 109,
  "critical_trigger_rate": 0.7266666666666667,
  "trigger_active_rate": 0.9133333333333333,
  "confidence_mean": 0.9500000000000002,
  "false_intervention_rate": 0.05217391304347826,
  "repeated_intervention_rate": 0.9391304347826087,
  "post_intervention_violation_rate": 0.06349206349206349,
  "mean_drift_after_intervention": 8.692367132220078,
  "min_predicted_distance_mean": 4.85986748713204
}