{
  "violation_rate": 0.12,
  "collision_rate": 0.006666666666666667,
  "near_miss_rate": 0.04,
  "intervention_rate": 1.0,
  "override_success_rate": 0.88,
  "mean_intervention_delay": 0.0,
  "operator_workload": 1.0,
  "mean_drift": 10.201470686364756,
  "p95_drift": 23.27828569565917,
  "mean_latency_ms": 0.6006261093231539,
  "risk_mean": 0.853838347741559,
  "risk_p05": 0.24599999999988623,
  "risk_p25": 1.0,
  "risk_p50": 1.0,
  "risk_p75": 1.0,
  "risk_p95": 1.0,
  "separation_risk_mean": 0.0774242659298006,
  "congestion_risk_mean": 0.0452362523379756,
  "speed_risk_mean": 0.9021095543347619,
  "uncertainty_risk_mean": 0.64,
  "human_activation_count": 150,
  "cooldown_skips": 0,
  "suppressed_request_count": 0,
  "suppressed_critical_count": 0,
  "cooldown_release_count": 115,
  "critical_override_count": 115,
  "critical_trigger_rate": 0.7666666666666667,
  "trigger_active_rate": 1.0,
  "confidence_mean": 0.9500000000000002,
  "false_intervention_rate": 0.28,
  "repeated_intervention_rate": 0.9933333333333333,
  "post_intervention_violation_rate": 0.11409395973154363,
  "mean_drift_after_intervention": 10.201470686364756,
  "min_predicted_distance_mean": 5.010409967540325
}