{
  "violation_rate": 0.74,
  "collision_rate": 0.013333333333333334,
  "near_miss_rate": 0.13333333333333333,
  "intervention_rate": 0.8,
  "override_success_rate": 0.075,
  "mean_intervention_delay": 5.0,
  "operator_workload": 0.8,
  "mean_drift": 8.508418102790621,
  "p95_drift": 32.988401317366744,
  "mean_latency_ms": 2.0321619689154127,
  "risk_mean": 0.8851616234340552,
  "risk_p05": 0.4849908962167083,
  "risk_p25": 1.0,
  "risk_p50": 1.0,
  "risk_p75": 1.0,
  "risk_p95": 1.0,
  "separation_risk_mean": 0.15854758846000924,
  "congestion_risk_mean": 0.10004385674164276,
  "speed_risk_mean": 0.7693673618865172,
  "uncertainty_risk_mean": 0.6336547778247547,
  "human_activation_count": 120,
  "cooldown_skips": 30,
  "suppressed_request_count": 30,
  "suppressed_critical_count": 0,
  "cooldown_release_count": 113,
  "critical_override_count": 113,
  "critical_trigger_rate": 0.7533333333333333,
  "trigger_active_rate": 1.0,
  "confidence_mean": 0.4695883752902962,
  "false_intervention_rate": 0.06666666666666667,
  "repeated_intervention_rate": 0.9416666666666667,
  "post_intervention_violation_rate": 0.8473282442748091,
  "mean_drift_after_intervention": 9.83356708867443,
  "min_predicted_distance_mean": 4.490198274492966
}