{
  "violation_rate": 0.07333333333333333,
  "collision_rate": 0.0,
  "near_miss_rate": 0.28,
  "intervention_rate": 0.16666666666666666,
  "override_success_rate": 0.76,
  "mean_intervention_delay": 1.0,
  "operator_workload": 0.16666666666666666,
  "mean_drift": 7.931073007027873,
  "p95_drift": 21.517627772427776,
  "mean_latency_ms": 0.31668385937033844,
  "risk_mean": 0.4401996018774889,
  "risk_p95": 0.6672496762227842,
  "separation_risk_mean": 0.34110705802916624,
  "congestion_risk_mean": 0.22604964044512774,
  "speed_risk_mean": 0.9041900670196098,
  "uncertainty_risk_mean": 0.6304033706676051,
  "human_activation_count": 25,
  "cooldown_skips": 125,
  "trigger_active_rate": 1.0,
  "confidence_mean": 0.9212990359040137,
  "false_intervention_rate": 0.24
}