{
  "violation_rate": 0.16,
  "collision_rate": 0.006666666666666667,
  "near_miss_rate": 0.07333333333333333,
  "intervention_rate": 0.16666666666666666,
  "override_success_rate": 0.44,
  "mean_intervention_delay": 5.0,
  "operator_workload": 0.16666666666666666,
  "mean_drift": 10.1455989219618,
  "p95_drift": 22.59263538055575,
  "mean_latency_ms": 0.6968224603527536,
  "risk_mean": 0.2875969960906985,
  "risk_p95": 0.5834650996234185,
  "separation_risk_mean": 0.08283610889614752,
  "congestion_risk_mean": 0.04993547370353369,
  "speed_risk_mean": 0.9455791910769913,
  "uncertainty_risk_mean": 0.64,
  "human_activation_count": 25,
  "cooldown_skips": 125,
  "trigger_active_rate": 1.0,
  "confidence_mean": 0.8499142448521452,
  "false_intervention_rate": 0.28
}