{
  "violation_rate": 0.013333333333333334,
  "collision_rate": 0.0,
  "near_miss_rate": 0.17333333333333334,
  "intervention_rate": 0.16,
  "override_success_rate": 0.9583333333333334,
  "mean_intervention_delay": 0.0,
  "operator_workload": 0.16,
  "mean_drift": 9.96469887888867,
  "p95_drift": 25.317899844453382,
  "mean_latency_ms": 0.27528693336838234,
  "risk_mean": 0.3600403419499043,
  "risk_p95": 0.6744999999999579,
  "separation_risk_mean": 0.204836809264222,
  "congestion_risk_mean": 0.11325114728793798,
  "speed_risk_mean": 0.9579317919068892,
  "uncertainty_risk_mean": 0.6390748144865775,
  "human_activation_count": 24,
  "cooldown_skips": 117,
  "trigger_active_rate": 0.94,
  "confidence_mean": 0.9500000000000002,
  "false_intervention_rate": 0.20833333333333334
}