{
  "violation_rate": 0.36666666666666664,
  "collision_rate": 0.04,
  "near_miss_rate": 0.76,
  "intervention_rate": 0.88,
  "override_success_rate": 0.5833333333333334,
  "mean_intervention_delay": 0.0,
  "operator_workload": 0.88,
  "mean_drift": 6.8630318368304515,
  "p95_drift": 36.28024833086562,
  "mean_latency_ms": 0.9139694444214305,
  "risk_mean": 0.9220331619468449,
  "risk_p05": 0.43122653930396304,
  "risk_p25": 1.0,
  "risk_p50": 1.0,
  "risk_p75": 1.0,
  "risk_p95": 1.0,
  "separation_risk_mean": 0.6722966761878577,
  "congestion_risk_mean": 0.39915636904473634,
  "speed_risk_mean": 0.6743844591946675,
  "uncertainty_risk_mean": 0.6348081429327146,
  "human_activation_count": 132,
  "cooldown_skips": 18,
  "suppressed_request_count": 18,
  "suppressed_critical_count": 0,
  "cooldown_release_count": 128,
  "critical_override_count": 128,
  "critical_trigger_rate": 0.8533333333333334,
  "trigger_active_rate": 1.0,
  "confidence_mean": 0.75,
  "false_intervention_rate": 0.09090909090909091,
  "repeated_intervention_rate": 0.9545454545454546,
  "post_intervention_violation_rate": 0.39285714285714285,
  "mean_drift_after_intervention": 7.507578045399329,
  "min_predicted_distance_mean": 0.8231397050988702
}