{
  "violation_rate": 0.06666666666666667,
  "collision_rate": 0.0,
  "near_miss_rate": 0.11333333333333333,
  "intervention_rate": 0.7866666666666666,
  "override_success_rate": 0.9152542372881356,
  "mean_intervention_delay": 0.0,
  "operator_workload": 0.7866666666666666,
  "mean_drift": 10.814088772068317,
  "p95_drift": 29.74188503728908,
  "mean_latency_ms": 0.471098634103934,
  "risk_mean": 0.8506336939347182,
  "risk_p05": 0.2999999999998749,
  "risk_p25": 0.7242556094336998,
  "risk_p50": 1.0,
  "risk_p75": 1.0,
  "risk_p95": 1.0,
  "separation_risk_mean": 0.14073408653878677,
  "congestion_risk_mean": 0.09268939391409953,
  "speed_risk_mean": 0.9559131641707427,
  "uncertainty_risk_mean": 1.0,
  "human_activation_count": 118,
  "cooldown_skips": 32,
  "suppressed_request_count": 32,
  "suppressed_critical_count": 0,
  "cooldown_release_count": 111,
  "critical_override_count": 111,
  "critical_trigger_rate": 0.74,
  "trigger_active_rate": 1.0,
  "confidence_mean": 0.9500000000000002,
  "false_intervention_rate": 0.07627118644067797,
  "repeated_intervention_rate": 0.9322033898305084,
  "post_intervention_violation_rate": 0.07633587786259542,
  "mean_drift_after_intervention": 12.079309821058052,
  "min_predicted_distance_mean": 6.637826751087661
}