{
  "violation_rate": 0.02,
  "collision_rate": 0.006666666666666667,
  "near_miss_rate": 0.44666666666666666,
  "intervention_rate": 0.16666666666666666,
  "override_success_rate": 0.92,
  "mean_intervention_delay": 0.0,
  "operator_workload": 0.16666666666666666,
  "mean_drift": 16.463735249367772,
  "p95_drift": 32.865136847743116,
  "mean_latency_ms": 0.3495033400637719,
  "risk_mean": 0.4492174964614232,
  "risk_p95": 0.6744999999999803,
  "separation_risk_mean": 0.3454529786802629,
  "congestion_risk_mean": 0.1910546242213131,
  "speed_risk_mean": 0.9999999999998442,
  "uncertainty_risk_mean": 0.64,
  "human_activation_count": 25,
  "cooldown_skips": 125,
  "trigger_active_rate": 1.0,
  "confidence_mean": 0.9500000000000002,
  "false_intervention_rate": 0.16
}