{
  "violation_rate": 0.7533333333333333,
  "collision_rate": 0.0,
  "near_miss_rate": 0.06666666666666667,
  "intervention_rate": 0.8533333333333334,
  "override_success_rate": 0.1171875,
  "mean_intervention_delay": 10.0,
  "operator_workload": 0.8533333333333334,
  "mean_drift": 12.46568621452381,
  "p95_drift": 41.228196962838155,
  "mean_latency_ms": 2.169300800499817,
  "risk_mean": 0.9007965124677682,
  "risk_p05": 0.3758553966834151,
  "risk_p25": 1.0,
  "risk_p50": 1.0,
  "risk_p75": 1.0,
  "risk_p95": 1.0,
  "separation_risk_mean": 0.18237747294843001,
  "congestion_risk_mean": 0.1275541569354695,
  "speed_risk_mean": 0.8542945792931839,
  "uncertainty_risk_mean": 0.6292618498333019,
  "human_activation_count": 128,
  "cooldown_skips": 22,
  "suppressed_request_count": 22,
  "suppressed_critical_count": 0,
  "cooldown_release_count": 124,
  "critical_override_count": 124,
  "critical_trigger_rate": 0.8266666666666667,
  "trigger_active_rate": 1.0,
  "confidence_mean": 0.24904513627714736,
  "false_intervention_rate": 0.0859375,
  "repeated_intervention_rate": 0.9453125,
  "post_intervention_violation_rate": 0.8248175182481752,
  "mean_drift_after_intervention": 14.023162776114617,
  "min_predicted_distance_mean": 2.5948887595955927
}