{
  "violation_rate": 0.06666666666666667,
  "collision_rate": 0.0,
  "near_miss_rate": 0.06666666666666667,
  "intervention_rate": 0.7066666666666667,
  "override_success_rate": 0.9056603773584906,
  "mean_intervention_delay": 0.0,
  "operator_workload": 0.7066666666666667,
  "mean_drift": 6.640167850954069,
  "p95_drift": 17.218008869918883,
  "mean_latency_ms": 0.3674397074307005,
  "risk_mean": 0.7844164169893765,
  "risk_p05": 0.26999999999988306,
  "risk_p25": 0.47940918985616976,
  "risk_p50": 1.0,
  "risk_p75": 1.0,
  "risk_p95": 1.0,
  "separation_risk_mean": 0.0646775642557344,
  "congestion_risk_mean": 0.047124960788901465,
  "speed_risk_mean": 0.8779619849535283,
  "uncertainty_risk_mean": 0.9932614843939045,
  "human_activation_count": 106,
  "cooldown_skips": 44,
  "suppressed_request_count": 44,
  "suppressed_critical_count": 0,
  "cooldown_release_count": 97,
  "critical_override_count": 97,
  "critical_trigger_rate": 0.6466666666666666,
  "trigger_active_rate": 1.0,
  "confidence_mean": 0.9500000000000002,
  "false_intervention_rate": 0.09433962264150944,
  "repeated_intervention_rate": 0.9056603773584906,
  "post_intervention_violation_rate": 0.08130081300813008,
  "mean_drift_after_intervention": 8.246490281737104,
  "min_predicted_distance_mean": 9.288987875622166
}