{
  "violation_rate": 0.02666666666666667,
  "collision_rate": 0.0,
  "near_miss_rate": 0.19333333333333333,
  "intervention_rate": 0.7533333333333333,
  "override_success_rate": 0.9646017699115044,
  "mean_intervention_delay": 0.0,
  "operator_workload": 0.7533333333333333,
  "mean_drift": 15.42511434750272,
  "p95_drift": 37.119148780703746,
  "mean_latency_ms": 0.5049794508765141,
  "risk_mean": 0.8894284536405426,
  "risk_p05": 0.4840512171318395,
  "risk_p25": 0.6740887493080366,
  "risk_p50": 1.0,
  "risk_p75": 1.0,
  "risk_p95": 1.0,
  "separation_risk_mean": 0.2033710226732339,
  "congestion_risk_mean": 0.12459311630936343,
  "speed_risk_mean": 0.9926461444675146,
  "uncertainty_risk_mean": 0.64,
  "human_activation_count": 113,
  "cooldown_skips": 37,
  "suppressed_request_count": 37,
  "suppressed_critical_count": 0,
  "cooldown_release_count": 111,
  "critical_override_count": 111,
  "critical_trigger_rate": 0.74,
  "trigger_active_rate": 1.0,
  "confidence_mean": 0.9500000000000002,
  "false_intervention_rate": 0.05309734513274336,
  "repeated_intervention_rate": 0.9734513274336283,
  "post_intervention_violation_rate": 0.034482758620689655,
  "mean_drift_after_intervention": 18.061612006726673,
  "min_predicted_distance_mean": 5.580907914931282
}