{
  "violation_rate": 0.74,
  "collision_rate": 0.08666666666666667,
  "near_miss_rate": 0.5933333333333334,
  "intervention_rate": 0.7666666666666667,
  "override_success_rate": 0.05217391304347826,
  "mean_intervention_delay": 10.0,
  "operator_workload": 0.7666666666666667,
  "mean_drift": 9.433985241229445,
  "p95_drift": 61.88641796152148,
  "mean_latency_ms": 1.8548625467034678,
  "risk_mean": 0.8798734739043019,
  "risk_p05": 0.4285217074156085,
  "risk_p25": 0.699379261997413,
  "risk_p50": 1.0,
  "risk_p75": 1.0,
  "risk_p95": 1.0,
  "separation_risk_mean": 0.6953593405672507,
  "congestion_risk_mean": 0.44679625855638544,
  "speed_risk_mean": 0.6812256557917766,
  "uncertainty_risk_mean": 0.6348081429327146,
  "human_activation_count": 115,
  "cooldown_skips": 35,
  "suppressed_request_count": 35,
  "suppressed_critical_count": 0,
  "cooldown_release_count": 110,
  "critical_override_count": 109,
  "critical_trigger_rate": 0.7266666666666667,
  "trigger_active_rate": 1.0,
  "confidence_mean": 0.32023586462399956,
  "false_intervention_rate": 0.05217391304347826,
  "repeated_intervention_rate": 0.8869565217391304,
  "post_intervention_violation_rate": 0.8120300751879699,
  "mean_drift_after_intervention": 11.257625659762478,
  "min_predicted_distance_mean": 0.8406597447815709
}