{
  "violation_rate": 0.6933333333333334,
  "collision_rate": 0.06666666666666667,
  "near_miss_rate": 0.26666666666666666,
  "intervention_rate": 0.7933333333333333,
  "override_success_rate": 0.12605042016806722,
  "mean_intervention_delay": 0.0,
  "operator_workload": 0.7933333333333333,
  "mean_drift": 7.386510611087252,
  "p95_drift": 24.310960591165312,
  "mean_latency_ms": 1.7515705153346062,
  "risk_mean": 0.8842965365920815,
  "risk_p05": 0.3858184648033559,
  "risk_p25": 1.0,
  "risk_p50": 1.0,
  "risk_p75": 1.0,
  "risk_p95": 1.0,
  "separation_risk_mean": 0.3632165051255051,
  "congestion_risk_mean": 0.22483904639685448,
  "speed_risk_mean": 0.8318111104093487,
  "uncertainty_risk_mean": 0.6292451099306895,
  "human_activation_count": 119,
  "cooldown_skips": 31,
  "suppressed_request_count": 31,
  "suppressed_critical_count": 0,
  "cooldown_release_count": 114,
  "critical_override_count": 114,
  "critical_trigger_rate": 0.76,
  "trigger_active_rate": 0.9666666666666667,
  "confidence_mean": 0.5,
  "false_intervention_rate": 0.05042016806722689,
  "repeated_intervention_rate": 0.9327731092436975,
  "post_intervention_violation_rate": 0.7786259541984732,
  "mean_drift_after_intervention": 8.664937748445965,
  "min_predicted_distance_mean": 3.1529771409373137
}