{
  "violation_rate": 0.06666666666666667,
  "collision_rate": 0.0,
  "near_miss_rate": 0.36666666666666664,
  "intervention_rate": 0.16666666666666666,
  "override_success_rate": 0.76,
  "mean_intervention_delay": 1.0,
  "operator_workload": 0.16666666666666666,
  "mean_drift": 9.61995588590895,
  "p95_drift": 19.480035306814532,
  "mean_latency_ms": 0.31213801363871124,
  "risk_mean": 0.4534356383148605,
  "risk_p95": 0.6744999999999776,
  "separation_risk_mean": 0.3575186322336494,
  "congestion_risk_mean": 0.21886406949547543,
  "speed_risk_mean": 0.9534947467113233,
  "uncertainty_risk_mean": 0.6320801628610062,
  "human_activation_count": 25,
  "cooldown_skips": 125,
  "trigger_active_rate": 1.0,
  "confidence_mean": 0.9212990359040137,
  "false_intervention_rate": 0.12
}