{
  "violation_rate": 0.6533333333333333,
  "collision_rate": 0.0,
  "near_miss_rate": 0.02,
  "intervention_rate": 0.7933333333333333,
  "override_success_rate": 0.17647058823529413,
  "mean_intervention_delay": 3.0,
  "operator_workload": 0.7933333333333333,
  "mean_drift": 15.398182572738582,
  "p95_drift": 50.36056457381321,
  "mean_latency_ms": 1.87401913649713,
  "risk_mean": 0.8374987687720773,
  "risk_p05": 0.21917696453949462,
  "risk_p25": 1.0,
  "risk_p50": 1.0,
  "risk_p75": 1.0,
  "risk_p95": 1.0,
  "separation_risk_mean": 0.05948437176082024,
  "congestion_risk_mean": 0.04389995536250583,
  "speed_risk_mean": 0.88864780420987,
  "uncertainty_risk_mean": 0.639763100417803,
  "human_activation_count": 119,
  "cooldown_skips": 15,
  "suppressed_request_count": 15,
  "suppressed_critical_count": 0,
  "cooldown_release_count": 117,
  "critical_override_count": 117,
  "critical_trigger_rate": 0.78,
  "trigger_active_rate": 0.8933333333333333,
  "confidence_mean": 0.609954369736198,
  "false_intervention_rate": 0.05042016806722689,
  "repeated_intervention_rate": 0.9663865546218487,
  "post_intervention_violation_rate": 0.7903225806451613,
  "mean_drift_after_intervention": 17.43142728826816,
  "min_predicted_distance_mean": 4.537731939278926
}