{
  "violation_rate": 0.08,
  "collision_rate": 0.0,
  "near_miss_rate": 0.28,
  "intervention_rate": 0.16666666666666666,
  "override_success_rate": 0.72,
  "mean_intervention_delay": 0.0,
  "operator_workload": 0.16666666666666666,
  "mean_drift": 7.9346754891664455,
  "p95_drift": 21.515309267687456,
  "mean_latency_ms": 0.7551284074240053,
  "risk_mean": 0.442004942341775,
  "risk_p95": 0.6672496762227842,
  "separation_risk_mean": 0.3441785699435862,
  "congestion_risk_mean": 0.2278237659167452,
  "speed_risk_mean": 0.9040542585855615,
  "uncertainty_risk_mean": 0.6304033706676051,
  "human_activation_count": 25,
  "cooldown_skips": 125,
  "trigger_active_rate": 1.0,
  "confidence_mean": 0.75,
  "false_intervention_rate": 0.24
}