{
  "violation_rate": 0.06,
  "collision_rate": 0.006666666666666667,
  "near_miss_rate": 0.22666666666666666,
  "intervention_rate": 0.7266666666666667,
  "override_success_rate": 0.9174311926605505,
  "mean_intervention_delay": 0.0,
  "operator_workload": 0.7266666666666667,
  "mean_drift": 11.474765352679722,
  "p95_drift": 30.005819898647648,
  "mean_latency_ms": 0.46101498262335855,
  "risk_mean": 0.8015661405609542,
  "risk_p05": 0.24599999999986585,
  "risk_p25": 0.4773586369464411,
  "risk_p50": 1.0,
  "risk_p75": 1.0,
  "risk_p95": 1.0,
  "separation_risk_mean": 0.2300751163546247,
  "congestion_risk_mean": 0.13643813121653053,
  "speed_risk_mean": 0.9113435147892128,
  "uncertainty_risk_mean": 0.6394233124219149,
  "human_activation_count": 109,
  "cooldown_skips": 41,
  "suppressed_request_count": 41,
  "suppressed_critical_count": 0,
  "cooldown_release_count": 101,
  "critical_override_count": 101,
  "critical_trigger_rate": 0.6733333333333333,
  "trigger_active_rate": 1.0,
  "confidence_mean": 0.9500000000000002,
  "false_intervention_rate": 0.08256880733944955,
  "repeated_intervention_rate": 0.908256880733945,
  "post_intervention_violation_rate": 0.06349206349206349,
  "mean_drift_after_intervention": 13.761987626479005,
  "min_predicted_distance_mean": 6.491543384424425
}