{
  "violation_rate": 0.15333333333333332,
  "collision_rate": 0.0,
  "near_miss_rate": 0.16666666666666666,
  "intervention_rate": 0.16666666666666666,
  "override_success_rate": 0.48,
  "mean_intervention_delay": 10.0,
  "operator_workload": 0.16666666666666666,
  "mean_drift": 15.338534035893456,
  "p95_drift": 37.45078034076857,
  "mean_latency_ms": 0.6034730866667815,
  "risk_mean": 0.38556379713263345,
  "risk_p95": 0.692856613577135,
  "separation_risk_mean": 0.2728924184032465,
  "congestion_risk_mean": 0.18010732087410625,
  "speed_risk_mean": 0.8157823983254547,
  "uncertainty_risk_mean": 0.6357867925588517,
  "human_activation_count": 25,
  "cooldown_skips": 125,
  "trigger_active_rate": 1.0,
  "confidence_mean": 0.8130947531791306,
  "false_intervention_rate": 0.24
}