{
  "violation_rate": 0.1,
  "collision_rate": 0.0,
  "near_miss_rate": 0.6733333333333333,
  "intervention_rate": 1.0,
  "override_success_rate": 0.9,
  "mean_intervention_delay": 0.0,
  "operator_workload": 1.0,
  "mean_drift": 6.757086569212463,
  "p95_drift": 20.92640290809964,
  "mean_latency_ms": 0.46009776638432714,
  "risk_mean": 0.5594040735563501,
  "risk_p95": 0.6744999999999357,
  "separation_risk_mean": 0.5616707414617691,
  "congestion_risk_mean": 0.3198151054593664,
  "speed_risk_mean": 0.8769384626181557,
  "uncertainty_risk_mean": 0.6343846276065945,
  "human_activation_count": 150,
  "cooldown_skips": 0,
  "trigger_active_rate": 1.0,
  "confidence_mean": 0.9500000000000002,
  "false_intervention_rate": 0.17333333333333334
}