{
  "violation_rate": 0.30666666666666664,
  "collision_rate": 0.0,
  "near_miss_rate": 0.0,
  "intervention_rate": 0.7866666666666666,
  "override_success_rate": 0.6101694915254238,
  "mean_intervention_delay": 0.0,
  "operator_workload": 0.7866666666666666,
  "mean_drift": 15.396616545470184,
  "p95_drift": 34.646308312158816,
  "mean_latency_ms": 0.8283158120078346,
  "risk_mean": 0.8380403485301107,
  "risk_p05": 0.24599999999991468,
  "risk_p25": 0.6926067254490191,
  "risk_p50": 1.0,
  "risk_p75": 1.0,
  "risk_p95": 1.0,
  "separation_risk_mean": 0.05714551781222063,
  "congestion_risk_mean": 0.029078289725383635,
  "speed_risk_mean": 0.9827941528060984,
  "uncertainty_risk_mean": 0.64,
  "human_activation_count": 118,
  "cooldown_skips": 32,
  "suppressed_request_count": 32,
  "suppressed_critical_count": 0,
  "cooldown_release_count": 112,
  "critical_override_count": 112,
  "critical_trigger_rate": 0.7466666666666667,
  "trigger_active_rate": 1.0,
  "confidence_mean": 0.75,
  "false_intervention_rate": 0.09322033898305085,
  "repeated_intervention_rate": 0.9322033898305084,
  "post_intervention_violation_rate": 0.3511450381679389,
  "mean_drift_after_intervention": 17.413123230532914,
  "min_predicted_distance_mean": 4.723639293950701
}