{
  "violation_rate": 0.74,
  "collision_rate": 0.08,
  "near_miss_rate": 0.5866666666666667,
  "intervention_rate": 0.8733333333333333,
  "override_success_rate": 0.15267175572519084,
  "mean_intervention_delay": 3.0,
  "operator_workload": 0.8733333333333333,
  "mean_drift": 7.449193281549369,
  "p95_drift": 42.40268757816698,
  "mean_latency_ms": 1.913720026301841,
  "risk_mean": 0.9202465302444214,
  "risk_p05": 0.43122653930396304,
  "risk_p25": 1.0,
  "risk_p50": 1.0,
  "risk_p75": 1.0,
  "risk_p95": 1.0,
  "separation_risk_mean": 0.6777905040799451,
  "congestion_risk_mean": 0.409850126410949,
  "speed_risk_mean": 0.6733250026381679,
  "uncertainty_risk_mean": 0.6348081429327146,
  "human_activation_count": 131,
  "cooldown_skips": 19,
  "suppressed_request_count": 19,
  "suppressed_critical_count": 0,
  "cooldown_release_count": 127,
  "critical_override_count": 127,
  "critical_trigger_rate": 0.8466666666666667,
  "trigger_active_rate": 1.0,
  "confidence_mean": 0.5756640540793441,
  "false_intervention_rate": 0.07633587786259542,
  "repeated_intervention_rate": 0.9465648854961832,
  "post_intervention_violation_rate": 0.7928571428571428,
  "mean_drift_after_intervention": 8.17990560700849,
  "min_predicted_distance_mean": 0.7830380989226435
}