{
  "violation_rate": 0.02666666666666667,
  "collision_rate": 0.0,
  "near_miss_rate": 0.06666666666666667,
  "intervention_rate": 0.16666666666666666,
  "override_success_rate": 0.88,
  "mean_intervention_delay": 0.0,
  "operator_workload": 0.16666666666666666,
  "mean_drift": 14.323815920355313,
  "p95_drift": 25.87838306400693,
  "mean_latency_ms": 0.5288011462350065,
  "risk_mean": 0.3364584818325384,
  "risk_p95": 0.48754980852561747,
  "separation_risk_mean": 0.14973621372902704,
  "congestion_risk_mean": 0.0968391136016348,
  "speed_risk_mean": 0.992449381693784,
  "uncertainty_risk_mean": 0.64,
  "human_activation_count": 25,
  "cooldown_skips": 125,
  "trigger_active_rate": 1.0,
  "confidence_mean": 0.9500000000000002,
  "false_intervention_rate": 0.2
}