{
  "violation_rate": 0.06,
  "collision_rate": 0.006666666666666667,
  "near_miss_rate": 0.08666666666666667,
  "intervention_rate": 0.7933333333333333,
  "override_success_rate": 0.9243697478991597,
  "mean_intervention_delay": 0.0,
  "operator_workload": 0.7933333333333333,
  "mean_drift": 14.07510358296772,
  "p95_drift": 30.217228741384222,
  "mean_latency_ms": 0.4556008063567181,
  "risk_mean": 0.8406084147588065,
  "risk_p05": 0.21599999999993302,
  "risk_p25": 1.0,
  "risk_p50": 1.0,
  "risk_p75": 1.0,
  "risk_p95": 1.0,
  "separation_risk_mean": 0.08946800806748745,
  "congestion_risk_mean": 0.051064917807797344,
  "speed_risk_mean": 0.8986479836335061,
  "uncertainty_risk_mean": 0.64,
  "human_activation_count": 119,
  "cooldown_skips": 31,
  "suppressed_request_count": 31,
  "suppressed_critical_count": 0,
  "cooldown_release_count": 113,
  "critical_override_count": 113,
  "critical_trigger_rate": 0.7533333333333333,
  "trigger_active_rate": 0.9666666666666667,
  "confidence_mean": 0.9500000000000002,
  "false_intervention_rate": 0.06722689075630252,
  "repeated_intervention_rate": 0.9327731092436975,
  "post_intervention_violation_rate": 0.061068702290076333,
  "mean_drift_after_intervention": 16.0937689872841,
  "min_predicted_distance_mean": 8.681428610338545
}