{
  "violation_rate": 0.04,
  "collision_rate": 0.0,
  "near_miss_rate": 0.49333333333333335,
  "intervention_rate": 0.7666666666666667,
  "override_success_rate": 0.9478260869565217,
  "mean_intervention_delay": 0.0,
  "operator_workload": 0.7666666666666667,
  "mean_drift": 7.59589161992311,
  "p95_drift": 22.00021891036332,
  "mean_latency_ms": 0.4869764088653028,
  "risk_mean": 0.8798928799820991,
  "risk_p05": 0.3327440929757131,
  "risk_p25": 1.0,
  "risk_p50": 1.0,
  "risk_p75": 1.0,
  "risk_p95": 1.0,
  "separation_risk_mean": 0.38745160377893534,
  "congestion_risk_mean": 0.23802256003744907,
  "speed_risk_mean": 0.8434465889460929,
  "uncertainty_risk_mean": 0.6289923470694236,
  "human_activation_count": 115,
  "cooldown_skips": 35,
  "suppressed_request_count": 35,
  "suppressed_critical_count": 0,
  "cooldown_release_count": 114,
  "critical_override_count": 114,
  "critical_trigger_rate": 0.76,
  "trigger_active_rate": 0.9666666666666667,
  "confidence_mean": 0.9500000000000002,
  "false_intervention_rate": 0.02608695652173913,
  "repeated_intervention_rate": 0.9652173913043478,
  "post_intervention_violation_rate": 0.05042016806722689,
  "mean_drift_after_intervention": 9.155896630163486,
  "min_predicted_distance_mean": 3.0930335660439945
}