{
  "violation_rate": 0.04666666666666667,
  "collision_rate": 0.02,
  "near_miss_rate": 0.6466666666666666,
  "intervention_rate": 0.76,
  "override_success_rate": 0.9385964912280702,
  "mean_intervention_delay": 0.0,
  "operator_workload": 0.76,
  "mean_drift": 11.399755771705328,
  "p95_drift": 19.17902948774065,
  "mean_latency_ms": 0.6663208509174486,
  "risk_mean": 0.819444366980548,
  "risk_p05": 0.2459999999998724,
  "risk_p25": 0.6607168132712649,
  "risk_p50": 1.0,
  "risk_p75": 1.0,
  "risk_p95": 1.0,
  "separation_risk_mean": 0.5347735832916313,
  "congestion_risk_mean": 0.306174942630669,
  "speed_risk_mean": 0.9707413756651306,
  "uncertainty_risk_mean": 0.6360226347329069,
  "human_activation_count": 114,
  "cooldown_skips": 36,
  "suppressed_request_count": 36,
  "suppressed_critical_count": 0,
  "cooldown_release_count": 111,
  "critical_override_count": 111,
  "critical_trigger_rate": 0.74,
  "trigger_active_rate": 1.0,
  "confidence_mean": 0.9500000000000002,
  "false_intervention_rate": 0.06140350877192982,
  "repeated_intervention_rate": 0.956140350877193,
  "post_intervention_violation_rate": 0.049586776859504134,
  "mean_drift_after_intervention": 13.476039438994409,
  "min_predicted_distance_mean": 0.9810884209924152
}