{
  "violation_rate": 0.7,
  "collision_rate": 0.006666666666666667,
  "near_miss_rate": 0.03333333333333333,
  "intervention_rate": 0.8,
  "override_success_rate": 0.125,
  "mean_intervention_delay": 3.0,
  "operator_workload": 0.8,
  "mean_drift": 10.975387258478637,
  "p95_drift": 25.749721724579373,
  "mean_latency_ms": 2.00944137138625,
  "risk_mean": 0.8516381902224739,
  "risk_p05": 0.24599999999989186,
  "risk_p25": 1.0,
  "risk_p50": 1.0,
  "risk_p75": 1.0,
  "risk_p95": 1.0,
  "separation_risk_mean": 0.07457195485279933,
  "congestion_risk_mean": 0.044085013843450975,
  "speed_risk_mean": 0.8813099230304854,
  "uncertainty_risk_mean": 0.64,
  "human_activation_count": 120,
  "cooldown_skips": 30,
  "suppressed_request_count": 30,
  "suppressed_critical_count": 0,
  "cooldown_release_count": 115,
  "critical_override_count": 115,
  "critical_trigger_rate": 0.7666666666666667,
  "trigger_active_rate": 1.0,
  "confidence_mean": 0.6070968434314602,
  "false_intervention_rate": 0.1,
  "repeated_intervention_rate": 0.9333333333333333,
  "post_intervention_violation_rate": 0.7878787878787878,
  "mean_drift_after_intervention": 12.059673074927938,
  "min_predicted_distance_mean": 4.936174045832852
}