{
  "violation_rate": 0.0,
  "collision_rate": 0.0,
  "near_miss_rate": 0.08666666666666667,
  "intervention_rate": 0.02666666666666667,
  "override_success_rate": 1.0,
  "mean_intervention_delay": 0.0,
  "operator_workload": 0.02666666666666667,
  "mean_drift": 7.5084275522098425,
  "p95_drift": 25.557321887101338,
  "mean_latency_ms": 0.5439372197724879,
  "risk_mean": 0.27049880913896035,
  "risk_p95": 0.634549554081463,
  "separation_risk_mean": 0.07780037862826134,
  "congestion_risk_mean": 0.0693514104363877,
  "speed_risk_mean": 0.8213356841735653,
  "uncertainty_risk_mean": 0.6330028901407403,
  "human_activation_count": 4,
  "cooldown_skips": 20,
  "trigger_active_rate": 0.14,
  "confidence_mean": 0.9500000000000002,
  "false_intervention_rate": 1.0
}