{
  "violation_rate": 0.6066666666666667,
  "collision_rate": 0.02,
  "near_miss_rate": 0.04,
  "intervention_rate": 0.7466666666666667,
  "override_success_rate": 0.1875,
  "mean_intervention_delay": 5.0,
  "operator_workload": 0.7466666666666667,
  "mean_drift": 13.126512125678623,
  "p95_drift": 46.34611076812193,
  "mean_latency_ms": 1.8362603095980983,
  "risk_mean": 0.8060681359467408,
  "risk_p05": 0.24599999999990357,
  "risk_p25": 0.5055465835737009,
  "risk_p50": 1.0,
  "risk_p75": 1.0,
  "risk_p95": 1.0,
  "separation_risk_mean": 0.13678264881049784,
  "congestion_risk_mean": 0.06718225082053308,
  "speed_risk_mean": 0.9624006131932559,
  "uncertainty_risk_mean": 0.64,
  "human_activation_count": 112,
  "cooldown_skips": 38,
  "suppressed_request_count": 38,
  "suppressed_critical_count": 0,
  "cooldown_release_count": 107,
  "critical_override_count": 103,
  "critical_trigger_rate": 0.6866666666666666,
  "trigger_active_rate": 1.0,
  "confidence_mean": 0.5016158169376098,
  "false_intervention_rate": 0.16071428571428573,
  "repeated_intervention_rate": 0.9017857142857143,
  "post_intervention_violation_rate": 0.7,
  "mean_drift_after_intervention": 16.040047007261574,
  "min_predicted_distance_mean": 4.19127636089319
}