{
  "violation_rate": 0.0,
  "collision_rate": 0.006666666666666667,
  "near_miss_rate": 0.38666666666666666,
  "intervention_rate": 0.16666666666666666,
  "override_success_rate": 1.0,
  "mean_intervention_delay": 0.0,
  "operator_workload": 0.16666666666666666,
  "mean_drift": 14.824616499790597,
  "p95_drift": 25.108956900236738,
  "mean_latency_ms": 0.6374422138712058,
  "risk_mean": 0.4229716203406032,
  "risk_p95": 0.6744999999999811,
  "separation_risk_mean": 0.30187613729033186,
  "congestion_risk_mean": 0.16598608909802204,
  "speed_risk_mean": 0.9975389085696554,
  "uncertainty_risk_mean": 0.64,
  "human_activation_count": 25,
  "cooldown_skips": 125,
  "trigger_active_rate": 1.0,
  "confidence_mean": 0.9500000000000002,
  "false_intervention_rate": 0.16
}