{
  "violation_rate": 0.08666666666666667,
  "collision_rate": 0.0,
  "near_miss_rate": 0.5466666666666666,
  "intervention_rate": 0.86,
  "override_success_rate": 0.8992248062015504,
  "mean_intervention_delay": 0.0,
  "operator_workload": 0.86,
  "mean_drift": 3.0839136840864865,
  "p95_drift": 11.032709950510144,
  "mean_latency_ms": 0.5357569743258258,
  "risk_mean": 0.8705911048130475,
  "risk_p05": 0.24599999999980715,
  "risk_p25": 1.0,
  "risk_p50": 1.0,
  "risk_p75": 1.0,
  "risk_p95": 1.0,
  "separation_risk_mean": 0.20019911277782212,
  "congestion_risk_mean": 0.17196325059578332,
  "speed_risk_mean": 0.7777588019761068,
  "uncertainty_risk_mean": 0.5730989874122719,
  "human_activation_count": 129,
  "cooldown_skips": 21,
  "suppressed_request_count": 21,
  "suppressed_critical_count": 0,
  "cooldown_release_count": 120,
  "critical_override_count": 120,
  "critical_trigger_rate": 0.8,
  "trigger_active_rate": 1.0,
  "confidence_mean": 0.9500000000000002,
  "false_intervention_rate": 0.15503875968992248,
  "repeated_intervention_rate": 0.8992248062015504,
  "post_intervention_violation_rate": 0.087248322147651,
  "mean_drift_after_intervention": 3.2965042257332327,
  "min_predicted_distance_mean": 5.1512933293569
}