{
  "violation_rate": 0.03333333333333333,
  "collision_rate": 0.006666666666666667,
  "near_miss_rate": 0.88,
  "intervention_rate": 0.9,
  "override_success_rate": 0.9629629629629629,
  "mean_intervention_delay": 0.0,
  "operator_workload": 0.9,
  "mean_drift": 13.301966943411506,
  "p95_drift": 37.35516413596804,
  "mean_latency_ms": 0.506946372333914,
  "risk_mean": 0.9645109951501868,
  "risk_p05": 0.672251118000561,
  "risk_p25": 1.0,
  "risk_p50": 1.0,
  "risk_p75": 1.0,
  "risk_p95": 1.0,
  "separation_risk_mean": 0.5513090412510002,
  "congestion_risk_mean": 0.3362523615722735,
  "speed_risk_mean": 0.7524566033664946,
  "uncertainty_risk_mean": 0.64,
  "human_activation_count": 135,
  "cooldown_skips": 15,
  "suppressed_request_count": 15,
  "suppressed_critical_count": 0,
  "cooldown_release_count": 135,
  "critical_override_count": 135,
  "critical_trigger_rate": 0.9,
  "trigger_active_rate": 1.0,
  "confidence_mean": 0.9500000000000002,
  "false_intervention_rate": 0.037037037037037035,
  "repeated_intervention_rate": 0.9629629629629629,
  "post_intervention_violation_rate": 0.028368794326241134,
  "mean_drift_after_intervention": 14.16562348227803,
  "min_predicted_distance_mean": 1.3926064517501022
}