{
  "violation_rate": 0.56,
  "collision_rate": 0.0,
  "near_miss_rate": 0.04666666666666667,
  "intervention_rate": 0.7666666666666667,
  "override_success_rate": 0.26956521739130435,
  "mean_intervention_delay": 0.0,
  "operator_workload": 0.7666666666666667,
  "mean_drift": 16.092599507680955,
  "p95_drift": 36.52290122589008,
  "mean_latency_ms": 1.5290922035152714,
  "risk_mean": 0.8104919975748157,
  "risk_p05": 0.24599999999990316,
  "risk_p25": 0.5543571885876124,
  "risk_p50": 1.0,
  "risk_p75": 1.0,
  "risk_p95": 1.0,
  "separation_risk_mean": 0.029979222629484385,
  "congestion_risk_mean": 0.03300832727210092,
  "speed_risk_mean": 0.9876713101505413,
  "uncertainty_risk_mean": 0.6384988009061447,
  "human_activation_count": 115,
  "cooldown_skips": 35,
  "suppressed_request_count": 35,
  "suppressed_critical_count": 0,
  "cooldown_release_count": 109,
  "critical_override_count": 109,
  "critical_trigger_rate": 0.7266666666666667,
  "trigger_active_rate": 1.0,
  "confidence_mean": 0.5,
  "false_intervention_rate": 0.08695652173913043,
  "repeated_intervention_rate": 0.9304347826086956,
  "post_intervention_violation_rate": 0.6484375,
  "mean_drift_after_intervention": 19.028865306977025,
  "min_predicted_distance_mean": 14.197486135652301
}