{
  "violation_rate": 0.0,
  "collision_rate": 0.0,
  "near_miss_rate": 0.05333333333333334,
  "intervention_rate": 0.05333333333333334,
  "override_success_rate": 1.0,
  "mean_intervention_delay": 0.0,
  "operator_workload": 0.05333333333333334,
  "mean_drift": 13.377761697984248,
  "p95_drift": 30.873922771985512,
  "mean_latency_ms": 0.40100386676688987,
  "risk_mean": 0.30179344155726995,
  "risk_p95": 0.4639368506925421,
  "separation_risk_mean": 0.09352742339412559,
  "congestion_risk_mean": 0.07925752373710852,
  "speed_risk_mean": 0.9785004875833476,
  "uncertainty_risk_mean": 0.6207776463875618,
  "human_activation_count": 8,
  "cooldown_skips": 142,
  "trigger_active_rate": 1.0,
  "confidence_mean": 0.9500000000000002,
  "false_intervention_rate": 0.25
}