{
  "violation_rate": 0.07333333333333333,
  "collision_rate": 0.0,
  "near_miss_rate": 0.16666666666666666,
  "intervention_rate": 0.7933333333333333,
  "override_success_rate": 0.907563025210084,
  "mean_intervention_delay": 0.0,
  "operator_workload": 0.7933333333333333,
  "mean_drift": 15.369889095922927,
  "p95_drift": 37.56529661063056,
  "mean_latency_ms": 0.5500291497446597,
  "risk_mean": 0.8724942734049699,
  "risk_p05": 0.4538799371082967,
  "risk_p25": 1.0,
  "risk_p50": 1.0,
  "risk_p75": 1.0,
  "risk_p95": 1.0,
  "separation_risk_mean": 0.2650051724279896,
  "congestion_risk_mean": 0.1746256880126862,
  "speed_risk_mean": 0.790819865784949,
  "uncertainty_risk_mean": 0.6352058273710635,
  "human_activation_count": 119,
  "cooldown_skips": 31,
  "suppressed_request_count": 31,
  "suppressed_critical_count": 0,
  "cooldown_release_count": 113,
  "critical_override_count": 113,
  "critical_trigger_rate": 0.7533333333333333,
  "trigger_active_rate": 1.0,
  "confidence_mean": 0.9500000000000002,
  "false_intervention_rate": 0.09243697478991597,
  "repeated_intervention_rate": 0.9327731092436975,
  "post_intervention_violation_rate": 0.08396946564885496,
  "mean_drift_after_intervention": 17.433650838188033,
  "min_predicted_distance_mean": 2.5089296493762525
}