{
  "violation_rate": 0.06666666666666667,
  "collision_rate": 0.0,
  "near_miss_rate": 0.7066666666666667,
  "intervention_rate": 0.7466666666666667,
  "override_success_rate": 0.9107142857142857,
  "mean_intervention_delay": 0.0,
  "operator_workload": 0.7466666666666667,
  "mean_drift": 11.979529545676952,
  "p95_drift": 28.01616726400907,
  "mean_latency_ms": 0.6774888932704926,
  "risk_mean": 0.8176922860052429,
  "risk_p05": 0.2162964934284244,
  "risk_p25": 0.589990103302338,
  "risk_p50": 1.0,
  "risk_p75": 1.0,
  "risk_p95": 1.0,
  "separation_risk_mean": 0.5676306582765754,
  "congestion_risk_mean": 0.33978687490551823,
  "speed_risk_mean": 0.8788786160186303,
  "uncertainty_risk_mean": 0.6321807158776135,
  "human_activation_count": 112,
  "cooldown_skips": 38,
  "suppressed_request_count": 38,
  "suppressed_critical_count": 0,
  "cooldown_release_count": 111,
  "critical_override_count": 111,
  "critical_trigger_rate": 0.74,
  "trigger_active_rate": 1.0,
  "confidence_mean": 0.9500000000000002,
  "false_intervention_rate": 0.044642857142857144,
  "repeated_intervention_rate": 0.9732142857142857,
  "post_intervention_violation_rate": 0.08695652173913043,
  "mean_drift_after_intervention": 14.082739308364252,
  "min_predicted_distance_mean": 0.9006990740817413
}