{
  "violation_rate": 0.02666666666666667,
  "collision_rate": 0.0,
  "near_miss_rate": 0.4266666666666667,
  "intervention_rate": 0.7866666666666666,
  "override_success_rate": 0.9661016949152542,
  "mean_intervention_delay": 0.0,
  "operator_workload": 0.7866666666666666,
  "mean_drift": 14.896212040567066,
  "p95_drift": 28.146059190131304,
  "mean_latency_ms": 0.4489777671794097,
  "risk_mean": 0.8513133819006892,
  "risk_p05": 0.24946162479141942,
  "risk_p25": 0.7308319182260904,
  "risk_p50": 1.0,
  "risk_p75": 1.0,
  "risk_p95": 1.0,
  "separation_risk_mean": 0.4157139228893026,
  "congestion_risk_mean": 0.22883871542479098,
  "speed_risk_mean": 0.9382432679240739,
  "uncertainty_risk_mean": 0.6391543954025022,
  "human_activation_count": 118,
  "cooldown_skips": 29,
  "suppressed_request_count": 29,
  "suppressed_critical_count": 0,
  "cooldown_release_count": 112,
  "critical_override_count": 112,
  "critical_trigger_rate": 0.7466666666666667,
  "trigger_active_rate": 0.9533333333333334,
  "confidence_mean": 0.9500000000000002,
  "false_intervention_rate": 0.0847457627118644,
  "repeated_intervention_rate": 0.940677966101695,
  "post_intervention_violation_rate": 0.031007751937984496,
  "mean_drift_after_intervention": 17.77019092034221,
  "min_predicted_distance_mean": 2.0017735352046797
}