{
  "violation_rate": 0.04666666666666667,
  "collision_rate": 0.0,
  "near_miss_rate": 1.8266666666666667,
  "intervention_rate": 0.8666666666666667,
  "override_success_rate": 0.9461538461538461,
  "mean_intervention_delay": 0.0,
  "operator_workload": 0.8666666666666667,
  "mean_drift": 13.194798462637243,
  "p95_drift": 35.79394893786389,
  "mean_latency_ms": 2.975148040180405,
  "risk_mean": 0.9398527629145722,
  "risk_p05": 0.584519365780843,
  "risk_p25": 1.0,
  "risk_p50": 1.0,
  "risk_p75": 1.0,
  "risk_p95": 1.0,
  "separation_risk_mean": 0.7014520764060747,
  "congestion_risk_mean": 0.36936572837139453,
  "speed_risk_mean": 0.9494171237760048,
  "uncertainty_risk_mean": 0.6399094194753432,
  "human_activation_count": 130,
  "cooldown_skips": 20,
  "suppressed_request_count": 20,
  "suppressed_critical_count": 0,
  "cooldown_release_count": 127,
  "critical_override_count": 127,
  "critical_trigger_rate": 0.8466666666666667,
  "trigger_active_rate": 1.0,
  "confidence_mean": 0.9500000000000002,
  "false_intervention_rate": 0.1076923076923077,
  "repeated_intervention_rate": 0.9538461538461539,
  "post_intervention_violation_rate": 0.050359712230215826,
  "mean_drift_after_intervention": 14.142960030418164,
  "min_predicted_distance_mean": 0.6041614266147912
}