{
  "violation_rate": 0.18,
  "collision_rate": 0.0,
  "near_miss_rate": 0.26,
  "intervention_rate": 0.16666666666666666,
  "override_success_rate": 0.4,
  "mean_intervention_delay": 5.0,
  "operator_workload": 0.16666666666666666,
  "mean_drift": 9.937827239986493,
  "p95_drift": 18.820983573224968,
  "mean_latency_ms": 0.9016335928269351,
  "risk_mean": 0.4046336433772266,
  "risk_p95": 0.6744999999999759,
  "separation_risk_mean": 0.2740857302570668,
  "congestion_risk_mean": 0.1712445720619639,
  "speed_risk_mean": 0.9579415277173079,
  "uncertainty_risk_mean": 0.6319512839230625,
  "human_activation_count": 25,
  "cooldown_skips": 125,
  "trigger_active_rate": 1.0,
  "confidence_mean": 0.8499142448521452,
  "false_intervention_rate": 0.2
}