{
  "violation_rate": 0.12,
  "collision_rate": 0.0,
  "near_miss_rate": 0.02666666666666667,
  "intervention_rate": 0.7733333333333333,
  "override_success_rate": 0.8448275862068966,
  "mean_intervention_delay": 0.0,
  "operator_workload": 0.7733333333333333,
  "mean_drift": 12.699994818185097,
  "p95_drift": 34.478233449291196,
  "mean_latency_ms": 0.5376900336705148,
  "risk_mean": 0.8199256118449061,
  "risk_p05": 0.24599999999985947,
  "risk_p25": 0.6122406559483072,
  "risk_p50": 1.0,
  "risk_p75": 1.0,
  "risk_p95": 1.0,
  "separation_risk_mean": 0.04496822269121214,
  "congestion_risk_mean": 0.03501602576861615,
  "speed_risk_mean": 0.9801790159524385,
  "uncertainty_risk_mean": 0.6399164786837332,
  "human_activation_count": 116,
  "cooldown_skips": 34,
  "suppressed_request_count": 34,
  "suppressed_critical_count": 0,
  "cooldown_release_count": 109,
  "critical_override_count": 109,
  "critical_trigger_rate": 0.7266666666666667,
  "trigger_active_rate": 1.0,
  "confidence_mean": 0.9000000000000004,
  "false_intervention_rate": 0.07758620689655173,
  "repeated_intervention_rate": 0.9310344827586207,
  "post_intervention_violation_rate": 0.13953488372093023,
  "mean_drift_after_intervention": 14.791254158050736,
  "min_predicted_distance_mean": 4.420665819817133
}