{
  "violation_rate": 0.07333333333333333,
  "collision_rate": 0.0,
  "near_miss_rate": 0.04,
  "intervention_rate": 0.7533333333333333,
  "override_success_rate": 0.9026548672566371,
  "mean_intervention_delay": 0.0,
  "operator_workload": 0.7533333333333333,
  "mean_drift": 15.030879425617622,
  "p95_drift": 32.80680516996137,
  "mean_latency_ms": 0.43687749033172923,
  "risk_mean": 0.8113655854875149,
  "risk_p05": 0.18399999999993527,
  "risk_p25": 0.7664979551101531,
  "risk_p50": 1.0,
  "risk_p75": 1.0,
  "risk_p95": 1.0,
  "separation_risk_mean": 0.026323690424877918,
  "congestion_risk_mean": 0.030591219479687924,
  "speed_risk_mean": 0.9677979639441393,
  "uncertainty_risk_mean": 0.64,
  "human_activation_count": 113,
  "cooldown_skips": 10,
  "suppressed_request_count": 10,
  "suppressed_critical_count": 0,
  "cooldown_release_count": 111,
  "critical_override_count": 111,
  "critical_trigger_rate": 0.74,
  "trigger_active_rate": 0.8066666666666666,
  "confidence_mean": 0.9500000000000002,
  "false_intervention_rate": 0.02654867256637168,
  "repeated_intervention_rate": 0.9734513274336283,
  "post_intervention_violation_rate": 0.09482758620689655,
  "mean_drift_after_intervention": 17.320346766703803,
  "min_predicted_distance_mean": 8.135801742282478
}