{
  "violation_rate": 0.0,
  "collision_rate": 0.0,
  "near_miss_rate": 0.02666666666666667,
  "intervention_rate": 0.02,
  "override_success_rate": 1.0,
  "mean_intervention_delay": 0.0,
  "operator_workload": 0.02,
  "mean_drift": 11.735469267220797,
  "p95_drift": 30.773711092014445,
  "mean_latency_ms": 0.41686160683942336,
  "risk_mean": 0.2581885024097042,
  "risk_p95": 0.4990343471268373,
  "separation_risk_mean": 0.04493228025329903,
  "congestion_risk_mean": 0.034445928587720255,
  "speed_risk_mean": 0.8890499609919306,
  "uncertainty_risk_mean": 0.64,
  "human_activation_count": 3,
  "cooldown_skips": 15,
  "trigger_active_rate": 0.09333333333333334,
  "confidence_mean": 0.9500000000000002,
  "false_intervention_rate": 1.0
}