{
  "violation_rate": 0.22,
  "collision_rate": 0.0,
  "near_miss_rate": 0.013333333333333334,
  "intervention_rate": 0.78,
  "override_success_rate": 0.717948717948718,
  "mean_intervention_delay": 0.0,
  "operator_workload": 0.78,
  "mean_drift": 9.56923863112434,
  "p95_drift": 20.88391524235994,
  "mean_latency_ms": 0.6618493911810219,
  "risk_mean": 0.8053732326374168,
  "risk_p05": 0.21599999999990252,
  "risk_p25": 0.5081315448626752,
  "risk_p50": 1.0,
  "risk_p75": 1.0,
  "risk_p95": 1.0,
  "separation_risk_mean": 0.024464971175669942,
  "congestion_risk_mean": 0.01692820122926814,
  "speed_risk_mean": 0.8572444043387941,
  "uncertainty_risk_mean": 0.64,
  "human_activation_count": 117,
  "cooldown_skips": 33,
  "suppressed_request_count": 33,
  "suppressed_critical_count": 0,
  "cooldown_release_count": 110,
  "critical_override_count": 110,
  "critical_trigger_rate": 0.7333333333333333,
  "trigger_active_rate": 1.0,
  "confidence_mean": 0.75,
  "false_intervention_rate": 0.07692307692307693,
  "repeated_intervention_rate": 0.9316239316239316,
  "post_intervention_violation_rate": 0.25384615384615383,
  "mean_drift_after_intervention": 11.137983130322569,
  "min_predicted_distance_mean": 12.767213653131428
}