{
  "violation_rate": 0.6666666666666666,
  "collision_rate": 0.006666666666666667,
  "near_miss_rate": 0.06,
  "intervention_rate": 0.8133333333333334,
  "override_success_rate": 0.18032786885245902,
  "mean_intervention_delay": 0.0,
  "operator_workload": 0.8133333333333334,
  "mean_drift": 13.456677607685604,
  "p95_drift": 31.87329356965739,
  "mean_latency_ms": 1.8848169144863884,
  "risk_mean": 0.839393206278166,
  "risk_p05": 0.2459999999998853,
  "risk_p25": 1.0,
  "risk_p50": 1.0,
  "risk_p75": 1.0,
  "risk_p95": 1.0,
  "separation_risk_mean": 0.07049578845000083,
  "congestion_risk_mean": 0.04378875002740739,
  "speed_risk_mean": 0.9656499325990954,
  "uncertainty_risk_mean": 0.6386003468380005,
  "human_activation_count": 122,
  "cooldown_skips": 28,
  "suppressed_request_count": 28,
  "suppressed_critical_count": 0,
  "cooldown_release_count": 117,
  "critical_override_count": 117,
  "critical_trigger_rate": 0.78,
  "trigger_active_rate": 1.0,
  "confidence_mean": 0.5,
  "false_intervention_rate": 0.08196721311475409,
  "repeated_intervention_rate": 0.9426229508196722,
  "post_intervention_violation_rate": 0.7518796992481203,
  "mean_drift_after_intervention": 15.016486546815505,
  "min_predicted_distance_mean": 6.687212598574719
}