{
  "violation_rate": 0.05333333333333334,
  "collision_rate": 0.0,
  "near_miss_rate": 0.58,
  "intervention_rate": 0.9666666666666667,
  "override_success_rate": 0.9448275862068966,
  "mean_intervention_delay": 0.0,
  "operator_workload": 0.9666666666666667,
  "mean_drift": 14.429701239361815,
  "p95_drift": 24.360728481464047,
  "mean_latency_ms": 0.642353652510792,
  "risk_mean": 0.9748666666666651,
  "risk_p05": 1.0,
  "risk_p25": 1.0,
  "risk_p50": 1.0,
  "risk_p75": 1.0,
  "risk_p95": 1.0,
  "separation_risk_mean": 0.5017686444463324,
  "congestion_risk_mean": 0.2531596658834226,
  "speed_risk_mean": 0.8607816863016139,
  "uncertainty_risk_mean": 0.64,
  "human_activation_count": 145,
  "cooldown_skips": 0,
  "suppressed_request_count": 0,
  "suppressed_critical_count": 0,
  "cooldown_release_count": 145,
  "critical_override_count": 145,
  "critical_trigger_rate": 0.9666666666666667,
  "trigger_active_rate": 0.9666666666666667,
  "confidence_mean": 0.9500000000000002,
  "false_intervention_rate": 0.027586206896551724,
  "repeated_intervention_rate": 0.993103448275862,
  "post_intervention_violation_rate": 0.05555555555555555,
  "mean_drift_after_intervention": 14.371313437585275,
  "min_predicted_distance_mean": 2.280491252361212
}