{
  "violation_rate": 0.15333333333333332,
  "collision_rate": 0.0,
  "near_miss_rate": 0.02666666666666667,
  "intervention_rate": 0.6933333333333334,
  "override_success_rate": 0.7788461538461539,
  "mean_intervention_delay": 0.0,
  "operator_workload": 0.6933333333333334,
  "mean_drift": 10.723656167648858,
  "p95_drift": 32.03760752752325,
  "mean_latency_ms": 0.5135705314266185,
  "risk_mean": 0.7696244296537003,
  "risk_p05": 0.24599999999986816,
  "risk_p25": 0.454891294026231,
  "risk_p50": 1.0,
  "risk_p75": 1.0,
  "risk_p95": 1.0,
  "separation_risk_mean": 0.1031675999489728,
  "congestion_risk_mean": 0.049580006443348194,
  "speed_risk_mean": 0.9442785726048375,
  "uncertainty_risk_mean": 0.64,
  "human_activation_count": 104,
  "cooldown_skips": 46,
  "suppressed_request_count": 46,
  "suppressed_critical_count": 0,
  "cooldown_release_count": 94,
  "critical_override_count": 94,
  "critical_trigger_rate": 0.6266666666666667,
  "trigger_active_rate": 1.0,
  "confidence_mean": 0.9000000000000004,
  "false_intervention_rate": 0.11538461538461539,
  "repeated_intervention_rate": 0.8942307692307693,
  "post_intervention_violation_rate": 0.1885245901639344,
  "mean_drift_after_intervention": 13.694666752293884,
  "min_predicted_distance_mean": 3.793412017301513
}