{
  "violation_rate": 0.10666666666666667,
  "collision_rate": 0.006666666666666667,
  "near_miss_rate": 1.22,
  "intervention_rate": 1.0,
  "override_success_rate": 0.8933333333333333,
  "mean_intervention_delay": 0.0,
  "operator_workload": 1.0,
  "mean_drift": 6.989445762693924,
  "p95_drift": 22.696743499114678,
  "mean_latency_ms": 2.8736427364250026,
  "risk_mean": 1.0,
  "risk_p05": 1.0,
  "risk_p25": 1.0,
  "risk_p50": 1.0,
  "risk_p75": 1.0,
  "risk_p95": 1.0,
  "separation_risk_mean": 0.6108278542431965,
  "congestion_risk_mean": 0.2698025644980075,
  "speed_risk_mean": 0.7887513977360279,
  "uncertainty_risk_mean": 0.6366353176186103,
  "human_activation_count": 150,
  "cooldown_skips": 0,
  "suppressed_request_count": 0,
  "suppressed_critical_count": 0,
  "cooldown_release_count": 150,
  "critical_override_count": 150,
  "critical_trigger_rate": 1.0,
  "trigger_active_rate": 1.0,
  "confidence_mean": 0.9500000000000002,
  "false_intervention_rate": 0.02,
  "repeated_intervention_rate": 0.9933333333333333,
  "post_intervention_violation_rate": 0.10067114093959731,
  "mean_drift_after_intervention": 6.989445762693924,
  "min_predicted_distance_mean": 0.7846525328646727
}