{
  "violation_rate": 0.13333333333333333,
  "collision_rate": 0.0,
  "near_miss_rate": 0.013333333333333334,
  "intervention_rate": 0.7066666666666667,
  "override_success_rate": 0.8113207547169812,
  "mean_intervention_delay": 0.0,
  "operator_workload": 0.7066666666666667,
  "mean_drift": 9.519664405008406,
  "p95_drift": 24.663018481071017,
  "mean_latency_ms": 0.49499305663630366,
  "risk_mean": 0.7998483695690071,
  "risk_p05": 0.21599999999992675,
  "risk_p25": 0.4285187153645279,
  "risk_p50": 1.0,
  "risk_p75": 1.0,
  "risk_p95": 1.0,
  "separation_risk_mean": 0.05130143734572696,
  "congestion_risk_mean": 0.047086509189137364,
  "speed_risk_mean": 0.8363565062238949,
  "uncertainty_risk_mean": 0.6391192381505377,
  "human_activation_count": 106,
  "cooldown_skips": 0,
  "suppressed_request_count": 0,
  "suppressed_critical_count": 0,
  "cooldown_release_count": 106,
  "critical_override_count": 106,
  "critical_trigger_rate": 0.7066666666666667,
  "trigger_active_rate": 0.7066666666666667,
  "confidence_mean": 0.9500000000000002,
  "false_intervention_rate": 0.018867924528301886,
  "repeated_intervention_rate": 0.9905660377358491,
  "post_intervention_violation_rate": 0.19047619047619047,
  "mean_drift_after_intervention": 11.473318948813164,
  "min_predicted_distance_mean": 3.9722524806418944
}