{
  "violation_rate": 0.08,
  "collision_rate": 0.0,
  "near_miss_rate": 0.12,
  "intervention_rate": 0.9733333333333334,
  "override_success_rate": 0.9178082191780822,
  "mean_intervention_delay": 0.0,
  "operator_workload": 0.9733333333333334,
  "mean_drift": 14.88893322495007,
  "p95_drift": 25.908666062653154,
  "mean_latency_ms": 0.568676101975143,
  "risk_mean": 0.9798933333333317,
  "risk_p05": 1.0,
  "risk_p25": 1.0,
  "risk_p50": 1.0,
  "risk_p75": 1.0,
  "risk_p95": 1.0,
  "separation_risk_mean": 0.1452025012466662,
  "congestion_risk_mean": 0.07511193568169518,
  "speed_risk_mean": 0.9055345037435641,
  "uncertainty_risk_mean": 0.64,
  "human_activation_count": 146,
  "cooldown_skips": 0,
  "suppressed_request_count": 0,
  "suppressed_critical_count": 0,
  "cooldown_release_count": 146,
  "critical_override_count": 146,
  "critical_trigger_rate": 0.9733333333333334,
  "trigger_active_rate": 0.9733333333333334,
  "confidence_mean": 0.9500000000000002,
  "false_intervention_rate": 0.03424657534246575,
  "repeated_intervention_rate": 0.9931506849315068,
  "post_intervention_violation_rate": 0.08275862068965517,
  "mean_drift_after_intervention": 14.810781593988889,
  "min_predicted_distance_mean": 4.520072512551524
}