{
  "violation_rate": 0.31333333333333335,
  "collision_rate": 0.0,
  "near_miss_rate": 0.04,
  "intervention_rate": 0.8266666666666667,
  "override_success_rate": 0.6209677419354839,
  "mean_intervention_delay": 1.0,
  "operator_workload": 0.8266666666666667,
  "mean_drift": 12.00992863316678,
  "p95_drift": 25.24198046856787,
  "mean_latency_ms": 0.8686177587757508,
  "risk_mean": 0.9024307555155334,
  "risk_p05": 0.498597408130423,
  "risk_p25": 1.0,
  "risk_p50": 1.0,
  "risk_p75": 1.0,
  "risk_p95": 1.0,
  "separation_risk_mean": 0.127681562019629,
  "congestion_risk_mean": 0.07956781102012497,
  "speed_risk_mean": 0.9687969839341743,
  "uncertainty_risk_mean": 0.64,
  "human_activation_count": 124,
  "cooldown_skips": 26,
  "suppressed_request_count": 26,
  "suppressed_critical_count": 0,
  "cooldown_release_count": 119,
  "critical_override_count": 119,
  "critical_trigger_rate": 0.7933333333333333,
  "trigger_active_rate": 1.0,
  "confidence_mean": 0.8076432180839082,
  "false_intervention_rate": 0.07258064516129033,
  "repeated_intervention_rate": 0.9435483870967742,
  "post_intervention_violation_rate": 0.35074626865671643,
  "mean_drift_after_intervention": 13.583637958492469,
  "min_predicted_distance_mean": 5.2970028396298465
}