{
  "violation_rate": 0.04,
  "collision_rate": 0.0,
  "near_miss_rate": 0.26666666666666666,
  "intervention_rate": 0.66,
  "override_success_rate": 0.9393939393939394,
  "mean_intervention_delay": 0.0,
  "operator_workload": 0.66,
  "mean_drift": 12.92005061319317,
  "p95_drift": 33.865391105036515,
  "mean_latency_ms": 0.43194277367244166,
  "risk_mean": 0.7380956244482021,
  "risk_p05": 0.24599999999982924,
  "risk_p25": 0.24599999999994598,
  "risk_p50": 1.0,
  "risk_p75": 1.0,
  "risk_p95": 1.0,
  "separation_risk_mean": 0.23696149625352714,
  "congestion_risk_mean": 0.12097043047588055,
  "speed_risk_mean": 0.989769776959889,
  "uncertainty_risk_mean": 0.64,
  "human_activation_count": 99,
  "cooldown_skips": 11,
  "suppressed_request_count": 11,
  "suppressed_critical_count": 0,
  "cooldown_release_count": 97,
  "critical_override_count": 97,
  "critical_trigger_rate": 0.6466666666666666,
  "trigger_active_rate": 0.7,
  "confidence_mean": 0.9500000000000002,
  "false_intervention_rate": 0.04040404040404041,
  "repeated_intervention_rate": 0.9595959595959596,
  "post_intervention_violation_rate": 0.05825242718446602,
  "mean_drift_after_intervention": 14.140938206045778,
  "min_predicted_distance_mean": 4.530284400702361
}