{
  "violation_rate": 0.02666666666666667,
  "collision_rate": 0.0,
  "near_miss_rate": 0.0,
  "intervention_rate": 0.16666666666666666,
  "override_success_rate": 0.92,
  "mean_intervention_delay": 0.0,
  "operator_workload": 0.16666666666666666,
  "mean_drift": 14.22132746544067,
  "p95_drift": 25.909411392635786,
  "mean_latency_ms": 0.4233658544641609,
  "risk_mean": 0.30168063890334085,
  "risk_p95": 0.4608099762666753,
  "separation_risk_mean": 0.0934634683342052,
  "congestion_risk_mean": 0.05448831261188912,
  "speed_risk_mean": 0.9999999999998415,
  "uncertainty_risk_mean": 0.64,
  "human_activation_count": 25,
  "cooldown_skips": 125,
  "trigger_active_rate": 1.0,
  "confidence_mean": 0.9500000000000002,
  "false_intervention_rate": 0.2
}