{
  "violation_rate": 0.13333333333333333,
  "collision_rate": 0.0,
  "near_miss_rate": 0.36,
  "intervention_rate": 0.8133333333333334,
  "override_success_rate": 0.8360655737704918,
  "mean_intervention_delay": 0.0,
  "operator_workload": 0.8133333333333334,
  "mean_drift": 12.404668045784682,
  "p95_drift": 28.90197090529079,
  "mean_latency_ms": 0.6667246979971727,
  "risk_mean": 0.8385874795041411,
  "risk_p05": 0.24599999999988328,
  "risk_p25": 1.0,
  "risk_p50": 1.0,
  "risk_p75": 1.0,
  "risk_p95": 1.0,
  "separation_risk_mean": 0.20744521193029627,
  "congestion_risk_mean": 0.1801130452315959,
  "speed_risk_mean": 0.9767383399041111,
  "uncertainty_risk_mean": 0.6379323874773102,
  "human_activation_count": 122,
  "cooldown_skips": 28,
  "suppressed_request_count": 28,
  "suppressed_critical_count": 0,
  "cooldown_release_count": 117,
  "critical_override_count": 117,
  "critical_trigger_rate": 0.78,
  "trigger_active_rate": 1.0,
  "confidence_mean": 0.9000000000000004,
  "false_intervention_rate": 0.08196721311475409,
  "repeated_intervention_rate": 0.9426229508196722,
  "post_intervention_violation_rate": 0.15037593984962405,
  "mean_drift_after_intervention": 13.728694601226726,
  "min_predicted_distance_mean": 5.008130436124047
}