{
  "violation_rate": 0.06666666666666667,
  "collision_rate": 0.0,
  "near_miss_rate": 0.006666666666666667,
  "intervention_rate": 0.7933333333333333,
  "override_success_rate": 0.9159663865546218,
  "mean_intervention_delay": 0.0,
  "operator_workload": 0.7933333333333333,
  "mean_drift": 9.387924612674494,
  "p95_drift": 20.97754012348805,
  "mean_latency_ms": 0.5121016579990586,
  "risk_mean": 0.831722045156372,
  "risk_p05": 0.26999999999991076,
  "risk_p25": 0.7625011771705873,
  "risk_p50": 1.0,
  "risk_p75": 1.0,
  "risk_p95": 1.0,
  "separation_risk_mean": 0.02497043752227361,
  "congestion_risk_mean": 0.016881729893578393,
  "speed_risk_mean": 0.8673292961676001,
  "uncertainty_risk_mean": 1.0,
  "human_activation_count": 119,
  "cooldown_skips": 31,
  "suppressed_request_count": 31,
  "suppressed_critical_count": 0,
  "cooldown_release_count": 112,
  "critical_override_count": 112,
  "critical_trigger_rate": 0.7466666666666667,
  "trigger_active_rate": 1.0,
  "confidence_mean": 0.9500000000000002,
  "false_intervention_rate": 0.09243697478991597,
  "repeated_intervention_rate": 0.9327731092436975,
  "post_intervention_violation_rate": 0.07633587786259542,
  "mean_drift_after_intervention": 10.87790665028031,
  "min_predicted_distance_mean": 12.636467782782203
}