{
  "violation_rate": 0.09333333333333334,
  "collision_rate": 0.0,
  "near_miss_rate": 0.04,
  "intervention_rate": 0.96,
  "override_success_rate": 0.9027777777777778,
  "mean_intervention_delay": 0.0,
  "operator_workload": 0.96,
  "mean_drift": 13.222520508578738,
  "p95_drift": 28.393831615297188,
  "mean_latency_ms": 0.5606144022506973,
  "risk_mean": 0.9698399999999985,
  "risk_p05": 1.0,
  "risk_p25": 1.0,
  "risk_p50": 1.0,
  "risk_p75": 1.0,
  "risk_p95": 1.0,
  "separation_risk_mean": 0.09215436834687762,
  "congestion_risk_mean": 0.038709621246498606,
  "speed_risk_mean": 0.9781039460960237,
  "uncertainty_risk_mean": 0.64,
  "human_activation_count": 144,
  "cooldown_skips": 0,
  "suppressed_request_count": 0,
  "suppressed_critical_count": 0,
  "cooldown_release_count": 144,
  "critical_override_count": 144,
  "critical_trigger_rate": 0.96,
  "trigger_active_rate": 0.96,
  "confidence_mean": 0.9500000000000002,
  "false_intervention_rate": 0.027777777777777776,
  "repeated_intervention_rate": 0.9930555555555556,
  "post_intervention_violation_rate": 0.0979020979020979,
  "mean_drift_after_intervention": 12.989292370737628,
  "min_predicted_distance_mean": 5.567603921426986
}