{
  "violation_rate": 0.0,
  "collision_rate": 0.0,
  "near_miss_rate": 0.05333333333333334,
  "intervention_rate": 0.03333333333333333,
  "override_success_rate": 1.0,
  "mean_intervention_delay": 0.0,
  "operator_workload": 0.03333333333333333,
  "mean_drift": 10.009035865892411,
  "p95_drift": 18.68024614307548,
  "mean_latency_ms": 0.8075636200373992,
  "risk_mean": 0.27816129436777604,
  "risk_p95": 0.5367925067373441,
  "separation_risk_mean": 0.09657337380434308,
  "congestion_risk_mean": 0.054822889092343216,
  "speed_risk_mean": 0.8333170258849054,
  "uncertainty_risk_mean": 0.64,
  "human_activation_count": 5,
  "cooldown_skips": 25,
  "trigger_active_rate": 0.16666666666666666,
  "confidence_mean": 0.9500000000000002,
  "false_intervention_rate": 0.8
}