{
  "violation_rate": 0.04666666666666667,
  "collision_rate": 0.0,
  "near_miss_rate": 1.12,
  "intervention_rate": 0.82,
  "override_success_rate": 0.943089430894309,
  "mean_intervention_delay": 0.0,
  "operator_workload": 0.82,
  "mean_drift": 8.411684327877431,
  "p95_drift": 24.726180675606084,
  "mean_latency_ms": 2.1359497060378394,
  "risk_mean": 0.9307806877561833,
  "risk_p05": 0.6080392020987734,
  "risk_p25": 1.0,
  "risk_p50": 1.0,
  "risk_p75": 1.0,
  "risk_p95": 1.0,
  "separation_risk_mean": 0.420917645534284,
  "congestion_risk_mean": 0.1907247993981879,
  "speed_risk_mean": 0.8700008538542229,
  "uncertainty_risk_mean": 0.6373190812311841,
  "human_activation_count": 123,
  "cooldown_skips": 27,
  "suppressed_request_count": 27,
  "suppressed_critical_count": 0,
  "cooldown_release_count": 121,
  "critical_override_count": 121,
  "critical_trigger_rate": 0.8066666666666666,
  "trigger_active_rate": 1.0,
  "confidence_mean": 0.9500000000000002,
  "false_intervention_rate": 0.024390243902439025,
  "repeated_intervention_rate": 0.9186991869918699,
  "post_intervention_violation_rate": 0.051094890510948905,
  "mean_drift_after_intervention": 9.327588757410103,
  "min_predicted_distance_mean": 1.7749518578681185
}