{
  "violation_rate": 0.7866666666666666,
  "collision_rate": 0.09333333333333334,
  "near_miss_rate": 0.11333333333333333,
  "intervention_rate": 0.86,
  "override_success_rate": 0.08527131782945736,
  "mean_intervention_delay": 10.0,
  "operator_workload": 0.86,
  "mean_drift": 17.780773273994583,
  "p95_drift": 73.8477290429521,
  "mean_latency_ms": 2.3092355974949896,
  "risk_mean": 0.9197498571105464,
  "risk_p05": 0.455728965581868,
  "risk_p25": 1.0,
  "risk_p50": 1.0,
  "risk_p75": 1.0,
  "risk_p95": 1.0,
  "separation_risk_mean": 0.17554161705013316,
  "congestion_risk_mean": 0.11512043235759357,
  "speed_risk_mean": 0.9134425553092724,
  "uncertainty_risk_mean": 0.626922124494005,
  "human_activation_count": 129,
  "cooldown_skips": 21,
  "suppressed_request_count": 21,
  "suppressed_critical_count": 0,
  "cooldown_release_count": 125,
  "critical_override_count": 125,
  "critical_trigger_rate": 0.8333333333333334,
  "trigger_active_rate": 1.0,
  "confidence_mean": 0.24356892640431255,
  "false_intervention_rate": 0.06201550387596899,
  "repeated_intervention_rate": 0.9534883720930233,
  "post_intervention_violation_rate": 0.8540145985401459,
  "mean_drift_after_intervention": 19.580489892486927,
  "min_predicted_distance_mean": 6.036978128197935
}