{
  "violation_rate": 0.09333333333333334,
  "collision_rate": 0.0,
  "near_miss_rate": 0.18,
  "intervention_rate": 0.7866666666666666,
  "override_success_rate": 0.8813559322033898,
  "mean_intervention_delay": 0.0,
  "operator_workload": 0.7866666666666666,
  "mean_drift": 15.348332199521996,
  "p95_drift": 37.19605675613401,
  "mean_latency_ms": 0.572709454378734,
  "risk_mean": 0.8891797208749053,
  "risk_p05": 0.4874788141410903,
  "risk_p25": 0.677032678591277,
  "risk_p50": 1.0,
  "risk_p75": 1.0,
  "risk_p95": 1.0,
  "separation_risk_mean": 0.20241081081945153,
  "congestion_risk_mean": 0.12451532788620365,
  "speed_risk_mean": 0.9974540238786361,
  "uncertainty_risk_mean": 0.64,
  "human_activation_count": 118,
  "cooldown_skips": 32,
  "suppressed_request_count": 32,
  "suppressed_critical_count": 0,
  "cooldown_release_count": 111,
  "critical_override_count": 111,
  "critical_trigger_rate": 0.74,
  "trigger_active_rate": 1.0,
  "confidence_mean": 0.9500000000000002,
  "false_intervention_rate": 0.09322033898305085,
  "repeated_intervention_rate": 0.9322033898305084,
  "post_intervention_violation_rate": 0.10687022900763359,
  "mean_drift_after_intervention": 17.536786582083444,
  "min_predicted_distance_mean": 5.293819609532651
}