{
  "violation_rate": 0.06666666666666667,
  "collision_rate": 0.0,
  "near_miss_rate": 0.5533333333333333,
  "intervention_rate": 0.9533333333333334,
  "override_success_rate": 0.9300699300699301,
  "mean_intervention_delay": 0.0,
  "operator_workload": 0.9533333333333334,
  "mean_drift": 11.522987135082879,
  "p95_drift": 24.87616017747878,
  "mean_latency_ms": 0.5795550455028812,
  "risk_mean": 0.9636390521590389,
  "risk_p05": 1.0,
  "risk_p25": 1.0,
  "risk_p50": 1.0,
  "risk_p75": 1.0,
  "risk_p95": 1.0,
  "separation_risk_mean": 0.43929919631317904,
  "congestion_risk_mean": 0.25698415028605864,
  "speed_risk_mean": 0.8747868948672599,
  "uncertainty_risk_mean": 0.64,
  "human_activation_count": 143,
  "cooldown_skips": 0,
  "suppressed_request_count": 0,
  "suppressed_critical_count": 0,
  "cooldown_release_count": 143,
  "critical_override_count": 143,
  "critical_trigger_rate": 0.9533333333333334,
  "trigger_active_rate": 0.9533333333333334,
  "confidence_mean": 0.9500000000000002,
  "false_intervention_rate": 0.013986013986013986,
  "repeated_intervention_rate": 0.993006993006993,
  "post_intervention_violation_rate": 0.07042253521126761,
  "mean_drift_after_intervention": 11.224933161851984,
  "min_predicted_distance_mean": 3.9113844438893555
}