{
  "violation_rate": 0.0,
  "collision_rate": 0.0,
  "near_miss_rate": 0.02666666666666667,
  "intervention_rate": 1.0,
  "override_success_rate": 1.0,
  "mean_intervention_delay": 0.0,
  "operator_workload": 1.0,
  "mean_drift": 12.699776468044952,
  "p95_drift": 34.45277651852256,
  "mean_latency_ms": 0.259105286677368,
  "risk_mean": 0.27253829668971474,
  "risk_p95": 0.5252381023979041,
  "separation_risk_mean": 0.04280585650484159,
  "congestion_risk_mean": 0.036118658924238455,
  "speed_risk_mean": 0.9883901648594426,
  "uncertainty_risk_mean": 0.6399164786837332,
  "human_activation_count": 150,
  "cooldown_skips": 0,
  "trigger_active_rate": 1.0,
  "confidence_mean": 0.9500000000000002,
  "false_intervention_rate": 0.2866666666666667
}