{
  "violation_rate": 0.06666666666666667,
  "collision_rate": 0.0,
  "near_miss_rate": 0.31333333333333335,
  "intervention_rate": 0.7933333333333333,
  "override_success_rate": 0.9159663865546218,
  "mean_intervention_delay": 0.0,
  "operator_workload": 0.7933333333333333,
  "mean_drift": 14.831855288246723,
  "p95_drift": 32.32746659321354,
  "mean_latency_ms": 0.5772621502789358,
  "risk_mean": 0.9226704890296576,
  "risk_p05": 0.6391361886505799,
  "risk_p25": 1.0,
  "risk_p50": 1.0,
  "risk_p75": 1.0,
  "risk_p95": 1.0,
  "separation_risk_mean": 0.20169727610883204,
  "congestion_risk_mean": 0.14929643095461184,
  "speed_risk_mean": 0.9792497280527668,
  "uncertainty_risk_mean": 0.6395059469916106,
  "human_activation_count": 119,
  "cooldown_skips": 31,
  "suppressed_request_count": 31,
  "suppressed_critical_count": 0,
  "cooldown_release_count": 115,
  "critical_override_count": 115,
  "critical_trigger_rate": 0.7666666666666667,
  "trigger_active_rate": 1.0,
  "confidence_mean": 0.9500000000000002,
  "false_intervention_rate": 0.04201680672268908,
  "repeated_intervention_rate": 0.957983193277311,
  "post_intervention_violation_rate": 0.08,
  "mean_drift_after_intervention": 17.174912414516776,
  "min_predicted_distance_mean": 6.180067944925541
}