{
  "violation_rate": 0.06,
  "collision_rate": 0.0,
  "near_miss_rate": 0.2733333333333333,
  "intervention_rate": 0.86,
  "override_success_rate": 0.9302325581395349,
  "mean_intervention_delay": 0.0,
  "operator_workload": 0.86,
  "mean_drift": 14.988578115966964,
  "p95_drift": 32.289052796206306,
  "mean_latency_ms": 0.62331694100673,
  "risk_mean": 0.9448625989134933,
  "risk_p05": 0.6182387028875382,
  "risk_p25": 1.0,
  "risk_p50": 1.0,
  "risk_p75": 1.0,
  "risk_p95": 1.0,
  "separation_risk_mean": 0.18079779346353006,
  "congestion_risk_mean": 0.13897277747138412,
  "speed_risk_mean": 0.9797136405352113,
  "uncertainty_risk_mean": 0.6395059469916106,
  "human_activation_count": 129,
  "cooldown_skips": 21,
  "suppressed_request_count": 21,
  "suppressed_critical_count": 0,
  "cooldown_release_count": 128,
  "critical_override_count": 128,
  "critical_trigger_rate": 0.8533333333333334,
  "trigger_active_rate": 1.0,
  "confidence_mean": 0.9500000000000002,
  "false_intervention_rate": 0.046511627906976744,
  "repeated_intervention_rate": 0.9767441860465116,
  "post_intervention_violation_rate": 0.06870229007633588,
  "mean_drift_after_intervention": 16.339668638598493,
  "min_predicted_distance_mean": 6.3814241087543
}