{
  "violation_rate": 0.0,
  "collision_rate": 0.0,
  "near_miss_rate": 0.6733333333333333,
  "intervention_rate": 0.16666666666666666,
  "override_success_rate": 1.0,
  "mean_intervention_delay": 0.0,
  "operator_workload": 0.16666666666666666,
  "mean_drift": 4.557313331545333,
  "p95_drift": 11.550439057508383,
  "mean_latency_ms": 0.6980591535102576,
  "risk_mean": 0.5461160628444027,
  "risk_p95": 0.6744999999999264,
  "separation_risk_mean": 0.5511780694144796,
  "congestion_risk_mean": 0.300449453867672,
  "speed_risk_mean": 0.8464904542731257,
  "uncertainty_risk_mean": 0.64,
  "human_activation_count": 25,
  "cooldown_skips": 124,
  "trigger_active_rate": 0.9933333333333333,
  "confidence_mean": 0.9500000000000002,
  "false_intervention_rate": 0.32
}