{
  "violation_rate": 0.19333333333333333,
  "collision_rate": 0.0,
  "near_miss_rate": 0.0,
  "intervention_rate": 0.16666666666666666,
  "override_success_rate": 0.36,
  "mean_intervention_delay": 10.0,
  "operator_workload": 0.16666666666666666,
  "mean_drift": 15.397252946240778,
  "p95_drift": 32.77039305426176,
  "mean_latency_ms": 0.7391865861912569,
  "risk_mean": 0.2738560309975255,
  "risk_p95": 0.48948638832955,
  "separation_risk_mean": 0.047663713922001125,
  "congestion_risk_mean": 0.029438621488176414,
  "speed_risk_mean": 0.9936513624038726,
  "uncertainty_risk_mean": 0.64,
  "human_activation_count": 25,
  "cooldown_skips": 125,
  "trigger_active_rate": 1.0,
  "confidence_mean": 0.8130947531791306,
  "false_intervention_rate": 0.32
}