{
  "violation_rate": 0.06666666666666667,
  "collision_rate": 0.0,
  "near_miss_rate": 0.03333333333333333,
  "intervention_rate": 0.76,
  "override_success_rate": 0.9122807017543859,
  "mean_intervention_delay": 0.0,
  "operator_workload": 0.76,
  "mean_drift": 14.685950769133381,
  "p95_drift": 39.275484790230806,
  "mean_latency_ms": 0.41210723264763754,
  "risk_mean": 0.8056316381924569,
  "risk_p05": 0.28354946018623134,
  "risk_p25": 0.4630172533012158,
  "risk_p50": 1.0,
  "risk_p75": 1.0,
  "risk_p95": 1.0,
  "separation_risk_mean": 0.024034303627426506,
  "congestion_risk_mean": 0.02823208937565628,
  "speed_risk_mean": 0.9594402009394617,
  "uncertainty_risk_mean": 0.9945032160571785,
  "human_activation_count": 114,
  "cooldown_skips": 36,
  "suppressed_request_count": 36,
  "suppressed_critical_count": 0,
  "cooldown_release_count": 106,
  "critical_override_count": 106,
  "critical_trigger_rate": 0.7066666666666667,
  "trigger_active_rate": 1.0,
  "confidence_mean": 0.9500000000000002,
  "false_intervention_rate": 0.08771929824561403,
  "repeated_intervention_rate": 0.9210526315789473,
  "post_intervention_violation_rate": 0.078125,
  "mean_drift_after_intervention": 17.300155781704117,
  "min_predicted_distance_mean": 10.206209433756454
}