{
  "violation_rate": 0.13333333333333333,
  "collision_rate": 0.0,
  "near_miss_rate": 0.0,
  "intervention_rate": 0.8666666666666667,
  "override_success_rate": 0.8461538461538461,
  "mean_intervention_delay": 0.0,
  "operator_workload": 0.8666666666666667,
  "mean_drift": 16.586050255264748,
  "p95_drift": 31.05744220119617,
  "mean_latency_ms": 0.5288539035245776,
  "risk_mean": 0.8713991552289214,
  "risk_p05": 0.24599999999991562,
  "risk_p25": 1.0,
  "risk_p50": 1.0,
  "risk_p75": 1.0,
  "risk_p95": 1.0,
  "separation_risk_mean": 0.0454665118369913,
  "congestion_risk_mean": 0.021740138188243732,
  "speed_risk_mean": 0.9700788059573491,
  "uncertainty_risk_mean": 0.64,
  "human_activation_count": 130,
  "cooldown_skips": 20,
  "suppressed_request_count": 20,
  "suppressed_critical_count": 0,
  "cooldown_release_count": 120,
  "critical_override_count": 120,
  "critical_trigger_rate": 0.8,
  "trigger_active_rate": 1.0,
  "confidence_mean": 0.9500000000000002,
  "false_intervention_rate": 0.09230769230769231,
  "repeated_intervention_rate": 0.9153846153846154,
  "post_intervention_violation_rate": 0.1342281879194631,
  "mean_drift_after_intervention": 18.033651456485835,
  "min_predicted_distance_mean": 6.725433289993565
}