{
  "violation_rate": 0.04,
  "collision_rate": 0.0,
  "near_miss_rate": 0.2866666666666667,
  "intervention_rate": 0.8066666666666666,
  "override_success_rate": 0.9504132231404959,
  "mean_intervention_delay": 0.0,
  "operator_workload": 0.8066666666666666,
  "mean_drift": 8.016442507958002,
  "p95_drift": 21.549797278724217,
  "mean_latency_ms": 0.5767805734649301,
  "risk_mean": 0.8929183967780424,
  "risk_p05": 0.3962271722082397,
  "risk_p25": 1.0,
  "risk_p50": 1.0,
  "risk_p75": 1.0,
  "risk_p95": 1.0,
  "separation_risk_mean": 0.39975828369198363,
  "congestion_risk_mean": 0.2316432297081797,
  "speed_risk_mean": 0.8469534731456018,
  "uncertainty_risk_mean": 0.6293665706822452,
  "human_activation_count": 121,
  "cooldown_skips": 29,
  "suppressed_request_count": 29,
  "suppressed_critical_count": 0,
  "cooldown_release_count": 119,
  "critical_override_count": 119,
  "critical_trigger_rate": 0.7933333333333333,
  "trigger_active_rate": 1.0,
  "confidence_mean": 0.9500000000000002,
  "false_intervention_rate": 0.0743801652892562,
  "repeated_intervention_rate": 0.9586776859504132,
  "post_intervention_violation_rate": 0.046875,
  "mean_drift_after_intervention": 9.228524816098506,
  "min_predicted_distance_mean": 1.8940553979943817
}