{
  "violation_rate": 0.1,
  "collision_rate": 0.0,
  "near_miss_rate": 0.0,
  "intervention_rate": 0.9533333333333334,
  "override_success_rate": 0.8951048951048951,
  "mean_intervention_delay": 0.0,
  "operator_workload": 0.9533333333333334,
  "mean_drift": 10.32018441902055,
  "p95_drift": 23.475355766161588,
  "mean_latency_ms": 0.472466138501962,
  "risk_mean": 0.9648133333333305,
  "risk_p05": 1.0,
  "risk_p25": 1.0,
  "risk_p50": 1.0,
  "risk_p75": 1.0,
  "risk_p95": 1.0,
  "separation_risk_mean": 0.0,
  "congestion_risk_mean": 0.0,
  "speed_risk_mean": 0.9442793902511414,
  "uncertainty_risk_mean": 0.64,
  "human_activation_count": 143,
  "cooldown_skips": 3,
  "suppressed_request_count": 3,
  "suppressed_critical_count": 0,
  "cooldown_release_count": 143,
  "critical_override_count": 143,
  "critical_trigger_rate": 0.9533333333333334,
  "trigger_active_rate": 0.9733333333333334,
  "confidence_mean": 0.9500000000000002,
  "false_intervention_rate": 0.02097902097902098,
  "repeated_intervention_rate": 0.986013986013986,
  "post_intervention_violation_rate": 0.10416666666666667,
  "mean_drift_after_intervention": 9.990031374138278,
  "min_predicted_distance_mean": 8.34040177218457
}