{
  "violation_rate": 0.1,
  "collision_rate": 0.0,
  "near_miss_rate": 0.3933333333333333,
  "intervention_rate": 0.16666666666666666,
  "override_success_rate": 0.6,
  "mean_intervention_delay": 0.0,
  "operator_workload": 0.16666666666666666,
  "mean_drift": 14.911278012055947,
  "p95_drift": 28.383633998142965,
  "mean_latency_ms": 0.5498194471389676,
  "risk_mean": 0.4795933964517988,
  "risk_p95": 0.6744999999999839,
  "separation_risk_mean": 0.40299020930025764,
  "congestion_risk_mean": 0.2291724027605276,
  "speed_risk_mean": 0.9672102817745039,
  "uncertainty_risk_mean": 0.6391543954025022,
  "human_activation_count": 25,
  "cooldown_skips": 125,
  "trigger_active_rate": 1.0,
  "confidence_mean": 0.5,
  "false_intervention_rate": 0.24
}