{
  "violation_rate": 0.14666666666666667,
  "collision_rate": 0.0,
  "near_miss_rate": 0.16666666666666666,
  "intervention_rate": 0.82,
  "override_success_rate": 0.8211382113821138,
  "mean_intervention_delay": 0.0,
  "operator_workload": 0.82,
  "mean_drift": 9.841228441990815,
  "p95_drift": 25.30127152867392,
  "mean_latency_ms": 0.6526089234588047,
  "risk_mean": 0.8638556714366638,
  "risk_p05": 0.2159999999999228,
  "risk_p25": 1.0,
  "risk_p50": 1.0,
  "risk_p75": 1.0,
  "risk_p95": 1.0,
  "separation_risk_mean": 0.23022008009353853,
  "congestion_risk_mean": 0.11290925025708072,
  "speed_risk_mean": 0.9379510191553141,
  "uncertainty_risk_mean": 0.6390748144865775,
  "human_activation_count": 123,
  "cooldown_skips": 25,
  "suppressed_request_count": 25,
  "suppressed_critical_count": 0,
  "cooldown_release_count": 118,
  "critical_override_count": 118,
  "critical_trigger_rate": 0.7866666666666666,
  "trigger_active_rate": 0.9866666666666667,
  "confidence_mean": 0.9000000000000004,
  "false_intervention_rate": 0.08130081300813008,
  "repeated_intervention_rate": 0.943089430894309,
  "post_intervention_violation_rate": 0.16417910447761194,
  "mean_drift_after_intervention": 10.855244931102485,
  "min_predicted_distance_mean": 3.377520147084717
}