{
  "violation_rate": 0.7133333333333334,
  "collision_rate": 0.0,
  "near_miss_rate": 0.02,
  "intervention_rate": 0.78,
  "override_success_rate": 0.08547008547008547,
  "mean_intervention_delay": 3.0,
  "operator_workload": 0.78,
  "mean_drift": 24.311091018850313,
  "p95_drift": 70.25054411400829,
  "mean_latency_ms": 2.0793136209249496,
  "risk_mean": 0.8129310825147049,
  "risk_p05": 0.24599999999993272,
  "risk_p25": 0.6439296597411635,
  "risk_p50": 1.0,
  "risk_p75": 1.0,
  "risk_p95": 1.0,
  "separation_risk_mean": 0.02213757954366025,
  "congestion_risk_mean": 0.018243904429789588,
  "speed_risk_mean": 0.9979192068990431,
  "uncertainty_risk_mean": 0.6385798749626165,
  "human_activation_count": 117,
  "cooldown_skips": 33,
  "suppressed_request_count": 33,
  "suppressed_critical_count": 0,
  "cooldown_release_count": 110,
  "critical_override_count": 110,
  "critical_trigger_rate": 0.7333333333333333,
  "trigger_active_rate": 1.0,
  "confidence_mean": 0.6156694223456737,
  "false_intervention_rate": 0.07692307692307693,
  "repeated_intervention_rate": 0.9316239316239316,
  "post_intervention_violation_rate": 0.823076923076923,
  "mean_drift_after_intervention": 28.254714481535533,
  "min_predicted_distance_mean": 4.545737108249135
}