{
  "violation_rate": 0.12,
  "collision_rate": 0.006666666666666667,
  "near_miss_rate": 2.74,
  "intervention_rate": 0.98,
  "override_success_rate": 0.8775510204081632,
  "mean_intervention_delay": 0.0,
  "operator_workload": 0.98,
  "mean_drift": 11.036978319175933,
  "p95_drift": 25.50033717422019,
  "mean_latency_ms": 7.409268351426969,
  "risk_mean": 0.9932147466790657,
  "risk_p05": 1.0,
  "risk_p25": 1.0,
  "risk_p50": 1.0,
  "risk_p75": 1.0,
  "risk_p95": 1.0,
  "separation_risk_mean": 0.7162565240758276,
  "congestion_risk_mean": 0.4390718426143843,
  "speed_risk_mean": 0.9408331995562474,
  "uncertainty_risk_mean": 0.6389155826074875,
  "human_activation_count": 147,
  "cooldown_skips": 3,
  "suppressed_request_count": 3,
  "suppressed_critical_count": 0,
  "cooldown_release_count": 147,
  "critical_override_count": 147,
  "critical_trigger_rate": 0.98,
  "trigger_active_rate": 1.0,
  "confidence_mean": 0.9500000000000002,
  "false_intervention_rate": 0.006802721088435374,
  "repeated_intervention_rate": 0.9727891156462585,
  "post_intervention_violation_rate": 0.12080536912751678,
  "mean_drift_after_intervention": 11.21268640231032,
  "min_predicted_distance_mean": 0.1986955914369157
}