{
  "violation_rate": 0.11333333333333333,
  "collision_rate": 0.0,
  "near_miss_rate": 0.07333333333333333,
  "intervention_rate": 0.16666666666666666,
  "override_success_rate": 0.52,
  "mean_intervention_delay": 3.0,
  "operator_workload": 0.16666666666666666,
  "mean_drift": 15.531686606566124,
  "p95_drift": 36.26857552291207,
  "mean_latency_ms": 0.4116416732237364,
  "risk_mean": 0.28647183565167145,
  "risk_p95": 0.6424827334934518,
  "separation_risk_mean": 0.06579287945244948,
  "congestion_risk_mean": 0.04955018406799313,
  "speed_risk_mean": 0.9913511583009947,
  "uncertainty_risk_mean": 0.6384988009061447,
  "human_activation_count": 25,
  "cooldown_skips": 125,
  "trigger_active_rate": 1.0,
  "confidence_mean": 0.8785618423815542,
  "false_intervention_rate": 0.28
}