{
  "violation_rate": 0.013333333333333334,
  "collision_rate": 0.0,
  "near_miss_rate": 0.16666666666666666,
  "intervention_rate": 0.15333333333333332,
  "override_success_rate": 0.9130434782608695,
  "mean_intervention_delay": 0.0,
  "operator_workload": 0.15333333333333332,
  "mean_drift": 7.448641835751883,
  "p95_drift": 26.2227216833321,
  "mean_latency_ms": 0.22928781991746897,
  "risk_mean": 0.32807019050156316,
  "risk_p95": 0.6094764819698016,
  "separation_risk_mean": 0.1919167538886601,
  "congestion_risk_mean": 0.1246349029349764,
  "speed_risk_mean": 0.7646476570731314,
  "uncertainty_risk_mean": 0.6390118463796821,
  "human_activation_count": 23,
  "cooldown_skips": 115,
  "trigger_active_rate": 0.86,
  "confidence_mean": 0.9500000000000002,
  "false_intervention_rate": 0.17391304347826086
}