{
  "violation_rate": 0.06666666666666667,
  "collision_rate": 0.006666666666666667,
  "near_miss_rate": 1.1466666666666667,
  "intervention_rate": 0.8133333333333334,
  "override_success_rate": 0.9180327868852459,
  "mean_intervention_delay": 0.0,
  "operator_workload": 0.8133333333333334,
  "mean_drift": 2.2979242450313557,
  "p95_drift": 6.331034291493356,
  "mean_latency_ms": 0.6922705184357861,
  "risk_mean": 0.9199167970252362,
  "risk_p05": 0.5484406778990565,
  "risk_p25": 1.0,
  "risk_p50": 1.0,
  "risk_p75": 1.0,
  "risk_p95": 1.0,
  "separation_risk_mean": 0.7178719247686915,
  "congestion_risk_mean": 0.46653551136463883,
  "speed_risk_mean": 0.603895801803367,
  "uncertainty_risk_mean": 0.6190906207197382,
  "human_activation_count": 122,
  "cooldown_skips": 28,
  "suppressed_request_count": 28,
  "suppressed_critical_count": 0,
  "cooldown_release_count": 122,
  "critical_override_count": 122,
  "critical_trigger_rate": 0.8133333333333334,
  "trigger_active_rate": 1.0,
  "confidence_mean": 0.9500000000000002,
  "false_intervention_rate": 0.03278688524590164,
  "repeated_intervention_rate": 0.9016393442622951,
  "post_intervention_violation_rate": 0.07194244604316546,
  "mean_drift_after_intervention": 2.3269523557359415,
  "min_predicted_distance_mean": 0.6593178509223393
}