{
  "violation_rate": 0.04,
  "collision_rate": 0.0,
  "near_miss_rate": 0.0,
  "intervention_rate": 0.16666666666666666,
  "override_success_rate": 0.88,
  "mean_intervention_delay": 1.0,
  "operator_workload": 0.16666666666666666,
  "mean_drift": 15.355945986085192,
  "p95_drift": 32.04504919061079,
  "mean_latency_ms": 0.2662347591831349,
  "risk_mean": 0.27388099992044346,
  "risk_p95": 0.48948638832955,
  "separation_risk_mean": 0.047663713922001125,
  "congestion_risk_mean": 0.02929680635753563,
  "speed_risk_mean": 0.9940541804410608,
  "uncertainty_risk_mean": 0.64,
  "human_activation_count": 25,
  "cooldown_skips": 125,
  "trigger_active_rate": 1.0,
  "confidence_mean": 0.9212990359040137,
  "false_intervention_rate": 0.32
}