{
  "violation_rate": 0.02,
  "collision_rate": 0.006666666666666667,
  "near_miss_rate": 0.8266666666666667,
  "intervention_rate": 0.8133333333333334,
  "override_success_rate": 0.9754098360655737,
  "mean_intervention_delay": 0.0,
  "operator_workload": 0.8133333333333334,
  "mean_drift": 6.704251454621229,
  "p95_drift": 22.40942935807507,
  "mean_latency_ms": 2.133931350739052,
  "risk_mean": 0.8989968049631701,
  "risk_p05": 0.4536126370978009,
  "risk_p25": 1.0,
  "risk_p50": 1.0,
  "risk_p75": 1.0,
  "risk_p95": 1.0,
  "separation_risk_mean": 0.4600835165463361,
  "congestion_risk_mean": 0.20584250835287635,
  "speed_risk_mean": 0.805299274375736,
  "uncertainty_risk_mean": 0.6348482787331008,
  "human_activation_count": 122,
  "cooldown_skips": 28,
  "suppressed_request_count": 28,
  "suppressed_critical_count": 0,
  "cooldown_release_count": 118,
  "critical_override_count": 118,
  "critical_trigger_rate": 0.7866666666666666,
  "trigger_active_rate": 1.0,
  "confidence_mean": 0.9500000000000002,
  "false_intervention_rate": 0.04918032786885246,
  "repeated_intervention_rate": 0.9262295081967213,
  "post_intervention_violation_rate": 0.014705882352941176,
  "mean_drift_after_intervention": 7.577095894929353,
  "min_predicted_distance_mean": 1.5045172145621895
}