{
  "violation_rate": 0.36666666666666664,
  "collision_rate": 0.03333333333333333,
  "near_miss_rate": 0.3333333333333333,
  "intervention_rate": 0.7666666666666667,
  "override_success_rate": 0.5217391304347826,
  "mean_intervention_delay": 1.0,
  "operator_workload": 0.7666666666666667,
  "mean_drift": 11.463694783383676,
  "p95_drift": 19.517719180857874,
  "mean_latency_ms": 1.0411505781424542,
  "risk_mean": 0.8150216288491537,
  "risk_p05": 0.24599999999987693,
  "risk_p25": 0.5524047330858398,
  "risk_p50": 1.0,
  "risk_p75": 1.0,
  "risk_p95": 1.0,
  "separation_risk_mean": 0.5494978017488017,
  "congestion_risk_mean": 0.3159926794095925,
  "speed_risk_mean": 0.9723331693520176,
  "uncertainty_risk_mean": 0.6355500939229817,
  "human_activation_count": 115,
  "cooldown_skips": 35,
  "suppressed_request_count": 35,
  "suppressed_critical_count": 0,
  "cooldown_release_count": 108,
  "critical_override_count": 108,
  "critical_trigger_rate": 0.72,
  "trigger_active_rate": 1.0,
  "confidence_mean": 0.8179755651584631,
  "false_intervention_rate": 0.0782608695652174,
  "repeated_intervention_rate": 0.9304347826086956,
  "post_intervention_violation_rate": 0.421875,
  "mean_drift_after_intervention": 13.463567131529645,
  "min_predicted_distance_mean": 1.058503724952917
}