{
  "violation_rate": 0.74,
  "collision_rate": 0.0,
  "near_miss_rate": 0.08,
  "intervention_rate": 0.7866666666666666,
  "override_success_rate": 0.059322033898305086,
  "mean_intervention_delay": 5.0,
  "operator_workload": 0.7866666666666666,
  "mean_drift": 12.591763919803265,
  "p95_drift": 23.20617717896375,
  "mean_latency_ms": 2.116161664792647,
  "risk_mean": 0.8406468034973085,
  "risk_p05": 0.24599999999989342,
  "risk_p25": 0.7978625932406103,
  "risk_p50": 1.0,
  "risk_p75": 1.0,
  "risk_p95": 1.0,
  "separation_risk_mean": 0.06665500472425227,
  "congestion_risk_mean": 0.05861358329415801,
  "speed_risk_mean": 0.9419656005232243,
  "uncertainty_risk_mean": 0.6318149029616856,
  "human_activation_count": 118,
  "cooldown_skips": 32,
  "suppressed_request_count": 32,
  "suppressed_critical_count": 0,
  "cooldown_release_count": 112,
  "critical_override_count": 112,
  "critical_trigger_rate": 0.7466666666666667,
  "trigger_active_rate": 1.0,
  "confidence_mean": 0.47759523570212453,
  "false_intervention_rate": 0.059322033898305086,
  "repeated_intervention_rate": 0.923728813559322,
  "post_intervention_violation_rate": 0.8257575757575758,
  "mean_drift_after_intervention": 14.60593076664076,
  "min_predicted_distance_mean": 4.4776616252008035
}