{
  "violation_rate": 0.0,
  "collision_rate": 0.0,
  "near_miss_rate": 0.02666666666666667,
  "intervention_rate": 0.02,
  "override_success_rate": 1.0,
  "mean_intervention_delay": 0.0,
  "operator_workload": 0.02,
  "mean_drift": 12.699892958186233,
  "p95_drift": 34.4761316934673,
  "mean_latency_ms": 0.5400550128736844,
  "risk_mean": 0.27176605738745574,
  "risk_p95": 0.5280612894235596,
  "separation_risk_mean": 0.041648137566953417,
  "congestion_risk_mean": 0.03501602576861615,
  "speed_risk_mean": 0.9885527815840848,
  "uncertainty_risk_mean": 0.6399164786837332,
  "human_activation_count": 3,
  "cooldown_skips": 15,
  "trigger_active_rate": 0.11333333333333333,
  "confidence_mean": 0.9500000000000002,
  "false_intervention_rate": 1.0
}