{
  "violation_rate": 0.12,
  "collision_rate": 0.0,
  "near_miss_rate": 0.41333333333333333,
  "intervention_rate": 0.9733333333333334,
  "override_success_rate": 0.8767123287671232,
  "mean_intervention_delay": 0.0,
  "operator_workload": 0.9733333333333334,
  "mean_drift": 14.22925969679318,
  "p95_drift": 28.15349504524597,
  "mean_latency_ms": 0.7118358432004849,
  "risk_mean": 0.9798933333333321,
  "risk_p05": 1.0,
  "risk_p25": 1.0,
  "risk_p50": 1.0,
  "risk_p75": 1.0,
  "risk_p95": 1.0,
  "separation_risk_mean": 0.37429430857213003,
  "congestion_risk_mean": 0.20279948831317038,
  "speed_risk_mean": 0.9955700536397478,
  "uncertainty_risk_mean": 0.64,
  "human_activation_count": 146,
  "cooldown_skips": 0,
  "suppressed_request_count": 0,
  "suppressed_critical_count": 0,
  "cooldown_release_count": 146,
  "critical_override_count": 146,
  "critical_trigger_rate": 0.9733333333333334,
  "trigger_active_rate": 0.9733333333333334,
  "confidence_mean": 0.9500000000000002,
  "false_intervention_rate": 0.0273972602739726,
  "repeated_intervention_rate": 0.9931506849315068,
  "post_intervention_violation_rate": 0.12413793103448276,
  "mean_drift_after_intervention": 14.179145185544542,
  "min_predicted_distance_mean": 4.750141789410583
}