{
  "violation_rate": 0.08666666666666667,
  "collision_rate": 0.006666666666666667,
  "near_miss_rate": 0.52,
  "intervention_rate": 1.0,
  "override_success_rate": 0.9133333333333333,
  "mean_intervention_delay": 0.0,
  "operator_workload": 1.0,
  "mean_drift": 16.206036659503592,
  "p95_drift": 48.900082628565,
  "mean_latency_ms": 0.6815821669685344,
  "risk_mean": 0.8608584569558453,
  "risk_p05": 0.35410569745076387,
  "risk_p25": 0.5692972626262781,
  "risk_p50": 1.0,
  "risk_p75": 1.0,
  "risk_p95": 1.0,
  "separation_risk_mean": 0.5977694311311184,
  "congestion_risk_mean": 0.3269662150354268,
  "speed_risk_mean": 0.9655658001529194,
  "uncertainty_risk_mean": 0.6345516151331257,
  "human_activation_count": 150,
  "cooldown_skips": 0,
  "suppressed_request_count": 0,
  "suppressed_critical_count": 0,
  "cooldown_release_count": 111,
  "critical_override_count": 111,
  "critical_trigger_rate": 0.74,
  "trigger_active_rate": 1.0,
  "confidence_mean": 0.9500000000000002,
  "false_intervention_rate": 0.29333333333333333,
  "repeated_intervention_rate": 0.9933333333333333,
  "post_intervention_violation_rate": 0.08053691275167785,
  "mean_drift_after_intervention": 16.206036659503592,
  "min_predicted_distance_mean": 1.252530328828864
}