{
  "violation_rate": 0.6666666666666666,
  "collision_rate": 0.0,
  "near_miss_rate": 0.02666666666666667,
  "intervention_rate": 0.8,
  "override_success_rate": 0.16666666666666666,
  "mean_intervention_delay": 0.0,
  "operator_workload": 0.8,
  "mean_drift": 10.692857410978698,
  "p95_drift": 28.75725429330537,
  "mean_latency_ms": 1.7885402644363542,
  "risk_mean": 0.8439435213400651,
  "risk_p05": 0.21599999999992003,
  "risk_p25": 1.0,
  "risk_p50": 1.0,
  "risk_p75": 1.0,
  "risk_p95": 1.0,
  "separation_risk_mean": 0.053969490008756615,
  "congestion_risk_mean": 0.02493454153338532,
  "speed_risk_mean": 0.93521171080541,
  "uncertainty_risk_mean": 0.6390748144865775,
  "human_activation_count": 120,
  "cooldown_skips": 22,
  "suppressed_request_count": 22,
  "suppressed_critical_count": 0,
  "cooldown_release_count": 115,
  "critical_override_count": 115,
  "critical_trigger_rate": 0.7666666666666667,
  "trigger_active_rate": 0.9466666666666667,
  "confidence_mean": 0.5,
  "false_intervention_rate": 0.058333333333333334,
  "repeated_intervention_rate": 0.95,
  "post_intervention_violation_rate": 0.7751937984496124,
  "mean_drift_after_intervention": 12.054094610683732,
  "min_predicted_distance_mean": 4.537157321069361
}