{
  "violation_rate": 0.0,
  "collision_rate": 0.0,
  "near_miss_rate": 0.05333333333333334,
  "intervention_rate": 0.16666666666666666,
  "override_success_rate": 1.0,
  "mean_intervention_delay": 0.0,
  "operator_workload": 0.16666666666666666,
  "mean_drift": 6.442242158623865,
  "p95_drift": 19.166716533919338,
  "mean_latency_ms": 0.28903281277356047,
  "risk_mean": 0.3076598754139593,
  "risk_p95": 0.5216451234314481,
  "separation_risk_mean": 0.1257069365027715,
  "congestion_risk_mean": 0.0829638777032231,
  "speed_risk_mean": 0.8956718970793754,
  "uncertainty_risk_mean": 0.64,
  "human_activation_count": 25,
  "cooldown_skips": 125,
  "trigger_active_rate": 1.0,
  "confidence_mean": 0.9500000000000002,
  "false_intervention_rate": 0.36
}