{
  "violation_rate": 0.32,
  "collision_rate": 0.006666666666666667,
  "near_miss_rate": 0.04,
  "intervention_rate": 0.8,
  "override_success_rate": 0.6,
  "mean_intervention_delay": 1.0,
  "operator_workload": 0.8,
  "mean_drift": 10.286530864737042,
  "p95_drift": 23.826441898053208,
  "mean_latency_ms": 0.8554966646867493,
  "risk_mean": 0.8535990527561379,
  "risk_p05": 0.2459999999998878,
  "risk_p25": 1.0,
  "risk_p50": 1.0,
  "risk_p75": 1.0,
  "risk_p95": 1.0,
  "separation_risk_mean": 0.07777989302084888,
  "congestion_risk_mean": 0.04573793271901295,
  "speed_risk_mean": 0.8970220589992425,
  "uncertainty_risk_mean": 0.64,
  "human_activation_count": 120,
  "cooldown_skips": 30,
  "suppressed_request_count": 30,
  "suppressed_critical_count": 0,
  "cooldown_release_count": 115,
  "critical_override_count": 115,
  "critical_trigger_rate": 0.7666666666666667,
  "trigger_active_rate": 1.0,
  "confidence_mean": 0.8122353723392659,
  "false_intervention_rate": 0.1,
  "repeated_intervention_rate": 0.9333333333333333,
  "post_intervention_violation_rate": 0.3560606060606061,
  "mean_drift_after_intervention": 11.179150485715036,
  "min_predicted_distance_mean": 5.080280281583889
}