{
  "violation_rate": 0.013333333333333334,
  "collision_rate": 0.0,
  "near_miss_rate": 0.14,
  "intervention_rate": 0.16666666666666666,
  "override_success_rate": 0.96,
  "mean_intervention_delay": 0.0,
  "operator_workload": 0.16666666666666666,
  "mean_drift": 10.595688663274336,
  "p95_drift": 32.56297948311665,
  "mean_latency_ms": 0.3122039339117085,
  "risk_mean": 0.27059590411129636,
  "risk_p95": 0.629845523813713,
  "separation_risk_mean": 0.099784083116065,
  "congestion_risk_mean": 0.070773670461546,
  "speed_risk_mean": 0.7466643272912042,
  "uncertainty_risk_mean": 0.64,
  "human_activation_count": 25,
  "cooldown_skips": 123,
  "trigger_active_rate": 0.9866666666666667,
  "confidence_mean": 0.9500000000000002,
  "false_intervention_rate": 0.24
}