{
  "violation_rate": 0.07333333333333333,
  "collision_rate": 0.013333333333333334,
  "near_miss_rate": 0.16666666666666666,
  "intervention_rate": 0.84,
  "override_success_rate": 0.9126984126984127,
  "mean_intervention_delay": 0.0,
  "operator_workload": 0.84,
  "mean_drift": 11.421380311618302,
  "p95_drift": 37.19540039811888,
  "mean_latency_ms": 0.5442211062957844,
  "risk_mean": 0.9117825319701218,
  "risk_p05": 0.3734403953940184,
  "risk_p25": 1.0,
  "risk_p50": 1.0,
  "risk_p75": 1.0,
  "risk_p95": 1.0,
  "separation_risk_mean": 0.14736016226522616,
  "congestion_risk_mean": 0.08618021141902212,
  "speed_risk_mean": 0.8867037496898761,
  "uncertainty_risk_mean": 0.6303359521773554,
  "human_activation_count": 126,
  "cooldown_skips": 24,
  "suppressed_request_count": 24,
  "suppressed_critical_count": 0,
  "cooldown_release_count": 126,
  "critical_override_count": 126,
  "critical_trigger_rate": 0.84,
  "trigger_active_rate": 0.98,
  "confidence_mean": 0.9500000000000002,
  "false_intervention_rate": 0.05555555555555555,
  "repeated_intervention_rate": 0.9682539682539683,
  "post_intervention_violation_rate": 0.07633587786259542,
  "mean_drift_after_intervention": 12.510003475545288,
  "min_predicted_distance_mean": 4.976730328605686
}