{
  "violation_rate": 0.0,
  "collision_rate": 0.0,
  "near_miss_rate": 0.03333333333333333,
  "intervention_rate": 0.7333333333333333,
  "override_success_rate": 1.0,
  "mean_intervention_delay": 0.0,
  "operator_workload": 0.7333333333333333,
  "mean_drift": 14.629067430532613,
  "p95_drift": 39.10003459713619,
  "mean_latency_ms": 0.461659684466819,
  "risk_mean": 0.7980836325953693,
  "risk_p05": 0.23621095752371524,
  "risk_p25": 0.4548086116282252,
  "risk_p50": 1.0,
  "risk_p75": 1.0,
  "risk_p95": 1.0,
  "separation_risk_mean": 0.020631304056139346,
  "congestion_risk_mean": 0.026217962684927546,
  "speed_risk_mean": 0.962034297122536,
  "uncertainty_risk_mean": 0.6337327368696979,
  "human_activation_count": 110,
  "cooldown_skips": 10,
  "suppressed_request_count": 10,
  "suppressed_critical_count": 0,
  "cooldown_release_count": 108,
  "critical_override_count": 108,
  "critical_trigger_rate": 0.72,
  "trigger_active_rate": 0.7866666666666666,
  "confidence_mean": 1.0,
  "false_intervention_rate": 0.05454545454545454,
  "repeated_intervention_rate": 0.9727272727272728,
  "post_intervention_violation_rate": 0.0,
  "mean_drift_after_intervention": 17.63477756899043,
  "min_predicted_distance_mean": 9.787723133233134
}