{
  "violation_rate": 0.08,
  "collision_rate": 0.0,
  "near_miss_rate": 0.02666666666666667,
  "intervention_rate": 0.7266666666666667,
  "override_success_rate": 0.8899082568807339,
  "mean_intervention_delay": 0.0,
  "operator_workload": 0.7266666666666667,
  "mean_drift": 13.442334262482861,
  "p95_drift": 30.16369945552309,
  "mean_latency_ms": 0.4493344264725844,
  "risk_mean": 0.7955242372632029,
  "risk_p05": 0.23065305671479974,
  "risk_p25": 0.42650421026939556,
  "risk_p50": 1.0,
  "risk_p75": 1.0,
  "risk_p95": 1.0,
  "separation_risk_mean": 0.02633255639450117,
  "congestion_risk_mean": 0.02276021819323907,
  "speed_risk_mean": 0.9644469982278782,
  "uncertainty_risk_mean": 0.64,
  "human_activation_count": 109,
  "cooldown_skips": 10,
  "suppressed_request_count": 10,
  "suppressed_critical_count": 0,
  "cooldown_release_count": 107,
  "critical_override_count": 107,
  "critical_trigger_rate": 0.7133333333333334,
  "trigger_active_rate": 0.78,
  "confidence_mean": 0.9500000000000002,
  "false_intervention_rate": 0.027522935779816515,
  "repeated_intervention_rate": 0.9724770642201835,
  "post_intervention_violation_rate": 0.10714285714285714,
  "mean_drift_after_intervention": 16.442053595000797,
  "min_predicted_distance_mean": 14.911668554978036
}