{
  "violation_rate": 0.12,
  "collision_rate": 0.0,
  "near_miss_rate": 0.24,
  "intervention_rate": 0.16666666666666666,
  "override_success_rate": 0.6,
  "mean_intervention_delay": 0.0,
  "operator_workload": 0.16666666666666666,
  "mean_drift": 10.345128964661821,
  "p95_drift": 27.571909483615947,
  "mean_latency_ms": 0.6912269263799923,
  "risk_mean": 0.5602822044708046,
  "risk_p95": 0.6683751120742041,
  "separation_risk_mean": 0.5366873138690738,
  "congestion_risk_mean": 0.3040529942133664,
  "speed_risk_mean": 0.9812427202762501,
  "uncertainty_risk_mean": 0.6371550442329486,
  "human_activation_count": 25,
  "cooldown_skips": 125,
  "trigger_active_rate": 1.0,
  "confidence_mean": 0.5,
  "false_intervention_rate": 0.2
}