{
  "violation_rate": 0.02666666666666667,
  "collision_rate": 0.0,
  "near_miss_rate": 0.02666666666666667,
  "intervention_rate": 0.3333333333333333,
  "override_success_rate": 0.96,
  "mean_intervention_delay": 0.0,
  "operator_workload": 0.3333333333333333,
  "mean_drift": 12.70477558433839,
  "p95_drift": 34.414207427344735,
  "mean_latency_ms": 0.6155733533281212,
  "risk_mean": 0.2710196187388595,
  "risk_p95": 0.5280612894235596,
  "separation_risk_mean": 0.04042838010007375,
  "congestion_risk_mean": 0.033312880844733585,
  "speed_risk_mean": 0.9900743712005531,
  "uncertainty_risk_mean": 0.6399164786837332,
  "human_activation_count": 50,
  "cooldown_skips": 100,
  "trigger_active_rate": 1.0,
  "confidence_mean": 0.9500000000000002,
  "false_intervention_rate": 0.3
}