{
  "violation_rate": 0.08,
  "collision_rate": 0.0,
  "near_miss_rate": 0.7066666666666667,
  "intervention_rate": 0.8866666666666667,
  "override_success_rate": 0.9097744360902256,
  "mean_intervention_delay": 0.0,
  "operator_workload": 0.8866666666666667,
  "mean_drift": 6.729453638523752,
  "p95_drift": 21.121254060212134,
  "mean_latency_ms": 0.65745883466055,
  "risk_mean": 0.952302334019326,
  "risk_p05": 0.6329232406920093,
  "risk_p25": 1.0,
  "risk_p50": 1.0,
  "risk_p75": 1.0,
  "risk_p95": 1.0,
  "separation_risk_mean": 0.5715863886643352,
  "congestion_risk_mean": 0.3143749183140204,
  "speed_risk_mean": 0.819754726482156,
  "uncertainty_risk_mean": 0.993965360796898,
  "human_activation_count": 133,
  "cooldown_skips": 17,
  "suppressed_request_count": 17,
  "suppressed_critical_count": 0,
  "cooldown_release_count": 130,
  "critical_override_count": 130,
  "critical_trigger_rate": 0.8666666666666667,
  "trigger_active_rate": 1.0,
  "confidence_mean": 0.9500000000000002,
  "false_intervention_rate": 0.08270676691729323,
  "repeated_intervention_rate": 0.9473684210526315,
  "post_intervention_violation_rate": 0.08450704225352113,
  "mean_drift_after_intervention": 7.231397199410753,
  "min_predicted_distance_mean": 1.1046924947235723
}