{
  "violation_rate": 0.07333333333333333,
  "collision_rate": 0.0,
  "near_miss_rate": 0.3933333333333333,
  "intervention_rate": 0.76,
  "override_success_rate": 0.9035087719298246,
  "mean_intervention_delay": 0.0,
  "operator_workload": 0.76,
  "mean_drift": 14.971731224070954,
  "p95_drift": 28.38706910558528,
  "mean_latency_ms": 0.4993002551297347,
  "risk_mean": 0.8623097696397173,
  "risk_p05": 0.3250520864317015,
  "risk_p25": 0.6473984211030948,
  "risk_p50": 1.0,
  "risk_p75": 1.0,
  "risk_p95": 1.0,
  "separation_risk_mean": 0.4084114530814536,
  "congestion_risk_mean": 0.2233909059128491,
  "speed_risk_mean": 0.9435374034575974,
  "uncertainty_risk_mean": 0.6391543954025022,
  "human_activation_count": 114,
  "cooldown_skips": 36,
  "suppressed_request_count": 36,
  "suppressed_critical_count": 0,
  "cooldown_release_count": 111,
  "critical_override_count": 111,
  "critical_trigger_rate": 0.74,
  "trigger_active_rate": 1.0,
  "confidence_mean": 0.9500000000000002,
  "false_intervention_rate": 0.05263157894736842,
  "repeated_intervention_rate": 0.956140350877193,
  "post_intervention_violation_rate": 0.09090909090909091,
  "mean_drift_after_intervention": 18.26257374829115,
  "min_predicted_distance_mean": 2.1234758924460992
}