{
  "violation_rate": 0.72,
  "collision_rate": 0.0,
  "near_miss_rate": 0.13333333333333333,
  "intervention_rate": 0.8,
  "override_success_rate": 0.1,
  "mean_intervention_delay": 5.0,
  "operator_workload": 0.8,
  "mean_drift": 17.30822012334624,
  "p95_drift": 45.45005789860347,
  "mean_latency_ms": 2.166433851234615,
  "risk_mean": 0.8834672467860495,
  "risk_p05": 0.4774809777071009,
  "risk_p25": 1.0,
  "risk_p50": 1.0,
  "risk_p75": 1.0,
  "risk_p95": 1.0,
  "separation_risk_mean": 0.3113563006068911,
  "congestion_risk_mean": 0.20320080503857693,
  "speed_risk_mean": 0.7910937721686,
  "uncertainty_risk_mean": 0.635607788293973,
  "human_activation_count": 120,
  "cooldown_skips": 30,
  "suppressed_request_count": 30,
  "suppressed_critical_count": 0,
  "cooldown_release_count": 115,
  "critical_override_count": 115,
  "critical_trigger_rate": 0.7666666666666667,
  "trigger_active_rate": 1.0,
  "confidence_mean": 0.4695883752902962,
  "false_intervention_rate": 0.08333333333333333,
  "repeated_intervention_rate": 0.9333333333333333,
  "post_intervention_violation_rate": 0.8106060606060606,
  "mean_drift_after_intervention": 19.752890097346754,
  "min_predicted_distance_mean": 2.33364638770979
}