{
  "violation_rate": 0.0,
  "collision_rate": 0.0,
  "near_miss_rate": 0.13333333333333333,
  "intervention_rate": 0.05333333333333334,
  "override_success_rate": 1.0,
  "mean_intervention_delay": 0.0,
  "operator_workload": 0.05333333333333334,
  "mean_drift": 9.544671177905382,
  "p95_drift": 18.782758216518406,
  "mean_latency_ms": 0.39432114630471915,
  "risk_mean": 0.308804122394573,
  "risk_p95": 0.6315133779664548,
  "separation_risk_mean": 0.14681515176342208,
  "congestion_risk_mean": 0.08235263043978373,
  "speed_risk_mean": 0.840994309940581,
  "uncertainty_risk_mean": 0.64,
  "human_activation_count": 8,
  "cooldown_skips": 142,
  "trigger_active_rate": 1.0,
  "confidence_mean": 0.9500000000000002,
  "false_intervention_rate": 0.25
}