{
  "violation_rate": 0.02,
  "collision_rate": 0.006666666666666667,
  "near_miss_rate": 0.24,
  "intervention_rate": 0.7933333333333333,
  "override_success_rate": 0.9747899159663865,
  "mean_intervention_delay": 0.0,
  "operator_workload": 0.7933333333333333,
  "mean_drift": 6.059759332804153,
  "p95_drift": 21.880308538209217,
  "mean_latency_ms": 0.46463325930138427,
  "risk_mean": 0.8439804930282283,
  "risk_p05": 0.3180942297797696,
  "risk_p25": 0.5443531259852683,
  "risk_p50": 1.0,
  "risk_p75": 1.0,
  "risk_p95": 1.0,
  "separation_risk_mean": 0.478175579342683,
  "congestion_risk_mean": 0.2514809634133149,
  "speed_risk_mean": 0.585045977814675,
  "uncertainty_risk_mean": 0.6328107985847483,
  "human_activation_count": 119,
  "cooldown_skips": 31,
  "suppressed_request_count": 31,
  "suppressed_critical_count": 0,
  "cooldown_release_count": 115,
  "critical_override_count": 111,
  "critical_trigger_rate": 0.74,
  "trigger_active_rate": 1.0,
  "confidence_mean": 0.9500000000000002,
  "false_intervention_rate": 0.1092436974789916,
  "repeated_intervention_rate": 0.9159663865546218,
  "post_intervention_violation_rate": 0.022388059701492536,
  "mean_drift_after_intervention": 6.777518910553623,
  "min_predicted_distance_mean": 1.6358240108405906
}