{
  "violation_rate": 0.09333333333333334,
  "collision_rate": 0.0,
  "near_miss_rate": 0.42,
  "intervention_rate": 1.0,
  "override_success_rate": 0.9066666666666666,
  "mean_intervention_delay": 0.0,
  "operator_workload": 1.0,
  "mean_drift": 10.396567505587301,
  "p95_drift": 28.420666395553045,
  "mean_latency_ms": 0.4691091272979975,
  "risk_mean": 0.904327105264955,
  "risk_p05": 0.6209251969040331,
  "risk_p25": 0.7473118414499218,
  "risk_p50": 1.0,
  "risk_p75": 1.0,
  "risk_p95": 1.0,
  "separation_risk_mean": 0.5747202526580598,
  "congestion_risk_mean": 0.32229329395303885,
  "speed_risk_mean": 0.9655745993821185,
  "uncertainty_risk_mean": 0.636694052064295,
  "human_activation_count": 150,
  "cooldown_skips": 0,
  "suppressed_request_count": 0,
  "suppressed_critical_count": 0,
  "cooldown_release_count": 112,
  "critical_override_count": 112,
  "critical_trigger_rate": 0.7466666666666667,
  "trigger_active_rate": 1.0,
  "confidence_mean": 0.9500000000000002,
  "false_intervention_rate": 0.23333333333333334,
  "repeated_intervention_rate": 0.9933333333333333,
  "post_intervention_violation_rate": 0.09395973154362416,
  "mean_drift_after_intervention": 10.396567505587301,
  "min_predicted_distance_mean": 1.4036468799354898
}