{
  "violation_rate": 0.18,
  "collision_rate": 0.02666666666666667,
  "near_miss_rate": 0.56,
  "intervention_rate": 0.16666666666666666,
  "override_success_rate": 0.44,
  "mean_intervention_delay": 5.0,
  "operator_workload": 0.16666666666666666,
  "mean_drift": 11.301341552590888,
  "p95_drift": 19.22908089507519,
  "mean_latency_ms": 1.395714201013713,
  "risk_mean": 0.5806209323953666,
  "risk_p95": 0.67449999999998,
  "separation_risk_mean": 0.5702779001086242,
  "congestion_risk_mean": 0.33063425331548996,
  "speed_risk_mean": 0.9744056825530049,
  "uncertainty_risk_mean": 0.634509744231082,
  "human_activation_count": 25,
  "cooldown_skips": 125,
  "trigger_active_rate": 1.0,
  "confidence_mean": 0.8499142448521452,
  "false_intervention_rate": 0.28
}