{
  "violation_rate": 0.06,
  "collision_rate": 0.0,
  "near_miss_rate": 0.02666666666666667,
  "intervention_rate": 0.16666666666666666,
  "override_success_rate": 0.8,
  "mean_intervention_delay": 1.0,
  "operator_workload": 0.16666666666666666,
  "mean_drift": 15.03292139926663,
  "p95_drift": 32.752750165676105,
  "mean_latency_ms": 0.29216643354933086,
  "risk_mean": 0.263553729887275,
  "risk_p95": 0.33429238428271824,
  "separation_risk_mean": 0.027503803008157125,
  "congestion_risk_mean": 0.031130664874318217,
  "speed_risk_mean": 0.9826290154334978,
  "uncertainty_risk_mean": 0.64,
  "human_activation_count": 25,
  "cooldown_skips": 125,
  "trigger_active_rate": 1.0,
  "confidence_mean": 0.9212990359040137,
  "false_intervention_rate": 0.24
}