{
  "violation_rate": 0.02,
  "collision_rate": 0.0,
  "near_miss_rate": 0.04,
  "intervention_rate": 0.64,
  "override_success_rate": 0.96875,
  "mean_intervention_delay": 0.0,
  "operator_workload": 0.64,
  "mean_drift": 10.68494244959374,
  "p95_drift": 31.59001876166682,
  "mean_latency_ms": 0.3606979680868487,
  "risk_mean": 0.7674266232498684,
  "risk_p05": 0.24599999999988306,
  "risk_p25": 0.4522976600799369,
  "risk_p50": 1.0,
  "risk_p75": 1.0,
  "risk_p95": 1.0,
  "separation_risk_mean": 0.10881711584852695,
  "congestion_risk_mean": 0.051992646252011825,
  "speed_risk_mean": 0.9424394242544243,
  "uncertainty_risk_mean": 0.64,
  "human_activation_count": 96,
  "cooldown_skips": 48,
  "suppressed_request_count": 48,
  "suppressed_critical_count": 0,
  "cooldown_release_count": 93,
  "critical_override_count": 93,
  "critical_trigger_rate": 0.62,
  "trigger_active_rate": 0.9466666666666667,
  "confidence_mean": 0.9500000000000002,
  "false_intervention_rate": 0.052083333333333336,
  "repeated_intervention_rate": 0.9583333333333334,
  "post_intervention_violation_rate": 0.0297029702970297,
  "mean_drift_after_intervention": 14.36512140763377,
  "min_predicted_distance_mean": 3.7158579060827925
}