{
  "violation_rate": 0.02666666666666667,
  "collision_rate": 0.0,
  "near_miss_rate": 0.0,
  "intervention_rate": 0.16666666666666666,
  "override_success_rate": 0.92,
  "mean_intervention_delay": 0.0,
  "operator_workload": 0.16666666666666666,
  "mean_drift": 9.470864632610699,
  "p95_drift": 21.533841044525897,
  "mean_latency_ms": 0.4475082936308657,
  "risk_mean": 0.23543278636486079,
  "risk_p95": 0.27528916794925834,
  "separation_risk_mean": 0.012235073527849345,
  "congestion_risk_mean": 0.006704149878273615,
  "speed_risk_mean": 0.8816731053850678,
  "uncertainty_risk_mean": 0.64,
  "human_activation_count": 25,
  "cooldown_skips": 124,
  "trigger_active_rate": 0.9933333333333333,
  "confidence_mean": 0.9500000000000002,
  "false_intervention_rate": 0.2
}