{
  "violation_rate": 0.7266666666666667,
  "collision_rate": 0.013333333333333334,
  "near_miss_rate": 0.07333333333333333,
  "intervention_rate": 0.7466666666666667,
  "override_success_rate": 0.026785714285714284,
  "mean_intervention_delay": 10.0,
  "operator_workload": 0.7466666666666667,
  "mean_drift": 13.293869839387616,
  "p95_drift": 49.61002578250411,
  "mean_latency_ms": 2.078910282192131,
  "risk_mean": 0.8173102698035684,
  "risk_p05": 0.2284347803541021,
  "risk_p25": 0.6976934272469644,
  "risk_p50": 1.0,
  "risk_p75": 1.0,
  "risk_p95": 1.0,
  "separation_risk_mean": 0.047972597862842775,
  "congestion_risk_mean": 0.0557555538457157,
  "speed_risk_mean": 0.9347237608317515,
  "uncertainty_risk_mean": 0.6356363697148723,
  "human_activation_count": 112,
  "cooldown_skips": 10,
  "suppressed_request_count": 10,
  "suppressed_critical_count": 0,
  "cooldown_release_count": 111,
  "critical_override_count": 111,
  "critical_trigger_rate": 0.74,
  "trigger_active_rate": 0.7933333333333333,
  "confidence_mean": 0.33666449424250394,
  "false_intervention_rate": 0.026785714285714284,
  "repeated_intervention_rate": 0.9732142857142857,
  "post_intervention_violation_rate": 0.9391304347826087,
  "mean_drift_after_intervention": 16.445896335968712,
  "min_predicted_distance_mean": 19.22288727876927
}