{
  "violation_rate": 0.006666666666666667,
  "collision_rate": 0.0,
  "near_miss_rate": 0.07333333333333333,
  "intervention_rate": 0.3333333333333333,
  "override_success_rate": 0.98,
  "mean_intervention_delay": 0.0,
  "operator_workload": 0.3333333333333333,
  "mean_drift": 6.415466055620852,
  "p95_drift": 16.78113111222135,
  "mean_latency_ms": 0.3118830930907279,
  "risk_mean": 0.2749039621320595,
  "risk_p95": 0.5703928928505644,
  "separation_risk_mean": 0.06364688044186999,
  "congestion_risk_mean": 0.048009774887803135,
  "speed_risk_mean": 0.928244780203241,
  "uncertainty_risk_mean": 0.6334913678718738,
  "human_activation_count": 50,
  "cooldown_skips": 100,
  "trigger_active_rate": 1.0,
  "confidence_mean": 0.9500000000000002,
  "false_intervention_rate": 0.36
}