{
  "violation_rate": 0.06666666666666667,
  "collision_rate": 0.0,
  "near_miss_rate": 0.0,
  "intervention_rate": 0.7533333333333333,
  "override_success_rate": 0.911504424778761,
  "mean_intervention_delay": 0.0,
  "operator_workload": 0.7533333333333333,
  "mean_drift": 15.359063521755548,
  "p95_drift": 32.09331608649211,
  "mean_latency_ms": 0.5300349726652106,
  "risk_mean": 0.8331666151247342,
  "risk_p05": 0.24599999999991465,
  "risk_p25": 0.5580733635042647,
  "risk_p50": 1.0,
  "risk_p75": 1.0,
  "risk_p95": 1.0,
  "separation_risk_mean": 0.05736163585717416,
  "congestion_risk_mean": 0.0295586444741611,
  "speed_risk_mean": 0.9853166035352862,
  "uncertainty_risk_mean": 0.64,
  "human_activation_count": 113,
  "cooldown_skips": 37,
  "suppressed_request_count": 37,
  "suppressed_critical_count": 0,
  "cooldown_release_count": 111,
  "critical_override_count": 111,
  "critical_trigger_rate": 0.74,
  "trigger_active_rate": 1.0,
  "confidence_mean": 0.9500000000000002,
  "false_intervention_rate": 0.061946902654867256,
  "repeated_intervention_rate": 0.9646017699115044,
  "post_intervention_violation_rate": 0.0847457627118644,
  "mean_drift_after_intervention": 17.68130875622361,
  "min_predicted_distance_mean": 4.638675305874855
}