{
  "violation_rate": 0.04,
  "collision_rate": 0.0,
  "near_miss_rate": 0.13333333333333333,
  "intervention_rate": 0.76,
  "override_success_rate": 0.9473684210526315,
  "mean_intervention_delay": 0.0,
  "operator_workload": 0.76,
  "mean_drift": 7.567627251566745,
  "p95_drift": 26.093231747425786,
  "mean_latency_ms": 0.3886131352434556,
  "risk_mean": 0.8408939369759798,
  "risk_p05": 0.19277855771956318,
  "risk_p25": 0.6483354110375799,
  "risk_p50": 1.0,
  "risk_p75": 1.0,
  "risk_p95": 1.0,
  "separation_risk_mean": 0.19965343648095554,
  "congestion_risk_mean": 0.12115394676558881,
  "speed_risk_mean": 0.676212847378384,
  "uncertainty_risk_mean": 0.6390118463796821,
  "human_activation_count": 114,
  "cooldown_skips": 21,
  "suppressed_request_count": 21,
  "suppressed_critical_count": 0,
  "cooldown_release_count": 109,
  "critical_override_count": 109,
  "critical_trigger_rate": 0.7266666666666667,
  "trigger_active_rate": 0.88,
  "confidence_mean": 0.9500000000000002,
  "false_intervention_rate": 0.05263157894736842,
  "repeated_intervention_rate": 0.9473684210526315,
  "post_intervention_violation_rate": 0.04918032786885246,
  "mean_drift_after_intervention": 8.891024666919357,
  "min_predicted_distance_mean": 4.987164880028026
}