{
  "violation_rate": 0.62,
  "collision_rate": 0.0,
  "near_miss_rate": 0.12,
  "intervention_rate": 0.7333333333333333,
  "override_success_rate": 0.15454545454545454,
  "mean_intervention_delay": 0.0,
  "operator_workload": 0.7333333333333333,
  "mean_drift": 8.763417749715916,
  "p95_drift": 28.343058884711517,
  "mean_latency_ms": 1.6135103232227266,
  "risk_mean": 0.8135373863266159,
  "risk_p05": 0.22707183511993928,
  "risk_p25": 0.6998295782537158,
  "risk_p50": 1.0,
  "risk_p75": 1.0,
  "risk_p95": 1.0,
  "separation_risk_mean": 0.053595356306679706,
  "congestion_risk_mean": 0.06097584137950143,
  "speed_risk_mean": 0.9315338321561489,
  "uncertainty_risk_mean": 0.6352770897470786,
  "human_activation_count": 110,
  "cooldown_skips": 10,
  "suppressed_request_count": 10,
  "suppressed_critical_count": 0,
  "cooldown_release_count": 109,
  "critical_override_count": 109,
  "critical_trigger_rate": 0.7266666666666667,
  "trigger_active_rate": 0.7933333333333333,
  "confidence_mean": 0.5,
  "false_intervention_rate": 0.02727272727272727,
  "repeated_intervention_rate": 0.9727272727272728,
  "post_intervention_violation_rate": 0.8230088495575221,
  "mean_drift_after_intervention": 10.491327378094539,
  "min_predicted_distance_mean": 13.053964576527253
}