{
  "violation_rate": 0.1,
  "collision_rate": 0.006666666666666667,
  "near_miss_rate": 0.4533333333333333,
  "intervention_rate": 0.68,
  "override_success_rate": 0.8529411764705882,
  "mean_intervention_delay": 0.0,
  "operator_workload": 0.68,
  "mean_drift": 9.32911565848945,
  "p95_drift": 22.6664921944531,
  "mean_latency_ms": 0.6337402466063699,
  "risk_mean": 0.7637609573474097,
  "risk_p05": 0.2183122722432205,
  "risk_p25": 0.36362211106233155,
  "risk_p50": 1.0,
  "risk_p75": 1.0,
  "risk_p95": 1.0,
  "separation_risk_mean": 0.4649029934954371,
  "congestion_risk_mean": 0.2380027222576672,
  "speed_risk_mean": 0.9328265391577842,
  "uncertainty_risk_mean": 0.6371348942631563,
  "human_activation_count": 102,
  "cooldown_skips": 24,
  "suppressed_request_count": 24,
  "suppressed_critical_count": 0,
  "cooldown_release_count": 98,
  "critical_override_count": 98,
  "critical_trigger_rate": 0.6533333333333333,
  "trigger_active_rate": 0.82,
  "confidence_mean": 0.9500000000000002,
  "false_intervention_rate": 0.0784313725490196,
  "repeated_intervention_rate": 0.9411764705882353,
  "post_intervention_violation_rate": 0.12612612612612611,
  "mean_drift_after_intervention": 12.02883856212051,
  "min_predicted_distance_mean": 1.5788348857168606
}