{
  "violation_rate": 0.19333333333333333,
  "collision_rate": 0.0,
  "near_miss_rate": 0.04,
  "intervention_rate": 0.7866666666666666,
  "override_success_rate": 0.7542372881355932,
  "mean_intervention_delay": 0.0,
  "operator_workload": 0.7866666666666666,
  "mean_drift": 15.102343785797576,
  "p95_drift": 32.801932657169424,
  "mean_latency_ms": 0.6772008212283254,
  "risk_mean": 0.8190120027269263,
  "risk_p05": 0.21599999999994005,
  "risk_p25": 0.7848974614946723,
  "risk_p50": 1.0,
  "risk_p75": 1.0,
  "risk_p95": 1.0,
  "separation_risk_mean": 0.026323690424877918,
  "congestion_risk_mean": 0.030591219479687924,
  "speed_risk_mean": 0.9677905037220921,
  "uncertainty_risk_mean": 0.64,
  "human_activation_count": 118,
  "cooldown_skips": 32,
  "suppressed_request_count": 32,
  "suppressed_critical_count": 0,
  "cooldown_release_count": 111,
  "critical_override_count": 111,
  "critical_trigger_rate": 0.74,
  "trigger_active_rate": 1.0,
  "confidence_mean": 0.9000000000000004,
  "false_intervention_rate": 0.06779661016949153,
  "repeated_intervention_rate": 0.9322033898305084,
  "post_intervention_violation_rate": 0.22137404580152673,
  "mean_drift_after_intervention": 17.083571395286363,
  "min_predicted_distance_mean": 8.166224251205998
}