{
  "violation_rate": 0.06,
  "collision_rate": 0.006666666666666667,
  "near_miss_rate": 0.9133333333333333,
  "intervention_rate": 0.8466666666666667,
  "override_success_rate": 0.9291338582677166,
  "mean_intervention_delay": 0.0,
  "operator_workload": 0.8466666666666667,
  "mean_drift": 13.458301335999625,
  "p95_drift": 37.1702268320501,
  "mean_latency_ms": 0.4445772400746743,
  "risk_mean": 0.9451550784631539,
  "risk_p05": 0.6732221216988548,
  "risk_p25": 1.0,
  "risk_p50": 1.0,
  "risk_p75": 1.0,
  "risk_p95": 1.0,
  "separation_risk_mean": 0.552642401406231,
  "congestion_risk_mean": 0.3394853006821543,
  "speed_risk_mean": 0.7568854845715217,
  "uncertainty_risk_mean": 0.64,
  "human_activation_count": 127,
  "cooldown_skips": 23,
  "suppressed_request_count": 23,
  "suppressed_critical_count": 0,
  "cooldown_release_count": 124,
  "critical_override_count": 124,
  "critical_trigger_rate": 0.8266666666666667,
  "trigger_active_rate": 1.0,
  "confidence_mean": 0.9500000000000002,
  "false_intervention_rate": 0.031496062992125984,
  "repeated_intervention_rate": 0.9448818897637795,
  "post_intervention_violation_rate": 0.057971014492753624,
  "mean_drift_after_intervention": 14.95296812351461,
  "min_predicted_distance_mean": 1.4128548329021446
}