{
  "violation_rate": 0.0,
  "collision_rate": 0.0,
  "near_miss_rate": 0.6066666666666667,
  "intervention_rate": 0.16666666666666666,
  "override_success_rate": 1.0,
  "mean_intervention_delay": 0.0,
  "operator_workload": 0.16666666666666666,
  "mean_drift": 13.635646226215083,
  "p95_drift": 29.648150540627114,
  "mean_latency_ms": 0.3404072132737686,
  "risk_mean": 0.5160581196306344,
  "risk_p95": 0.6744999999999759,
  "separation_risk_mean": 0.4656229203396218,
  "congestion_risk_mean": 0.2531882511882595,
  "speed_risk_mean": 0.9815382845382649,
  "uncertainty_risk_mean": 0.64,
  "human_activation_count": 25,
  "cooldown_skips": 125,
  "trigger_active_rate": 1.0,
  "confidence_mean": 0.9500000000000002,
  "false_intervention_rate": 0.24
}