{
  "violation_rate": 0.09333333333333334,
  "collision_rate": 0.0,
  "near_miss_rate": 0.42,
  "intervention_rate": 1.0,
  "override_success_rate": 0.9066666666666666,
  "mean_intervention_delay": 0.0,
  "operator_workload": 1.0,
  "mean_drift": 10.396567505587301,
  "p95_drift": 28.420666395553045,
  "mean_latency_ms": 0.37273862030512345,
  "risk_mean": 0.5794350380643333,
  "risk_p95": 0.6574903114679111,
  "separation_risk_mean": 0.5708356238389214,
  "congestion_risk_mean": 0.32229329395303885,
  "speed_risk_mean": 0.9765438402594325,
  "uncertainty_risk_mean": 0.636694052064295,
  "human_activation_count": 150,
  "cooldown_skips": 0,
  "trigger_active_rate": 1.0,
  "confidence_mean": 0.9500000000000002,
  "false_intervention_rate": 0.23333333333333334
}