{
  "violation_rate": 0.6266666666666667,
  "collision_rate": 0.0,
  "near_miss_rate": 0.02,
  "intervention_rate": 0.7866666666666666,
  "override_success_rate": 0.2033898305084746,
  "mean_intervention_delay": 3.0,
  "operator_workload": 0.7866666666666666,
  "mean_drift": 9.188941817092042,
  "p95_drift": 29.171062239982284,
  "mean_latency_ms": 1.658589750683556,
  "risk_mean": 0.8285947315403466,
  "risk_p05": 0.2459999999997681,
  "risk_p25": 0.7166881437662569,
  "risk_p50": 1.0,
  "risk_p75": 1.0,
  "risk_p95": 1.0,
  "separation_risk_mean": 0.0659152927322356,
  "congestion_risk_mean": 0.028959561401642624,
  "speed_risk_mean": 0.921818519890999,
  "uncertainty_risk_mean": 0.6379463370092036,
  "human_activation_count": 118,
  "cooldown_skips": 32,
  "suppressed_request_count": 32,
  "suppressed_critical_count": 0,
  "cooldown_release_count": 114,
  "critical_override_count": 112,
  "critical_trigger_rate": 0.7466666666666667,
  "trigger_active_rate": 1.0,
  "confidence_mean": 0.6128118960409359,
  "false_intervention_rate": 0.11864406779661017,
  "repeated_intervention_rate": 0.9067796610169492,
  "post_intervention_violation_rate": 0.706766917293233,
  "mean_drift_after_intervention": 10.743231371058139,
  "min_predicted_distance_mean": 4.295192613308168
}