{
  "violation_rate": 0.09333333333333334,
  "collision_rate": 0.013333333333333334,
  "near_miss_rate": 0.08,
  "intervention_rate": 0.8666666666666667,
  "override_success_rate": 0.8923076923076924,
  "mean_intervention_delay": 0.0,
  "operator_workload": 0.8666666666666667,
  "mean_drift": 10.067930047544353,
  "p95_drift": 25.301022740104006,
  "mean_latency_ms": 0.5447211147596439,
  "risk_mean": 0.8907884871575565,
  "risk_p05": 0.21780621947892384,
  "risk_p25": 1.0,
  "risk_p50": 1.0,
  "risk_p75": 1.0,
  "risk_p95": 1.0,
  "separation_risk_mean": 0.10319349748605555,
  "congestion_risk_mean": 0.05393115001840028,
  "speed_risk_mean": 0.899194486230294,
  "uncertainty_risk_mean": 0.6372968967987811,
  "human_activation_count": 130,
  "cooldown_skips": 13,
  "suppressed_request_count": 13,
  "suppressed_critical_count": 0,
  "cooldown_release_count": 125,
  "critical_override_count": 125,
  "critical_trigger_rate": 0.8333333333333334,
  "trigger_active_rate": 0.94,
  "confidence_mean": 0.9500000000000002,
  "false_intervention_rate": 0.09230769230769231,
  "repeated_intervention_rate": 0.9384615384615385,
  "post_intervention_violation_rate": 0.09859154929577464,
  "mean_drift_after_intervention": 11.036044902878826,
  "min_predicted_distance_mean": 9.235844463690068
}