{
  "violation_rate": 0.6,
  "collision_rate": 0.0,
  "near_miss_rate": 0.02666666666666667,
  "intervention_rate": 0.6933333333333334,
  "override_success_rate": 0.1346153846153846,
  "mean_intervention_delay": 5.0,
  "operator_workload": 0.6933333333333334,
  "mean_drift": 11.236938047898194,
  "p95_drift": 32.777268097876004,
  "mean_latency_ms": 1.664198359940201,
  "risk_mean": 0.7696244296537003,
  "risk_p05": 0.24599999999986816,
  "risk_p25": 0.454891294026231,
  "risk_p50": 1.0,
  "risk_p75": 1.0,
  "risk_p95": 1.0,
  "separation_risk_mean": 0.1031675999489728,
  "congestion_risk_mean": 0.049580006443348194,
  "speed_risk_mean": 0.9434102041072496,
  "uncertainty_risk_mean": 0.64,
  "human_activation_count": 104,
  "cooldown_skips": 46,
  "suppressed_request_count": 46,
  "suppressed_critical_count": 0,
  "cooldown_release_count": 94,
  "critical_override_count": 94,
  "critical_trigger_rate": 0.6266666666666667,
  "trigger_active_rate": 1.0,
  "confidence_mean": 0.5336432585849235,
  "false_intervention_rate": 0.11538461538461539,
  "repeated_intervention_rate": 0.8942307692307693,
  "post_intervention_violation_rate": 0.7377049180327869,
  "mean_drift_after_intervention": 14.434977156499656,
  "min_predicted_distance_mean": 4.733661250212035
}