{
  "violation_rate": 0.05333333333333334,
  "collision_rate": 0.0,
  "near_miss_rate": 0.04,
  "intervention_rate": 0.16666666666666666,
  "override_success_rate": 0.84,
  "mean_intervention_delay": 0.0,
  "operator_workload": 0.16666666666666666,
  "mean_drift": 12.01642952966574,
  "p95_drift": 25.218913526562105,
  "mean_latency_ms": 0.29489804641343653,
  "risk_mean": 0.3224632860274022,
  "risk_p95": 0.5477532756686715,
  "separation_risk_mean": 0.12791793807513108,
  "congestion_risk_mean": 0.07929258117239019,
  "speed_risk_mean": 0.9938471240033044,
  "uncertainty_risk_mean": 0.64,
  "human_activation_count": 25,
  "cooldown_skips": 125,
  "trigger_active_rate": 1.0,
  "confidence_mean": 0.9000000000000004,
  "false_intervention_rate": 0.2
}