{
  "violation_rate": 0.013333333333333334,
  "collision_rate": 0.0,
  "near_miss_rate": 0.2866666666666667,
  "intervention_rate": 0.7333333333333333,
  "override_success_rate": 0.9818181818181818,
  "mean_intervention_delay": 0.0,
  "operator_workload": 0.7333333333333333,
  "mean_drift": 7.861214734762675,
  "p95_drift": 21.483304789981634,
  "mean_latency_ms": 0.40145810150230926,
  "risk_mean": 0.8557849567919423,
  "risk_p05": 0.3568329165587209,
  "risk_p25": 0.6405417961765404,
  "risk_p50": 1.0,
  "risk_p75": 1.0,
  "risk_p95": 1.0,
  "separation_risk_mean": 0.3565122187642766,
  "congestion_risk_mean": 0.21563797937125828,
  "speed_risk_mean": 0.8470326871358852,
  "uncertainty_risk_mean": 0.6300926222491761,
  "human_activation_count": 110,
  "cooldown_skips": 40,
  "suppressed_request_count": 40,
  "suppressed_critical_count": 0,
  "cooldown_release_count": 107,
  "critical_override_count": 107,
  "critical_trigger_rate": 0.7133333333333334,
  "trigger_active_rate": 1.0,
  "confidence_mean": 0.9500000000000002,
  "false_intervention_rate": 0.045454545454545456,
  "repeated_intervention_rate": 0.9727272727272728,
  "post_intervention_violation_rate": 0.017699115044247787,
  "mean_drift_after_intervention": 9.76338185635381,
  "min_predicted_distance_mean": 2.0149732685512536
}