{
  "violation_rate": 0.1,
  "collision_rate": 0.006666666666666667,
  "near_miss_rate": 2.6866666666666665,
  "intervention_rate": 1.0,
  "override_success_rate": 0.9,
  "mean_intervention_delay": 0.0,
  "operator_workload": 1.0,
  "mean_drift": 9.485459139554312,
  "p95_drift": 31.137258149537757,
  "mean_latency_ms": 5.681074444049348,
  "risk_mean": 1.0,
  "risk_p05": 1.0,
  "risk_p25": 1.0,
  "risk_p50": 1.0,
  "risk_p75": 1.0,
  "risk_p95": 1.0,
  "separation_risk_mean": 0.7177057248744878,
  "congestion_risk_mean": 0.3749218917144162,
  "speed_risk_mean": 0.7437498793128883,
  "uncertainty_risk_mean": 0.6384056326046297,
  "human_activation_count": 150,
  "cooldown_skips": 0,
  "suppressed_request_count": 0,
  "suppressed_critical_count": 0,
  "cooldown_release_count": 150,
  "critical_override_count": 150,
  "critical_trigger_rate": 1.0,
  "trigger_active_rate": 1.0,
  "confidence_mean": 0.9500000000000002,
  "false_intervention_rate": 0.0,
  "repeated_intervention_rate": 0.9933333333333333,
  "post_intervention_violation_rate": 0.10067114093959731,
  "mean_drift_after_intervention": 9.485459139554312,
  "min_predicted_distance_mean": 0.3238116912837559
}