{
  "violation_rate": 0.05333333333333334,
  "collision_rate": 0.0,
  "near_miss_rate": 0.05333333333333334,
  "intervention_rate": 0.6666666666666666,
  "override_success_rate": 0.92,
  "mean_intervention_delay": 0.0,
  "operator_workload": 0.6666666666666666,
  "mean_drift": 11.633465097482153,
  "p95_drift": 37.90634164502381,
  "mean_latency_ms": 0.5004630897504588,
  "risk_mean": 0.7739300326940196,
  "risk_p05": 0.2459999999998155,
  "risk_p25": 0.45261898511694265,
  "risk_p50": 1.0,
  "risk_p75": 1.0,
  "risk_p95": 1.0,
  "separation_risk_mean": 0.10952283101158422,
  "congestion_risk_mean": 0.0494225499592273,
  "speed_risk_mean": 0.957887100755479,
  "uncertainty_risk_mean": 0.64,
  "human_activation_count": 100,
  "cooldown_skips": 50,
  "suppressed_request_count": 50,
  "suppressed_critical_count": 0,
  "cooldown_release_count": 97,
  "critical_override_count": 95,
  "critical_trigger_rate": 0.6333333333333333,
  "trigger_active_rate": 1.0,
  "confidence_mean": 0.9500000000000002,
  "false_intervention_rate": 0.1,
  "repeated_intervention_rate": 0.93,
  "post_intervention_violation_rate": 0.07207207207207207,
  "mean_drift_after_intervention": 15.209853449567833,
  "min_predicted_distance_mean": 4.112548646770384
}