{
  "violation_rate": 0.16666666666666666,
  "collision_rate": 0.013333333333333334,
  "near_miss_rate": 0.23333333333333334,
  "intervention_rate": 0.16666666666666666,
  "override_success_rate": 0.4,
  "mean_intervention_delay": 10.0,
  "operator_workload": 0.16666666666666666,
  "mean_drift": 6.109060112453203,
  "p95_drift": 22.37326881442102,
  "mean_latency_ms": 0.5922372259859306,
  "risk_mean": 0.4485233887772631,
  "risk_p95": 0.6290369193380301,
  "separation_risk_mean": 0.4274885854601533,
  "congestion_risk_mean": 0.24298003286356093,
  "speed_risk_mean": 0.6693434162140707,
  "uncertainty_risk_mean": 0.6333800311479554,
  "human_activation_count": 25,
  "cooldown_skips": 125,
  "trigger_active_rate": 1.0,
  "confidence_mean": 0.8130947531791306,
  "false_intervention_rate": 0.28
}