{
  "violation_rate": 0.09333333333333334,
  "collision_rate": 0.0,
  "near_miss_rate": 0.41333333333333333,
  "intervention_rate": 0.8333333333333334,
  "override_success_rate": 0.888,
  "mean_intervention_delay": 0.0,
  "operator_workload": 0.8333333333333334,
  "mean_drift": 9.601216840617655,
  "p95_drift": 20.288195869484042,
  "mean_latency_ms": 0.499898879788816,
  "risk_mean": 0.8660396545737157,
  "risk_p05": 0.2459999999999133,
  "risk_p25": 0.7978895726519047,
  "risk_p50": 1.0,
  "risk_p75": 1.0,
  "risk_p95": 1.0,
  "separation_risk_mean": 0.43852480112795167,
  "congestion_risk_mean": 0.2595782106231854,
  "speed_risk_mean": 0.9330003045666937,
  "uncertainty_risk_mean": 0.6323220628536395,
  "human_activation_count": 125,
  "cooldown_skips": 25,
  "suppressed_request_count": 25,
  "suppressed_critical_count": 0,
  "cooldown_release_count": 112,
  "critical_override_count": 112,
  "critical_trigger_rate": 0.7466666666666667,
  "trigger_active_rate": 1.0,
  "confidence_mean": 0.9500000000000002,
  "false_intervention_rate": 0.08,
  "repeated_intervention_rate": 0.888,
  "post_intervention_violation_rate": 0.09395973154362416,
  "mean_drift_after_intervention": 10.60573551572077,
  "min_predicted_distance_mean": 1.7856248821805658
}