{
  "violation_rate": 0.006666666666666667,
  "collision_rate": 0.013333333333333334,
  "near_miss_rate": 0.18666666666666668,
  "intervention_rate": 0.09333333333333334,
  "override_success_rate": 0.9285714285714286,
  "mean_intervention_delay": 0.0,
  "operator_workload": 0.09333333333333334,
  "mean_drift": 11.29511457972315,
  "p95_drift": 37.421917609136,
  "mean_latency_ms": 0.4277724397252314,
  "risk_mean": 0.3187884432999795,
  "risk_p95": 0.6536117067232388,
  "separation_risk_mean": 0.1414229812267726,
  "congestion_risk_mean": 0.09136092027910185,
  "speed_risk_mean": 0.9182346624040865,
  "uncertainty_risk_mean": 0.6304844821169561,
  "human_activation_count": 14,
  "cooldown_skips": 136,
  "trigger_active_rate": 1.0,
  "confidence_mean": 0.9500000000000002,
  "false_intervention_rate": 0.14285714285714285
}