{
  "violation_rate": 0.02666666666666667,
  "collision_rate": 0.006666666666666667,
  "near_miss_rate": 1.0666666666666667,
  "intervention_rate": 0.16666666666666666,
  "override_success_rate": 0.92,
  "mean_intervention_delay": 0.0,
  "operator_workload": 0.16666666666666666,
  "mean_drift": 11.735975934854842,
  "p95_drift": 41.01639977985985,
  "mean_latency_ms": 0.6275452655002786,
  "risk_mean": 0.6277161979924311,
  "risk_p95": 0.6694155805919658,
  "separation_risk_mean": 0.7215867472343291,
  "congestion_risk_mean": 0.4276440320759328,
  "speed_risk_mean": 0.688613202466975,
  "uncertainty_risk_mean": 0.6186611556530237,
  "human_activation_count": 25,
  "cooldown_skips": 124,
  "trigger_active_rate": 0.9933333333333333,
  "confidence_mean": 0.9500000000000002,
  "false_intervention_rate": 0.12
}