{
  "violation_rate": 0.35333333333333333,
  "collision_rate": 0.0,
  "near_miss_rate": 0.20666666666666667,
  "intervention_rate": 0.7933333333333333,
  "override_success_rate": 0.5546218487394958,
  "mean_intervention_delay": 0.0,
  "operator_workload": 0.7933333333333333,
  "mean_drift": 15.569421314870691,
  "p95_drift": 37.804620168477435,
  "mean_latency_ms": 1.0376972092005115,
  "risk_mean": 0.8724942734049699,
  "risk_p05": 0.4538799371082967,
  "risk_p25": 1.0,
  "risk_p50": 1.0,
  "risk_p75": 1.0,
  "risk_p95": 1.0,
  "separation_risk_mean": 0.3098561472713459,
  "congestion_risk_mean": 0.200367080751305,
  "speed_risk_mean": 0.790819865784951,
  "uncertainty_risk_mean": 0.6352058273710635,
  "human_activation_count": 119,
  "cooldown_skips": 31,
  "suppressed_request_count": 31,
  "suppressed_critical_count": 0,
  "cooldown_release_count": 113,
  "critical_override_count": 113,
  "critical_trigger_rate": 0.7533333333333333,
  "trigger_active_rate": 1.0,
  "confidence_mean": 0.75,
  "false_intervention_rate": 0.09243697478991597,
  "repeated_intervention_rate": 0.9327731092436975,
  "post_intervention_violation_rate": 0.40458015267175573,
  "mean_drift_after_intervention": 17.685162038542355,
  "min_predicted_distance_mean": 2.29885426813468
}