{
  "violation_rate": 0.0,
  "collision_rate": 0.0,
  "near_miss_rate": 0.18,
  "intervention_rate": 0.16666666666666666,
  "override_success_rate": 1.0,
  "mean_intervention_delay": 0.0,
  "operator_workload": 0.16666666666666666,
  "mean_drift": 15.357664348507809,
  "p95_drift": 37.49034572699649,
  "mean_latency_ms": 0.23440616011309126,
  "risk_mean": 0.38506892801496934,
  "risk_p95": 0.6627384558644678,
  "separation_risk_mean": 0.27243585006836574,
  "congestion_risk_mean": 0.1784639239423271,
  "speed_risk_mean": 0.8164514393369527,
  "uncertainty_risk_mean": 0.6359273239872006,
  "human_activation_count": 25,
  "cooldown_skips": 125,
  "trigger_active_rate": 1.0,
  "confidence_mean": 0.9500000000000002,
  "false_intervention_rate": 0.28
}