{
  "violation_rate": 0.07333333333333333,
  "collision_rate": 0.0,
  "near_miss_rate": 0.9733333333333334,
  "intervention_rate": 0.9733333333333334,
  "override_success_rate": 0.9246575342465754,
  "mean_intervention_delay": 0.0,
  "operator_workload": 0.9733333333333334,
  "mean_drift": 9.19466507730811,
  "p95_drift": 28.28728826518372,
  "mean_latency_ms": 3.0158808121147254,
  "risk_mean": 0.9899862344352459,
  "risk_p05": 1.0,
  "risk_p25": 1.0,
  "risk_p50": 1.0,
  "risk_p75": 1.0,
  "risk_p95": 1.0,
  "separation_risk_mean": 0.5963843858551248,
  "congestion_risk_mean": 0.22007407055060105,
  "speed_risk_mean": 0.9181164762561976,
  "uncertainty_risk_mean": 0.6380362245675284,
  "human_activation_count": 146,
  "cooldown_skips": 4,
  "suppressed_request_count": 4,
  "suppressed_critical_count": 0,
  "cooldown_release_count": 146,
  "critical_override_count": 146,
  "critical_trigger_rate": 0.9733333333333334,
  "trigger_active_rate": 1.0,
  "confidence_mean": 0.9500000000000002,
  "false_intervention_rate": 0.0958904109589041,
  "repeated_intervention_rate": 0.9863013698630136,
  "post_intervention_violation_rate": 0.07482993197278912,
  "mean_drift_after_intervention": 9.33424739655147,
  "min_predicted_distance_mean": 0.9766968429583986
}