{
  "violation_rate": 0.02,
  "collision_rate": 0.006666666666666667,
  "near_miss_rate": 0.5533333333333333,
  "intervention_rate": 0.16,
  "override_success_rate": 0.9166666666666666,
  "mean_intervention_delay": 0.0,
  "operator_workload": 0.16,
  "mean_drift": 16.100989945413833,
  "p95_drift": 48.79534797239137,
  "mean_latency_ms": 1.211493047400533,
  "risk_mean": 0.5828716809617076,
  "risk_p95": 0.6744999999999828,
  "separation_risk_mean": 0.5794498934951381,
  "congestion_risk_mean": 0.32405455533208766,
  "speed_risk_mean": 0.9731616668830645,
  "uncertainty_risk_mean": 0.6342089334894266,
  "human_activation_count": 24,
  "cooldown_skips": 115,
  "trigger_active_rate": 0.92,
  "confidence_mean": 0.9500000000000002,
  "false_intervention_rate": 0.20833333333333334
}