{
  "violation_rate": 0.7333333333333333,
  "collision_rate": 0.0,
  "near_miss_rate": 0.28,
  "intervention_rate": 0.8466666666666667,
  "override_success_rate": 0.13385826771653545,
  "mean_intervention_delay": 5.0,
  "operator_workload": 0.8466666666666667,
  "mean_drift": 9.673874978445893,
  "p95_drift": 28.84920673380245,
  "mean_latency_ms": 2.1753894801562033,
  "risk_mean": 0.8979042336415796,
  "risk_p05": 0.3684530815821201,
  "risk_p25": 1.0,
  "risk_p50": 1.0,
  "risk_p75": 1.0,
  "risk_p95": 1.0,
  "separation_risk_mean": 0.40766491138119304,
  "congestion_risk_mean": 0.258591435564171,
  "speed_risk_mean": 0.8454067699398162,
  "uncertainty_risk_mean": 0.62903814541266,
  "human_activation_count": 127,
  "cooldown_skips": 23,
  "suppressed_request_count": 23,
  "suppressed_critical_count": 0,
  "cooldown_release_count": 123,
  "critical_override_count": 123,
  "critical_trigger_rate": 0.82,
  "trigger_active_rate": 1.0,
  "confidence_mean": 0.4415643638488968,
  "false_intervention_rate": 0.09448818897637795,
  "repeated_intervention_rate": 0.9448818897637795,
  "post_intervention_violation_rate": 0.8029197080291971,
  "mean_drift_after_intervention": 10.84762456154928,
  "min_predicted_distance_mean": 1.8612746442069998
}