{
  "violation_rate": 0.04,
  "collision_rate": 0.0,
  "near_miss_rate": 0.7,
  "intervention_rate": 0.9666666666666667,
  "override_success_rate": 0.9586206896551724,
  "mean_intervention_delay": 0.0,
  "operator_workload": 0.9666666666666667,
  "mean_drift": 12.562990163138005,
  "p95_drift": 31.281621091400343,
  "mean_latency_ms": 0.6560785983068248,
  "risk_mean": 0.9748666666666633,
  "risk_p05": 1.0,
  "risk_p25": 1.0,
  "risk_p50": 1.0,
  "risk_p75": 1.0,
  "risk_p95": 1.0,
  "separation_risk_mean": 0.5660206032998907,
  "congestion_risk_mean": 0.30000302313465305,
  "speed_risk_mean": 0.9594254268873121,
  "uncertainty_risk_mean": 0.64,
  "human_activation_count": 145,
  "cooldown_skips": 0,
  "suppressed_request_count": 0,
  "suppressed_critical_count": 0,
  "cooldown_release_count": 145,
  "critical_override_count": 145,
  "critical_trigger_rate": 0.9666666666666667,
  "trigger_active_rate": 0.9666666666666667,
  "confidence_mean": 0.9500000000000002,
  "false_intervention_rate": 0.027586206896551724,
  "repeated_intervention_rate": 0.993103448275862,
  "post_intervention_violation_rate": 0.041666666666666664,
  "mean_drift_after_intervention": 12.643528811262298,
  "min_predicted_distance_mean": 2.699982609608444
}