{
  "violation_rate": 0.38666666666666666,
  "collision_rate": 0.006666666666666667,
  "near_miss_rate": 0.30666666666666664,
  "intervention_rate": 0.78,
  "override_success_rate": 0.5042735042735043,
  "mean_intervention_delay": 0.0,
  "operator_workload": 0.78,
  "mean_drift": 16.33050710463345,
  "p95_drift": 48.95793853235338,
  "mean_latency_ms": 1.2199827322425942,
  "risk_mean": 0.84908488015569,
  "risk_p05": 0.3276765054255827,
  "risk_p25": 0.5402762224172769,
  "risk_p50": 1.0,
  "risk_p75": 1.0,
  "risk_p95": 1.0,
  "separation_risk_mean": 0.5565412789394065,
  "congestion_risk_mean": 0.30494399943304396,
  "speed_risk_mean": 0.9660571133242373,
  "uncertainty_risk_mean": 0.6342481109983557,
  "human_activation_count": 117,
  "cooldown_skips": 33,
  "suppressed_request_count": 33,
  "suppressed_critical_count": 0,
  "cooldown_release_count": 111,
  "critical_override_count": 111,
  "critical_trigger_rate": 0.74,
  "trigger_active_rate": 1.0,
  "confidence_mean": 0.75,
  "false_intervention_rate": 0.09401709401709402,
  "repeated_intervention_rate": 0.9316239316239316,
  "post_intervention_violation_rate": 0.43846153846153846,
  "mean_drift_after_intervention": 19.615457998682512,
  "min_predicted_distance_mean": 1.3734696063472003
}