{
  "violation_rate": 0.74,
  "collision_rate": 0.0,
  "near_miss_rate": 0.06666666666666667,
  "intervention_rate": 0.7933333333333333,
  "override_success_rate": 0.06722689075630252,
  "mean_intervention_delay": 10.0,
  "operator_workload": 0.7933333333333333,
  "mean_drift": 15.59566890827416,
  "p95_drift": 39.5776979853806,
  "mean_latency_ms": 2.1180507990842066,
  "risk_mean": 0.8630769985814865,
  "risk_p05": 0.30319524625377425,
  "risk_p25": 1.0,
  "risk_p50": 1.0,
  "risk_p75": 1.0,
  "risk_p95": 1.0,
  "separation_risk_mean": 0.11851131166839897,
  "congestion_risk_mean": 0.06017342168137744,
  "speed_risk_mean": 0.7960142946974442,
  "uncertainty_risk_mean": 0.64,
  "human_activation_count": 119,
  "cooldown_skips": 31,
  "suppressed_request_count": 31,
  "suppressed_critical_count": 0,
  "cooldown_release_count": 113,
  "critical_override_count": 113,
  "critical_trigger_rate": 0.7533333333333333,
  "trigger_active_rate": 1.0,
  "confidence_mean": 0.2983310251326604,
  "false_intervention_rate": 0.06722689075630252,
  "repeated_intervention_rate": 0.9327731092436975,
  "post_intervention_violation_rate": 0.8257575757575758,
  "mean_drift_after_intervention": 18.21155542141972,
  "min_predicted_distance_mean": 9.311638211057247
}