{
  "violation_rate": 0.7066666666666667,
  "collision_rate": 0.0,
  "near_miss_rate": 0.14666666666666667,
  "intervention_rate": 0.7733333333333333,
  "override_success_rate": 0.08620689655172414,
  "mean_intervention_delay": 5.0,
  "operator_workload": 0.7733333333333333,
  "mean_drift": 20.829574014289076,
  "p95_drift": 59.776926326495904,
  "mean_latency_ms": 2.0241161063313484,
  "risk_mean": 0.8685424760374393,
  "risk_p05": 0.47762762025364436,
  "risk_p25": 0.6900921649163954,
  "risk_p50": 1.0,
  "risk_p75": 1.0,
  "risk_p95": 1.0,
  "separation_risk_mean": 0.2669089194154804,
  "congestion_risk_mean": 0.17581096767172397,
  "speed_risk_mean": 0.7906203504611701,
  "uncertainty_risk_mean": 0.6353745475850743,
  "human_activation_count": 116,
  "cooldown_skips": 34,
  "suppressed_request_count": 34,
  "suppressed_critical_count": 0,
  "cooldown_release_count": 109,
  "critical_override_count": 109,
  "critical_trigger_rate": 0.7266666666666667,
  "trigger_active_rate": 1.0,
  "confidence_mean": 0.48560209611395294,
  "false_intervention_rate": 0.07758620689655173,
  "repeated_intervention_rate": 0.9224137931034483,
  "post_intervention_violation_rate": 0.8076923076923077,
  "mean_drift_after_intervention": 24.782824343765405,
  "min_predicted_distance_mean": 3.0200911012291662
}