{
  "violation_rate": 0.12,
  "collision_rate": 0.006666666666666667,
  "near_miss_rate": 0.04,
  "intervention_rate": 0.8,
  "override_success_rate": 0.85,
  "mean_intervention_delay": 0.0,
  "operator_workload": 0.8,
  "mean_drift": 10.356775778558903,
  "p95_drift": 23.12676582932515,
  "mean_latency_ms": 0.5832272030723592,
  "risk_mean": 0.8620289847752031,
  "risk_p05": 0.29999999999988763,
  "risk_p25": 1.0,
  "risk_p50": 1.0,
  "risk_p75": 1.0,
  "risk_p95": 1.0,
  "separation_risk_mean": 0.07163738725769522,
  "congestion_risk_mean": 0.04230946476487079,
  "speed_risk_mean": 0.8960246824775295,
  "uncertainty_risk_mean": 1.0,
  "human_activation_count": 120,
  "cooldown_skips": 30,
  "suppressed_request_count": 30,
  "suppressed_critical_count": 0,
  "cooldown_release_count": 115,
  "critical_override_count": 115,
  "critical_trigger_rate": 0.7666666666666667,
  "trigger_active_rate": 1.0,
  "confidence_mean": 0.9500000000000002,
  "false_intervention_rate": 0.1,
  "repeated_intervention_rate": 0.9333333333333333,
  "post_intervention_violation_rate": 0.12878787878787878,
  "mean_drift_after_intervention": 11.243621249099679,
  "min_predicted_distance_mean": 5.0863634310895485
}