{
  "violation_rate": 0.04666666666666667,
  "collision_rate": 0.0,
  "near_miss_rate": 0.02,
  "intervention_rate": 0.8533333333333334,
  "override_success_rate": 0.9453125,
  "mean_intervention_delay": 0.0,
  "operator_workload": 0.8533333333333334,
  "mean_drift": 9.052230408732534,
  "p95_drift": 21.83064990428238,
  "mean_latency_ms": 0.5069808343735834,
  "risk_mean": 0.8304418150077072,
  "risk_p05": 0.21398963018093534,
  "risk_p25": 0.7326768312354837,
  "risk_p50": 1.0,
  "risk_p75": 1.0,
  "risk_p95": 1.0,
  "separation_risk_mean": 0.07754745827015345,
  "congestion_risk_mean": 0.05949647186924727,
  "speed_risk_mean": 0.8438721737949509,
  "uncertainty_risk_mean": 0.6391403198681412,
  "human_activation_count": 128,
  "cooldown_skips": 0,
  "suppressed_request_count": 0,
  "suppressed_critical_count": 0,
  "cooldown_release_count": 112,
  "critical_override_count": 112,
  "critical_trigger_rate": 0.7466666666666667,
  "trigger_active_rate": 0.8533333333333334,
  "confidence_mean": 0.9500000000000002,
  "false_intervention_rate": 0.1875,
  "repeated_intervention_rate": 0.9765625,
  "post_intervention_violation_rate": 0.05384615384615385,
  "mean_drift_after_intervention": 9.461546227385458,
  "min_predicted_distance_mean": 3.6140628512410227
}