{
  "violation_rate": 0.7333333333333333,
  "collision_rate": 0.0,
  "near_miss_rate": 0.04666666666666667,
  "intervention_rate": 0.8133333333333334,
  "override_success_rate": 0.09836065573770492,
  "mean_intervention_delay": 10.0,
  "operator_workload": 0.8133333333333334,
  "mean_drift": 19.976878975320755,
  "p95_drift": 50.336048339539126,
  "mean_latency_ms": 2.1642219282997153,
  "risk_mean": 0.8709705320533375,
  "risk_p05": 0.2624284721002184,
  "risk_p25": 1.0,
  "risk_p50": 1.0,
  "risk_p75": 1.0,
  "risk_p95": 1.0,
  "separation_risk_mean": 0.12668460153727856,
  "congestion_risk_mean": 0.07550871365195733,
  "speed_risk_mean": 0.9394095990732262,
  "uncertainty_risk_mean": 0.6391543954025022,
  "human_activation_count": 122,
  "cooldown_skips": 26,
  "suppressed_request_count": 26,
  "suppressed_critical_count": 0,
  "cooldown_release_count": 117,
  "critical_override_count": 117,
  "critical_trigger_rate": 0.78,
  "trigger_active_rate": 0.96,
  "confidence_mean": 0.2819023955141561,
  "false_intervention_rate": 0.09016393442622951,
  "repeated_intervention_rate": 0.9426229508196722,
  "post_intervention_violation_rate": 0.8333333333333334,
  "mean_drift_after_intervention": 23.716229417200445,
  "min_predicted_distance_mean": 5.755468673133172
}