{
  "violation_rate": 0.006666666666666667,
  "collision_rate": 0.006666666666666667,
  "near_miss_rate": 0.07333333333333333,
  "intervention_rate": 0.03333333333333333,
  "override_success_rate": 0.8,
  "mean_intervention_delay": 0.0,
  "operator_workload": 0.03333333333333333,
  "mean_drift": 10.113269080454756,
  "p95_drift": 22.242715248643574,
  "mean_latency_ms": 0.8113580257243788,
  "risk_mean": 0.2864928532422964,
  "risk_p95": 0.5834650996234185,
  "separation_risk_mean": 0.08283610889614752,
  "congestion_risk_mean": 0.04993547370353369,
  "speed_risk_mean": 0.9382182387543109,
  "uncertainty_risk_mean": 0.64,
  "human_activation_count": 5,
  "cooldown_skips": 25,
  "trigger_active_rate": 0.19333333333333333,
  "confidence_mean": 0.9500000000000002,
  "false_intervention_rate": 0.8
}