{
  "violation_rate": 0.04,
  "collision_rate": 0.0,
  "near_miss_rate": 0.06,
  "intervention_rate": 0.78,
  "override_success_rate": 0.9487179487179487,
  "mean_intervention_delay": 0.0,
  "operator_workload": 0.78,
  "mean_drift": 20.126301628794266,
  "p95_drift": 50.21387017305692,
  "mean_latency_ms": 0.41042912440995377,
  "risk_mean": 0.8315568787948189,
  "risk_p05": 0.23928864475006395,
  "risk_p25": 0.726111445674542,
  "risk_p50": 1.0,
  "risk_p75": 1.0,
  "risk_p95": 1.0,
  "separation_risk_mean": 0.06914906004337894,
  "congestion_risk_mean": 0.05656762377434591,
  "speed_risk_mean": 0.957543268743122,
  "uncertainty_risk_mean": 0.64,
  "human_activation_count": 117,
  "cooldown_skips": 33,
  "suppressed_request_count": 33,
  "suppressed_critical_count": 0,
  "cooldown_release_count": 111,
  "critical_override_count": 111,
  "critical_trigger_rate": 0.74,
  "trigger_active_rate": 1.0,
  "confidence_mean": 0.9500000000000002,
  "false_intervention_rate": 0.06837606837606838,
  "repeated_intervention_rate": 0.9316239316239316,
  "post_intervention_violation_rate": 0.046153846153846156,
  "mean_drift_after_intervention": 23.71244801124995,
  "min_predicted_distance_mean": 4.225463175002591
}