{
  "violation_rate": 0.05333333333333334,
  "collision_rate": 0.0,
  "near_miss_rate": 0.02,
  "intervention_rate": 0.74,
  "override_success_rate": 0.9279279279279279,
  "mean_intervention_delay": 0.0,
  "operator_workload": 0.74,
  "mean_drift": 8.886602675904436,
  "p95_drift": 28.156477931329405,
  "mean_latency_ms": 0.5311122016670803,
  "risk_mean": 0.8239882630548827,
  "risk_p05": 0.24378036908408712,
  "risk_p25": 0.5830385219064996,
  "risk_p50": 1.0,
  "risk_p75": 1.0,
  "risk_p95": 1.0,
  "separation_risk_mean": 0.06445863284857473,
  "congestion_risk_mean": 0.028135004117148792,
  "speed_risk_mean": 0.917182226951572,
  "uncertainty_risk_mean": 0.6379463370092036,
  "human_activation_count": 111,
  "cooldown_skips": 11,
  "suppressed_request_count": 11,
  "suppressed_critical_count": 0,
  "cooldown_release_count": 111,
  "critical_override_count": 111,
  "critical_trigger_rate": 0.74,
  "trigger_active_rate": 0.78,
  "confidence_mean": 0.9500000000000002,
  "false_intervention_rate": 0.06306306306306306,
  "repeated_intervention_rate": 0.963963963963964,
  "post_intervention_violation_rate": 0.06956521739130435,
  "mean_drift_after_intervention": 10.781871025751094,
  "min_predicted_distance_mean": 4.215454387449584
}