{
  "violation_rate": 0.02666666666666667,
  "collision_rate": 0.0,
  "near_miss_rate": 0.30666666666666664,
  "intervention_rate": 0.16666666666666666,
  "override_success_rate": 0.92,
  "mean_intervention_delay": 0.0,
  "operator_workload": 0.16666666666666666,
  "mean_drift": 7.973469252282102,
  "p95_drift": 21.51198388564867,
  "mean_latency_ms": 0.27008528617443517,
  "risk_mean": 0.4411995374724535,
  "risk_p95": 0.6688696022363573,
  "separation_risk_mean": 0.34327989961052796,
  "congestion_risk_mean": 0.22754802079240644,
  "speed_risk_mean": 0.9018882092897087,
  "uncertainty_risk_mean": 0.6303556403743868,
  "human_activation_count": 25,
  "cooldown_skips": 125,
  "trigger_active_rate": 1.0,
  "confidence_mean": 0.9000000000000004,
  "false_intervention_rate": 0.28
}