{
  "violation_rate": 0.0,
  "collision_rate": 0.0,
  "near_miss_rate": 0.09333333333333334,
  "intervention_rate": 0.0,
  "override_success_rate": 0.0,
  "mean_intervention_delay": 0.0,
  "operator_workload": 0.0,
  "mean_drift": 8.779639329027248,
  "p95_drift": 26.58116145857359,
  "mean_latency_ms": 0.4954236199652466,
  "risk_mean": 0.30357997801204184,
  "risk_p95": 0.6267184175536568,
  "separation_risk_mean": 0.12226951210696548,
  "congestion_risk_mean": 0.07481362776413188,
  "speed_risk_mean": 0.8976390871212083,
  "uncertainty_risk_mean": 0.6347295170312877,
  "human_activation_count": 0,
  "cooldown_skips": 0,
  "trigger_active_rate": 0.0,
  "confidence_mean": 0.9500000000000002,
  "false_intervention_rate": 0.0
}