{
  "violation_rate": 0.04666666666666667,
  "collision_rate": 0.0,
  "near_miss_rate": 0.19333333333333333,
  "intervention_rate": 0.7933333333333333,
  "override_success_rate": 0.9411764705882353,
  "mean_intervention_delay": 0.0,
  "operator_workload": 0.7933333333333333,
  "mean_drift": 9.835021033554215,
  "p95_drift": 25.28865454900413,
  "mean_latency_ms": 0.41212137633313733,
  "risk_mean": 0.8464037583075708,
  "risk_p05": 0.18399999999992112,
  "risk_p25": 1.0,
  "risk_p50": 1.0,
  "risk_p75": 1.0,
  "risk_p95": 1.0,
  "separation_risk_mean": 0.22126465973883436,
  "congestion_risk_mean": 0.11519446117718299,
  "speed_risk_mean": 0.9370101054516407,
  "uncertainty_risk_mean": 0.6390748144865775,
  "human_activation_count": 119,
  "cooldown_skips": 20,
  "suppressed_request_count": 20,
  "suppressed_critical_count": 0,
  "cooldown_release_count": 115,
  "critical_override_count": 115,
  "critical_trigger_rate": 0.7666666666666667,
  "trigger_active_rate": 0.86,
  "confidence_mean": 0.9500000000000002,
  "false_intervention_rate": 0.05042016806722689,
  "repeated_intervention_rate": 0.957983193277311,
  "post_intervention_violation_rate": 0.05555555555555555,
  "mean_drift_after_intervention": 10.938107606906843,
  "min_predicted_distance_mean": 3.4170021846162233
}