{
  "violation_rate": 0.16666666666666666,
  "collision_rate": 0.0,
  "near_miss_rate": 0.02666666666666667,
  "intervention_rate": 0.16666666666666666,
  "override_success_rate": 0.48,
  "mean_intervention_delay": 5.0,
  "operator_workload": 0.16666666666666666,
  "mean_drift": 11.75820269215735,
  "p95_drift": 30.798205696901036,
  "mean_latency_ms": 0.8003730266743029,
  "risk_mean": 0.25774179683698684,
  "risk_p95": 0.4990343471268373,
  "separation_risk_mean": 0.04493228025329903,
  "congestion_risk_mean": 0.034445928587720255,
  "speed_risk_mean": 0.8860719238404814,
  "uncertainty_risk_mean": 0.64,
  "human_activation_count": 25,
  "cooldown_skips": 125,
  "trigger_active_rate": 1.0,
  "confidence_mean": 0.8499142448521452,
  "false_intervention_rate": 0.28
}