{
  "violation_rate": 0.04666666666666667,
  "collision_rate": 0.0,
  "near_miss_rate": 0.02666666666666667,
  "intervention_rate": 0.8333333333333334,
  "override_success_rate": 0.944,
  "mean_intervention_delay": 0.0,
  "operator_workload": 0.8333333333333334,
  "mean_drift": 12.689230245584378,
  "p95_drift": 34.44163252428058,
  "mean_latency_ms": 0.5044694345754882,
  "risk_mean": 0.8341398652968192,
  "risk_p05": 0.24599999999976102,
  "risk_p25": 0.7449410637817881,
  "risk_p50": 1.0,
  "risk_p75": 1.0,
  "risk_p95": 1.0,
  "separation_risk_mean": 0.048795772957488846,
  "congestion_risk_mean": 0.03484176555767741,
  "speed_risk_mean": 0.9822484835064641,
  "uncertainty_risk_mean": 0.6399164786837332,
  "human_activation_count": 125,
  "cooldown_skips": 25,
  "suppressed_request_count": 25,
  "suppressed_critical_count": 0,
  "cooldown_release_count": 112,
  "critical_override_count": 112,
  "critical_trigger_rate": 0.7466666666666667,
  "trigger_active_rate": 1.0,
  "confidence_mean": 0.9500000000000002,
  "false_intervention_rate": 0.144,
  "repeated_intervention_rate": 0.888,
  "post_intervention_violation_rate": 0.04697986577181208,
  "mean_drift_after_intervention": 14.243501194568514,
  "min_predicted_distance_mean": 4.381210634689545
}