{
  "violation_rate": 0.02,
  "collision_rate": 0.0,
  "near_miss_rate": 0.7466666666666667,
  "intervention_rate": 0.16666666666666666,
  "override_success_rate": 0.92,
  "mean_intervention_delay": 0.0,
  "operator_workload": 0.16666666666666666,
  "mean_drift": 12.066619744083432,
  "p95_drift": 28.01381855108971,
  "mean_latency_ms": 0.9145708468471033,
  "risk_mean": 0.5679971446123856,
  "risk_p95": 0.7298014717725877,
  "separation_risk_mean": 0.5527192192912306,
  "congestion_risk_mean": 0.33428052847776174,
  "speed_risk_mean": 0.9394754886884794,
  "uncertainty_risk_mean": 0.6318802700574634,
  "human_activation_count": 25,
  "cooldown_skips": 125,
  "trigger_active_rate": 1.0,
  "confidence_mean": 0.75,
  "false_intervention_rate": 0.28
}