{
  "violation_rate": 0.66,
  "collision_rate": 0.0,
  "near_miss_rate": 0.02,
  "intervention_rate": 0.7466666666666667,
  "override_success_rate": 0.11607142857142858,
  "mean_intervention_delay": 0.0,
  "operator_workload": 0.7466666666666667,
  "mean_drift": 15.018010379264396,
  "p95_drift": 32.58856360479047,
  "mean_latency_ms": 1.993821371967594,
  "risk_mean": 0.8100446548707699,
  "risk_p05": 0.2159999999999019,
  "risk_p25": 0.5174176906697389,
  "risk_p50": 1.0,
  "risk_p75": 1.0,
  "risk_p95": 1.0,
  "separation_risk_mean": 0.02575588440341687,
  "congestion_risk_mean": 0.02282308219937735,
  "speed_risk_mean": 0.9616897638845182,
  "uncertainty_risk_mean": 0.64,
  "human_activation_count": 112,
  "cooldown_skips": 10,
  "suppressed_request_count": 10,
  "suppressed_critical_count": 0,
  "cooldown_release_count": 111,
  "critical_override_count": 111,
  "critical_trigger_rate": 0.74,
  "trigger_active_rate": 0.8,
  "confidence_mean": 0.5,
  "false_intervention_rate": 0.044642857142857144,
  "repeated_intervention_rate": 0.9732142857142857,
  "post_intervention_violation_rate": 0.8521739130434782,
  "mean_drift_after_intervention": 18.52806076612322,
  "min_predicted_distance_mean": 14.535112357968579
}