{
  "violation_rate": 0.02666666666666667,
  "collision_rate": 0.0,
  "near_miss_rate": 0.4066666666666667,
  "intervention_rate": 0.7533333333333333,
  "override_success_rate": 0.9646017699115044,
  "mean_intervention_delay": 0.0,
  "operator_workload": 0.7533333333333333,
  "mean_drift": 15.111706771911969,
  "p95_drift": 28.1131236867879,
  "mean_latency_ms": 0.4127838679899772,
  "risk_mean": 0.8704843133045597,
  "risk_p05": 0.4182654135708364,
  "risk_p25": 0.6473984211030874,
  "risk_p50": 1.0,
  "risk_p75": 1.0,
  "risk_p95": 1.0,
  "separation_risk_mean": 0.399026872450983,
  "congestion_risk_mean": 0.21973036583185027,
  "speed_risk_mean": 0.9532502411569703,
  "uncertainty_risk_mean": 0.6388949721372807,
  "human_activation_count": 113,
  "cooldown_skips": 10,
  "suppressed_request_count": 10,
  "suppressed_critical_count": 0,
  "cooldown_release_count": 111,
  "critical_override_count": 111,
  "critical_trigger_rate": 0.74,
  "trigger_active_rate": 0.82,
  "confidence_mean": 0.9500000000000002,
  "false_intervention_rate": 0.035398230088495575,
  "repeated_intervention_rate": 0.9734513274336283,
  "post_intervention_violation_rate": 0.034482758620689655,
  "mean_drift_after_intervention": 18.641298404155975,
  "min_predicted_distance_mean": 2.388910033854142
}