{
  "violation_rate": 0.0,
  "collision_rate": 0.0,
  "near_miss_rate": 0.03333333333333333,
  "intervention_rate": 0.05333333333333334,
  "override_success_rate": 1.0,
  "mean_intervention_delay": 0.0,
  "operator_workload": 0.05333333333333334,
  "mean_drift": 14.614209110631277,
  "p95_drift": 39.127890251503196,
  "mean_latency_ms": 0.3821832937925744,
  "risk_mean": 0.2579652710229335,
  "risk_p95": 0.2539216823845316,
  "separation_risk_mean": 0.022029287428318615,
  "congestion_risk_mean": 0.02620740951768519,
  "speed_risk_mean": 0.9762688584687609,
  "uncertainty_risk_mean": 0.6337327368696979,
  "human_activation_count": 8,
  "cooldown_skips": 142,
  "trigger_active_rate": 1.0,
  "confidence_mean": 0.9500000000000002,
  "false_intervention_rate": 0.375
}