{
  "violation_rate": 0.006666666666666667,
  "collision_rate": 0.006666666666666667,
  "near_miss_rate": 0.08,
  "intervention_rate": 0.7733333333333333,
  "override_success_rate": 0.9913793103448276,
  "mean_intervention_delay": 0.0,
  "operator_workload": 0.7733333333333333,
  "mean_drift": 10.10852018292119,
  "p95_drift": 22.071261528663467,
  "mean_latency_ms": 0.3682377701625228,
  "risk_mean": 0.8434358830196372,
  "risk_p05": 0.2459999999998778,
  "risk_p25": 0.6811326970828244,
  "risk_p50": 1.0,
  "risk_p75": 1.0,
  "risk_p95": 1.0,
  "separation_risk_mean": 0.08538077362367441,
  "congestion_risk_mean": 0.04993718476566162,
  "speed_risk_mean": 0.9030198180172377,
  "uncertainty_risk_mean": 0.64,
  "human_activation_count": 116,
  "cooldown_skips": 34,
  "suppressed_request_count": 34,
  "suppressed_critical_count": 0,
  "cooldown_release_count": 109,
  "critical_override_count": 109,
  "critical_trigger_rate": 0.7266666666666667,
  "trigger_active_rate": 1.0,
  "confidence_mean": 1.0,
  "false_intervention_rate": 0.06896551724137931,
  "repeated_intervention_rate": 0.9310344827586207,
  "post_intervention_violation_rate": 0.0,
  "mean_drift_after_intervention": 11.140632919508805,
  "min_predicted_distance_mean": 4.809473308973031
}