{
  "violation_rate": 0.14,
  "collision_rate": 0.013333333333333334,
  "near_miss_rate": 0.9866666666666667,
  "intervention_rate": 0.9866666666666667,
  "override_success_rate": 0.8581081081081081,
  "mean_intervention_delay": 0.0,
  "operator_workload": 0.9866666666666667,
  "mean_drift": 12.541208133555461,
  "p95_drift": 32.3188936703771,
  "mean_latency_ms": 0.6732980588761469,
  "risk_mean": 0.9949087424589341,
  "risk_p05": 1.0,
  "risk_p25": 1.0,
  "risk_p50": 1.0,
  "risk_p75": 1.0,
  "risk_p95": 1.0,
  "separation_risk_mean": 0.7284371850613819,
  "congestion_risk_mean": 0.42758557915835543,
  "speed_risk_mean": 0.6545942838267377,
  "uncertainty_risk_mean": 0.6361609394584515,
  "human_activation_count": 148,
  "cooldown_skips": 2,
  "suppressed_request_count": 2,
  "suppressed_critical_count": 0,
  "cooldown_release_count": 148,
  "critical_override_count": 148,
  "critical_trigger_rate": 0.9866666666666667,
  "trigger_active_rate": 1.0,
  "confidence_mean": 0.9500000000000002,
  "false_intervention_rate": 0.0,
  "repeated_intervention_rate": 0.9797297297297297,
  "post_intervention_violation_rate": 0.14093959731543623,
  "mean_drift_after_intervention": 12.641375328862525,
  "min_predicted_distance_mean": 0.4797539891878473
}