{
  "violation_rate": 0.03333333333333333,
  "collision_rate": 0.013333333333333334,
  "near_miss_rate": 0.18,
  "intervention_rate": 0.7733333333333333,
  "override_success_rate": 0.9568965517241379,
  "mean_intervention_delay": 0.0,
  "operator_workload": 0.7733333333333333,
  "mean_drift": 11.425035982278843,
  "p95_drift": 38.05692445758799,
  "mean_latency_ms": 0.4001700086519122,
  "risk_mean": 0.8772033980221313,
  "risk_p05": 0.33661250750248056,
  "risk_p25": 1.0,
  "risk_p50": 1.0,
  "risk_p75": 1.0,
  "risk_p95": 1.0,
  "separation_risk_mean": 0.15665188986250747,
  "congestion_risk_mean": 0.0943149025034531,
  "speed_risk_mean": 0.8699330212112215,
  "uncertainty_risk_mean": 0.6303359521773554,
  "human_activation_count": 116,
  "cooldown_skips": 25,
  "suppressed_request_count": 25,
  "suppressed_critical_count": 0,
  "cooldown_release_count": 114,
  "critical_override_count": 114,
  "critical_trigger_rate": 0.76,
  "trigger_active_rate": 0.9133333333333333,
  "confidence_mean": 0.9500000000000002,
  "false_intervention_rate": 0.02586206896551724,
  "repeated_intervention_rate": 0.9482758620689655,
  "post_intervention_violation_rate": 0.032,
  "mean_drift_after_intervention": 13.259368429726623,
  "min_predicted_distance_mean": 4.9897861348110935
}