{
  "violation_rate": 0.13333333333333333,
  "collision_rate": 0.0,
  "near_miss_rate": 0.006666666666666667,
  "intervention_rate": 0.16666666666666666,
  "override_success_rate": 0.6,
  "mean_intervention_delay": 5.0,
  "operator_workload": 0.16666666666666666,
  "mean_drift": 10.305435865521407,
  "p95_drift": 27.942575120909645,
  "mean_latency_ms": 0.775142427009996,
  "risk_mean": 0.2635234482526765,
  "risk_p95": 0.5218307288083747,
  "separation_risk_mean": 0.04776877092235889,
  "congestion_risk_mean": 0.034589717739125884,
  "speed_risk_mean": 0.9158671460188903,
  "uncertainty_risk_mean": 0.64,
  "human_activation_count": 25,
  "cooldown_skips": 125,
  "trigger_active_rate": 1.0,
  "confidence_mean": 0.8499142448521452,
  "false_intervention_rate": 0.28
}