{
  "violation_rate": 0.7066666666666667,
  "collision_rate": 0.0,
  "near_miss_rate": 0.17333333333333334,
  "intervention_rate": 0.7733333333333333,
  "override_success_rate": 0.08620689655172414,
  "mean_intervention_delay": 5.0,
  "operator_workload": 0.7733333333333333,
  "mean_drift": 9.05596295785753,
  "p95_drift": 30.738493702061923,
  "mean_latency_ms": 1.8938686395995319,
  "risk_mean": 0.847236685907172,
  "risk_p05": 0.2191126003551781,
  "risk_p25": 0.6654627020809574,
  "risk_p50": 1.0,
  "risk_p75": 1.0,
  "risk_p95": 1.0,
  "separation_risk_mean": 0.21488629924912436,
  "congestion_risk_mean": 0.12969662850616626,
  "speed_risk_mean": 0.6839125728589388,
  "uncertainty_risk_mean": 0.6387344122262747,
  "human_activation_count": 116,
  "cooldown_skips": 30,
  "suppressed_request_count": 30,
  "suppressed_critical_count": 0,
  "cooldown_release_count": 109,
  "critical_override_count": 109,
  "critical_trigger_rate": 0.7266666666666667,
  "trigger_active_rate": 0.94,
  "confidence_mean": 0.48560209611395294,
  "false_intervention_rate": 0.06896551724137931,
  "repeated_intervention_rate": 0.9396551724137931,
  "post_intervention_violation_rate": 0.8267716535433071,
  "mean_drift_after_intervention": 10.710400372338848,
  "min_predicted_distance_mean": 6.386145084288906
}