{
  "violation_rate": 0.10666666666666667,
  "collision_rate": 0.0,
  "near_miss_rate": 0.68,
  "intervention_rate": 0.92,
  "override_success_rate": 0.8840579710144928,
  "mean_intervention_delay": 0.0,
  "operator_workload": 0.92,
  "mean_drift": 11.22447210706732,
  "p95_drift": 27.001105368792246,
  "mean_latency_ms": 2.613748861476779,
  "risk_mean": 0.9610688892341042,
  "risk_p05": 0.571072310063232,
  "risk_p25": 1.0,
  "risk_p50": 1.0,
  "risk_p75": 1.0,
  "risk_p95": 1.0,
  "separation_risk_mean": 0.3524219879906194,
  "congestion_risk_mean": 0.15535161983890686,
  "speed_risk_mean": 0.9278790796089971,
  "uncertainty_risk_mean": 0.64,
  "human_activation_count": 138,
  "cooldown_skips": 12,
  "suppressed_request_count": 12,
  "suppressed_critical_count": 0,
  "cooldown_release_count": 137,
  "critical_override_count": 137,
  "critical_trigger_rate": 0.9133333333333333,
  "trigger_active_rate": 1.0,
  "confidence_mean": 0.9500000000000002,
  "false_intervention_rate": 0.10144927536231885,
  "repeated_intervention_rate": 0.9637681159420289,
  "post_intervention_violation_rate": 0.11188811188811189,
  "mean_drift_after_intervention": 11.771624606648187,
  "min_predicted_distance_mean": 2.459655417680884
}