{
  "violation_rate": 0.03333333333333333,
  "collision_rate": 0.0,
  "near_miss_rate": 0.4,
  "intervention_rate": 0.7933333333333333,
  "override_success_rate": 0.957983193277311,
  "mean_intervention_delay": 0.0,
  "operator_workload": 0.7933333333333333,
  "mean_drift": 14.95380323069123,
  "p95_drift": 28.041745642847854,
  "mean_latency_ms": 0.558079193967084,
  "risk_mean": 0.8792009700865197,
  "risk_p05": 0.3218179490455914,
  "risk_p25": 1.0,
  "risk_p50": 1.0,
  "risk_p75": 1.0,
  "risk_p95": 1.0,
  "separation_risk_mean": 0.415108184069043,
  "congestion_risk_mean": 0.22116308979957494,
  "speed_risk_mean": 0.9418644658852074,
  "uncertainty_risk_mean": 0.6391543954025022,
  "human_activation_count": 119,
  "cooldown_skips": 31,
  "suppressed_request_count": 31,
  "suppressed_critical_count": 0,
  "cooldown_release_count": 117,
  "critical_override_count": 117,
  "critical_trigger_rate": 0.78,
  "trigger_active_rate": 1.0,
  "confidence_mean": 0.9500000000000002,
  "false_intervention_rate": 0.058823529411764705,
  "repeated_intervention_rate": 0.9663865546218487,
  "post_intervention_violation_rate": 0.04032258064516129,
  "mean_drift_after_intervention": 17.872746832697285,
  "min_predicted_distance_mean": 1.9835143463738538
}