{
  "violation_rate": 0.05333333333333334,
  "collision_rate": 0.0,
  "near_miss_rate": 0.02,
  "intervention_rate": 0.7266666666666667,
  "override_success_rate": 0.926605504587156,
  "mean_intervention_delay": 0.0,
  "operator_workload": 0.7266666666666667,
  "mean_drift": 12.727783159367814,
  "p95_drift": 34.53809396296692,
  "mean_latency_ms": 0.42183280689641833,
  "risk_mean": 0.8184377166327722,
  "risk_p05": 0.2459999999998615,
  "risk_p25": 0.5872626230557463,
  "risk_p50": 1.0,
  "risk_p75": 1.0,
  "risk_p95": 1.0,
  "separation_risk_mean": 0.042666499779799125,
  "congestion_risk_mean": 0.033978043224378925,
  "speed_risk_mean": 0.9789362892604512,
  "uncertainty_risk_mean": 0.6399744724662428,
  "human_activation_count": 109,
  "cooldown_skips": 0,
  "suppressed_request_count": 0,
  "suppressed_critical_count": 0,
  "cooldown_release_count": 109,
  "critical_override_count": 109,
  "critical_trigger_rate": 0.7266666666666667,
  "trigger_active_rate": 0.7266666666666667,
  "confidence_mean": 0.9500000000000002,
  "false_intervention_rate": 0.01834862385321101,
  "repeated_intervention_rate": 0.9908256880733946,
  "post_intervention_violation_rate": 0.07407407407407407,
  "mean_drift_after_intervention": 15.498369556922142,
  "min_predicted_distance_mean": 4.415703590601855
}