{
  "violation_rate": 0.07333333333333333,
  "collision_rate": 0.006666666666666667,
  "near_miss_rate": 0.5066666666666667,
  "intervention_rate": 0.74,
  "override_success_rate": 0.9009009009009009,
  "mean_intervention_delay": 0.0,
  "operator_workload": 0.74,
  "mean_drift": 16.123443370636046,
  "p95_drift": 48.811550157946215,
  "mean_latency_ms": 0.651279721253862,
  "risk_mean": 0.8452210410883284,
  "risk_p05": 0.3131917521835837,
  "risk_p25": 0.5402762224172769,
  "risk_p50": 1.0,
  "risk_p75": 1.0,
  "risk_p95": 1.0,
  "separation_risk_mean": 0.5441477805191606,
  "congestion_risk_mean": 0.29645422192669096,
  "speed_risk_mean": 0.9597875987480026,
  "uncertainty_risk_mean": 0.6342481109983557,
  "human_activation_count": 111,
  "cooldown_skips": 8,
  "suppressed_request_count": 8,
  "suppressed_critical_count": 0,
  "cooldown_release_count": 111,
  "critical_override_count": 111,
  "critical_trigger_rate": 0.74,
  "trigger_active_rate": 0.7733333333333333,
  "confidence_mean": 0.9500000000000002,
  "false_intervention_rate": 0.04504504504504504,
  "repeated_intervention_rate": 0.972972972972973,
  "post_intervention_violation_rate": 0.08771929824561403,
  "mean_drift_after_intervention": 20.0559223090542,
  "min_predicted_distance_mean": 1.4060054183947666
}