{
  "violation_rate": 0.11333333333333333,
  "collision_rate": 0.0,
  "near_miss_rate": 0.3933333333333333,
  "intervention_rate": 0.86,
  "override_success_rate": 0.8682170542635659,
  "mean_intervention_delay": 0.0,
  "operator_workload": 0.86,
  "mean_drift": 14.979527364005728,
  "p95_drift": 28.345283781368277,
  "mean_latency_ms": 0.669704667913417,
  "risk_mean": 0.8842707486172288,
  "risk_p05": 0.3587402974862002,
  "risk_p25": 1.0,
  "risk_p50": 1.0,
  "risk_p75": 1.0,
  "risk_p95": 1.0,
  "separation_risk_mean": 0.43271029042663417,
  "congestion_risk_mean": 0.23195702033465979,
  "speed_risk_mean": 0.9426981713509334,
  "uncertainty_risk_mean": 0.6394292478224824,
  "human_activation_count": 129,
  "cooldown_skips": 21,
  "suppressed_request_count": 21,
  "suppressed_critical_count": 0,
  "cooldown_release_count": 119,
  "critical_override_count": 118,
  "critical_trigger_rate": 0.7866666666666666,
  "trigger_active_rate": 1.0,
  "confidence_mean": 0.9500000000000002,
  "false_intervention_rate": 0.13178294573643412,
  "repeated_intervention_rate": 0.9069767441860465,
  "post_intervention_violation_rate": 0.11409395973154363,
  "mean_drift_after_intervention": 16.812996962742783,
  "min_predicted_distance_mean": 1.893694114440085
}