{
  "violation_rate": 0.06666666666666667,
  "collision_rate": 0.0,
  "near_miss_rate": 0.19333333333333333,
  "intervention_rate": 0.7666666666666667,
  "override_success_rate": 0.9130434782608695,
  "mean_intervention_delay": 0.0,
  "operator_workload": 0.7666666666666667,
  "mean_drift": 13.586060304441501,
  "p95_drift": 30.076981132998384,
  "mean_latency_ms": 0.5803722119890153,
  "risk_mean": 0.8711243738097167,
  "risk_p05": 0.4520690452751761,
  "risk_p25": 0.7417880135364945,
  "risk_p50": 1.0,
  "risk_p75": 1.0,
  "risk_p95": 1.0,
  "separation_risk_mean": 0.24258974546097117,
  "congestion_risk_mean": 0.14869239828960726,
  "speed_risk_mean": 0.9697560708362671,
  "uncertainty_risk_mean": 0.6358197814168217,
  "human_activation_count": 115,
  "cooldown_skips": 35,
  "suppressed_request_count": 35,
  "suppressed_critical_count": 0,
  "cooldown_release_count": 112,
  "critical_override_count": 112,
  "critical_trigger_rate": 0.7466666666666667,
  "trigger_active_rate": 1.0,
  "confidence_mean": 0.9500000000000002,
  "false_intervention_rate": 0.06956521739130435,
  "repeated_intervention_rate": 0.9391304347826087,
  "post_intervention_violation_rate": 0.08064516129032258,
  "mean_drift_after_intervention": 15.86896782695204,
  "min_predicted_distance_mean": 2.8507093197202007
}