{
  "violation_rate": 0.7133333333333334,
  "collision_rate": 0.013333333333333334,
  "near_miss_rate": 0.16,
  "intervention_rate": 0.8066666666666666,
  "override_success_rate": 0.11570247933884298,
  "mean_intervention_delay": 5.0,
  "operator_workload": 0.8066666666666666,
  "mean_drift": 10.974663791388602,
  "p95_drift": 47.48524485615108,
  "mean_latency_ms": 2.0903333315315344,
  "risk_mean": 0.8483446211395962,
  "risk_p05": 0.3013275377477163,
  "risk_p25": 1.0,
  "risk_p50": 1.0,
  "risk_p75": 1.0,
  "risk_p95": 1.0,
  "separation_risk_mean": 0.4673624438400813,
  "congestion_risk_mean": 0.24432539955136595,
  "speed_risk_mean": 0.5891385005910166,
  "uncertainty_risk_mean": 0.6324416865275374,
  "human_activation_count": 121,
  "cooldown_skips": 29,
  "suppressed_request_count": 29,
  "suppressed_critical_count": 0,
  "cooldown_release_count": 118,
  "critical_override_count": 113,
  "critical_trigger_rate": 0.7533333333333333,
  "trigger_active_rate": 1.0,
  "confidence_mean": 0.46558494508438203,
  "false_intervention_rate": 0.10743801652892562,
  "repeated_intervention_rate": 0.9173553719008265,
  "post_intervention_violation_rate": 0.7794117647058824,
  "mean_drift_after_intervention": 12.762576704735322,
  "min_predicted_distance_mean": 1.6695885787059876
}