{
  "violation_rate": 0.07333333333333333,
  "collision_rate": 0.0,
  "near_miss_rate": 0.5,
  "intervention_rate": 0.78,
  "override_success_rate": 0.905982905982906,
  "mean_intervention_delay": 0.0,
  "operator_workload": 0.78,
  "mean_drift": 13.974552016332945,
  "p95_drift": 28.482894129586928,
  "mean_latency_ms": 0.5020605539903045,
  "risk_mean": 0.858139924766521,
  "risk_p05": 0.2839861534335585,
  "risk_p25": 0.7035112159575339,
  "risk_p50": 1.0,
  "risk_p75": 1.0,
  "risk_p95": 1.0,
  "separation_risk_mean": 0.4545275352460173,
  "congestion_risk_mean": 0.27644889763203384,
  "speed_risk_mean": 0.9144038834677963,
  "uncertainty_risk_mean": 0.9986601905582243,
  "human_activation_count": 117,
  "cooldown_skips": 33,
  "suppressed_request_count": 33,
  "suppressed_critical_count": 0,
  "cooldown_release_count": 110,
  "critical_override_count": 110,
  "critical_trigger_rate": 0.7333333333333333,
  "trigger_active_rate": 1.0,
  "confidence_mean": 0.9500000000000002,
  "false_intervention_rate": 0.05982905982905983,
  "repeated_intervention_rate": 0.9316239316239316,
  "post_intervention_violation_rate": 0.07692307692307693,
  "mean_drift_after_intervention": 16.650088588854352,
  "min_predicted_distance_mean": 1.8833699358348557
}