{
  "violation_rate": 0.23333333333333334,
  "collision_rate": 0.0,
  "near_miss_rate": 0.02,
  "intervention_rate": 0.7933333333333333,
  "override_success_rate": 0.7058823529411765,
  "mean_intervention_delay": 1.0,
  "operator_workload": 0.7933333333333333,
  "mean_drift": 22.711942126687045,
  "p95_drift": 64.11746341263576,
  "mean_latency_ms": 0.7712406028682987,
  "risk_mean": 0.8251885211123253,
  "risk_p05": 0.24599999999993272,
  "risk_p25": 1.0,
  "risk_p50": 1.0,
  "risk_p75": 1.0,
  "risk_p95": 1.0,
  "separation_risk_mean": 0.09010982906588116,
  "congestion_risk_mean": 0.05690439043225875,
  "speed_risk_mean": 0.9979192068990149,
  "uncertainty_risk_mean": 0.6385798749626165,
  "human_activation_count": 119,
  "cooldown_skips": 31,
  "suppressed_request_count": 31,
  "suppressed_critical_count": 0,
  "cooldown_release_count": 113,
  "critical_override_count": 113,
  "critical_trigger_rate": 0.7533333333333333,
  "trigger_active_rate": 1.0,
  "confidence_mean": 0.8133834109031054,
  "false_intervention_rate": 0.09243697478991597,
  "repeated_intervention_rate": 0.9327731092436975,
  "post_intervention_violation_rate": 0.26717557251908397,
  "mean_drift_after_intervention": 26.09377141595236,
  "min_predicted_distance_mean": 3.782900824508419
}