{
  "violation_rate": 0.29333333333333333,
  "collision_rate": 0.0,
  "near_miss_rate": 0.30666666666666664,
  "intervention_rate": 0.8133333333333334,
  "override_success_rate": 0.639344262295082,
  "mean_intervention_delay": 0.0,
  "operator_workload": 0.8133333333333334,
  "mean_drift": 12.38785421489723,
  "p95_drift": 28.6569027208232,
  "mean_latency_ms": 0.8565144683234394,
  "risk_mean": 0.8386897322107538,
  "risk_p05": 0.24599999999988353,
  "risk_p25": 1.0,
  "risk_p50": 1.0,
  "risk_p75": 1.0,
  "risk_p95": 1.0,
  "separation_risk_mean": 0.1843340343611526,
  "congestion_risk_mean": 0.1611229993851531,
  "speed_risk_mean": 0.9624199075930039,
  "uncertainty_risk_mean": 0.6379323874773102,
  "human_activation_count": 122,
  "cooldown_skips": 28,
  "suppressed_request_count": 28,
  "suppressed_critical_count": 0,
  "cooldown_release_count": 117,
  "critical_override_count": 117,
  "critical_trigger_rate": 0.78,
  "trigger_active_rate": 1.0,
  "confidence_mean": 0.75,
  "false_intervention_rate": 0.08196721311475409,
  "repeated_intervention_rate": 0.9426229508196722,
  "post_intervention_violation_rate": 0.3308270676691729,
  "mean_drift_after_intervention": 13.705178863080624,
  "min_predicted_distance_mean": 5.192794878892693
}