{
  "violation_rate": 0.04,
  "collision_rate": 0.0,
  "near_miss_rate": 0.02666666666666667,
  "intervention_rate": 0.7666666666666667,
  "override_success_rate": 0.9478260869565217,
  "mean_intervention_delay": 0.0,
  "operator_workload": 0.7666666666666667,
  "mean_drift": 13.410655666401631,
  "p95_drift": 30.041659612754337,
  "mean_latency_ms": 0.3928347296702365,
  "risk_mean": 0.7961035421283141,
  "risk_p05": 0.22835118902469365,
  "risk_p25": 0.4470825828883567,
  "risk_p50": 1.0,
  "risk_p75": 1.0,
  "risk_p95": 1.0,
  "separation_risk_mean": 0.02633255639450117,
  "congestion_risk_mean": 0.02276021819323907,
  "speed_risk_mean": 0.9647366924606907,
  "uncertainty_risk_mean": 0.64,
  "human_activation_count": 115,
  "cooldown_skips": 35,
  "suppressed_request_count": 35,
  "suppressed_critical_count": 0,
  "cooldown_release_count": 107,
  "critical_override_count": 107,
  "critical_trigger_rate": 0.7133333333333334,
  "trigger_active_rate": 1.0,
  "confidence_mean": 0.9500000000000002,
  "false_intervention_rate": 0.0782608695652174,
  "repeated_intervention_rate": 0.9304347826086956,
  "post_intervention_violation_rate": 0.046875,
  "mean_drift_after_intervention": 15.900538042741065,
  "min_predicted_distance_mean": 14.887721115171443
}