{
  "violation_rate": 0.09333333333333334,
  "collision_rate": 0.006666666666666667,
  "near_miss_rate": 0.34,
  "intervention_rate": 0.7666666666666667,
  "override_success_rate": 0.8782608695652174,
  "mean_intervention_delay": 0.0,
  "operator_workload": 0.7666666666666667,
  "mean_drift": 6.082405653402747,
  "p95_drift": 23.023857705820614,
  "mean_latency_ms": 0.45567686514308053,
  "risk_mean": 0.8451350645063439,
  "risk_p05": 0.31516283548730406,
  "risk_p25": 0.6349563423989129,
  "risk_p50": 1.0,
  "risk_p75": 1.0,
  "risk_p95": 1.0,
  "separation_risk_mean": 0.4718607076891731,
  "congestion_risk_mean": 0.25004461482083107,
  "speed_risk_mean": 0.6517255474103275,
  "uncertainty_risk_mean": 0.9917601763055095,
  "human_activation_count": 115,
  "cooldown_skips": 35,
  "suppressed_request_count": 35,
  "suppressed_critical_count": 0,
  "cooldown_release_count": 108,
  "critical_override_count": 106,
  "critical_trigger_rate": 0.7066666666666667,
  "trigger_active_rate": 1.0,
  "confidence_mean": 0.9500000000000002,
  "false_intervention_rate": 0.08695652173913043,
  "repeated_intervention_rate": 0.9217391304347826,
  "post_intervention_violation_rate": 0.1076923076923077,
  "mean_drift_after_intervention": 6.8367916367626185,
  "min_predicted_distance_mean": 1.664603172606936
}