{
  "violation_rate": 0.7333333333333333,
  "collision_rate": 0.013333333333333334,
  "near_miss_rate": 0.06,
  "intervention_rate": 0.8,
  "override_success_rate": 0.08333333333333333,
  "mean_intervention_delay": 10.0,
  "operator_workload": 0.8,
  "mean_drift": 17.281726091675495,
  "p95_drift": 55.79836815096255,
  "mean_latency_ms": 2.2632399845557907,
  "risk_mean": 0.849818094444698,
  "risk_p05": 0.26133704998401763,
  "risk_p25": 1.0,
  "risk_p50": 1.0,
  "risk_p75": 1.0,
  "risk_p95": 1.0,
  "separation_risk_mean": 0.15095278307567278,
  "congestion_risk_mean": 0.08731738060212235,
  "speed_risk_mean": 0.9410919733515876,
  "uncertainty_risk_mean": 0.6294827646841118,
  "human_activation_count": 120,
  "cooldown_skips": 30,
  "suppressed_request_count": 30,
  "suppressed_critical_count": 0,
  "cooldown_release_count": 114,
  "critical_override_count": 114,
  "critical_trigger_rate": 0.76,
  "trigger_active_rate": 1.0,
  "confidence_mean": 0.29285481525982565,
  "false_intervention_rate": 0.08333333333333333,
  "repeated_intervention_rate": 0.9416666666666667,
  "post_intervention_violation_rate": 0.8320610687022901,
  "mean_drift_after_intervention": 20.271690846665162,
  "min_predicted_distance_mean": 7.141566378558099
}