{
  "violation_rate": 0.04,
  "collision_rate": 0.0,
  "near_miss_rate": 0.03333333333333333,
  "intervention_rate": 0.7733333333333333,
  "override_success_rate": 0.9482758620689655,
  "mean_intervention_delay": 0.0,
  "operator_workload": 0.7733333333333333,
  "mean_drift": 9.111645930735484,
  "p95_drift": 23.116757842567797,
  "mean_latency_ms": 0.48517471955468255,
  "risk_mean": 0.8171725862514554,
  "risk_p05": 0.1866036254085144,
  "risk_p25": 0.5973251913734626,
  "risk_p50": 1.0,
  "risk_p75": 1.0,
  "risk_p95": 1.0,
  "separation_risk_mean": 0.06706076345502245,
  "congestion_risk_mean": 0.05092304504177737,
  "speed_risk_mean": 0.8202151202666123,
  "uncertainty_risk_mean": 0.6389644975348836,
  "human_activation_count": 116,
  "cooldown_skips": 27,
  "suppressed_request_count": 27,
  "suppressed_critical_count": 0,
  "cooldown_release_count": 112,
  "critical_override_count": 110,
  "critical_trigger_rate": 0.7333333333333333,
  "trigger_active_rate": 0.92,
  "confidence_mean": 0.9500000000000002,
  "false_intervention_rate": 0.10344827586206896,
  "repeated_intervention_rate": 0.9224137931034483,
  "post_intervention_violation_rate": 0.046153846153846156,
  "mean_drift_after_intervention": 10.56667774454986,
  "min_predicted_distance_mean": 3.8936369136953113
}