{
  "violation_rate": 0.06,
  "collision_rate": 0.013333333333333334,
  "near_miss_rate": 0.16666666666666666,
  "intervention_rate": 0.8533333333333334,
  "override_success_rate": 0.9296875,
  "mean_intervention_delay": 0.0,
  "operator_workload": 0.8533333333333334,
  "mean_drift": 11.43194989277755,
  "p95_drift": 37.46014739175954,
  "mean_latency_ms": 0.5190444442753991,
  "risk_mean": 0.9092178116796368,
  "risk_p05": 0.3454934336643492,
  "risk_p25": 1.0,
  "risk_p50": 1.0,
  "risk_p75": 1.0,
  "risk_p95": 1.0,
  "separation_risk_mean": 0.15025255229323572,
  "congestion_risk_mean": 0.08779397453852512,
  "speed_risk_mean": 0.8761421951289636,
  "uncertainty_risk_mean": 0.6303359521773554,
  "human_activation_count": 128,
  "cooldown_skips": 20,
  "suppressed_request_count": 20,
  "suppressed_critical_count": 0,
  "cooldown_release_count": 126,
  "critical_override_count": 126,
  "critical_trigger_rate": 0.84,
  "trigger_active_rate": 0.98,
  "confidence_mean": 0.9500000000000002,
  "false_intervention_rate": 0.0703125,
  "repeated_intervention_rate": 0.9609375,
  "post_intervention_violation_rate": 0.05925925925925926,
  "mean_drift_after_intervention": 12.46848750312365,
  "min_predicted_distance_mean": 4.919389100349057
}