{
  "violation_rate": 0.18,
  "collision_rate": 0.04,
  "near_miss_rate": 1.0866666666666667,
  "intervention_rate": 0.6533333333333333,
  "override_success_rate": 0.7346938775510204,
  "mean_intervention_delay": 0.0,
  "operator_workload": 0.6533333333333333,
  "mean_drift": 2.6030441311053614,
  "p95_drift": 9.301725537159227,
  "mean_latency_ms": 0.6506099893401066,
  "risk_mean": 0.8503444754043534,
  "risk_p05": 0.5510188313453974,
  "risk_p25": 0.6446373536691671,
  "risk_p50": 1.0,
  "risk_p75": 1.0,
  "risk_p95": 1.0,
  "separation_risk_mean": 0.7151493820157073,
  "congestion_risk_mean": 0.49452827104489877,
  "speed_risk_mean": 0.67759191784645,
  "uncertainty_risk_mean": 0.6302410728934283,
  "human_activation_count": 98,
  "cooldown_skips": 52,
  "suppressed_request_count": 52,
  "suppressed_critical_count": 0,
  "cooldown_release_count": 91,
  "critical_override_count": 91,
  "critical_trigger_rate": 0.6066666666666667,
  "trigger_active_rate": 1.0,
  "confidence_mean": 0.75,
  "false_intervention_rate": 0.061224489795918366,
  "repeated_intervention_rate": 0.8571428571428571,
  "post_intervention_violation_rate": 0.22131147540983606,
  "mean_drift_after_intervention": 2.833392894000185,
  "min_predicted_distance_mean": 0.7164331238854921
}