{
  "violation_rate": 0.6666666666666666,
  "collision_rate": 0.02666666666666667,
  "near_miss_rate": 0.10666666666666667,
  "intervention_rate": 0.7666666666666667,
  "override_success_rate": 0.13043478260869565,
  "mean_intervention_delay": 10.0,
  "operator_workload": 0.7666666666666667,
  "mean_drift": 15.712528898509161,
  "p95_drift": 49.921000912340325,
  "mean_latency_ms": 1.941799963048349,
  "risk_mean": 0.8109189829352507,
  "risk_p05": 0.24599999999987746,
  "risk_p25": 0.4931333253562631,
  "risk_p50": 1.0,
  "risk_p75": 1.0,
  "risk_p95": 1.0,
  "separation_risk_mean": 0.16465151568398484,
  "congestion_risk_mean": 0.09855657136604251,
  "speed_risk_mean": 0.9211182175369333,
  "uncertainty_risk_mean": 0.6317589450108622,
  "human_activation_count": 115,
  "cooldown_skips": 35,
  "suppressed_request_count": 35,
  "suppressed_critical_count": 0,
  "cooldown_release_count": 107,
  "critical_override_count": 107,
  "critical_trigger_rate": 0.7133333333333334,
  "trigger_active_rate": 1.0,
  "confidence_mean": 0.3202358646239995,
  "false_intervention_rate": 0.0782608695652174,
  "repeated_intervention_rate": 0.9304347826086956,
  "post_intervention_violation_rate": 0.7734375,
  "mean_drift_after_intervention": 18.709489013867014,
  "min_predicted_distance_mean": 6.230861757380559
}