{
  "violation_rate": 0.72,
  "collision_rate": 0.0,
  "near_miss_rate": 0.02,
  "intervention_rate": 0.7933333333333333,
  "override_success_rate": 0.09243697478991597,
  "mean_intervention_delay": 5.0,
  "operator_workload": 0.7933333333333333,
  "mean_drift": 29.28207953931039,
  "p95_drift": 91.48304498410882,
  "mean_latency_ms": 2.29086526359121,
  "risk_mean": 0.8251885211123253,
  "risk_p05": 0.24599999999993272,
  "risk_p25": 1.0,
  "risk_p50": 1.0,
  "risk_p75": 1.0,
  "risk_p95": 1.0,
  "separation_risk_mean": 0.02199977487307074,
  "congestion_risk_mean": 0.018243904429789588,
  "speed_risk_mean": 0.997919206899076,
  "uncertainty_risk_mean": 0.6385798749626165,
  "human_activation_count": 119,
  "cooldown_skips": 31,
  "suppressed_request_count": 31,
  "suppressed_critical_count": 0,
  "cooldown_release_count": 113,
  "critical_override_count": 113,
  "critical_trigger_rate": 0.7533333333333333,
  "trigger_active_rate": 1.0,
  "confidence_mean": 0.4735918054962103,
  "false_intervention_rate": 0.09243697478991597,
  "repeated_intervention_rate": 0.9327731092436975,
  "post_intervention_violation_rate": 0.8244274809160306,
  "mean_drift_after_intervention": 34.37545723018347,
  "min_predicted_distance_mean": 5.448285434298832
}