{
  "violation_rate": 0.68,
  "collision_rate": 0.0,
  "near_miss_rate": 0.14,
  "intervention_rate": 0.7733333333333333,
  "override_success_rate": 0.1206896551724138,
  "mean_intervention_delay": 0.0,
  "operator_workload": 0.7733333333333333,
  "mean_drift": 16.193097632367675,
  "p95_drift": 39.65206380318884,
  "mean_latency_ms": 1.937788084615022,
  "risk_mean": 0.8789363180734255,
  "risk_p05": 0.4604222704882358,
  "risk_p25": 0.6626657307708534,
  "risk_p50": 1.0,
  "risk_p75": 1.0,
  "risk_p95": 1.0,
  "separation_risk_mean": 0.15593242752209313,
  "congestion_risk_mean": 0.10658407750868082,
  "speed_risk_mean": 0.9974540238786576,
  "uncertainty_risk_mean": 0.64,
  "human_activation_count": 116,
  "cooldown_skips": 34,
  "suppressed_request_count": 34,
  "suppressed_critical_count": 0,
  "cooldown_release_count": 109,
  "critical_override_count": 109,
  "critical_trigger_rate": 0.7266666666666667,
  "trigger_active_rate": 1.0,
  "confidence_mean": 0.5,
  "false_intervention_rate": 0.07758620689655173,
  "repeated_intervention_rate": 0.9310344827586207,
  "post_intervention_violation_rate": 0.7906976744186046,
  "mean_drift_after_intervention": 18.699850663336242,
  "min_predicted_distance_mean": 5.7470615246223815
}