{
  "violation_rate": 0.02,
  "collision_rate": 0.0,
  "near_miss_rate": 0.02,
  "intervention_rate": 0.76,
  "override_success_rate": 0.9736842105263158,
  "mean_intervention_delay": 0.0,
  "operator_workload": 0.76,
  "mean_drift": 22.603873707290468,
  "p95_drift": 63.93489433938998,
  "mean_latency_ms": 0.4674188746139407,
  "risk_mean": 0.8251723765083655,
  "risk_p05": 0.24599999999993266,
  "risk_p25": 1.0,
  "risk_p50": 1.0,
  "risk_p75": 1.0,
  "risk_p95": 1.0,
  "separation_risk_mean": 0.09072765036445896,
  "congestion_risk_mean": 0.057877668244896686,
  "speed_risk_mean": 0.9979192068990115,
  "uncertainty_risk_mean": 0.6385798749626165,
  "human_activation_count": 114,
  "cooldown_skips": 36,
  "suppressed_request_count": 36,
  "suppressed_critical_count": 0,
  "cooldown_release_count": 113,
  "critical_override_count": 113,
  "critical_trigger_rate": 0.7533333333333333,
  "trigger_active_rate": 1.0,
  "confidence_mean": 0.9500000000000002,
  "false_intervention_rate": 0.05263157894736842,
  "repeated_intervention_rate": 0.9736842105263158,
  "post_intervention_violation_rate": 0.02564102564102564,
  "mean_drift_after_intervention": 26.61495334920667,
  "min_predicted_distance_mean": 3.7558281740015165
}