{
  "violation_rate": 0.15333333333333332,
  "collision_rate": 0.02666666666666667,
  "near_miss_rate": 0.8466666666666667,
  "intervention_rate": 0.8466666666666667,
  "override_success_rate": 0.8188976377952756,
  "mean_intervention_delay": 0.0,
  "operator_workload": 0.8466666666666667,
  "mean_drift": 3.5746732154537373,
  "p95_drift": 11.846140219639906,
  "mean_latency_ms": 0.7457436559100946,
  "risk_mean": 0.908352119048001,
  "risk_p05": 0.40337910881555183,
  "risk_p25": 1.0,
  "risk_p50": 1.0,
  "risk_p75": 1.0,
  "risk_p95": 1.0,
  "separation_risk_mean": 0.6735650330931107,
  "congestion_risk_mean": 0.3875980282178648,
  "speed_risk_mean": 0.7686798195452514,
  "uncertainty_risk_mean": 0.6298405269476676,
  "human_activation_count": 127,
  "cooldown_skips": 23,
  "suppressed_request_count": 23,
  "suppressed_critical_count": 0,
  "cooldown_release_count": 125,
  "critical_override_count": 124,
  "critical_trigger_rate": 0.8266666666666667,
  "trigger_active_rate": 1.0,
  "confidence_mean": 0.9000000000000004,
  "false_intervention_rate": 0.07086614173228346,
  "repeated_intervention_rate": 0.9291338582677166,
  "post_intervention_violation_rate": 0.16428571428571428,
  "mean_drift_after_intervention": 3.93018345249245,
  "min_predicted_distance_mean": 0.8256331805073914
}