{
  "violation_rate": 0.0,
  "collision_rate": 0.0,
  "near_miss_rate": 0.02666666666666667,
  "intervention_rate": 0.16666666666666666,
  "override_success_rate": 1.0,
  "mean_intervention_delay": 0.0,
  "operator_workload": 0.16666666666666666,
  "mean_drift": 11.744049211939526,
  "p95_drift": 30.839683324743252,
  "mean_latency_ms": 0.2113802870735526,
  "risk_mean": 0.2577430071576809,
  "risk_p95": 0.4990343471268373,
  "separation_risk_mean": 0.04493228025329903,
  "congestion_risk_mean": 0.034445928587720255,
  "speed_risk_mean": 0.8860799926451083,
  "uncertainty_risk_mean": 0.64,
  "human_activation_count": 25,
  "cooldown_skips": 125,
  "trigger_active_rate": 1.0,
  "confidence_mean": 0.9500000000000002,
  "false_intervention_rate": 0.28
}