{
  "violation_rate": 0.013333333333333334,
  "collision_rate": 0.0,
  "near_miss_rate": 0.006666666666666667,
  "intervention_rate": 0.16666666666666666,
  "override_success_rate": 0.96,
  "mean_intervention_delay": 0.0,
  "operator_workload": 0.16666666666666666,
  "mean_drift": 10.298576828575857,
  "p95_drift": 27.7205508122768,
  "mean_latency_ms": 0.2276936536266779,
  "risk_mean": 0.2635373415661123,
  "risk_p95": 0.5218307288083747,
  "separation_risk_mean": 0.04776877092235889,
  "congestion_risk_mean": 0.034589717739125884,
  "speed_risk_mean": 0.9159597681084619,
  "uncertainty_risk_mean": 0.64,
  "human_activation_count": 25,
  "cooldown_skips": 125,
  "trigger_active_rate": 1.0,
  "confidence_mean": 0.9500000000000002,
  "false_intervention_rate": 0.28
}