{
  "violation_rate": 0.02666666666666667,
  "collision_rate": 0.0,
  "near_miss_rate": 0.16,
  "intervention_rate": 0.9466666666666667,
  "override_success_rate": 0.971830985915493,
  "mean_intervention_delay": 0.0,
  "operator_workload": 0.9466666666666667,
  "mean_drift": 9.821880461999246,
  "p95_drift": 25.266072002225734,
  "mean_latency_ms": 0.41366472064207,
  "risk_mean": 0.8449867086648963,
  "risk_p05": 0.2181067076962124,
  "risk_p25": 1.0,
  "risk_p50": 1.0,
  "risk_p75": 1.0,
  "risk_p95": 1.0,
  "separation_risk_mean": 0.21951644036635742,
  "congestion_risk_mean": 0.11395316608351796,
  "speed_risk_mean": 0.9347264187678832,
  "uncertainty_risk_mean": 0.6390748144865775,
  "human_activation_count": 142,
  "cooldown_skips": 0,
  "suppressed_request_count": 0,
  "suppressed_critical_count": 0,
  "cooldown_release_count": 115,
  "critical_override_count": 115,
  "critical_trigger_rate": 0.7666666666666667,
  "trigger_active_rate": 0.9466666666666667,
  "confidence_mean": 0.9500000000000002,
  "false_intervention_rate": 0.20422535211267606,
  "repeated_intervention_rate": 0.9929577464788732,
  "post_intervention_violation_rate": 0.028368794326241134,
  "mean_drift_after_intervention": 10.290408272879448,
  "min_predicted_distance_mean": 3.368946683521309
}