{
  "violation_rate": 0.34,
  "collision_rate": 0.04,
  "near_miss_rate": 0.76,
  "intervention_rate": 0.88,
  "override_success_rate": 0.6136363636363636,
  "mean_intervention_delay": 1.0,
  "operator_workload": 0.88,
  "mean_drift": 6.850235729720381,
  "p95_drift": 36.141619042058124,
  "mean_latency_ms": 0.8944585896097124,
  "risk_mean": 0.9220331619468449,
  "risk_p05": 0.43122653930396304,
  "risk_p25": 1.0,
  "risk_p50": 1.0,
  "risk_p75": 1.0,
  "risk_p95": 1.0,
  "separation_risk_mean": 0.6733702029725943,
  "congestion_risk_mean": 0.3997282168256832,
  "speed_risk_mean": 0.6705852806256003,
  "uncertainty_risk_mean": 0.6348081429327146,
  "human_activation_count": 132,
  "cooldown_skips": 18,
  "suppressed_request_count": 18,
  "suppressed_critical_count": 0,
  "cooldown_release_count": 128,
  "critical_override_count": 128,
  "critical_trigger_rate": 0.8533333333333334,
  "trigger_active_rate": 1.0,
  "confidence_mean": 0.7984589095731925,
  "false_intervention_rate": 0.09090909090909091,
  "repeated_intervention_rate": 0.9545454545454546,
  "post_intervention_violation_rate": 0.36428571428571427,
  "mean_drift_after_intervention": 7.4930370145924305,
  "min_predicted_distance_mean": 0.821591879489123
}