{
  "violation_rate": 0.0,
  "collision_rate": 0.0,
  "near_miss_rate": 0.30666666666666664,
  "intervention_rate": 0.06666666666666667,
  "override_success_rate": 1.0,
  "mean_intervention_delay": 0.0,
  "operator_workload": 0.06666666666666667,
  "mean_drift": 12.086174613638402,
  "p95_drift": 30.047719711238184,
  "mean_latency_ms": 0.27824891343091923,
  "risk_mean": 0.3845103160232392,
  "risk_p95": 0.6744999999999696,
  "separation_risk_mean": 0.24253325751014812,
  "congestion_risk_mean": 0.13092773556977627,
  "speed_risk_mean": 0.9775894416748563,
  "uncertainty_risk_mean": 0.64,
  "human_activation_count": 10,
  "cooldown_skips": 45,
  "trigger_active_rate": 0.36666666666666664,
  "confidence_mean": 0.9500000000000002,
  "false_intervention_rate": 0.0
}