{
  "violation_rate": 0.05333333333333334,
  "collision_rate": 0.0,
  "near_miss_rate": 0.12,
  "intervention_rate": 0.7333333333333333,
  "override_success_rate": 0.9272727272727272,
  "mean_intervention_delay": 0.0,
  "operator_workload": 0.7333333333333333,
  "mean_drift": 8.471868450679782,
  "p95_drift": 26.016399576509468,
  "mean_latency_ms": 0.4430325065429012,
  "risk_mean": 0.8135373863266159,
  "risk_p05": 0.22707183511993928,
  "risk_p25": 0.6998295782537158,
  "risk_p50": 1.0,
  "risk_p75": 1.0,
  "risk_p95": 1.0,
  "separation_risk_mean": 0.053595356306679706,
  "congestion_risk_mean": 0.06097584137950143,
  "speed_risk_mean": 0.931533832156144,
  "uncertainty_risk_mean": 0.6352770897470786,
  "human_activation_count": 110,
  "cooldown_skips": 10,
  "suppressed_request_count": 10,
  "suppressed_critical_count": 0,
  "cooldown_release_count": 109,
  "critical_override_count": 109,
  "critical_trigger_rate": 0.7266666666666667,
  "trigger_active_rate": 0.7933333333333333,
  "confidence_mean": 0.9500000000000002,
  "false_intervention_rate": 0.02727272727272727,
  "repeated_intervention_rate": 0.9727272727272728,
  "post_intervention_violation_rate": 0.07079646017699115,
  "mean_drift_after_intervention": 10.093760152136174,
  "min_predicted_distance_mean": 12.6465499836515
}