{
  "violation_rate": 0.13333333333333333,
  "collision_rate": 0.0,
  "near_miss_rate": 0.7466666666666667,
  "intervention_rate": 0.9866666666666667,
  "override_success_rate": 0.8648648648648649,
  "mean_intervention_delay": 0.0,
  "operator_workload": 0.9866666666666667,
  "mean_drift": 21.570305889668376,
  "p95_drift": 79.30231964803629,
  "mean_latency_ms": 1.3357043894939125,
  "risk_mean": 0.9899466666666656,
  "risk_p05": 1.0,
  "risk_p25": 1.0,
  "risk_p50": 1.0,
  "risk_p75": 1.0,
  "risk_p95": 1.0,
  "separation_risk_mean": 0.39494239676967524,
  "congestion_risk_mean": 0.27106109838747194,
  "speed_risk_mean": 0.8783090903043974,
  "uncertainty_risk_mean": 0.64,
  "human_activation_count": 148,
  "cooldown_skips": 0,
  "suppressed_request_count": 0,
  "suppressed_critical_count": 0,
  "cooldown_release_count": 148,
  "critical_override_count": 148,
  "critical_trigger_rate": 0.9866666666666667,
  "trigger_active_rate": 0.9866666666666667,
  "confidence_mean": 0.9500000000000002,
  "false_intervention_rate": 0.02702702702702703,
  "repeated_intervention_rate": 0.9932432432432432,
  "post_intervention_violation_rate": 0.1360544217687075,
  "mean_drift_after_intervention": 21.602567324188794,
  "min_predicted_distance_mean": 4.847217180286812
}