{
  "violation_rate": 0.06666666666666667,
  "collision_rate": 0.0,
  "near_miss_rate": 0.05333333333333334,
  "intervention_rate": 0.3333333333333333,
  "override_success_rate": 0.9,
  "mean_intervention_delay": 0.0,
  "operator_workload": 0.3333333333333333,
  "mean_drift": 10.02004935477145,
  "p95_drift": 19.14312641348049,
  "mean_latency_ms": 0.4863916470397574,
  "risk_mean": 0.27558363108336975,
  "risk_p95": 0.5386988429670545,
  "separation_risk_mean": 0.09208317579092518,
  "congestion_risk_mean": 0.052362506619237505,
  "speed_risk_mean": 0.8337038354842938,
  "uncertainty_risk_mean": 0.64,
  "human_activation_count": 50,
  "cooldown_skips": 100,
  "trigger_active_rate": 1.0,
  "confidence_mean": 0.9500000000000002,
  "false_intervention_rate": 0.28
}