{
  "violation_rate": 0.6733333333333333,
  "collision_rate": 0.04,
  "near_miss_rate": 0.32,
  "intervention_rate": 0.88,
  "override_success_rate": 0.23484848484848486,
  "mean_intervention_delay": 3.0,
  "operator_workload": 0.88,
  "mean_drift": 11.618257019867082,
  "p95_drift": 39.568418470662074,
  "mean_latency_ms": 1.6873075168890257,
  "risk_mean": 0.9365816285139207,
  "risk_p05": 0.5553760341294831,
  "risk_p25": 1.0,
  "risk_p50": 1.0,
  "risk_p75": 1.0,
  "risk_p95": 1.0,
  "separation_risk_mean": 0.3207504460570815,
  "congestion_risk_mean": 0.18915988916063034,
  "speed_risk_mean": 0.8788736496200924,
  "uncertainty_risk_mean": 0.6285425705801528,
  "human_activation_count": 132,
  "cooldown_skips": 16,
  "suppressed_request_count": 16,
  "suppressed_critical_count": 0,
  "cooldown_release_count": 131,
  "critical_override_count": 131,
  "critical_trigger_rate": 0.8733333333333333,
  "trigger_active_rate": 0.98,
  "confidence_mean": 0.5728065277746062,
  "false_intervention_rate": 0.030303030303030304,
  "repeated_intervention_rate": 0.9393939393939394,
  "post_intervention_violation_rate": 0.7092198581560284,
  "mean_drift_after_intervention": 12.545721794179855,
  "min_predicted_distance_mean": 3.730129311271648
}