{
  "violation_rate": 0.02666666666666667,
  "collision_rate": 0.0,
  "near_miss_rate": 1.14,
  "intervention_rate": 0.7266666666666667,
  "override_success_rate": 0.963302752293578,
  "mean_intervention_delay": 0.0,
  "operator_workload": 0.7266666666666667,
  "mean_drift": 3.609073728435199,
  "p95_drift": 12.376968551996184,
  "mean_latency_ms": 0.5736044336420795,
  "risk_mean": 0.8980824811656214,
  "risk_p05": 0.6055372927612008,
  "risk_p25": 0.6870517314808892,
  "risk_p50": 1.0,
  "risk_p75": 1.0,
  "risk_p95": 1.0,
  "separation_risk_mean": 0.7196198370125797,
  "congestion_risk_mean": 0.4431395071998657,
  "speed_risk_mean": 0.7376130575098568,
  "uncertainty_risk_mean": 0.6306338304657892,
  "human_activation_count": 109,
  "cooldown_skips": 41,
  "suppressed_request_count": 41,
  "suppressed_critical_count": 0,
  "cooldown_release_count": 107,
  "critical_override_count": 107,
  "critical_trigger_rate": 0.7133333333333334,
  "trigger_active_rate": 1.0,
  "confidence_mean": 0.9500000000000002,
  "false_intervention_rate": 0.0,
  "repeated_intervention_rate": 0.8899082568807339,
  "post_intervention_violation_rate": 0.031496062992125984,
  "mean_drift_after_intervention": 4.261193780282689,
  "min_predicted_distance_mean": 0.6897966180032733
}