{
  "violation_rate": 0.32,
  "collision_rate": 0.0,
  "near_miss_rate": 0.03333333333333333,
  "intervention_rate": 0.72,
  "override_success_rate": 0.5555555555555556,
  "mean_intervention_delay": 1.0,
  "operator_workload": 0.72,
  "mean_drift": 14.840222141335394,
  "p95_drift": 39.38712130139019,
  "mean_latency_ms": 0.841088566618661,
  "risk_mean": 0.7882770082321127,
  "risk_p05": 0.23621095752371524,
  "risk_p25": 0.3270246139686591,
  "risk_p50": 1.0,
  "risk_p75": 1.0,
  "risk_p95": 1.0,
  "separation_risk_mean": 0.021179546211867132,
  "congestion_risk_mean": 0.026217962684927546,
  "speed_risk_mean": 0.9620342971225424,
  "uncertainty_risk_mean": 0.6337327368696979,
  "human_activation_count": 108,
  "cooldown_skips": 10,
  "suppressed_request_count": 10,
  "suppressed_critical_count": 0,
  "cooldown_release_count": 106,
  "critical_override_count": 106,
  "critical_trigger_rate": 0.7066666666666667,
  "trigger_active_rate": 0.7733333333333333,
  "confidence_mean": 0.8260118351053394,
  "false_intervention_rate": 0.037037037037037035,
  "repeated_intervention_rate": 0.9722222222222222,
  "post_intervention_violation_rate": 0.43243243243243246,
  "mean_drift_after_intervention": 18.001374150224372,
  "min_predicted_distance_mean": 10.088669659668737
}