{
  "violation_rate": 0.6866666666666666,
  "collision_rate": 0.0,
  "near_miss_rate": 0.24666666666666667,
  "intervention_rate": 0.8666666666666667,
  "override_success_rate": 0.2076923076923077,
  "mean_intervention_delay": 0.0,
  "operator_workload": 0.8666666666666667,
  "mean_drift": 7.853469684641401,
  "p95_drift": 24.519698268202415,
  "mean_latency_ms": 1.8966618940855067,
  "risk_mean": 0.9239331461126911,
  "risk_p05": 0.4794538432750041,
  "risk_p25": 1.0,
  "risk_p50": 1.0,
  "risk_p75": 1.0,
  "risk_p95": 1.0,
  "separation_risk_mean": 0.25049332708892735,
  "congestion_risk_mean": 0.16543231655436239,
  "speed_risk_mean": 0.8321167996053819,
  "uncertainty_risk_mean": 0.6290518403920841,
  "human_activation_count": 130,
  "cooldown_skips": 20,
  "suppressed_request_count": 20,
  "suppressed_critical_count": 0,
  "cooldown_release_count": 128,
  "critical_override_count": 128,
  "critical_trigger_rate": 0.8533333333333334,
  "trigger_active_rate": 1.0,
  "confidence_mean": 0.5,
  "false_intervention_rate": 0.09230769230769231,
  "repeated_intervention_rate": 0.9230769230769231,
  "post_intervention_violation_rate": 0.7253521126760564,
  "mean_drift_after_intervention": 8.680559680612854,
  "min_predicted_distance_mean": 3.3743364054063107
}