{
  "violation_rate": 0.3933333333333333,
  "collision_rate": 0.0,
  "near_miss_rate": 0.03333333333333333,
  "intervention_rate": 0.7666666666666667,
  "override_success_rate": 0.48695652173913045,
  "mean_intervention_delay": 0.0,
  "operator_workload": 0.7666666666666667,
  "mean_drift": 14.496315620708405,
  "p95_drift": 37.74944198357072,
  "mean_latency_ms": 0.908356054375569,
  "risk_mean": 0.8229387588490336,
  "risk_p05": 0.22034993313427448,
  "risk_p25": 1.0,
  "risk_p50": 1.0,
  "risk_p75": 1.0,
  "risk_p95": 1.0,
  "separation_risk_mean": 0.09306581432998079,
  "congestion_risk_mean": 0.06239116910043023,
  "speed_risk_mean": 0.9159881285259308,
  "uncertainty_risk_mean": 0.639763100417803,
  "human_activation_count": 115,
  "cooldown_skips": 15,
  "suppressed_request_count": 15,
  "suppressed_critical_count": 0,
  "cooldown_release_count": 113,
  "critical_override_count": 113,
  "critical_trigger_rate": 0.7533333333333333,
  "trigger_active_rate": 0.86,
  "confidence_mean": 0.75,
  "false_intervention_rate": 0.034782608695652174,
  "repeated_intervention_rate": 0.9652173913043478,
  "post_intervention_violation_rate": 0.49166666666666664,
  "mean_drift_after_intervention": 16.59822498008919,
  "min_predicted_distance_mean": 4.486406892033203
}