{
  "violation_rate": 0.02,
  "collision_rate": 0.006666666666666667,
  "near_miss_rate": 0.28,
  "intervention_rate": 0.16666666666666666,
  "override_success_rate": 0.92,
  "mean_intervention_delay": 0.0,
  "operator_workload": 0.16666666666666666,
  "mean_drift": 6.054614215060586,
  "p95_drift": 22.039019223078494,
  "mean_latency_ms": 0.38698250718880445,
  "risk_mean": 0.46776611809924457,
  "risk_p95": 0.6244841853341292,
  "separation_risk_mean": 0.45672585665080534,
  "congestion_risk_mean": 0.2593354691825814,
  "speed_risk_mean": 0.684194141806737,
  "uncertainty_risk_mean": 0.631843293598175,
  "human_activation_count": 25,
  "cooldown_skips": 123,
  "trigger_active_rate": 0.9666666666666667,
  "confidence_mean": 0.9500000000000002,
  "false_intervention_rate": 0.28
}