{
  "violation_rate": 0.0,
  "collision_rate": 0.0,
  "near_miss_rate": 0.4,
  "intervention_rate": 0.8133333333333334,
  "override_success_rate": 1.0,
  "mean_intervention_delay": 0.0,
  "operator_workload": 0.8133333333333334,
  "mean_drift": 12.384574479277882,
  "p95_drift": 28.96810841650703,
  "mean_latency_ms": 0.5298607982695103,
  "risk_mean": 0.8385874795041411,
  "risk_p05": 0.24599999999988328,
  "risk_p25": 1.0,
  "risk_p50": 1.0,
  "risk_p75": 1.0,
  "risk_p95": 1.0,
  "separation_risk_mean": 0.20751645397642707,
  "congestion_risk_mean": 0.1805660134378189,
  "speed_risk_mean": 0.9780896596109563,
  "uncertainty_risk_mean": 0.6379323874773102,
  "human_activation_count": 122,
  "cooldown_skips": 28,
  "suppressed_request_count": 28,
  "suppressed_critical_count": 0,
  "cooldown_release_count": 117,
  "critical_override_count": 117,
  "critical_trigger_rate": 0.78,
  "trigger_active_rate": 1.0,
  "confidence_mean": 1.0,
  "false_intervention_rate": 0.08196721311475409,
  "repeated_intervention_rate": 0.9426229508196722,
  "post_intervention_violation_rate": 0.0,
  "mean_drift_after_intervention": 13.70398939650525,
  "min_predicted_distance_mean": 5.0003398284560685
}