{
  "violation_rate": 0.10666666666666667,
  "collision_rate": 0.0,
  "near_miss_rate": 0.0,
  "intervention_rate": 0.8133333333333334,
  "override_success_rate": 0.8688524590163934,
  "mean_intervention_delay": 0.0,
  "operator_workload": 0.8133333333333334,
  "mean_drift": 17.222216303682387,
  "p95_drift": 34.37739190352723,
  "mean_latency_ms": 0.5762841001463433,
  "risk_mean": 0.8266921354632611,
  "risk_p05": 0.21599999999992975,
  "risk_p25": 1.0,
  "risk_p50": 1.0,
  "risk_p75": 1.0,
  "risk_p95": 1.0,
  "separation_risk_mean": 0.002040735352967099,
  "congestion_risk_mean": 0.0053131295825961326,
  "speed_risk_mean": 0.9460014329346581,
  "uncertainty_risk_mean": 0.6396812588364196,
  "human_activation_count": 122,
  "cooldown_skips": 28,
  "suppressed_request_count": 28,
  "suppressed_critical_count": 0,
  "cooldown_release_count": 116,
  "critical_override_count": 116,
  "critical_trigger_rate": 0.7733333333333333,
  "trigger_active_rate": 1.0,
  "confidence_mean": 0.9000000000000004,
  "false_intervention_rate": 0.08196721311475409,
  "repeated_intervention_rate": 0.9426229508196722,
  "post_intervention_violation_rate": 0.12030075187969924,
  "mean_drift_after_intervention": 19.43688167748286,
  "min_predicted_distance_mean": 8.47168954091685
}