{
  "violation_rate": 0.02666666666666667,
  "collision_rate": 0.0,
  "near_miss_rate": 0.02,
  "intervention_rate": 0.76,
  "override_success_rate": 0.9649122807017544,
  "mean_intervention_delay": 0.0,
  "operator_workload": 0.76,
  "mean_drift": 8.913206007003192,
  "p95_drift": 28.04905548025498,
  "mean_latency_ms": 0.3785121828938524,
  "risk_mean": 0.8034629008130089,
  "risk_p05": 0.24174357213054135,
  "risk_p25": 0.4740096926677451,
  "risk_p50": 1.0,
  "risk_p75": 1.0,
  "risk_p95": 1.0,
  "separation_risk_mean": 0.05418646673537892,
  "congestion_risk_mean": 0.02789806836859721,
  "speed_risk_mean": 0.9182822125612133,
  "uncertainty_risk_mean": 0.6379463370092036,
  "human_activation_count": 114,
  "cooldown_skips": 36,
  "suppressed_request_count": 36,
  "suppressed_critical_count": 0,
  "cooldown_release_count": 107,
  "critical_override_count": 107,
  "critical_trigger_rate": 0.7133333333333334,
  "trigger_active_rate": 1.0,
  "confidence_mean": 0.9500000000000002,
  "false_intervention_rate": 0.08771929824561403,
  "repeated_intervention_rate": 0.9210526315789473,
  "post_intervention_violation_rate": 0.03125,
  "mean_drift_after_intervention": 10.590537513786165,
  "min_predicted_distance_mean": 4.306329003468153
}