{
  "violation_rate": 0.06,
  "collision_rate": 0.0,
  "near_miss_rate": 0.6,
  "intervention_rate": 0.8066666666666666,
  "override_success_rate": 0.9256198347107438,
  "mean_intervention_delay": 0.0,
  "operator_workload": 0.8066666666666666,
  "mean_drift": 3.0840816186490314,
  "p95_drift": 12.5570989530491,
  "mean_latency_ms": 0.5296980969918271,
  "risk_mean": 0.8704369853322169,
  "risk_p05": 0.24599999999979683,
  "risk_p25": 1.0,
  "risk_p50": 1.0,
  "risk_p75": 1.0,
  "risk_p95": 1.0,
  "separation_risk_mean": 0.2578856564471128,
  "congestion_risk_mean": 0.2005051412180831,
  "speed_risk_mean": 0.7880380798864707,
  "uncertainty_risk_mean": 0.5727830826883121,
  "human_activation_count": 121,
  "cooldown_skips": 13,
  "suppressed_request_count": 13,
  "suppressed_critical_count": 0,
  "cooldown_release_count": 120,
  "critical_override_count": 120,
  "critical_trigger_rate": 0.8,
  "trigger_active_rate": 0.88,
  "confidence_mean": 0.9500000000000002,
  "false_intervention_rate": 0.09917355371900827,
  "repeated_intervention_rate": 0.9504132231404959,
  "post_intervention_violation_rate": 0.07086614173228346,
  "mean_drift_after_intervention": 3.359274566410087,
  "min_predicted_distance_mean": 5.101618028059761
}