{
  "violation_rate": 0.05333333333333334,
  "collision_rate": 0.0,
  "near_miss_rate": 0.09333333333333334,
  "intervention_rate": 0.7466666666666667,
  "override_success_rate": 0.9285714285714286,
  "mean_intervention_delay": 0.0,
  "operator_workload": 0.7466666666666667,
  "mean_drift": 9.577970227751212,
  "p95_drift": 42.51800503268377,
  "mean_latency_ms": 0.4936441344519456,
  "risk_mean": 0.8536109677336484,
  "risk_p05": 0.3298146857003946,
  "risk_p25": 0.6238535195873676,
  "risk_p50": 1.0,
  "risk_p75": 1.0,
  "risk_p95": 1.0,
  "separation_risk_mean": 0.26423533670764826,
  "congestion_risk_mean": 0.08492654029351361,
  "speed_risk_mean": 0.9275003941503646,
  "uncertainty_risk_mean": 0.6397480568536729,
  "human_activation_count": 112,
  "cooldown_skips": 36,
  "suppressed_request_count": 36,
  "suppressed_critical_count": 0,
  "cooldown_release_count": 110,
  "critical_override_count": 110,
  "critical_trigger_rate": 0.7333333333333333,
  "trigger_active_rate": 0.9666666666666667,
  "confidence_mean": 0.9500000000000002,
  "false_intervention_rate": 0.125,
  "repeated_intervention_rate": 0.875,
  "post_intervention_violation_rate": 0.061068702290076333,
  "mean_drift_after_intervention": 11.36021656620351,
  "min_predicted_distance_mean": 2.381656319953628
}