{
  "violation_rate": 0.6733333333333333,
  "collision_rate": 0.0,
  "near_miss_rate": 0.16,
  "intervention_rate": 0.7666666666666667,
  "override_success_rate": 0.12173913043478261,
  "mean_intervention_delay": 0.0,
  "operator_workload": 0.7666666666666667,
  "mean_drift": 16.701663405835042,
  "p95_drift": 42.388236340436,
  "mean_latency_ms": 1.8766647204756737,
  "risk_mean": 0.8590840062461825,
  "risk_p05": 0.45347861271363105,
  "risk_p25": 0.6659498739395373,
  "risk_p50": 1.0,
  "risk_p75": 1.0,
  "risk_p95": 1.0,
  "separation_risk_mean": 0.2808825041578004,
  "congestion_risk_mean": 0.18504648964876266,
  "speed_risk_mean": 0.790553816541699,
  "uncertainty_risk_mean": 0.6351472742165233,
  "human_activation_count": 115,
  "cooldown_skips": 35,
  "suppressed_request_count": 35,
  "suppressed_critical_count": 0,
  "cooldown_release_count": 108,
  "critical_override_count": 108,
  "critical_trigger_rate": 0.72,
  "trigger_active_rate": 1.0,
  "confidence_mean": 0.5,
  "false_intervention_rate": 0.0782608695652174,
  "repeated_intervention_rate": 0.9217391304347826,
  "post_intervention_violation_rate": 0.7829457364341085,
  "mean_drift_after_intervention": 19.466798218116576,
  "min_predicted_distance_mean": 2.3284975260339014
}