{
  "violation_rate": 0.07333333333333333,
  "collision_rate": 0.0,
  "near_miss_rate": 0.03333333333333333,
  "intervention_rate": 0.8133333333333334,
  "override_success_rate": 0.9098360655737705,
  "mean_intervention_delay": 0.0,
  "operator_workload": 0.8133333333333334,
  "mean_drift": 14.434985294794858,
  "p95_drift": 37.200027895280016,
  "mean_latency_ms": 0.5358569378343722,
  "risk_mean": 0.8379901553213379,
  "risk_p05": 0.21599999999992373,
  "risk_p25": 1.0,
  "risk_p50": 1.0,
  "risk_p75": 1.0,
  "risk_p95": 1.0,
  "separation_risk_mean": 0.11033241378142492,
  "congestion_risk_mean": 0.07353118509875649,
  "speed_risk_mean": 0.9176601729494964,
  "uncertainty_risk_mean": 0.639763100417803,
  "human_activation_count": 122,
  "cooldown_skips": 28,
  "suppressed_request_count": 28,
  "suppressed_critical_count": 0,
  "cooldown_release_count": 117,
  "critical_override_count": 117,
  "critical_trigger_rate": 0.78,
  "trigger_active_rate": 1.0,
  "confidence_mean": 0.9500000000000002,
  "false_intervention_rate": 0.07377049180327869,
  "repeated_intervention_rate": 0.9426229508196722,
  "post_intervention_violation_rate": 0.08270676691729323,
  "mean_drift_after_intervention": 16.04316874197883,
  "min_predicted_distance_mean": 4.399251787339094
}