{
  "violation_rate": 0.04,
  "collision_rate": 0.006666666666666667,
  "near_miss_rate": 0.06666666666666667,
  "intervention_rate": 0.76,
  "override_success_rate": 0.9473684210526315,
  "mean_intervention_delay": 0.0,
  "operator_workload": 0.76,
  "mean_drift": 10.062426638673756,
  "p95_drift": 25.13716469196119,
  "mean_latency_ms": 0.36551034078001976,
  "risk_mean": 0.8446820653267606,
  "risk_p05": 0.21599999999988131,
  "risk_p25": 1.0,
  "risk_p50": 1.0,
  "risk_p75": 1.0,
  "risk_p95": 1.0,
  "separation_risk_mean": 0.08382773707900659,
  "congestion_risk_mean": 0.04710092839515285,
  "speed_risk_mean": 0.9036035513209589,
  "uncertainty_risk_mean": 0.6370872938925903,
  "human_activation_count": 114,
  "cooldown_skips": 10,
  "suppressed_request_count": 10,
  "suppressed_critical_count": 0,
  "cooldown_release_count": 113,
  "critical_override_count": 113,
  "critical_trigger_rate": 0.7533333333333333,
  "trigger_active_rate": 0.8066666666666666,
  "confidence_mean": 0.9500000000000002,
  "false_intervention_rate": 0.02631578947368421,
  "repeated_intervention_rate": 0.9736842105263158,
  "post_intervention_violation_rate": 0.05128205128205128,
  "mean_drift_after_intervention": 11.909740856597374,
  "min_predicted_distance_mean": 9.62110786752804
}