{
  "violation_rate": 0.0,
  "collision_rate": 0.0,
  "near_miss_rate": 0.0,
  "intervention_rate": 0.0,
  "override_success_rate": 0.0,
  "mean_intervention_delay": 0.0,
  "operator_workload": 0.0,
  "mean_drift": 3.9796592839131675,
  "p95_drift": 12.531045708105609,
  "mean_latency_ms": 0.4954680342537661,
  "risk_mean": 0.22837974151114349,
  "risk_p95": 0.2459999999999335,
  "separation_risk_mean": 0.0,
  "congestion_risk_mean": 0.0,
  "speed_risk_mean": 0.8827599615915752,
  "uncertainty_risk_mean": 0.6397716484827146,
  "human_activation_count": 0,
  "cooldown_skips": 0,
  "trigger_active_rate": 0.0,
  "confidence_mean": 0.9500000000000002,
  "false_intervention_rate": 0.0
}