{
  "violation_rate": 0.08666666666666667,
  "collision_rate": 0.0,
  "near_miss_rate": 0.17333333333333334,
  "intervention_rate": 0.8266666666666667,
  "override_success_rate": 0.8951612903225806,
  "mean_intervention_delay": 0.0,
  "operator_workload": 0.8266666666666667,
  "mean_drift": 9.97005592246848,
  "p95_drift": 25.28336195735773,
  "mean_latency_ms": 0.46803588202844065,
  "risk_mean": 0.8446832167545816,
  "risk_p05": 0.21810670769621254,
  "risk_p25": 1.0,
  "risk_p50": 1.0,
  "risk_p75": 1.0,
  "risk_p95": 1.0,
  "separation_risk_mean": 0.2124887280230965,
  "congestion_risk_mean": 0.11007686525267334,
  "speed_risk_mean": 0.9347623992754545,
  "uncertainty_risk_mean": 0.6390748144865775,
  "human_activation_count": 124,
  "cooldown_skips": 18,
  "suppressed_request_count": 18,
  "suppressed_critical_count": 0,
  "cooldown_release_count": 115,
  "critical_override_count": 115,
  "critical_trigger_rate": 0.7666666666666667,
  "trigger_active_rate": 0.9466666666666667,
  "confidence_mean": 0.9500000000000002,
  "false_intervention_rate": 0.08870967741935484,
  "repeated_intervention_rate": 0.9193548387096774,
  "post_intervention_violation_rate": 0.09219858156028368,
  "mean_drift_after_intervention": 10.993917429121659,
  "min_predicted_distance_mean": 3.3629053800689777
}