{
  "violation_rate": 0.013333333333333334,
  "collision_rate": 0.0,
  "near_miss_rate": 0.02,
  "intervention_rate": 0.3333333333333333,
  "override_success_rate": 0.98,
  "mean_intervention_delay": 0.0,
  "operator_workload": 0.3333333333333333,
  "mean_drift": 22.534402354493377,
  "p95_drift": 63.8810921313739,
  "mean_latency_ms": 0.39433970659350354,
  "risk_mean": 0.3033000966046477,
  "risk_p95": 0.4502650711834875,
  "separation_risk_mean": 0.09473788893849261,
  "congestion_risk_mean": 0.060073935104974226,
  "speed_risk_mean": 0.999083877077933,
  "uncertainty_risk_mean": 0.6385798749626165,
  "human_activation_count": 50,
  "cooldown_skips": 100,
  "trigger_active_rate": 1.0,
  "confidence_mean": 0.9500000000000002,
  "false_intervention_rate": 0.28
}