{
  "violation_rate": 0.04,
  "collision_rate": 0.0,
  "near_miss_rate": 0.5866666666666667,
  "intervention_rate": 0.7,
  "override_success_rate": 0.9428571428571428,
  "mean_intervention_delay": 0.0,
  "operator_workload": 0.7,
  "mean_drift": 7.091496787073743,
  "p95_drift": 26.122101529788758,
  "mean_latency_ms": 0.5431342179266115,
  "risk_mean": 0.8439178169496709,
  "risk_p05": 0.31191559428801585,
  "risk_p25": 0.6016660474593404,
  "risk_p50": 1.0,
  "risk_p75": 1.0,
  "risk_p95": 1.0,
  "separation_risk_mean": 0.5091801616936855,
  "congestion_risk_mean": 0.2830395447727595,
  "speed_risk_mean": 0.7818713730027133,
  "uncertainty_risk_mean": 0.64,
  "human_activation_count": 105,
  "cooldown_skips": 37,
  "suppressed_request_count": 37,
  "suppressed_critical_count": 0,
  "cooldown_release_count": 104,
  "critical_override_count": 104,
  "critical_trigger_rate": 0.6933333333333334,
  "trigger_active_rate": 0.9466666666666667,
  "confidence_mean": 0.9500000000000002,
  "false_intervention_rate": 0.2,
  "repeated_intervention_rate": 0.8857142857142857,
  "post_intervention_violation_rate": 0.048,
  "mean_drift_after_intervention": 7.16516322114104,
  "min_predicted_distance_mean": 3.142152065928812
}