{
  "violation_rate": 0.08,
  "collision_rate": 0.0,
  "near_miss_rate": 0.5,
  "intervention_rate": 0.9666666666666667,
  "override_success_rate": 0.9172413793103448,
  "mean_intervention_delay": 0.0,
  "operator_workload": 0.9666666666666667,
  "mean_drift": 12.754984109110437,
  "p95_drift": 36.5171746988076,
  "mean_latency_ms": 0.48744082218036056,
  "risk_mean": 0.9748666666666653,
  "risk_p05": 1.0,
  "risk_p25": 1.0,
  "risk_p50": 1.0,
  "risk_p75": 1.0,
  "risk_p95": 1.0,
  "separation_risk_mean": 0.3962611356447624,
  "congestion_risk_mean": 0.2281785036111277,
  "speed_risk_mean": 0.7733455272180791,
  "uncertainty_risk_mean": 0.64,
  "human_activation_count": 145,
  "cooldown_skips": 0,
  "suppressed_request_count": 0,
  "suppressed_critical_count": 0,
  "cooldown_release_count": 145,
  "critical_override_count": 145,
  "critical_trigger_rate": 0.9666666666666667,
  "trigger_active_rate": 0.9666666666666667,
  "confidence_mean": 0.9500000000000002,
  "false_intervention_rate": 0.013793103448275862,
  "repeated_intervention_rate": 0.993103448275862,
  "post_intervention_violation_rate": 0.08333333333333333,
  "mean_drift_after_intervention": 12.572009157116122,
  "min_predicted_distance_mean": 3.644447037304095
}