{
  "violation_rate": 0.09333333333333334,
  "collision_rate": 0.006666666666666667,
  "near_miss_rate": 0.2,
  "intervention_rate": 0.8,
  "override_success_rate": 0.8833333333333333,
  "mean_intervention_delay": 0.0,
  "operator_workload": 0.8,
  "mean_drift": 5.127921358897084,
  "p95_drift": 17.744745863387813,
  "mean_latency_ms": 0.566642516447852,
  "risk_mean": 0.8590920944837501,
  "risk_p05": 0.2167966919143621,
  "risk_p25": 1.0,
  "risk_p50": 1.0,
  "risk_p75": 1.0,
  "risk_p95": 1.0,
  "separation_risk_mean": 0.11980710596300694,
  "congestion_risk_mean": 0.09559601511753336,
  "speed_risk_mean": 0.7197912976932165,
  "uncertainty_risk_mean": 0.6188546702762736,
  "human_activation_count": 120,
  "cooldown_skips": 17,
  "suppressed_request_count": 17,
  "suppressed_critical_count": 0,
  "cooldown_release_count": 118,
  "critical_override_count": 118,
  "critical_trigger_rate": 0.7866666666666666,
  "trigger_active_rate": 0.8933333333333333,
  "confidence_mean": 0.9500000000000002,
  "false_intervention_rate": 0.075,
  "repeated_intervention_rate": 0.9583333333333334,
  "post_intervention_violation_rate": 0.11023622047244094,
  "mean_drift_after_intervention": 5.776839315016411,
  "min_predicted_distance_mean": 4.234928835553557
}