{
  "violation_rate": 0.13333333333333333,
  "collision_rate": 0.0,
  "near_miss_rate": 0.0,
  "intervention_rate": 0.16666666666666666,
  "override_success_rate": 0.56,
  "mean_intervention_delay": 5.0,
  "operator_workload": 0.16666666666666666,
  "mean_drift": 16.56281407129951,
  "p95_drift": 30.912966262179964,
  "mean_latency_ms": 0.6458852659367645,
  "risk_mean": 0.2662743894763692,
  "risk_p95": 0.408442782270608,
  "separation_risk_mean": 0.03957682050891272,
  "congestion_risk_mean": 0.022912531674641825,
  "speed_risk_mean": 0.9782445821913204,
  "uncertainty_risk_mean": 0.64,
  "human_activation_count": 25,
  "cooldown_skips": 125,
  "trigger_active_rate": 1.0,
  "confidence_mean": 0.8499142448521452,
  "false_intervention_rate": 0.24
}