{
  "violation_rate": 0.06666666666666667,
  "collision_rate": 0.0,
  "near_miss_rate": 0.12666666666666668,
  "intervention_rate": 0.8133333333333334,
  "override_success_rate": 0.9180327868852459,
  "mean_intervention_delay": 0.0,
  "operator_workload": 0.8133333333333334,
  "mean_drift": 8.505254783423043,
  "p95_drift": 26.210685218654145,
  "mean_latency_ms": 0.5676075327210128,
  "risk_mean": 0.8326526045044237,
  "risk_p05": 0.24272686940635424,
  "risk_p25": 1.0,
  "risk_p50": 1.0,
  "risk_p75": 1.0,
  "risk_p95": 1.0,
  "separation_risk_mean": 0.05405951054696432,
  "congestion_risk_mean": 0.06144297626236965,
  "speed_risk_mean": 0.9362865534930106,
  "uncertainty_risk_mean": 0.6353315687213058,
  "human_activation_count": 122,
  "cooldown_skips": 0,
  "suppressed_request_count": 0,
  "suppressed_critical_count": 0,
  "cooldown_release_count": 115,
  "critical_override_count": 115,
  "critical_trigger_rate": 0.7666666666666667,
  "trigger_active_rate": 0.8133333333333334,
  "confidence_mean": 0.9500000000000002,
  "false_intervention_rate": 0.09016393442622951,
  "repeated_intervention_rate": 0.9836065573770492,
  "post_intervention_violation_rate": 0.08130081300813008,
  "mean_drift_after_intervention": 9.418072947352561,
  "min_predicted_distance_mean": 12.558201129188506
}