{
  "violation_rate": 0.09333333333333334,
  "collision_rate": 0.0,
  "near_miss_rate": 0.12666666666666668,
  "intervention_rate": 0.16666666666666666,
  "override_success_rate": 0.56,
  "mean_intervention_delay": 3.0,
  "operator_workload": 0.16666666666666666,
  "mean_drift": 7.573941092335818,
  "p95_drift": 25.836034695027276,
  "mean_latency_ms": 0.33536586008267477,
  "risk_mean": 0.32974986328976075,
  "risk_p95": 0.6119121076327253,
  "separation_risk_mean": 0.1940471388325963,
  "congestion_risk_mean": 0.1263967379781568,
  "speed_risk_mean": 0.7667953632440802,
  "uncertainty_risk_mean": 0.6387344122262747,
  "human_activation_count": 25,
  "cooldown_skips": 125,
  "trigger_active_rate": 1.0,
  "confidence_mean": 0.8785618423815542,
  "false_intervention_rate": 0.24
}