{
  "violation_rate": 0.013333333333333334,
  "collision_rate": 0.0,
  "near_miss_rate": 0.02666666666666667,
  "intervention_rate": 0.09333333333333334,
  "override_success_rate": 0.9285714285714286,
  "mean_intervention_delay": 0.0,
  "operator_workload": 0.09333333333333334,
  "mean_drift": 12.662288437784044,
  "p95_drift": 34.31144731178529,
  "mean_latency_ms": 0.3488452463837651,
  "risk_mean": 0.27230103841756,
  "risk_p95": 0.5280612894235596,
  "separation_risk_mean": 0.042339822772695275,
  "congestion_risk_mean": 0.03565502948349579,
  "speed_risk_mean": 0.9889792599760877,
  "uncertainty_risk_mean": 0.6399164786837332,
  "human_activation_count": 14,
  "cooldown_skips": 136,
  "trigger_active_rate": 1.0,
  "confidence_mean": 0.9500000000000002,
  "false_intervention_rate": 0.2857142857142857
}