{
  "violation_rate": 0.05333333333333334,
  "collision_rate": 0.0,
  "near_miss_rate": 0.09333333333333334,
  "intervention_rate": 0.7533333333333333,
  "override_success_rate": 0.9292035398230089,
  "mean_intervention_delay": 0.0,
  "operator_workload": 0.7533333333333333,
  "mean_drift": 9.585004130578906,
  "p95_drift": 42.582976861729065,
  "mean_latency_ms": 0.48722999325642985,
  "risk_mean": 0.8538662701650169,
  "risk_p05": 0.3298146857003946,
  "risk_p25": 0.6238535195873676,
  "risk_p50": 1.0,
  "risk_p75": 1.0,
  "risk_p95": 1.0,
  "separation_risk_mean": 0.263203459834989,
  "congestion_risk_mean": 0.08594439976056237,
  "speed_risk_mean": 0.9259334524926666,
  "uncertainty_risk_mean": 0.6397480568536729,
  "human_activation_count": 113,
  "cooldown_skips": 37,
  "suppressed_request_count": 37,
  "suppressed_critical_count": 0,
  "cooldown_release_count": 110,
  "critical_override_count": 110,
  "critical_trigger_rate": 0.7333333333333333,
  "trigger_active_rate": 1.0,
  "confidence_mean": 0.9500000000000002,
  "false_intervention_rate": 0.13274336283185842,
  "repeated_intervention_rate": 0.8672566371681416,
  "post_intervention_violation_rate": 0.06015037593984962,
  "mean_drift_after_intervention": 11.331440827079685,
  "min_predicted_distance_mean": 2.374962446604615
}