{
  "violation_rate": 0.08,
  "collision_rate": 0.0,
  "near_miss_rate": 0.36,
  "intervention_rate": 0.7666666666666667,
  "override_success_rate": 0.8956521739130435,
  "mean_intervention_delay": 0.0,
  "operator_workload": 0.7666666666666667,
  "mean_drift": 9.623761831957806,
  "p95_drift": 19.729629402077894,
  "mean_latency_ms": 0.46909197078396875,
  "risk_mean": 0.8577313264540892,
  "risk_p05": 0.24599999999991734,
  "risk_p25": 0.7116013325019802,
  "risk_p50": 1.0,
  "risk_p75": 1.0,
  "risk_p95": 1.0,
  "separation_risk_mean": 0.35861075014178606,
  "congestion_risk_mean": 0.21853915487754927,
  "speed_risk_mean": 0.9241897318484377,
  "uncertainty_risk_mean": 0.6320801628610062,
  "human_activation_count": 115,
  "cooldown_skips": 25,
  "suppressed_request_count": 25,
  "suppressed_critical_count": 0,
  "cooldown_release_count": 110,
  "critical_override_count": 110,
  "critical_trigger_rate": 0.7333333333333333,
  "trigger_active_rate": 0.9,
  "confidence_mean": 0.9500000000000002,
  "false_intervention_rate": 0.02608695652173913,
  "repeated_intervention_rate": 0.9478260869565217,
  "post_intervention_violation_rate": 0.0967741935483871,
  "mean_drift_after_intervention": 11.07619133787038,
  "min_predicted_distance_mean": 2.057763724838521
}