{
  "violation_rate": 0.0,
  "collision_rate": 0.0,
  "near_miss_rate": 0.02666666666666667,
  "intervention_rate": 0.12,
  "override_success_rate": 1.0,
  "mean_intervention_delay": 0.0,
  "operator_workload": 0.12,
  "mean_drift": 6.720877679997206,
  "p95_drift": 14.714035734101556,
  "mean_latency_ms": 0.2680127597219932,
  "risk_mean": 0.24409211485819338,
  "risk_p95": 0.343220103561536,
  "separation_risk_mean": 0.03264626547029257,
  "congestion_risk_mean": 0.018521873706305477,
  "speed_risk_mean": 0.8584721797999021,
  "uncertainty_risk_mean": 0.64,
  "human_activation_count": 18,
  "cooldown_skips": 90,
  "trigger_active_rate": 0.72,
  "confidence_mean": 0.9500000000000002,
  "false_intervention_rate": 0.16666666666666666
}