{
  "violation_rate": 0.013333333333333334,
  "collision_rate": 0.0,
  "near_miss_rate": 0.02,
  "intervention_rate": 0.16666666666666666,
  "override_success_rate": 0.96,
  "mean_intervention_delay": 0.0,
  "operator_workload": 0.16666666666666666,
  "mean_drift": 14.105921975782294,
  "p95_drift": 34.879533054251006,
  "mean_latency_ms": 0.27443355463522795,
  "risk_mean": 0.25665680641455013,
  "risk_p95": 0.26820986220020604,
  "separation_risk_mean": 0.019525676326199875,
  "congestion_risk_mean": 0.013365667393351531,
  "speed_risk_mean": 0.9901922347961488,
  "uncertainty_risk_mean": 0.64,
  "human_activation_count": 25,
  "cooldown_skips": 125,
  "trigger_active_rate": 1.0,
  "confidence_mean": 0.9500000000000002,
  "false_intervention_rate": 0.2
}