{
  "violation_rate": 0.0,
  "collision_rate": 0.0,
  "near_miss_rate": 0.19333333333333333,
  "intervention_rate": 0.09333333333333334,
  "override_success_rate": 1.0,
  "mean_intervention_delay": 0.0,
  "operator_workload": 0.09333333333333334,
  "mean_drift": 15.385813513041509,
  "p95_drift": 37.10484046256031,
  "mean_latency_ms": 0.37525527285955224,
  "risk_mean": 0.3614502838771053,
  "risk_p95": 0.65904146191649,
  "separation_risk_mean": 0.18773671906625117,
  "congestion_risk_mean": 0.1251693986529793,
  "speed_risk_mean": 0.9978427375603165,
  "uncertainty_risk_mean": 0.64,
  "human_activation_count": 14,
  "cooldown_skips": 136,
  "trigger_active_rate": 1.0,
  "confidence_mean": 0.9500000000000002,
  "false_intervention_rate": 0.2857142857142857
}