{
  "violation_rate": 0.1,
  "collision_rate": 0.0,
  "near_miss_rate": 1.26,
  "intervention_rate": 0.8333333333333334,
  "override_success_rate": 0.88,
  "mean_intervention_delay": 0.0,
  "operator_workload": 0.8333333333333334,
  "mean_drift": 11.968234732148451,
  "p95_drift": 38.074317613827844,
  "mean_latency_ms": 0.8414239219079415,
  "risk_mean": 0.893033433208645,
  "risk_p05": 0.3944949872705384,
  "risk_p25": 1.0,
  "risk_p50": 1.0,
  "risk_p75": 1.0,
  "risk_p95": 1.0,
  "separation_risk_mean": 0.6383665609254902,
  "congestion_risk_mean": 0.46278360665531487,
  "speed_risk_mean": 0.9098389283314547,
  "uncertainty_risk_mean": 0.6342065775338364,
  "human_activation_count": 125,
  "cooldown_skips": 25,
  "suppressed_request_count": 25,
  "suppressed_critical_count": 0,
  "cooldown_release_count": 121,
  "critical_override_count": 121,
  "critical_trigger_rate": 0.8066666666666666,
  "trigger_active_rate": 1.0,
  "confidence_mean": 0.9500000000000002,
  "false_intervention_rate": 0.072,
  "repeated_intervention_rate": 0.944,
  "post_intervention_violation_rate": 0.1111111111111111,
  "mean_drift_after_intervention": 13.18643518665855,
  "min_predicted_distance_mean": 0.7768919837985009
}