{
  "violation_rate": 0.02666666666666667,
  "collision_rate": 0.0,
  "near_miss_rate": 0.12,
  "intervention_rate": 0.7666666666666667,
  "override_success_rate": 0.9652173913043478,
  "mean_intervention_delay": 0.0,
  "operator_workload": 0.7666666666666667,
  "mean_drift": 8.485014532538726,
  "p95_drift": 26.008217571352606,
  "mean_latency_ms": 0.39517866835619014,
  "risk_mean": 0.8140726279750159,
  "risk_p05": 0.2435588136071359,
  "risk_p25": 0.6998295782537158,
  "risk_p50": 1.0,
  "risk_p75": 1.0,
  "risk_p95": 1.0,
  "separation_risk_mean": 0.053595356306679706,
  "congestion_risk_mean": 0.06097584137950143,
  "speed_risk_mean": 0.9351021098121434,
  "uncertainty_risk_mean": 0.6352770897470786,
  "human_activation_count": 115,
  "cooldown_skips": 35,
  "suppressed_request_count": 35,
  "suppressed_critical_count": 0,
  "cooldown_release_count": 109,
  "critical_override_count": 109,
  "critical_trigger_rate": 0.7266666666666667,
  "trigger_active_rate": 1.0,
  "confidence_mean": 0.9500000000000002,
  "false_intervention_rate": 0.06956521739130435,
  "repeated_intervention_rate": 0.9304347826086956,
  "post_intervention_violation_rate": 0.03125,
  "mean_drift_after_intervention": 9.879816316981644,
  "min_predicted_distance_mean": 12.58716090921293
}