{
  "violation_rate": 0.04666666666666667,
  "collision_rate": 0.013333333333333334,
  "near_miss_rate": 0.18,
  "intervention_rate": 0.78,
  "override_success_rate": 0.9401709401709402,
  "mean_intervention_delay": 0.0,
  "operator_workload": 0.78,
  "mean_drift": 11.424760975242807,
  "p95_drift": 37.854539897525896,
  "mean_latency_ms": 0.4168461146764457,
  "risk_mean": 0.8797464224080919,
  "risk_p05": 0.33925498020041084,
  "risk_p25": 1.0,
  "risk_p50": 1.0,
  "risk_p75": 1.0,
  "risk_p95": 1.0,
  "separation_risk_mean": 0.15402060309988647,
  "congestion_risk_mean": 0.092703001962015,
  "speed_risk_mean": 0.8725739061176986,
  "uncertainty_risk_mean": 0.6303359521773554,
  "human_activation_count": 117,
  "cooldown_skips": 33,
  "suppressed_request_count": 33,
  "suppressed_critical_count": 0,
  "cooldown_release_count": 115,
  "critical_override_count": 115,
  "critical_trigger_rate": 0.7666666666666667,
  "trigger_active_rate": 1.0,
  "confidence_mean": 0.9500000000000002,
  "false_intervention_rate": 0.03418803418803419,
  "repeated_intervention_rate": 0.9487179487179487,
  "post_intervention_violation_rate": 0.047619047619047616,
  "mean_drift_after_intervention": 13.212132780843808,
  "min_predicted_distance_mean": 4.97698302099772
}