{
  "violation_rate": 0.03333333333333333,
  "collision_rate": 0.0,
  "near_miss_rate": 0.0,
  "intervention_rate": 0.8466666666666667,
  "override_success_rate": 0.9606299212598425,
  "mean_intervention_delay": 0.0,
  "operator_workload": 0.8466666666666667,
  "mean_drift": 16.55231630256993,
  "p95_drift": 30.79732707979189,
  "mean_latency_ms": 0.48263587911302847,
  "risk_mean": 0.8890845824193335,
  "risk_p05": 0.24599999999991767,
  "risk_p25": 1.0,
  "risk_p50": 1.0,
  "risk_p75": 1.0,
  "risk_p95": 1.0,
  "separation_risk_mean": 0.05946066089210062,
  "congestion_risk_mean": 0.02261788341392591,
  "speed_risk_mean": 0.9719416929639741,
  "uncertainty_risk_mean": 0.64,
  "human_activation_count": 127,
  "cooldown_skips": 23,
  "suppressed_request_count": 23,
  "suppressed_critical_count": 0,
  "cooldown_release_count": 125,
  "critical_override_count": 124,
  "critical_trigger_rate": 0.8266666666666667,
  "trigger_active_rate": 1.0,
  "confidence_mean": 0.9500000000000002,
  "false_intervention_rate": 0.07086614173228346,
  "repeated_intervention_rate": 0.9606299212598425,
  "post_intervention_violation_rate": 0.03759398496240601,
  "mean_drift_after_intervention": 18.28073145916082,
  "min_predicted_distance_mean": 6.54565915222348
}