{
  "violation_rate": 0.02666666666666667,
  "collision_rate": 0.0,
  "near_miss_rate": 0.0,
  "intervention_rate": 0.16666666666666666,
  "override_success_rate": 0.92,
  "mean_intervention_delay": 0.0,
  "operator_workload": 0.16666666666666666,
  "mean_drift": 16.4555702415703,
  "p95_drift": 37.37756450904967,
  "mean_latency_ms": 0.3981683198556614,
  "risk_mean": 0.2550929308496194,
  "risk_p95": 0.26820006322371365,
  "separation_risk_mean": 0.016863973927060866,
  "congestion_risk_mean": 0.010935641970965042,
  "speed_risk_mean": 0.9918015472646721,
  "uncertainty_risk_mean": 0.64,
  "human_activation_count": 25,
  "cooldown_skips": 125,
  "trigger_active_rate": 1.0,
  "confidence_mean": 0.9500000000000002,
  "false_intervention_rate": 0.2
}