{
  "violation_rate": 0.64,
  "collision_rate": 0.04666666666666667,
  "near_miss_rate": 0.12666666666666668,
  "intervention_rate": 0.7866666666666666,
  "override_success_rate": 0.1864406779661017,
  "mean_intervention_delay": 0.0,
  "operator_workload": 0.7866666666666666,
  "mean_drift": 15.435289367646257,
  "p95_drift": 30.115209121208565,
  "mean_latency_ms": 1.7110794479958713,
  "risk_mean": 0.8571674981762101,
  "risk_p05": 0.2604884582267079,
  "risk_p25": 0.742070263309435,
  "risk_p50": 1.0,
  "risk_p75": 1.0,
  "risk_p95": 1.0,
  "separation_risk_mean": 0.37239430884337626,
  "congestion_risk_mean": 0.20418230924949524,
  "speed_risk_mean": 0.9383226110868793,
  "uncertainty_risk_mean": 0.6391543954025022,
  "human_activation_count": 118,
  "cooldown_skips": 30,
  "suppressed_request_count": 30,
  "suppressed_critical_count": 0,
  "cooldown_release_count": 112,
  "critical_override_count": 112,
  "critical_trigger_rate": 0.7466666666666667,
  "trigger_active_rate": 0.96,
  "confidence_mean": 0.5,
  "false_intervention_rate": 0.07627118644067797,
  "repeated_intervention_rate": 0.9322033898305084,
  "post_intervention_violation_rate": 0.7384615384615385,
  "mean_drift_after_intervention": 18.450880227818825,
  "min_predicted_distance_mean": 2.163559104420031
}