{
  "violation_rate": 0.09333333333333334,
  "collision_rate": 0.0,
  "near_miss_rate": 0.12666666666666668,
  "intervention_rate": 0.7466666666666667,
  "override_success_rate": 0.875,
  "mean_intervention_delay": 0.0,
  "operator_workload": 0.7466666666666667,
  "mean_drift": 8.505147400161574,
  "p95_drift": 26.081933373529957,
  "mean_latency_ms": 0.49685607741897303,
  "risk_mean": 0.8143875001364659,
  "risk_p05": 0.24599999999978922,
  "risk_p25": 0.698744984357838,
  "risk_p50": 1.0,
  "risk_p75": 1.0,
  "risk_p95": 1.0,
  "separation_risk_mean": 0.05415593810177117,
  "congestion_risk_mean": 0.060559145743187506,
  "speed_risk_mean": 0.9358435670032115,
  "uncertainty_risk_mean": 0.6352064025241079,
  "human_activation_count": 112,
  "cooldown_skips": 8,
  "suppressed_request_count": 8,
  "suppressed_critical_count": 0,
  "cooldown_release_count": 109,
  "critical_override_count": 109,
  "critical_trigger_rate": 0.7266666666666667,
  "trigger_active_rate": 0.7933333333333333,
  "confidence_mean": 0.9500000000000002,
  "false_intervention_rate": 0.03571428571428571,
  "repeated_intervention_rate": 0.9553571428571429,
  "post_intervention_violation_rate": 0.11764705882352941,
  "mean_drift_after_intervention": 10.002898026586157,
  "min_predicted_distance_mean": 12.601998691756828
}