{
  "violation_rate": 0.06666666666666667,
  "collision_rate": 0.0,
  "near_miss_rate": 0.78,
  "intervention_rate": 0.76,
  "override_success_rate": 0.9122807017543859,
  "mean_intervention_delay": 0.0,
  "operator_workload": 0.76,
  "mean_drift": 6.6564157307145315,
  "p95_drift": 23.645176082253883,
  "mean_latency_ms": 0.4289997275918722,
  "risk_mean": 0.8430044315918922,
  "risk_p05": 0.2556307685630248,
  "risk_p25": 0.6089350938223599,
  "risk_p50": 1.0,
  "risk_p75": 1.0,
  "risk_p95": 1.0,
  "separation_risk_mean": 0.6208078465314846,
  "congestion_risk_mean": 0.3336681932993464,
  "speed_risk_mean": 0.632351383873713,
  "uncertainty_risk_mean": 0.64,
  "human_activation_count": 114,
  "cooldown_skips": 36,
  "suppressed_request_count": 36,
  "suppressed_critical_count": 0,
  "cooldown_release_count": 107,
  "critical_override_count": 107,
  "critical_trigger_rate": 0.7133333333333334,
  "trigger_active_rate": 1.0,
  "confidence_mean": 0.9500000000000002,
  "false_intervention_rate": 0.07894736842105263,
  "repeated_intervention_rate": 0.9210526315789473,
  "post_intervention_violation_rate": 0.07751937984496124,
  "mean_drift_after_intervention": 7.727119696564932,
  "min_predicted_distance_mean": 1.2742845932249705
}