{
  "violation_rate": 0.06666666666666667,
  "collision_rate": 0.006666666666666667,
  "near_miss_rate": 0.06666666666666667,
  "intervention_rate": 0.7666666666666667,
  "override_success_rate": 0.9130434782608695,
  "mean_intervention_delay": 0.0,
  "operator_workload": 0.7666666666666667,
  "mean_drift": 8.225232203201456,
  "p95_drift": 22.08597220747153,
  "mean_latency_ms": 0.4510272480547428,
  "risk_mean": 0.8160698487255859,
  "risk_p05": 0.2373535993072428,
  "risk_p25": 0.5965865056837583,
  "risk_p50": 1.0,
  "risk_p75": 1.0,
  "risk_p95": 1.0,
  "separation_risk_mean": 0.064157023184018,
  "congestion_risk_mean": 0.038684084251728625,
  "speed_risk_mean": 0.9155761297677579,
  "uncertainty_risk_mean": 0.6267056923676798,
  "human_activation_count": 115,
  "cooldown_skips": 35,
  "suppressed_request_count": 35,
  "suppressed_critical_count": 0,
  "cooldown_release_count": 109,
  "critical_override_count": 109,
  "critical_trigger_rate": 0.7266666666666667,
  "trigger_active_rate": 1.0,
  "confidence_mean": 0.9500000000000002,
  "false_intervention_rate": 0.0782608695652174,
  "repeated_intervention_rate": 0.9130434782608695,
  "post_intervention_violation_rate": 0.06870229007633588,
  "mean_drift_after_intervention": 9.58550321929655,
  "min_predicted_distance_mean": 13.23660251774954
}