{
  "violation_rate": 0.04666666666666667,
  "collision_rate": 0.0,
  "near_miss_rate": 0.03333333333333333,
  "intervention_rate": 0.72,
  "override_success_rate": 0.9351851851851852,
  "mean_intervention_delay": 0.0,
  "operator_workload": 0.72,
  "mean_drift": 14.594697532514166,
  "p95_drift": 39.089538343480356,
  "mean_latency_ms": 0.5040141707286239,
  "risk_mean": 0.7929535561323222,
  "risk_p05": 0.22949999999983878,
  "risk_p25": 0.41179114371365755,
  "risk_p50": 1.0,
  "risk_p75": 1.0,
  "risk_p95": 1.0,
  "separation_risk_mean": 0.02061267771595659,
  "congestion_risk_mean": 0.02620740951768519,
  "speed_risk_mean": 0.9614183661126208,
  "uncertainty_risk_mean": 0.6337327368696979,
  "human_activation_count": 108,
  "cooldown_skips": 10,
  "suppressed_request_count": 10,
  "suppressed_critical_count": 0,
  "cooldown_release_count": 107,
  "critical_override_count": 107,
  "critical_trigger_rate": 0.7133333333333334,
  "trigger_active_rate": 0.78,
  "confidence_mean": 0.9500000000000002,
  "false_intervention_rate": 0.046296296296296294,
  "repeated_intervention_rate": 0.9814814814814815,
  "post_intervention_violation_rate": 0.06422018348623854,
  "mean_drift_after_intervention": 17.78727261626419,
  "min_predicted_distance_mean": 9.757110538026511
}