{
  "violation_rate": 0.06666666666666667,
  "collision_rate": 0.013333333333333334,
  "near_miss_rate": 0.17333333333333334,
  "intervention_rate": 0.86,
  "override_success_rate": 0.9224806201550387,
  "mean_intervention_delay": 0.0,
  "operator_workload": 0.86,
  "mean_drift": 11.40158150270767,
  "p95_drift": 37.08693487950341,
  "mean_latency_ms": 0.5281069525517523,
  "risk_mean": 0.9212633819357474,
  "risk_p05": 0.4744515197759922,
  "risk_p25": 1.0,
  "risk_p50": 1.0,
  "risk_p75": 1.0,
  "risk_p95": 1.0,
  "separation_risk_mean": 0.15971666937627144,
  "congestion_risk_mean": 0.09083812700041798,
  "speed_risk_mean": 0.8863545172834256,
  "uncertainty_risk_mean": 0.6303359521773554,
  "human_activation_count": 129,
  "cooldown_skips": 21,
  "suppressed_request_count": 21,
  "suppressed_critical_count": 0,
  "cooldown_release_count": 126,
  "critical_override_count": 126,
  "critical_trigger_rate": 0.84,
  "trigger_active_rate": 1.0,
  "confidence_mean": 0.9500000000000002,
  "false_intervention_rate": 0.07751937984496124,
  "repeated_intervention_rate": 0.9534883720930233,
  "post_intervention_violation_rate": 0.06569343065693431,
  "mean_drift_after_intervention": 12.387783256669895,
  "min_predicted_distance_mean": 4.930972225487161
}