{
  "violation_rate": 0.04666666666666667,
  "collision_rate": 0.0,
  "near_miss_rate": 1.0066666666666666,
  "intervention_rate": 0.88,
  "override_success_rate": 0.946969696969697,
  "mean_intervention_delay": 0.0,
  "operator_workload": 0.88,
  "mean_drift": 6.74617202426974,
  "p95_drift": 35.96336476293033,
  "mean_latency_ms": 0.5453375222471853,
  "risk_mean": 0.9270783715667218,
  "risk_p05": 0.43122653930396304,
  "risk_p25": 1.0,
  "risk_p50": 1.0,
  "risk_p75": 1.0,
  "risk_p95": 1.0,
  "separation_risk_mean": 0.6848898458250599,
  "congestion_risk_mean": 0.4211162507094043,
  "speed_risk_mean": 0.6319209431765693,
  "uncertainty_risk_mean": 0.6348081429327146,
  "human_activation_count": 132,
  "cooldown_skips": 17,
  "suppressed_request_count": 17,
  "suppressed_critical_count": 0,
  "cooldown_release_count": 130,
  "critical_override_count": 130,
  "critical_trigger_rate": 0.8666666666666667,
  "trigger_active_rate": 0.98,
  "confidence_mean": 0.9500000000000002,
  "false_intervention_rate": 0.09848484848484848,
  "repeated_intervention_rate": 0.9621212121212122,
  "post_intervention_violation_rate": 0.050359712230215826,
  "mean_drift_after_intervention": 7.3493519202947635,
  "min_predicted_distance_mean": 0.8145528025500234
}