{
  "violation_rate": 0.04666666666666667,
  "collision_rate": 0.0,
  "near_miss_rate": 1.4733333333333334,
  "intervention_rate": 0.8866666666666667,
  "override_success_rate": 0.9473684210526315,
  "mean_intervention_delay": 0.0,
  "operator_workload": 0.8866666666666667,
  "mean_drift": 6.6862228460595565,
  "p95_drift": 35.97653279318877,
  "mean_latency_ms": 0.6365355476737022,
  "risk_mean": 0.9313474058856326,
  "risk_p05": 0.44787769438076097,
  "risk_p25": 1.0,
  "risk_p50": 1.0,
  "risk_p75": 1.0,
  "risk_p95": 1.0,
  "separation_risk_mean": 0.710907792191638,
  "congestion_risk_mean": 0.47747775254015884,
  "speed_risk_mean": 0.60660238344812,
  "uncertainty_risk_mean": 0.6351315120591154,
  "human_activation_count": 133,
  "cooldown_skips": 17,
  "suppressed_request_count": 17,
  "suppressed_critical_count": 0,
  "cooldown_release_count": 132,
  "critical_override_count": 131,
  "critical_trigger_rate": 0.8733333333333333,
  "trigger_active_rate": 1.0,
  "confidence_mean": 0.9500000000000002,
  "false_intervention_rate": 0.08270676691729323,
  "repeated_intervention_rate": 0.9624060150375939,
  "post_intervention_violation_rate": 0.050724637681159424,
  "mean_drift_after_intervention": 7.283494989485663,
  "min_predicted_distance_mean": 0.6915478873121803
}