{
  "violation_rate": 0.06666666666666667,
  "collision_rate": 0.006666666666666667,
  "near_miss_rate": 0.04666666666666667,
  "intervention_rate": 0.76,
  "override_success_rate": 0.9122807017543859,
  "mean_intervention_delay": 0.0,
  "operator_workload": 0.76,
  "mean_drift": 9.964006655529978,
  "p95_drift": 22.94431046700584,
  "mean_latency_ms": 0.4256261248762409,
  "risk_mean": 0.8399038365942275,
  "risk_p05": 0.24494562668942385,
  "risk_p25": 0.6589538778178617,
  "risk_p50": 1.0,
  "risk_p75": 1.0,
  "risk_p95": 1.0,
  "separation_risk_mean": 0.08593238871122935,
  "congestion_risk_mean": 0.050830349677469654,
  "speed_risk_mean": 0.8709511212563372,
  "uncertainty_risk_mean": 0.64,
  "human_activation_count": 114,
  "cooldown_skips": 25,
  "suppressed_request_count": 25,
  "suppressed_critical_count": 0,
  "cooldown_release_count": 109,
  "critical_override_count": 109,
  "critical_trigger_rate": 0.7266666666666667,
  "trigger_active_rate": 0.9066666666666666,
  "confidence_mean": 0.9500000000000002,
  "false_intervention_rate": 0.06140350877192982,
  "repeated_intervention_rate": 0.9473684210526315,
  "post_intervention_violation_rate": 0.07317073170731707,
  "mean_drift_after_intervention": 10.930121515509512,
  "min_predicted_distance_mean": 4.944728379918628
}