{
  "violation_rate": 0.02666666666666667,
  "collision_rate": 0.0,
  "near_miss_rate": 0.006666666666666667,
  "intervention_rate": 0.16666666666666666,
  "override_success_rate": 0.92,
  "mean_intervention_delay": 0.0,
  "operator_workload": 0.16666666666666666,
  "mean_drift": 10.299551535106348,
  "p95_drift": 27.7813249682811,
  "mean_latency_ms": 0.24765690681912625,
  "risk_mean": 0.26354239382751155,
  "risk_p95": 0.5218307288083747,
  "separation_risk_mean": 0.04776877092235889,
  "congestion_risk_mean": 0.034589717739125884,
  "speed_risk_mean": 0.9159934498511237,
  "uncertainty_risk_mean": 0.64,
  "human_activation_count": 25,
  "cooldown_skips": 125,
  "trigger_active_rate": 1.0,
  "confidence_mean": 0.9000000000000004,
  "false_intervention_rate": 0.28
}