{
  "violation_rate": 0.08666666666666667,
  "collision_rate": 0.0,
  "near_miss_rate": 0.17333333333333334,
  "intervention_rate": 0.7666666666666667,
  "override_success_rate": 0.8869565217391304,
  "mean_intervention_delay": 0.0,
  "operator_workload": 0.7666666666666667,
  "mean_drift": 15.366132086714046,
  "p95_drift": 37.471817352797835,
  "mean_latency_ms": 0.4612647012496988,
  "risk_mean": 0.8839423366425079,
  "risk_p05": 0.5307364762934927,
  "risk_p25": 0.7536416611607373,
  "risk_p50": 1.0,
  "risk_p75": 1.0,
  "risk_p95": 1.0,
  "separation_risk_mean": 0.27037764119945473,
  "congestion_risk_mean": 0.17860408180473014,
  "speed_risk_mean": 0.8272464911519751,
  "uncertainty_risk_mean": 0.9969386505689553,
  "human_activation_count": 115,
  "cooldown_skips": 35,
  "suppressed_request_count": 35,
  "suppressed_critical_count": 0,
  "cooldown_release_count": 108,
  "critical_override_count": 108,
  "critical_trigger_rate": 0.72,
  "trigger_active_rate": 1.0,
  "confidence_mean": 0.9500000000000002,
  "false_intervention_rate": 0.0782608695652174,
  "repeated_intervention_rate": 0.9217391304347826,
  "post_intervention_violation_rate": 0.1,
  "mean_drift_after_intervention": 17.862190206843287,
  "min_predicted_distance_mean": 2.4981058333032617
}