{
  "violation_rate": 0.1,
  "collision_rate": 0.006666666666666667,
  "near_miss_rate": 0.21333333333333335,
  "intervention_rate": 0.7733333333333333,
  "override_success_rate": 0.8706896551724138,
  "mean_intervention_delay": 0.0,
  "operator_workload": 0.7733333333333333,
  "mean_drift": 6.047368590471898,
  "p95_drift": 21.991251935137132,
  "mean_latency_ms": 0.5456629806819061,
  "risk_mean": 0.8495443100705691,
  "risk_p05": 0.32103847923011886,
  "risk_p25": 1.0,
  "risk_p50": 1.0,
  "risk_p75": 1.0,
  "risk_p95": 1.0,
  "separation_risk_mean": 0.45878609262886483,
  "congestion_risk_mean": 0.24227703252830504,
  "speed_risk_mean": 0.5769635616899145,
  "uncertainty_risk_mean": 0.6328107985847483,
  "human_activation_count": 116,
  "cooldown_skips": 34,
  "suppressed_request_count": 34,
  "suppressed_critical_count": 0,
  "cooldown_release_count": 114,
  "critical_override_count": 113,
  "critical_trigger_rate": 0.7533333333333333,
  "trigger_active_rate": 1.0,
  "confidence_mean": 0.9500000000000002,
  "false_intervention_rate": 0.08620689655172414,
  "repeated_intervention_rate": 0.9310344827586207,
  "post_intervention_violation_rate": 0.1171875,
  "mean_drift_after_intervention": 6.830735189299395,
  "min_predicted_distance_mean": 1.68705735170455
}