{
  "violation_rate": 0.06666666666666667,
  "collision_rate": 0.0,
  "near_miss_rate": 0.0,
  "intervention_rate": 0.16666666666666666,
  "override_success_rate": 0.76,
  "mean_intervention_delay": 0.0,
  "operator_workload": 0.16666666666666666,
  "mean_drift": 16.54644562364769,
  "p95_drift": 30.86346560606579,
  "mean_latency_ms": 0.4499161259930891,
  "risk_mean": 0.26635111157698543,
  "risk_p95": 0.4101140669091199,
  "separation_risk_mean": 0.03971604661403425,
  "congestion_risk_mean": 0.022968813087887813,
  "speed_risk_mean": 0.9782445821913204,
  "uncertainty_risk_mean": 0.64,
  "human_activation_count": 25,
  "cooldown_skips": 125,
  "trigger_active_rate": 1.0,
  "confidence_mean": 0.5,
  "false_intervention_rate": 0.24
}