{
  "violation_rate": 0.0,
  "collision_rate": 0.006666666666666667,
  "near_miss_rate": 0.25333333333333335,
  "intervention_rate": 0.7933333333333333,
  "override_success_rate": 1.0,
  "mean_intervention_delay": 0.0,
  "operator_workload": 0.7933333333333333,
  "mean_drift": 6.050959702609434,
  "p95_drift": 22.0130584776525,
  "mean_latency_ms": 0.45375778960684937,
  "risk_mean": 0.8439804930282283,
  "risk_p05": 0.3180942297797696,
  "risk_p25": 0.5443531259852683,
  "risk_p50": 1.0,
  "risk_p75": 1.0,
  "risk_p95": 1.0,
  "separation_risk_mean": 0.4780131378697568,
  "congestion_risk_mean": 0.2506994953660416,
  "speed_risk_mean": 0.58226630291801,
  "uncertainty_risk_mean": 0.6328107985847483,
  "human_activation_count": 119,
  "cooldown_skips": 31,
  "suppressed_request_count": 31,
  "suppressed_critical_count": 0,
  "cooldown_release_count": 115,
  "critical_override_count": 111,
  "critical_trigger_rate": 0.74,
  "trigger_active_rate": 1.0,
  "confidence_mean": 1.0,
  "false_intervention_rate": 0.1092436974789916,
  "repeated_intervention_rate": 0.9159663865546218,
  "post_intervention_violation_rate": 0.0,
  "mean_drift_after_intervention": 6.766426939719947,
  "min_predicted_distance_mean": 1.6427345205303183
}