{
  "violation_rate": 0.07333333333333333,
  "collision_rate": 0.0,
  "near_miss_rate": 1.48,
  "intervention_rate": 0.9333333333333333,
  "override_success_rate": 0.9214285714285714,
  "mean_intervention_delay": 0.0,
  "operator_workload": 0.9333333333333333,
  "mean_drift": 7.282676561059513,
  "p95_drift": 22.82755991412288,
  "mean_latency_ms": 2.6198575203306973,
  "risk_mean": 0.9616992437917444,
  "risk_p05": 0.5000674447465535,
  "risk_p25": 1.0,
  "risk_p50": 1.0,
  "risk_p75": 1.0,
  "risk_p95": 1.0,
  "separation_risk_mean": 0.6554856318552866,
  "congestion_risk_mean": 0.2696606968196596,
  "speed_risk_mean": 0.7899980912174115,
  "uncertainty_risk_mean": 0.6370810290287451,
  "human_activation_count": 140,
  "cooldown_skips": 10,
  "suppressed_request_count": 10,
  "suppressed_critical_count": 0,
  "cooldown_release_count": 139,
  "critical_override_count": 139,
  "critical_trigger_rate": 0.9266666666666666,
  "trigger_active_rate": 1.0,
  "confidence_mean": 0.9500000000000002,
  "false_intervention_rate": 0.09285714285714286,
  "repeated_intervention_rate": 0.9714285714285714,
  "post_intervention_violation_rate": 0.0763888888888889,
  "mean_drift_after_intervention": 7.5417642287173985,
  "min_predicted_distance_mean": 0.8216564947796091
}