{
  "violation_rate": 0.7466666666666667,
  "collision_rate": 0.006666666666666667,
  "near_miss_rate": 0.10666666666666667,
  "intervention_rate": 0.8466666666666667,
  "override_success_rate": 0.11811023622047244,
  "mean_intervention_delay": 5.0,
  "operator_workload": 0.8466666666666667,
  "mean_drift": 8.640136369666388,
  "p95_drift": 33.828231266759566,
  "mean_latency_ms": 2.219601701168964,
  "risk_mean": 0.9096411315634547,
  "risk_p05": 0.46394965773996516,
  "risk_p25": 1.0,
  "risk_p50": 1.0,
  "risk_p75": 1.0,
  "risk_p95": 1.0,
  "separation_risk_mean": 0.15181505991428504,
  "congestion_risk_mean": 0.09449082392914612,
  "speed_risk_mean": 0.7681574297582779,
  "uncertainty_risk_mean": 0.6344920314618171,
  "human_activation_count": 127,
  "cooldown_skips": 23,
  "suppressed_request_count": 23,
  "suppressed_critical_count": 0,
  "cooldown_release_count": 123,
  "critical_override_count": 123,
  "critical_trigger_rate": 0.82,
  "trigger_active_rate": 1.0,
  "confidence_mean": 0.4415643638488968,
  "false_intervention_rate": 0.10236220472440945,
  "repeated_intervention_rate": 0.9448818897637795,
  "post_intervention_violation_rate": 0.8175182481751825,
  "mean_drift_after_intervention": 9.59425679229808,
  "min_predicted_distance_mean": 4.248767159361111
}