{
  "violation_rate": 0.02666666666666667,
  "collision_rate": 0.0,
  "near_miss_rate": 0.02666666666666667,
  "intervention_rate": 0.16666666666666666,
  "override_success_rate": 0.92,
  "mean_intervention_delay": 0.0,
  "operator_workload": 0.16666666666666666,
  "mean_drift": 6.975446541268724,
  "p95_drift": 16.263699123439974,
  "mean_latency_ms": 0.2357080069486983,
  "risk_mean": 0.25566003928279585,
  "risk_p95": 0.2734768155254355,
  "separation_risk_mean": 0.023803709884966776,
  "congestion_risk_mean": 0.013043128704091383,
  "speed_risk_mean": 0.971250584390253,
  "uncertainty_risk_mean": 0.64,
  "human_activation_count": 25,
  "cooldown_skips": 120,
  "trigger_active_rate": 0.9666666666666667,
  "confidence_mean": 0.9500000000000002,
  "false_intervention_rate": 0.32
}