{
  "violation_rate": 0.07333333333333333,
  "collision_rate": 0.0,
  "near_miss_rate": 0.05333333333333334,
  "intervention_rate": 0.66,
  "override_success_rate": 0.8888888888888888,
  "mean_intervention_delay": 0.0,
  "operator_workload": 0.66,
  "mean_drift": 11.590661616050681,
  "p95_drift": 38.02717762945739,
  "mean_latency_ms": 0.5240252823568881,
  "risk_mean": 0.775501876742626,
  "risk_p05": 0.2459999999998228,
  "risk_p25": 0.43957107361795184,
  "risk_p50": 1.0,
  "risk_p75": 1.0,
  "risk_p95": 1.0,
  "separation_risk_mean": 0.10817128937347036,
  "congestion_risk_mean": 0.048522039319884906,
  "speed_risk_mean": 0.9569950945726073,
  "uncertainty_risk_mean": 0.64,
  "human_activation_count": 99,
  "cooldown_skips": 51,
  "suppressed_request_count": 51,
  "suppressed_critical_count": 0,
  "cooldown_release_count": 98,
  "critical_override_count": 96,
  "critical_trigger_rate": 0.64,
  "trigger_active_rate": 1.0,
  "confidence_mean": 0.9500000000000002,
  "false_intervention_rate": 0.09090909090909091,
  "repeated_intervention_rate": 0.9393939393939394,
  "post_intervention_violation_rate": 0.102803738317757,
  "mean_drift_after_intervention": 15.26273439816547,
  "min_predicted_distance_mean": 4.15823370045047
}