{
  "violation_rate": 0.08,
  "collision_rate": 0.0,
  "near_miss_rate": 0.02666666666666667,
  "intervention_rate": 0.82,
  "override_success_rate": 0.9024390243902439,
  "mean_intervention_delay": 0.0,
  "operator_workload": 0.82,
  "mean_drift": 12.74191923668132,
  "p95_drift": 34.3527365267252,
  "mean_latency_ms": 0.45290245053668815,
  "risk_mean": 0.819551283332402,
  "risk_p05": 0.24599999999976527,
  "risk_p25": 0.6136528300478381,
  "risk_p50": 1.0,
  "risk_p75": 1.0,
  "risk_p95": 1.0,
  "separation_risk_mean": 0.04372302804463406,
  "congestion_risk_mean": 0.033312880844733585,
  "speed_risk_mean": 0.9843570802120754,
  "uncertainty_risk_mean": 0.6399164786837332,
  "human_activation_count": 123,
  "cooldown_skips": 27,
  "suppressed_request_count": 27,
  "suppressed_critical_count": 0,
  "cooldown_release_count": 109,
  "critical_override_count": 109,
  "critical_trigger_rate": 0.7266666666666667,
  "trigger_active_rate": 1.0,
  "confidence_mean": 0.9500000000000002,
  "false_intervention_rate": 0.13008130081300814,
  "repeated_intervention_rate": 0.8780487804878049,
  "post_intervention_violation_rate": 0.08053691275167785,
  "mean_drift_after_intervention": 14.324870819551343,
  "min_predicted_distance_mean": 4.39539698690647
}