{
  "violation_rate": 0.74,
  "collision_rate": 0.08,
  "near_miss_rate": 0.62,
  "intervention_rate": 0.88,
  "override_success_rate": 0.1590909090909091,
  "mean_intervention_delay": 5.0,
  "operator_workload": 0.88,
  "mean_drift": 8.279956288882735,
  "p95_drift": 51.73073880335008,
  "mean_latency_ms": 1.880501953419298,
  "risk_mean": 0.9223316205202042,
  "risk_p05": 0.43122653930396304,
  "risk_p25": 1.0,
  "risk_p50": 1.0,
  "risk_p75": 1.0,
  "risk_p95": 1.0,
  "separation_risk_mean": 0.6795264378240081,
  "congestion_risk_mean": 0.4190212590185908,
  "speed_risk_mean": 0.6742118209030973,
  "uncertainty_risk_mean": 0.6348081429327146,
  "human_activation_count": 132,
  "cooldown_skips": 18,
  "suppressed_request_count": 18,
  "suppressed_critical_count": 0,
  "cooldown_release_count": 128,
  "critical_override_count": 128,
  "critical_trigger_rate": 0.8533333333333334,
  "trigger_active_rate": 1.0,
  "confidence_mean": 0.42154721281932583,
  "false_intervention_rate": 0.08333333333333333,
  "repeated_intervention_rate": 0.9545454545454546,
  "post_intervention_violation_rate": 0.7928571428571428,
  "mean_drift_after_intervention": 9.11825225033423,
  "min_predicted_distance_mean": 0.8046353955329405
}