{
  "violation_rate": 0.006666666666666667,
  "collision_rate": 0.006666666666666667,
  "near_miss_rate": 0.08,
  "intervention_rate": 0.05333333333333334,
  "override_success_rate": 0.875,
  "mean_intervention_delay": 0.0,
  "operator_workload": 0.05333333333333334,
  "mean_drift": 10.088509727135369,
  "p95_drift": 21.94986212561668,
  "mean_latency_ms": 0.41903500008629635,
  "risk_mean": 0.28728103198831273,
  "risk_p95": 0.5869468615491107,
  "separation_risk_mean": 0.08298747353314286,
  "congestion_risk_mean": 0.05000883422611147,
  "speed_risk_mean": 0.9428964022791373,
  "uncertainty_risk_mean": 0.64,
  "human_activation_count": 8,
  "cooldown_skips": 142,
  "trigger_active_rate": 1.0,
  "confidence_mean": 0.9500000000000002,
  "false_intervention_rate": 0.25
}