{
  "violation_rate": 0.06666666666666667,
  "collision_rate": 0.0,
  "near_miss_rate": 0.18666666666666668,
  "intervention_rate": 0.7933333333333333,
  "override_success_rate": 0.9159663865546218,
  "mean_intervention_delay": 0.0,
  "operator_workload": 0.7933333333333333,
  "mean_drift": 10.672435110067102,
  "p95_drift": 28.330154037376545,
  "mean_latency_ms": 1.8321144324727356,
  "risk_mean": 0.8764453103782537,
  "risk_p05": 0.42181976936396365,
  "risk_p25": 1.0,
  "risk_p50": 1.0,
  "risk_p75": 1.0,
  "risk_p95": 1.0,
  "separation_risk_mean": 0.14179325241932464,
  "congestion_risk_mean": 0.0666078795814464,
  "speed_risk_mean": 0.8754199471200663,
  "uncertainty_risk_mean": 0.6397901468574575,
  "human_activation_count": 119,
  "cooldown_skips": 31,
  "suppressed_request_count": 31,
  "suppressed_critical_count": 0,
  "cooldown_release_count": 114,
  "critical_override_count": 114,
  "critical_trigger_rate": 0.76,
  "trigger_active_rate": 1.0,
  "confidence_mean": 0.9500000000000002,
  "false_intervention_rate": 0.058823529411764705,
  "repeated_intervention_rate": 0.9327731092436975,
  "post_intervention_violation_rate": 0.07575757575757576,
  "mean_drift_after_intervention": 12.14027188511788,
  "min_predicted_distance_mean": 3.454818724136811
}