{
  "violation_rate": 0.1,
  "collision_rate": 0.006666666666666667,
  "near_miss_rate": 0.013333333333333334,
  "intervention_rate": 0.78,
  "override_success_rate": 0.8717948717948718,
  "mean_intervention_delay": 0.0,
  "operator_workload": 0.78,
  "mean_drift": 13.369025620064537,
  "p95_drift": 29.453392797783174,
  "mean_latency_ms": 0.5836808223587772,
  "risk_mean": 0.8195933204826683,
  "risk_p05": 0.24599999999987554,
  "risk_p25": 0.5825171923267876,
  "risk_p50": 1.0,
  "risk_p75": 1.0,
  "risk_p95": 1.0,
  "separation_risk_mean": 0.05000825354551968,
  "congestion_risk_mean": 0.03790190478399361,
  "speed_risk_mean": 0.9024274980826215,
  "uncertainty_risk_mean": 0.6368543112842,
  "human_activation_count": 117,
  "cooldown_skips": 33,
  "suppressed_request_count": 33,
  "suppressed_critical_count": 0,
  "cooldown_release_count": 111,
  "critical_override_count": 111,
  "critical_trigger_rate": 0.74,
  "trigger_active_rate": 1.0,
  "confidence_mean": 0.9500000000000002,
  "false_intervention_rate": 0.1111111111111111,
  "repeated_intervention_rate": 0.9145299145299145,
  "post_intervention_violation_rate": 0.10687022900763359,
  "mean_drift_after_intervention": 15.603046162561963,
  "min_predicted_distance_mean": 9.894603984906631
}