{
  "violation_rate": 0.08666666666666667,
  "collision_rate": 0.0,
  "near_miss_rate": 0.2866666666666667,
  "intervention_rate": 0.7333333333333333,
  "override_success_rate": 0.8818181818181818,
  "mean_intervention_delay": 0.0,
  "operator_workload": 0.7333333333333333,
  "mean_drift": 11.60697040934307,
  "p95_drift": 23.189775748323303,
  "mean_latency_ms": 0.5091632825012008,
  "risk_mean": 0.8046088289956103,
  "risk_p05": 0.24599999999981667,
  "risk_p25": 0.5364036520294522,
  "risk_p50": 1.0,
  "risk_p75": 1.0,
  "risk_p95": 1.0,
  "separation_risk_mean": 0.2607731295345354,
  "congestion_risk_mean": 0.13836885228036191,
  "speed_risk_mean": 0.9532479173706588,
  "uncertainty_risk_mean": 0.6378621570056604,
  "human_activation_count": 110,
  "cooldown_skips": 10,
  "suppressed_request_count": 10,
  "suppressed_critical_count": 0,
  "cooldown_release_count": 108,
  "critical_override_count": 108,
  "critical_trigger_rate": 0.72,
  "trigger_active_rate": 0.8,
  "confidence_mean": 0.9500000000000002,
  "false_intervention_rate": 0.02727272727272727,
  "repeated_intervention_rate": 0.9727272727272728,
  "post_intervention_violation_rate": 0.11504424778761062,
  "mean_drift_after_intervention": 13.544201479684652,
  "min_predicted_distance_mean": 5.880342293732823
}