{
  "violation_rate": 0.7,
  "collision_rate": 0.0,
  "near_miss_rate": 0.02,
  "intervention_rate": 0.7266666666666667,
  "override_success_rate": 0.03669724770642202,
  "mean_intervention_delay": 10.0,
  "operator_workload": 0.7266666666666667,
  "mean_drift": 18.681701463380328,
  "p95_drift": 41.906439921224276,
  "mean_latency_ms": 2.029900774359703,
  "risk_mean": 0.7953382833895084,
  "risk_p05": 0.2159999999998998,
  "risk_p25": 0.4396521937229559,
  "risk_p50": 1.0,
  "risk_p75": 1.0,
  "risk_p95": 1.0,
  "separation_risk_mean": 0.02641384355639501,
  "congestion_risk_mean": 0.023209587752015145,
  "speed_risk_mean": 0.9586421567850939,
  "uncertainty_risk_mean": 0.64,
  "human_activation_count": 109,
  "cooldown_skips": 10,
  "suppressed_request_count": 10,
  "suppressed_critical_count": 0,
  "cooldown_release_count": 107,
  "critical_override_count": 107,
  "critical_trigger_rate": 0.7133333333333334,
  "trigger_active_rate": 0.7866666666666666,
  "confidence_mean": 0.35309312386100833,
  "false_intervention_rate": 0.027522935779816515,
  "repeated_intervention_rate": 0.9724770642201835,
  "post_intervention_violation_rate": 0.9285714285714286,
  "mean_drift_after_intervention": 23.88151287592164,
  "min_predicted_distance_mean": 16.79026148290121
}