{
  "violation_rate": 0.07333333333333333,
  "collision_rate": 0.006666666666666667,
  "near_miss_rate": 1.24,
  "intervention_rate": 0.16666666666666666,
  "override_success_rate": 0.76,
  "mean_intervention_delay": 0.0,
  "operator_workload": 0.16666666666666666,
  "mean_drift": 12.898671618758941,
  "p95_drift": 32.456588686123865,
  "mean_latency_ms": 0.8764435930061154,
  "risk_mean": 0.6506069636635917,
  "risk_p95": 0.6914119238132032,
  "separation_risk_mean": 0.7393009329256467,
  "congestion_risk_mean": 0.43416316777719505,
  "speed_risk_mean": 0.7593363957480879,
  "uncertainty_risk_mean": 0.6365352836035922,
  "human_activation_count": 25,
  "cooldown_skips": 125,
  "trigger_active_rate": 1.0,
  "confidence_mean": 0.75,
  "false_intervention_rate": 0.0
}