{
  "violation_rate": 0.7666666666666667,
  "collision_rate": 0.0,
  "near_miss_rate": 0.04,
  "intervention_rate": 0.8266666666666667,
  "override_success_rate": 0.07258064516129033,
  "mean_intervention_delay": 10.0,
  "operator_workload": 0.8266666666666667,
  "mean_drift": 15.143972949565853,
  "p95_drift": 30.761047860845956,
  "mean_latency_ms": 2.2808080601195493,
  "risk_mean": 0.8563802365145153,
  "risk_p05": 0.2459999999998955,
  "risk_p25": 1.0,
  "risk_p50": 1.0,
  "risk_p75": 1.0,
  "risk_p95": 1.0,
  "separation_risk_mean": 0.058075766306046335,
  "congestion_risk_mean": 0.05142874702286382,
  "speed_risk_mean": 0.9480021428623593,
  "uncertainty_risk_mean": 0.6319753927082102,
  "human_activation_count": 124,
  "cooldown_skips": 26,
  "suppressed_request_count": 26,
  "suppressed_critical_count": 0,
  "cooldown_release_count": 119,
  "critical_override_count": 119,
  "critical_trigger_rate": 0.7933333333333333,
  "trigger_active_rate": 1.0,
  "confidence_mean": 0.2709499757684865,
  "false_intervention_rate": 0.07258064516129033,
  "repeated_intervention_rate": 0.9435483870967742,
  "post_intervention_violation_rate": 0.8507462686567164,
  "mean_drift_after_intervention": 17.155200676141316,
  "min_predicted_distance_mean": 4.873584753253704
}