{
  "violation_rate": 0.06666666666666667,
  "collision_rate": 0.0,
  "near_miss_rate": 0.7066666666666667,
  "intervention_rate": 0.8266666666666667,
  "override_success_rate": 0.9193548387096774,
  "mean_intervention_delay": 0.0,
  "operator_workload": 0.8266666666666667,
  "mean_drift": 11.933444245218649,
  "p95_drift": 27.908546618830055,
  "mean_latency_ms": 0.7028503040783107,
  "risk_mean": 0.8152928295477057,
  "risk_p05": 0.2159999999999203,
  "risk_p25": 0.589990103302338,
  "risk_p50": 1.0,
  "risk_p75": 1.0,
  "risk_p95": 1.0,
  "separation_risk_mean": 0.5628083281838422,
  "congestion_risk_mean": 0.33810895138047886,
  "speed_risk_mean": 0.8642432729490173,
  "uncertainty_risk_mean": 0.6317279127819213,
  "human_activation_count": 124,
  "cooldown_skips": 26,
  "suppressed_request_count": 26,
  "suppressed_critical_count": 0,
  "cooldown_release_count": 111,
  "critical_override_count": 111,
  "critical_trigger_rate": 0.74,
  "trigger_active_rate": 1.0,
  "confidence_mean": 0.9500000000000002,
  "false_intervention_rate": 0.13709677419354838,
  "repeated_intervention_rate": 0.8870967741935484,
  "post_intervention_violation_rate": 0.06711409395973154,
  "mean_drift_after_intervention": 13.26690751638793,
  "min_predicted_distance_mean": 0.9255940657631571
}