{
  "violation_rate": 0.11333333333333333,
  "collision_rate": 0.0,
  "near_miss_rate": 0.9466666666666667,
  "intervention_rate": 0.9133333333333333,
  "override_success_rate": 0.8759124087591241,
  "mean_intervention_delay": 0.0,
  "operator_workload": 0.9133333333333333,
  "mean_drift": 7.378082633035003,
  "p95_drift": 29.410524802777335,
  "mean_latency_ms": 2.7782521955668926,
  "risk_mean": 0.958363829923012,
  "risk_p05": 0.5435407115202564,
  "risk_p25": 1.0,
  "risk_p50": 1.0,
  "risk_p75": 1.0,
  "risk_p95": 1.0,
  "separation_risk_mean": 0.5169850128092729,
  "congestion_risk_mean": 0.19394276238961686,
  "speed_risk_mean": 0.826086150875501,
  "uncertainty_risk_mean": 0.6279814809666349,
  "human_activation_count": 137,
  "cooldown_skips": 13,
  "suppressed_request_count": 13,
  "suppressed_critical_count": 0,
  "cooldown_release_count": 137,
  "critical_override_count": 137,
  "critical_trigger_rate": 0.9133333333333333,
  "trigger_active_rate": 1.0,
  "confidence_mean": 0.9500000000000002,
  "false_intervention_rate": 0.08759124087591241,
  "repeated_intervention_rate": 0.9562043795620438,
  "post_intervention_violation_rate": 0.11643835616438356,
  "mean_drift_after_intervention": 7.756501193571115,
  "min_predicted_distance_mean": 1.3985588015804735
}