{
  "violation_rate": 0.08,
  "collision_rate": 0.0,
  "near_miss_rate": 0.16,
  "intervention_rate": 0.8133333333333334,
  "override_success_rate": 0.9016393442622951,
  "mean_intervention_delay": 0.0,
  "operator_workload": 0.8133333333333334,
  "mean_drift": 7.459305042104807,
  "p95_drift": 26.123915585718922,
  "mean_latency_ms": 0.5311436237146457,
  "risk_mean": 0.8671154090394652,
  "risk_p05": 0.2171137948960993,
  "risk_p25": 1.0,
  "risk_p50": 1.0,
  "risk_p75": 1.0,
  "risk_p95": 1.0,
  "separation_risk_mean": 0.23045298105127912,
  "congestion_risk_mean": 0.1303234098473034,
  "speed_risk_mean": 0.66206789588254,
  "uncertainty_risk_mean": 0.6390636506498047,
  "human_activation_count": 122,
  "cooldown_skips": 16,
  "suppressed_request_count": 16,
  "suppressed_critical_count": 0,
  "cooldown_release_count": 119,
  "critical_override_count": 119,
  "critical_trigger_rate": 0.7933333333333333,
  "trigger_active_rate": 0.92,
  "confidence_mean": 0.9500000000000002,
  "false_intervention_rate": 0.09016393442622951,
  "repeated_intervention_rate": 0.9590163934426229,
  "post_intervention_violation_rate": 0.09375,
  "mean_drift_after_intervention": 8.466734747396284,
  "min_predicted_distance_mean": 4.842389207137174
}