{
  "violation_rate": 0.0,
  "collision_rate": 0.0,
  "near_miss_rate": 0.19333333333333333,
  "intervention_rate": 0.05333333333333334,
  "override_success_rate": 1.0,
  "mean_intervention_delay": 0.0,
  "operator_workload": 0.05333333333333334,
  "mean_drift": 15.349047416002499,
  "p95_drift": 37.11723359381341,
  "mean_latency_ms": 0.43205469934036955,
  "risk_mean": 0.3613332910338622,
  "risk_p95": 0.6600013793384298,
  "separation_risk_mean": 0.1875870541512842,
  "congestion_risk_mean": 0.1248638502092207,
  "speed_risk_mean": 0.9980210274231939,
  "uncertainty_risk_mean": 0.64,
  "human_activation_count": 8,
  "cooldown_skips": 142,
  "trigger_active_rate": 1.0,
  "confidence_mean": 0.9500000000000002,
  "false_intervention_rate": 0.375
}