{
  "violation_rate": 0.24,
  "collision_rate": 0.013333333333333334,
  "near_miss_rate": 1.16,
  "intervention_rate": 0.16666666666666666,
  "override_success_rate": 0.16,
  "mean_intervention_delay": 10.0,
  "operator_workload": 0.16666666666666666,
  "mean_drift": 7.679894363782617,
  "p95_drift": 30.42090314323616,
  "mean_latency_ms": 1.1117049667518586,
  "risk_mean": 0.6936016611223181,
  "risk_p95": 0.7650463727872739,
  "separation_risk_mean": 0.7273770612317151,
  "congestion_risk_mean": 0.64364177257238,
  "speed_risk_mean": 0.7318655732390024,
  "uncertainty_risk_mean": 0.6372780295940058,
  "human_activation_count": 25,
  "cooldown_skips": 125,
  "trigger_active_rate": 1.0,
  "confidence_mean": 0.8130947531791306,
  "false_intervention_rate": 0.12
}