{
  "violation_rate": 0.006666666666666667,
  "collision_rate": 0.006666666666666667,
  "near_miss_rate": 0.06666666666666667,
  "intervention_rate": 0.09333333333333334,
  "override_success_rate": 0.9285714285714286,
  "mean_intervention_delay": 0.0,
  "operator_workload": 0.09333333333333334,
  "mean_drift": 10.00855078268291,
  "p95_drift": 21.6860356647529,
  "mean_latency_ms": 0.3467083065576541,
  "risk_mean": 0.28633979649439983,
  "risk_p95": 0.5806647800419217,
  "separation_risk_mean": 0.08521175081346194,
  "congestion_risk_mean": 0.05122761629751919,
  "speed_risk_mean": 0.9279173636930814,
  "uncertainty_risk_mean": 0.64,
  "human_activation_count": 14,
  "cooldown_skips": 136,
  "trigger_active_rate": 1.0,
  "confidence_mean": 0.9500000000000002,
  "false_intervention_rate": 0.21428571428571427
}