{
  "violation_rate": 0.0,
  "collision_rate": 0.0,
  "near_miss_rate": 0.02666666666666667,
  "intervention_rate": 0.16666666666666666,
  "override_success_rate": 1.0,
  "mean_intervention_delay": 0.0,
  "operator_workload": 0.16666666666666666,
  "mean_drift": 15.655408078888403,
  "p95_drift": 34.477180412534885,
  "mean_latency_ms": 0.44134496720895794,
  "risk_mean": 0.2502931554410883,
  "risk_p95": 0.4693811017882171,
  "separation_risk_mean": 0.0371570773566305,
  "congestion_risk_mean": 0.020360042387194795,
  "speed_risk_mean": 0.8832164002253724,
  "uncertainty_risk_mean": 0.64,
  "human_activation_count": 25,
  "cooldown_skips": 121,
  "trigger_active_rate": 0.9733333333333334,
  "confidence_mean": 0.9500000000000002,
  "false_intervention_rate": 0.2
}