{
  "violation_rate": 0.05333333333333334,
  "collision_rate": 0.0,
  "near_miss_rate": 1.1333333333333333,
  "intervention_rate": 0.16666666666666666,
  "override_success_rate": 0.84,
  "mean_intervention_delay": 1.0,
  "operator_workload": 0.16666666666666666,
  "mean_drift": 2.037980608592042,
  "p95_drift": 8.212806150979054,
  "mean_latency_ms": 0.4283730801156101,
  "risk_mean": 0.6468108040923528,
  "risk_p95": 0.7638180801874767,
  "separation_risk_mean": 0.7188888490806263,
  "congestion_risk_mean": 0.4894128694945163,
  "speed_risk_mean": 0.7088051105797898,
  "uncertainty_risk_mean": 0.630912253636489,
  "human_activation_count": 25,
  "cooldown_skips": 125,
  "trigger_active_rate": 1.0,
  "confidence_mean": 0.9212990359040137,
  "false_intervention_rate": 0.32
}