{
  "violation_rate": 0.013333333333333334,
  "collision_rate": 0.0,
  "near_miss_rate": 0.0,
  "intervention_rate": 0.13333333333333333,
  "override_success_rate": 0.9,
  "mean_intervention_delay": 0.0,
  "operator_workload": 0.13333333333333333,
  "mean_drift": 9.508730702811844,
  "p95_drift": 25.74443918996153,
  "mean_latency_ms": 0.38342999944385764,
  "risk_mean": 0.22636419697808255,
  "risk_p95": 0.2511526873361135,
  "separation_risk_mean": 0.004206834350299885,
  "congestion_risk_mean": 0.0023051147124930876,
  "speed_risk_mean": 0.8526322856154953,
  "uncertainty_risk_mean": 0.64,
  "human_activation_count": 20,
  "cooldown_skips": 95,
  "trigger_active_rate": 0.7666666666666667,
  "confidence_mean": 0.9500000000000002,
  "false_intervention_rate": 0.0
}