{
  "violation_rate": 0.11333333333333333,
  "collision_rate": 0.0,
  "near_miss_rate": 0.0,
  "intervention_rate": 0.9666666666666667,
  "override_success_rate": 0.8827586206896552,
  "mean_intervention_delay": 0.0,
  "operator_workload": 0.9666666666666667,
  "mean_drift": 5.611328318745361,
  "p95_drift": 22.661863021912808,
  "mean_latency_ms": 0.5380966685091456,
  "risk_mean": 0.9748666666666645,
  "risk_p05": 1.0,
  "risk_p25": 1.0,
  "risk_p50": 1.0,
  "risk_p75": 1.0,
  "risk_p95": 1.0,
  "separation_risk_mean": 0.09602156554547327,
  "congestion_risk_mean": 0.0319127898157732,
  "speed_risk_mean": 0.7016192027517838,
  "uncertainty_risk_mean": 0.64,
  "human_activation_count": 145,
  "cooldown_skips": 0,
  "suppressed_request_count": 0,
  "suppressed_critical_count": 0,
  "cooldown_release_count": 145,
  "critical_override_count": 145,
  "critical_trigger_rate": 0.9666666666666667,
  "trigger_active_rate": 0.9666666666666667,
  "confidence_mean": 0.9500000000000002,
  "false_intervention_rate": 0.027586206896551724,
  "repeated_intervention_rate": 0.993103448275862,
  "post_intervention_violation_rate": 0.11805555555555555,
  "mean_drift_after_intervention": 5.3789527909459505,
  "min_predicted_distance_mean": 4.972543965834884
}