{
  "violation_rate": 0.08,
  "collision_rate": 0.013333333333333334,
  "near_miss_rate": 0.16,
  "intervention_rate": 0.8333333333333334,
  "override_success_rate": 0.904,
  "mean_intervention_delay": 0.0,
  "operator_workload": 0.8333333333333334,
  "mean_drift": 11.53238894185954,
  "p95_drift": 38.30040773743107,
  "mean_latency_ms": 0.5435883377989134,
  "risk_mean": 0.917442729398197,
  "risk_p05": 0.4509572738735556,
  "risk_p25": 1.0,
  "risk_p50": 1.0,
  "risk_p75": 1.0,
  "risk_p95": 1.0,
  "separation_risk_mean": 0.15484479493480638,
  "congestion_risk_mean": 0.09199966063657464,
  "speed_risk_mean": 0.8795799316428546,
  "uncertainty_risk_mean": 0.9904337490281849,
  "human_activation_count": 125,
  "cooldown_skips": 25,
  "suppressed_request_count": 25,
  "suppressed_critical_count": 0,
  "cooldown_release_count": 123,
  "critical_override_count": 123,
  "critical_trigger_rate": 0.82,
  "trigger_active_rate": 1.0,
  "confidence_mean": 0.9500000000000002,
  "false_intervention_rate": 0.072,
  "repeated_intervention_rate": 0.952,
  "post_intervention_violation_rate": 0.08208955223880597,
  "mean_drift_after_intervention": 12.796905014276817,
  "min_predicted_distance_mean": 4.832060496562587
}