{
  "violation_rate": 0.10666666666666667,
  "collision_rate": 0.0,
  "near_miss_rate": 0.5133333333333333,
  "intervention_rate": 0.16666666666666666,
  "override_success_rate": 0.6,
  "mean_intervention_delay": 5.0,
  "operator_workload": 0.16666666666666666,
  "mean_drift": 5.847825476659826,
  "p95_drift": 17.31519006943514,
  "mean_latency_ms": 0.6675908069397943,
  "risk_mean": 0.3428986457244613,
  "risk_p95": 0.719852658808523,
  "separation_risk_mean": 0.1732890471966008,
  "congestion_risk_mean": 0.15821759559170137,
  "speed_risk_mean": 0.9058173837541975,
  "uncertainty_risk_mean": 0.5966104534995733,
  "human_activation_count": 25,
  "cooldown_skips": 125,
  "trigger_active_rate": 1.0,
  "confidence_mean": 0.8499142448521452,
  "false_intervention_rate": 0.24
}