{
  "violation_rate": 0.013333333333333334,
  "collision_rate": 0.0,
  "near_miss_rate": 0.0,
  "intervention_rate": 0.09333333333333334,
  "override_success_rate": 0.9285714285714286,
  "mean_intervention_delay": 0.0,
  "operator_workload": 0.09333333333333334,
  "mean_drift": 15.349207868311133,
  "p95_drift": 32.03452171042553,
  "mean_latency_ms": 0.42252524668583646,
  "risk_mean": 0.27402517346090643,
  "risk_p95": 0.49231745360686935,
  "separation_risk_mean": 0.048470242372115786,
  "congestion_risk_mean": 0.029338653970337678,
  "speed_risk_mean": 0.9925260060057997,
  "uncertainty_risk_mean": 0.64,
  "human_activation_count": 14,
  "cooldown_skips": 136,
  "trigger_active_rate": 1.0,
  "confidence_mean": 0.9500000000000002,
  "false_intervention_rate": 0.2857142857142857
}