{
  "violation_rate": 0.06666666666666667,
  "collision_rate": 0.0,
  "near_miss_rate": 0.36,
  "intervention_rate": 0.94,
  "override_success_rate": 0.9290780141843972,
  "mean_intervention_delay": 0.0,
  "operator_workload": 0.94,
  "mean_drift": 21.98813368567768,
  "p95_drift": 38.320944212590454,
  "mean_latency_ms": 0.5417453008703887,
  "risk_mean": 0.9547599999999977,
  "risk_p05": 0.24599999999996502,
  "risk_p25": 1.0,
  "risk_p50": 1.0,
  "risk_p75": 1.0,
  "risk_p95": 1.0,
  "separation_risk_mean": 0.32416079635366224,
  "congestion_risk_mean": 0.1705555236485551,
  "speed_risk_mean": 0.9986166247394724,
  "uncertainty_risk_mean": 0.64,
  "human_activation_count": 141,
  "cooldown_skips": 0,
  "suppressed_request_count": 0,
  "suppressed_critical_count": 0,
  "cooldown_release_count": 141,
  "critical_override_count": 141,
  "critical_trigger_rate": 0.94,
  "trigger_active_rate": 0.94,
  "confidence_mean": 0.9500000000000002,
  "false_intervention_rate": 0.028368794326241134,
  "repeated_intervention_rate": 0.9929078014184397,
  "post_intervention_violation_rate": 0.07142857142857142,
  "mean_drift_after_intervention": 22.055621771900835,
  "min_predicted_distance_mean": 4.027635579883122
}