{
  "violation_rate": 0.12666666666666668,
  "collision_rate": 0.0,
  "near_miss_rate": 0.0,
  "intervention_rate": 0.86,
  "override_success_rate": 0.8527131782945736,
  "mean_intervention_delay": 0.0,
  "operator_workload": 0.86,
  "mean_drift": 16.60946091792277,
  "p95_drift": 31.211919090720112,
  "mean_latency_ms": 0.6348158372566104,
  "risk_mean": 0.9045327714833947,
  "risk_p05": 0.37399999999991757,
  "risk_p25": 1.0,
  "risk_p50": 1.0,
  "risk_p75": 1.0,
  "risk_p95": 1.0,
  "separation_risk_mean": 0.0532665339958647,
  "congestion_risk_mean": 0.02170327544676225,
  "speed_risk_mean": 0.9681778128260006,
  "uncertainty_risk_mean": 0.64,
  "human_activation_count": 129,
  "cooldown_skips": 21,
  "suppressed_request_count": 21,
  "suppressed_critical_count": 0,
  "cooldown_release_count": 124,
  "critical_override_count": 124,
  "critical_trigger_rate": 0.8266666666666667,
  "trigger_active_rate": 1.0,
  "confidence_mean": 0.9500000000000002,
  "false_intervention_rate": 0.08527131782945736,
  "repeated_intervention_rate": 0.9534883720930233,
  "post_intervention_violation_rate": 0.1386861313868613,
  "mean_drift_after_intervention": 18.183839980561178,
  "min_predicted_distance_mean": 6.639563589849902
}