{
  "violation_rate": 0.013333333333333334,
  "collision_rate": 0.0,
  "near_miss_rate": 0.02,
  "intervention_rate": 0.12,
  "override_success_rate": 0.9444444444444444,
  "mean_intervention_delay": 0.0,
  "operator_workload": 0.12,
  "mean_drift": 10.952540844500756,
  "p95_drift": 26.359791319007275,
  "mean_latency_ms": 0.30265526719934616,
  "risk_mean": 0.2574356895807187,
  "risk_p95": 0.31285718599880036,
  "separation_risk_mean": 0.021637599025857875,
  "congestion_risk_mean": 0.014510321669750734,
  "speed_risk_mean": 0.9871412640109668,
  "uncertainty_risk_mean": 0.64,
  "human_activation_count": 18,
  "cooldown_skips": 88,
  "trigger_active_rate": 0.7066666666666667,
  "confidence_mean": 0.9500000000000002,
  "false_intervention_rate": 0.0
}