{
  "violation_rate": 0.02666666666666667,
  "collision_rate": 0.0,
  "near_miss_rate": 0.3,
  "intervention_rate": 0.3333333333333333,
  "override_success_rate": 0.96,
  "mean_intervention_delay": 0.0,
  "operator_workload": 0.3333333333333333,
  "mean_drift": 8.048958551589774,
  "p95_drift": 21.484796031823517,
  "mean_latency_ms": 0.571645545909026,
  "risk_mean": 0.4418433728557642,
  "risk_p95": 0.6697119458801818,
  "separation_risk_mean": 0.34242610116546973,
  "congestion_risk_mean": 0.2264128455618493,
  "speed_risk_mean": 0.9098641768608015,
  "uncertainty_risk_mean": 0.6311252627448017,
  "human_activation_count": 50,
  "cooldown_skips": 100,
  "trigger_active_rate": 1.0,
  "confidence_mean": 0.9500000000000002,
  "false_intervention_rate": 0.22
}