{
  "violation_rate": 0.08666666666666667,
  "collision_rate": 0.0,
  "near_miss_rate": 0.62,
  "intervention_rate": 0.7933333333333333,
  "override_success_rate": 0.8907563025210085,
  "mean_intervention_delay": 0.0,
  "operator_workload": 0.7933333333333333,
  "mean_drift": 6.639654813850567,
  "p95_drift": 20.979487257147817,
  "mean_latency_ms": 0.5733683278473715,
  "risk_mean": 0.8975973597036003,
  "risk_p05": 0.5243273550514972,
  "risk_p25": 1.0,
  "risk_p50": 1.0,
  "risk_p75": 1.0,
  "risk_p95": 1.0,
  "separation_risk_mean": 0.5372733019180851,
  "congestion_risk_mean": 0.3019482425658074,
  "speed_risk_mean": 0.7900424575115267,
  "uncertainty_risk_mean": 0.6337731662441458,
  "human_activation_count": 119,
  "cooldown_skips": 31,
  "suppressed_request_count": 31,
  "suppressed_critical_count": 0,
  "cooldown_release_count": 115,
  "critical_override_count": 115,
  "critical_trigger_rate": 0.7666666666666667,
  "trigger_active_rate": 1.0,
  "confidence_mean": 0.9500000000000002,
  "false_intervention_rate": 0.05042016806722689,
  "repeated_intervention_rate": 0.957983193277311,
  "post_intervention_violation_rate": 0.104,
  "mean_drift_after_intervention": 7.506348266229247,
  "min_predicted_distance_mean": 1.4329508013253798
}