{
  "violation_rate": 0.22,
  "collision_rate": 0.0,
  "near_miss_rate": 0.06,
  "intervention_rate": 0.72,
  "override_success_rate": 0.6944444444444444,
  "mean_intervention_delay": 1.0,
  "operator_workload": 0.72,
  "mean_drift": 6.69044875223183,
  "p95_drift": 16.880493455795744,
  "mean_latency_ms": 0.6913730362430215,
  "risk_mean": 0.7762451453263177,
  "risk_p05": 0.21599999999988206,
  "risk_p25": 0.47106476058524493,
  "risk_p50": 1.0,
  "risk_p75": 1.0,
  "risk_p95": 1.0,
  "separation_risk_mean": 0.0639233505187738,
  "congestion_risk_mean": 0.04573296151193967,
  "speed_risk_mean": 0.8867257394958684,
  "uncertainty_risk_mean": 0.6334924921537425,
  "human_activation_count": 108,
  "cooldown_skips": 42,
  "suppressed_request_count": 42,
  "suppressed_critical_count": 0,
  "cooldown_release_count": 100,
  "critical_override_count": 100,
  "critical_trigger_rate": 0.6666666666666666,
  "trigger_active_rate": 1.0,
  "confidence_mean": 0.8260118351053394,
  "false_intervention_rate": 0.1111111111111111,
  "repeated_intervention_rate": 0.9074074074074074,
  "post_intervention_violation_rate": 0.264,
  "mean_drift_after_intervention": 8.287119068716967,
  "min_predicted_distance_mean": 8.732962370233041
}