{
  "violation_rate": 0.2866666666666667,
  "collision_rate": 0.006666666666666667,
  "near_miss_rate": 0.9066666666666666,
  "intervention_rate": 0.8466666666666667,
  "override_success_rate": 0.6614173228346457,
  "mean_intervention_delay": 0.0,
  "operator_workload": 0.8466666666666667,
  "mean_drift": 13.524084464075058,
  "p95_drift": 37.385694039548966,
  "mean_latency_ms": 0.5733677876802782,
  "risk_mean": 0.9440937235082771,
  "risk_p05": 0.6768705285267151,
  "risk_p25": 1.0,
  "risk_p50": 1.0,
  "risk_p75": 1.0,
  "risk_p95": 1.0,
  "separation_risk_mean": 0.5543050916244158,
  "congestion_risk_mean": 0.3415535424777898,
  "speed_risk_mean": 0.7609640838378919,
  "uncertainty_risk_mean": 0.64,
  "human_activation_count": 127,
  "cooldown_skips": 23,
  "suppressed_request_count": 23,
  "suppressed_critical_count": 0,
  "cooldown_release_count": 124,
  "critical_override_count": 124,
  "critical_trigger_rate": 0.8266666666666667,
  "trigger_active_rate": 1.0,
  "confidence_mean": 0.75,
  "false_intervention_rate": 0.031496062992125984,
  "repeated_intervention_rate": 0.9448818897637795,
  "post_intervention_violation_rate": 0.30434782608695654,
  "mean_drift_after_intervention": 15.03009815113709,
  "min_predicted_distance_mean": 1.4089980026561677
}