{
  "violation_rate": 0.3933333333333333,
  "collision_rate": 0.013333333333333334,
  "near_miss_rate": 0.16666666666666666,
  "intervention_rate": 0.86,
  "override_success_rate": 0.5426356589147286,
  "mean_intervention_delay": 0.0,
  "operator_workload": 0.86,
  "mean_drift": 11.441991970567578,
  "p95_drift": 36.817765055947206,
  "mean_latency_ms": 0.9933342124956349,
  "risk_mean": 0.9127517780028904,
  "risk_p05": 0.3845742339760177,
  "risk_p25": 1.0,
  "risk_p50": 1.0,
  "risk_p75": 1.0,
  "risk_p95": 1.0,
  "separation_risk_mean": 0.15801598089210458,
  "congestion_risk_mean": 0.09000685772502003,
  "speed_risk_mean": 0.8894917148717482,
  "uncertainty_risk_mean": 0.6303359521773554,
  "human_activation_count": 129,
  "cooldown_skips": 20,
  "suppressed_request_count": 20,
  "suppressed_critical_count": 0,
  "cooldown_release_count": 126,
  "critical_override_count": 126,
  "critical_trigger_rate": 0.84,
  "trigger_active_rate": 0.9866666666666667,
  "confidence_mean": 0.75,
  "false_intervention_rate": 0.07751937984496124,
  "repeated_intervention_rate": 0.9612403100775194,
  "post_intervention_violation_rate": 0.4264705882352941,
  "mean_drift_after_intervention": 12.438031485795085,
  "min_predicted_distance_mean": 4.9557407066215555
}