{
  "violation_rate": 0.07333333333333333,
  "collision_rate": 0.0,
  "near_miss_rate": 0.04666666666666667,
  "intervention_rate": 0.74,
  "override_success_rate": 0.9009009009009009,
  "mean_intervention_delay": 0.0,
  "operator_workload": 0.74,
  "mean_drift": 15.803717556134407,
  "p95_drift": 35.32737507784609,
  "mean_latency_ms": 0.5423477982791761,
  "risk_mean": 0.8129209549120443,
  "risk_p05": 0.2459999999999093,
  "risk_p25": 0.586902024961434,
  "risk_p50": 1.0,
  "risk_p75": 1.0,
  "risk_p95": 1.0,
  "separation_risk_mean": 0.04244253850923522,
  "congestion_risk_mean": 0.035327910651426084,
  "speed_risk_mean": 0.9840378186171473,
  "uncertainty_risk_mean": 0.6384988009061447,
  "human_activation_count": 111,
  "cooldown_skips": 15,
  "suppressed_request_count": 15,
  "suppressed_critical_count": 0,
  "cooldown_release_count": 109,
  "critical_override_count": 109,
  "critical_trigger_rate": 0.7266666666666667,
  "trigger_active_rate": 0.8066666666666666,
  "confidence_mean": 0.9500000000000002,
  "false_intervention_rate": 0.05405405405405406,
  "repeated_intervention_rate": 0.963963963963964,
  "post_intervention_violation_rate": 0.08620689655172414,
  "mean_drift_after_intervention": 18.99620599257092,
  "min_predicted_distance_mean": 12.200477898937109
}