{
  "violation_rate": 0.04666666666666667,
  "collision_rate": 0.02,
  "near_miss_rate": 1.4133333333333333,
  "intervention_rate": 0.9266666666666666,
  "override_success_rate": 0.9496402877697842,
  "mean_intervention_delay": 0.0,
  "operator_workload": 0.9266666666666666,
  "mean_drift": 7.622596674997335,
  "p95_drift": 30.145458512238513,
  "mean_latency_ms": 0.6733441546869775,
  "risk_mean": 0.9618454233573323,
  "risk_p05": 0.5461569867991114,
  "risk_p25": 1.0,
  "risk_p50": 1.0,
  "risk_p75": 1.0,
  "risk_p95": 1.0,
  "separation_risk_mean": 0.7273465811652134,
  "congestion_risk_mean": 0.6486282114686982,
  "speed_risk_mean": 0.6217364051614175,
  "uncertainty_risk_mean": 0.6374310093181734,
  "human_activation_count": 139,
  "cooldown_skips": 11,
  "suppressed_request_count": 11,
  "suppressed_critical_count": 0,
  "cooldown_release_count": 138,
  "critical_override_count": 138,
  "critical_trigger_rate": 0.92,
  "trigger_active_rate": 1.0,
  "confidence_mean": 0.9500000000000002,
  "false_intervention_rate": 0.05755395683453238,
  "repeated_intervention_rate": 0.9712230215827338,
  "post_intervention_violation_rate": 0.04895104895104895,
  "mean_drift_after_intervention": 7.950731224437442,
  "min_predicted_distance_mean": 0.7024283306293665
}