{
  "violation_rate": 0.14,
  "collision_rate": 0.02,
  "near_miss_rate": 0.9933333333333333,
  "intervention_rate": 1.0,
  "override_success_rate": 0.86,
  "mean_intervention_delay": 0.0,
  "operator_workload": 1.0,
  "mean_drift": 12.537116944550025,
  "p95_drift": 32.41336920179102,
  "mean_latency_ms": 0.4952236467700762,
  "risk_mean": 0.6515946288402158,
  "risk_p95": 0.6818006838387437,
  "separation_risk_mean": 0.7344954275071399,
  "congestion_risk_mean": 0.4322327038710202,
  "speed_risk_mean": 0.7839829261880411,
  "uncertainty_risk_mean": 0.6361071437736112,
  "human_activation_count": 150,
  "cooldown_skips": 0,
  "trigger_active_rate": 1.0,
  "confidence_mean": 0.9500000000000002,
  "false_intervention_rate": 0.006666666666666667
}