{
  "violation_rate": 0.6533333333333333,
  "collision_rate": 0.013333333333333334,
  "near_miss_rate": 0.32,
  "intervention_rate": 0.8,
  "override_success_rate": 0.18333333333333332,
  "mean_intervention_delay": 0.0,
  "operator_workload": 0.8,
  "mean_drift": 14.600176405018239,
  "p95_drift": 32.55853956416579,
  "mean_latency_ms": 1.5819013817235827,
  "risk_mean": 0.926438993581829,
  "risk_p05": 0.6733149977275159,
  "risk_p25": 1.0,
  "risk_p50": 1.0,
  "risk_p75": 1.0,
  "risk_p95": 1.0,
  "separation_risk_mean": 0.2596160441025318,
  "congestion_risk_mean": 0.1816915162186142,
  "speed_risk_mean": 0.9852172326010682,
  "uncertainty_risk_mean": 0.6395059469916106,
  "human_activation_count": 120,
  "cooldown_skips": 30,
  "suppressed_request_count": 30,
  "suppressed_critical_count": 0,
  "cooldown_release_count": 114,
  "critical_override_count": 114,
  "critical_trigger_rate": 0.76,
  "trigger_active_rate": 1.0,
  "confidence_mean": 0.5,
  "false_intervention_rate": 0.041666666666666664,
  "repeated_intervention_rate": 0.9416666666666667,
  "post_intervention_violation_rate": 0.732824427480916,
  "mean_drift_after_intervention": 16.73521507438009,
  "min_predicted_distance_mean": 5.43232830243948
}