{
  "violation_rate": 0.07333333333333333,
  "collision_rate": 0.0,
  "near_miss_rate": 0.0,
  "intervention_rate": 0.92,
  "override_success_rate": 0.9202898550724637,
  "mean_intervention_delay": 0.0,
  "operator_workload": 0.92,
  "mean_drift": 9.967995641512731,
  "p95_drift": 23.552482274710666,
  "mean_latency_ms": 0.5345502922621866,
  "risk_mean": 0.9396799999999941,
  "risk_p05": 0.24599999999994393,
  "risk_p25": 1.0,
  "risk_p50": 1.0,
  "risk_p75": 1.0,
  "risk_p95": 1.0,
  "separation_risk_mean": 0.0016849214324428851,
  "congestion_risk_mean": 0.0020206445013900066,
  "speed_risk_mean": 0.9177586900304493,
  "uncertainty_risk_mean": 0.64,
  "human_activation_count": 138,
  "cooldown_skips": 3,
  "suppressed_request_count": 3,
  "suppressed_critical_count": 0,
  "cooldown_release_count": 138,
  "critical_override_count": 138,
  "critical_trigger_rate": 0.92,
  "trigger_active_rate": 0.94,
  "confidence_mean": 0.9500000000000002,
  "false_intervention_rate": 0.043478260869565216,
  "repeated_intervention_rate": 0.9710144927536232,
  "post_intervention_violation_rate": 0.07857142857142857,
  "mean_drift_after_intervention": 9.663054576889566,
  "min_predicted_distance_mean": 8.43076185233546
}