{
  "violation_rate": 0.8,
  "collision_rate": 0.08666666666666667,
  "near_miss_rate": 0.15333333333333332,
  "intervention_rate": 0.8266666666666667,
  "override_success_rate": 0.03225806451612903,
  "mean_intervention_delay": 10.0,
  "operator_workload": 0.8266666666666667,
  "mean_drift": 16.723713824134077,
  "p95_drift": 66.54855363555872,
  "mean_latency_ms": 2.2089227537314096,
  "risk_mean": 0.9214943656678751,
  "risk_p05": 0.5415948345090136,
  "risk_p25": 1.0,
  "risk_p50": 1.0,
  "risk_p75": 1.0,
  "risk_p95": 1.0,
  "separation_risk_mean": 0.19620713581470633,
  "congestion_risk_mean": 0.12553986955125732,
  "speed_risk_mean": 0.9166157008015204,
  "uncertainty_risk_mean": 0.6264634492966924,
  "human_activation_count": 124,
  "cooldown_skips": 26,
  "suppressed_request_count": 26,
  "suppressed_critical_count": 0,
  "cooldown_release_count": 120,
  "critical_override_count": 120,
  "critical_trigger_rate": 0.8,
  "trigger_active_rate": 1.0,
  "confidence_mean": 0.27094997576848645,
  "false_intervention_rate": 0.03225806451612903,
  "repeated_intervention_rate": 0.9435483870967742,
  "post_intervention_violation_rate": 0.8731343283582089,
  "mean_drift_after_intervention": 18.84642270867981,
  "min_predicted_distance_mean": 5.470084573696963
}