{
  "violation_rate": 0.04,
  "collision_rate": 0.0,
  "near_miss_rate": 0.03333333333333333,
  "intervention_rate": 0.7,
  "override_success_rate": 0.9428571428571428,
  "mean_intervention_delay": 0.0,
  "operator_workload": 0.7,
  "mean_drift": 14.581791347690222,
  "p95_drift": 39.15219317821277,
  "mean_latency_ms": 0.3735180494065086,
  "risk_mean": 0.7831109298967116,
  "risk_p05": 0.23397989490397675,
  "risk_p25": 0.2587740494227277,
  "risk_p50": 1.0,
  "risk_p75": 1.0,
  "risk_p95": 1.0,
  "separation_risk_mean": 0.021034496086722396,
  "congestion_risk_mean": 0.026259128841061692,
  "speed_risk_mean": 0.961785883522216,
  "uncertainty_risk_mean": 0.6334182794603342,
  "human_activation_count": 105,
  "cooldown_skips": 0,
  "suppressed_request_count": 0,
  "suppressed_critical_count": 0,
  "cooldown_release_count": 105,
  "critical_override_count": 105,
  "critical_trigger_rate": 0.7,
  "trigger_active_rate": 0.7,
  "confidence_mean": 0.9500000000000002,
  "false_intervention_rate": 0.01904761904761905,
  "repeated_intervention_rate": 0.9904761904761905,
  "post_intervention_violation_rate": 0.057692307692307696,
  "mean_drift_after_intervention": 18.006314524436437,
  "min_predicted_distance_mean": 9.64999242348821
}