{
  "violation_rate": 0.04666666666666667,
  "collision_rate": 0.006666666666666667,
  "near_miss_rate": 0.4266666666666667,
  "intervention_rate": 0.7333333333333333,
  "override_success_rate": 0.9363636363636364,
  "mean_intervention_delay": 0.0,
  "operator_workload": 0.7333333333333333,
  "mean_drift": 5.330214359129539,
  "p95_drift": 17.54880594973195,
  "mean_latency_ms": 0.4115347665113707,
  "risk_mean": 0.8003739146294087,
  "risk_p05": 0.2159999999998878,
  "risk_p25": 0.6189874995015626,
  "risk_p50": 1.0,
  "risk_p75": 1.0,
  "risk_p95": 1.0,
  "separation_risk_mean": 0.3003087084789492,
  "congestion_risk_mean": 0.23436184502385923,
  "speed_risk_mean": 0.815381326799473,
  "uncertainty_risk_mean": 0.5854877822697614,
  "human_activation_count": 110,
  "cooldown_skips": 40,
  "suppressed_request_count": 40,
  "suppressed_critical_count": 0,
  "cooldown_release_count": 102,
  "critical_override_count": 102,
  "critical_trigger_rate": 0.68,
  "trigger_active_rate": 1.0,
  "confidence_mean": 0.9500000000000002,
  "false_intervention_rate": 0.1,
  "repeated_intervention_rate": 0.9,
  "post_intervention_violation_rate": 0.0546875,
  "mean_drift_after_intervention": 6.504657612927955,
  "min_predicted_distance_mean": 3.3723702968950464
}