{
  "violation_rate": 0.013333333333333334,
  "collision_rate": 0.0,
  "near_miss_rate": 0.04666666666666667,
  "intervention_rate": 0.16666666666666666,
  "override_success_rate": 0.96,
  "mean_intervention_delay": 0.0,
  "operator_workload": 0.16666666666666666,
  "mean_drift": 16.639702450999344,
  "p95_drift": 43.60153374193435,
  "mean_latency_ms": 0.3520705658593215,
  "risk_mean": 0.29635355730394036,
  "risk_p95": 0.5663166060087041,
  "separation_risk_mean": 0.08585478747781612,
  "congestion_risk_mean": 0.04866403061148912,
  "speed_risk_mean": 0.9970193019070053,
  "uncertainty_risk_mean": 0.64,
  "human_activation_count": 25,
  "cooldown_skips": 125,
  "trigger_active_rate": 1.0,
  "confidence_mean": 0.9500000000000002,
  "false_intervention_rate": 0.24
}