{
  "violation_rate": 0.4066666666666667,
  "collision_rate": 0.0,
  "near_miss_rate": 0.04,
  "intervention_rate": 0.8133333333333334,
  "override_success_rate": 0.5,
  "mean_intervention_delay": 0.0,
  "operator_workload": 0.8133333333333334,
  "mean_drift": 12.063556138992908,
  "p95_drift": 25.386189039014674,
  "mean_latency_ms": 0.9778608785321315,
  "risk_mean": 0.893316263980484,
  "risk_p05": 0.4949554760953159,
  "risk_p25": 1.0,
  "risk_p50": 1.0,
  "risk_p75": 1.0,
  "risk_p95": 1.0,
  "separation_risk_mean": 0.1278551135302835,
  "congestion_risk_mean": 0.07944818272588028,
  "speed_risk_mean": 0.9684606293745402,
  "uncertainty_risk_mean": 0.64,
  "human_activation_count": 122,
  "cooldown_skips": 28,
  "suppressed_request_count": 28,
  "suppressed_critical_count": 0,
  "cooldown_release_count": 116,
  "critical_override_count": 116,
  "critical_trigger_rate": 0.7733333333333333,
  "trigger_active_rate": 1.0,
  "confidence_mean": 0.75,
  "false_intervention_rate": 0.05737704918032787,
  "repeated_intervention_rate": 0.9426229508196722,
  "post_intervention_violation_rate": 0.45864661654135336,
  "mean_drift_after_intervention": 13.728805130171997,
  "min_predicted_distance_mean": 5.368459494407586
}