{
  "violation_rate": 0.14,
  "collision_rate": 0.0,
  "near_miss_rate": 2.5733333333333333,
  "intervention_rate": 1.0,
  "override_success_rate": 0.86,
  "mean_intervention_delay": 0.0,
  "operator_workload": 1.0,
  "mean_drift": 6.3425798378344975,
  "p95_drift": 24.396667472014208,
  "mean_latency_ms": 3.2117208830701807,
  "risk_mean": 1.0,
  "risk_p05": 1.0,
  "risk_p25": 1.0,
  "risk_p50": 1.0,
  "risk_p75": 1.0,
  "risk_p95": 1.0,
  "separation_risk_mean": 0.6955530928792797,
  "congestion_risk_mean": 0.3256095983683053,
  "speed_risk_mean": 0.8049738864801539,
  "uncertainty_risk_mean": 0.6399526325079364,
  "human_activation_count": 150,
  "cooldown_skips": 0,
  "suppressed_request_count": 0,
  "suppressed_critical_count": 0,
  "cooldown_release_count": 150,
  "critical_override_count": 150,
  "critical_trigger_rate": 1.0,
  "trigger_active_rate": 1.0,
  "confidence_mean": 0.9500000000000002,
  "false_intervention_rate": 0.05333333333333334,
  "repeated_intervention_rate": 0.9933333333333333,
  "post_intervention_violation_rate": 0.1342281879194631,
  "mean_drift_after_intervention": 6.3425798378344975,
  "min_predicted_distance_mean": 0.5256596395870834
}