{
  "violation_rate": 0.58,
  "collision_rate": 0.006666666666666667,
  "near_miss_rate": 0.42,
  "intervention_rate": 0.76,
  "override_success_rate": 0.23684210526315788,
  "mean_intervention_delay": 0.0,
  "operator_workload": 0.76,
  "mean_drift": 6.065864037779298,
  "p95_drift": 19.024686773334867,
  "mean_latency_ms": 1.6811993593970935,
  "risk_mean": 0.8281207806490336,
  "risk_p05": 0.2159999999999178,
  "risk_p25": 0.6332904406135276,
  "risk_p50": 1.0,
  "risk_p75": 1.0,
  "risk_p95": 1.0,
  "separation_risk_mean": 0.28117319518327133,
  "congestion_risk_mean": 0.21737674601052726,
  "speed_risk_mean": 0.8057906205399994,
  "uncertainty_risk_mean": 0.5819766731737581,
  "human_activation_count": 114,
  "cooldown_skips": 36,
  "suppressed_request_count": 36,
  "suppressed_critical_count": 0,
  "cooldown_release_count": 109,
  "critical_override_count": 109,
  "critical_trigger_rate": 0.7266666666666667,
  "trigger_active_rate": 1.0,
  "confidence_mean": 0.5,
  "false_intervention_rate": 0.14035087719298245,
  "repeated_intervention_rate": 0.8859649122807017,
  "post_intervention_violation_rate": 0.6590909090909091,
  "mean_drift_after_intervention": 7.430342921184523,
  "min_predicted_distance_mean": 3.9932367002822198
}