{
  "violation_rate": 0.29333333333333333,
  "collision_rate": 0.0,
  "near_miss_rate": 0.5133333333333333,
  "intervention_rate": 0.9,
  "override_success_rate": 0.674074074074074,
  "mean_intervention_delay": 0.0,
  "operator_workload": 0.9,
  "mean_drift": 6.659009977348149,
  "p95_drift": 21.323803606049662,
  "mean_latency_ms": 0.8749090981048843,
  "risk_mean": 0.9447541611998647,
  "risk_p05": 0.5429204123436415,
  "risk_p25": 1.0,
  "risk_p50": 1.0,
  "risk_p75": 1.0,
  "risk_p95": 1.0,
  "separation_risk_mean": 0.5574260184959253,
  "congestion_risk_mean": 0.3047577434960082,
  "speed_risk_mean": 0.7948501461926759,
  "uncertainty_risk_mean": 0.6343976633185245,
  "human_activation_count": 135,
  "cooldown_skips": 15,
  "suppressed_request_count": 15,
  "suppressed_critical_count": 0,
  "cooldown_release_count": 132,
  "critical_override_count": 132,
  "critical_trigger_rate": 0.88,
  "trigger_active_rate": 1.0,
  "confidence_mean": 0.75,
  "false_intervention_rate": 0.0962962962962963,
  "repeated_intervention_rate": 0.9629629629629629,
  "post_intervention_violation_rate": 0.3120567375886525,
  "mean_drift_after_intervention": 7.0201740488197615,
  "min_predicted_distance_mean": 1.189806955102623
}