{
  "violation_rate": 0.0,
  "collision_rate": 0.0,
  "near_miss_rate": 0.7666666666666667,
  "intervention_rate": 0.16666666666666666,
  "override_success_rate": 1.0,
  "mean_intervention_delay": 0.0,
  "operator_workload": 0.16666666666666666,
  "mean_drift": 14.424637443555262,
  "p95_drift": 32.39063254448123,
  "mean_latency_ms": 0.5299419470247813,
  "risk_mean": 0.5721742262093906,
  "risk_p95": 0.6986934794600153,
  "separation_risk_mean": 0.5829654459658322,
  "congestion_risk_mean": 0.3666348904493974,
  "speed_risk_mean": 0.814540352749445,
  "uncertainty_risk_mean": 0.64,
  "human_activation_count": 25,
  "cooldown_skips": 121,
  "trigger_active_rate": 0.9733333333333334,
  "confidence_mean": 0.9500000000000002,
  "false_intervention_rate": 0.12
}