{
  "violation_rate": 0.02666666666666667,
  "collision_rate": 0.0,
  "near_miss_rate": 0.1,
  "intervention_rate": 1.0,
  "override_success_rate": 0.9733333333333334,
  "mean_intervention_delay": 0.0,
  "operator_workload": 1.0,
  "mean_drift": 7.49498827196826,
  "p95_drift": 25.377954227438533,
  "mean_latency_ms": 0.4779824777506292,
  "risk_mean": 0.8300033088046209,
  "risk_p05": 0.2159999999998727,
  "risk_p25": 1.0,
  "risk_p50": 1.0,
  "risk_p75": 1.0,
  "risk_p95": 1.0,
  "separation_risk_mean": 0.076340595172661,
  "congestion_risk_mean": 0.06513089514824408,
  "speed_risk_mean": 0.7913889055383934,
  "uncertainty_risk_mean": 0.6340040499306152,
  "human_activation_count": 150,
  "cooldown_skips": 0,
  "suppressed_request_count": 0,
  "suppressed_critical_count": 0,
  "cooldown_release_count": 115,
  "critical_override_count": 115,
  "critical_trigger_rate": 0.7666666666666667,
  "trigger_active_rate": 1.0,
  "confidence_mean": 0.9500000000000002,
  "false_intervention_rate": 0.3,
  "repeated_intervention_rate": 0.9933333333333333,
  "post_intervention_violation_rate": 0.026845637583892617,
  "mean_drift_after_intervention": 7.49498827196826,
  "min_predicted_distance_mean": 7.98790237529882
}