{
  "violation_rate": 0.0,
  "collision_rate": 0.0,
  "near_miss_rate": 0.0,
  "intervention_rate": 0.05333333333333334,
  "override_success_rate": 1.0,
  "mean_intervention_delay": 0.0,
  "operator_workload": 0.05333333333333334,
  "mean_drift": 15.327507051582998,
  "p95_drift": 31.999565207234212,
  "mean_latency_ms": 0.34478468684634817,
  "risk_mean": 0.2735281450565063,
  "risk_p95": 0.4928783893010418,
  "separation_risk_mean": 0.0485280500760022,
  "congestion_risk_mean": 0.029526700550839894,
  "speed_risk_mean": 0.9887256492306358,
  "uncertainty_risk_mean": 0.64,
  "human_activation_count": 8,
  "cooldown_skips": 142,
  "trigger_active_rate": 1.0,
  "confidence_mean": 0.9500000000000002,
  "false_intervention_rate": 0.375
}