{
  "violation_rate": 0.04666666666666667,
  "collision_rate": 0.0,
  "near_miss_rate": 0.16666666666666666,
  "intervention_rate": 0.78,
  "override_success_rate": 0.9401709401709402,
  "mean_intervention_delay": 0.0,
  "operator_workload": 0.78,
  "mean_drift": 11.50214311770614,
  "p95_drift": 41.467798035141605,
  "mean_latency_ms": 0.40887582503880066,
  "risk_mean": 0.8726035999735281,
  "risk_p05": 0.35244737229172557,
  "risk_p25": 0.735139095995284,
  "risk_p50": 1.0,
  "risk_p75": 1.0,
  "risk_p95": 1.0,
  "separation_risk_mean": 0.18863785284538545,
  "congestion_risk_mean": 0.1170115192636085,
  "speed_risk_mean": 0.6944411321942409,
  "uncertainty_risk_mean": 0.6389644975348836,
  "human_activation_count": 117,
  "cooldown_skips": 30,
  "suppressed_request_count": 30,
  "suppressed_critical_count": 0,
  "cooldown_release_count": 112,
  "critical_override_count": 112,
  "critical_trigger_rate": 0.7466666666666667,
  "trigger_active_rate": 0.98,
  "confidence_mean": 0.9500000000000002,
  "false_intervention_rate": 0.07692307692307693,
  "repeated_intervention_rate": 0.9145299145299145,
  "post_intervention_violation_rate": 0.05343511450381679,
  "mean_drift_after_intervention": 13.194734890127146,
  "min_predicted_distance_mean": 3.2450475834425716
}