{
  "violation_rate": 0.006666666666666667,
  "collision_rate": 0.006666666666666667,
  "near_miss_rate": 0.9,
  "intervention_rate": 0.15333333333333332,
  "override_success_rate": 0.9565217391304348,
  "mean_intervention_delay": 0.0,
  "operator_workload": 0.15333333333333332,
  "mean_drift": 13.430149648716773,
  "p95_drift": 37.28811982487146,
  "mean_latency_ms": 0.2907688937072332,
  "risk_mean": 0.5330735786648821,
  "risk_p95": 0.7637560205027306,
  "separation_risk_mean": 0.517160980345082,
  "congestion_risk_mean": 0.3360081393584024,
  "speed_risk_mean": 0.8023273511332976,
  "uncertainty_risk_mean": 0.64,
  "human_activation_count": 23,
  "cooldown_skips": 112,
  "trigger_active_rate": 0.88,
  "confidence_mean": 0.9500000000000002,
  "false_intervention_rate": 0.08695652173913043
}