{
  "violation_rate": 0.11333333333333333,
  "collision_rate": 0.0,
  "near_miss_rate": 1.5666666666666667,
  "intervention_rate": 0.9733333333333334,
  "override_success_rate": 0.8835616438356164,
  "mean_intervention_delay": 0.0,
  "operator_workload": 0.9733333333333334,
  "mean_drift": 6.665288653573973,
  "p95_drift": 19.96262855667142,
  "mean_latency_ms": 2.807354424148798,
  "risk_mean": 0.9886415584146714,
  "risk_p05": 1.0,
  "risk_p25": 1.0,
  "risk_p50": 1.0,
  "risk_p75": 1.0,
  "risk_p95": 1.0,
  "separation_risk_mean": 0.6791931733932025,
  "congestion_risk_mean": 0.31299508185022656,
  "speed_risk_mean": 0.7783927102956036,
  "uncertainty_risk_mean": 0.6377216079706742,
  "human_activation_count": 146,
  "cooldown_skips": 4,
  "suppressed_request_count": 4,
  "suppressed_critical_count": 0,
  "cooldown_release_count": 146,
  "critical_override_count": 146,
  "critical_trigger_rate": 0.9733333333333334,
  "trigger_active_rate": 1.0,
  "confidence_mean": 0.9500000000000002,
  "false_intervention_rate": 0.08904109589041095,
  "repeated_intervention_rate": 0.9657534246575342,
  "post_intervention_violation_rate": 0.11409395973154363,
  "mean_drift_after_intervention": 6.719356090768338,
  "min_predicted_distance_mean": 0.8003200140538407
}