{
  "violation_rate": 0.0,
  "collision_rate": 0.0,
  "near_miss_rate": 1.24,
  "intervention_rate": 0.8933333333333333,
  "override_success_rate": 1.0,
  "mean_intervention_delay": 0.0,
  "operator_workload": 0.8933333333333333,
  "mean_drift": 13.020359620107044,
  "p95_drift": 32.343518124872055,
  "mean_latency_ms": 0.44705471955239773,
  "risk_mean": 0.9609763026746612,
  "risk_p05": 0.6552570676055384,
  "risk_p25": 1.0,
  "risk_p50": 1.0,
  "risk_p75": 1.0,
  "risk_p95": 1.0,
  "separation_risk_mean": 0.7365745309496613,
  "congestion_risk_mean": 0.4307517611714966,
  "speed_risk_mean": 0.6591767773964614,
  "uncertainty_risk_mean": 0.636321089552873,
  "human_activation_count": 134,
  "cooldown_skips": 16,
  "suppressed_request_count": 16,
  "suppressed_critical_count": 0,
  "cooldown_release_count": 133,
  "critical_override_count": 133,
  "critical_trigger_rate": 0.8866666666666667,
  "trigger_active_rate": 1.0,
  "confidence_mean": 1.0,
  "false_intervention_rate": 0.0,
  "repeated_intervention_rate": 0.9552238805970149,
  "post_intervention_violation_rate": 0.0,
  "mean_drift_after_intervention": 13.983559791245092,
  "min_predicted_distance_mean": 0.4790159072827812
}