{
  "violation_rate": 0.07333333333333333,
  "collision_rate": 0.0,
  "near_miss_rate": 0.02,
  "intervention_rate": 0.7933333333333333,
  "override_success_rate": 0.907563025210084,
  "mean_intervention_delay": 0.0,
  "operator_workload": 0.7933333333333333,
  "mean_drift": 22.61876924693173,
  "p95_drift": 64.02803378898733,
  "mean_latency_ms": 0.5291630273374418,
  "risk_mean": 0.853275245238639,
  "risk_p05": 0.3739999999999327,
  "risk_p25": 1.0,
  "risk_p50": 1.0,
  "risk_p75": 1.0,
  "risk_p95": 1.0,
  "separation_risk_mean": 0.09162130693600226,
  "congestion_risk_mean": 0.05828993339082292,
  "speed_risk_mean": 0.9979192068990114,
  "uncertainty_risk_mean": 0.6385798749626165,
  "human_activation_count": 119,
  "cooldown_skips": 31,
  "suppressed_request_count": 31,
  "suppressed_critical_count": 0,
  "cooldown_release_count": 113,
  "critical_override_count": 113,
  "critical_trigger_rate": 0.7533333333333333,
  "trigger_active_rate": 1.0,
  "confidence_mean": 0.9500000000000002,
  "false_intervention_rate": 0.09243697478991597,
  "repeated_intervention_rate": 0.9327731092436975,
  "post_intervention_violation_rate": 0.08396946564885496,
  "mean_drift_after_intervention": 25.976326609538106,
  "min_predicted_distance_mean": 3.74931799183844
}