{
  "violation_rate": 0.74,
  "collision_rate": 0.02,
  "near_miss_rate": 0.4533333333333333,
  "intervention_rate": 0.8466666666666667,
  "override_success_rate": 0.12598425196850394,
  "mean_intervention_delay": 10.0,
  "operator_workload": 0.8466666666666667,
  "mean_drift": 6.9023657395986255,
  "p95_drift": 21.760111942053634,
  "mean_latency_ms": 2.066166968240092,
  "risk_mean": 0.8745625719718928,
  "risk_p05": 0.22250432169622777,
  "risk_p25": 1.0,
  "risk_p50": 1.0,
  "risk_p75": 1.0,
  "risk_p95": 1.0,
  "separation_risk_mean": 0.19982294590464236,
  "congestion_risk_mean": 0.18959943456832742,
  "speed_risk_mean": 0.7599262174704611,
  "uncertainty_risk_mean": 0.5689292772156481,
  "human_activation_count": 127,
  "cooldown_skips": 23,
  "suppressed_request_count": 23,
  "suppressed_critical_count": 0,
  "cooldown_release_count": 123,
  "critical_override_count": 123,
  "critical_trigger_rate": 0.82,
  "trigger_active_rate": 1.0,
  "confidence_mean": 0.2545213461499822,
  "false_intervention_rate": 0.10236220472440945,
  "repeated_intervention_rate": 0.937007874015748,
  "post_intervention_violation_rate": 0.8102189781021898,
  "mean_drift_after_intervention": 7.838763372233948,
  "min_predicted_distance_mean": 13.515131334773633
}