{
  "violation_rate": 0.08,
  "collision_rate": 0.013333333333333334,
  "near_miss_rate": 0.28,
  "intervention_rate": 0.96,
  "override_success_rate": 0.9166666666666666,
  "mean_intervention_delay": 0.0,
  "operator_workload": 0.96,
  "mean_drift": 12.218672189690613,
  "p95_drift": 27.573115935059434,
  "mean_latency_ms": 0.6166686373762786,
  "risk_mean": 0.9698399999999977,
  "risk_p05": 1.0,
  "risk_p25": 1.0,
  "risk_p50": 1.0,
  "risk_p75": 1.0,
  "risk_p95": 1.0,
  "separation_risk_mean": 0.2574017670905106,
  "congestion_risk_mean": 0.12803067488632985,
  "speed_risk_mean": 0.9922755054881263,
  "uncertainty_risk_mean": 0.64,
  "human_activation_count": 144,
  "cooldown_skips": 0,
  "suppressed_request_count": 0,
  "suppressed_critical_count": 0,
  "cooldown_release_count": 144,
  "critical_override_count": 144,
  "critical_trigger_rate": 0.96,
  "trigger_active_rate": 0.96,
  "confidence_mean": 0.9500000000000002,
  "false_intervention_rate": 0.041666666666666664,
  "repeated_intervention_rate": 0.9930555555555556,
  "post_intervention_violation_rate": 0.08391608391608392,
  "mean_drift_after_intervention": 12.156167866938116,
  "min_predicted_distance_mean": 6.557677845825941
}