{
  "violation_rate": 0.006666666666666667,
  "collision_rate": 0.006666666666666667,
  "near_miss_rate": 0.08,
  "intervention_rate": 0.16666666666666666,
  "override_success_rate": 0.96,
  "mean_intervention_delay": 0.0,
  "operator_workload": 0.16666666666666666,
  "mean_drift": 10.134854524273388,
  "p95_drift": 22.153823882967085,
  "mean_latency_ms": 0.23785337272177762,
  "risk_mean": 0.28708788990570594,
  "risk_p95": 0.5927692141109723,
  "separation_risk_mean": 0.08327228919709616,
  "congestion_risk_mean": 0.04993718476566162,
  "speed_risk_mean": 0.9408737571706485,
  "uncertainty_risk_mean": 0.64,
  "human_activation_count": 25,
  "cooldown_skips": 125,
  "trigger_active_rate": 1.0,
  "confidence_mean": 1.0,
  "false_intervention_rate": 0.28
}