{
  "violation_rate": 0.06666666666666667,
  "collision_rate": 0.0,
  "near_miss_rate": 0.5666666666666667,
  "intervention_rate": 0.9533333333333334,
  "override_success_rate": 0.9300699300699301,
  "mean_intervention_delay": 0.0,
  "operator_workload": 0.9533333333333334,
  "mean_drift": 8.839228998318404,
  "p95_drift": 27.298751759405036,
  "mean_latency_ms": 2.4237483460456133,
  "risk_mean": 0.9749830311142925,
  "risk_p05": 0.7758435946620378,
  "risk_p25": 1.0,
  "risk_p50": 1.0,
  "risk_p75": 1.0,
  "risk_p95": 1.0,
  "separation_risk_mean": 0.2650860589353536,
  "congestion_risk_mean": 0.118963589863419,
  "speed_risk_mean": 0.8384743522908924,
  "uncertainty_risk_mean": 0.64,
  "human_activation_count": 143,
  "cooldown_skips": 7,
  "suppressed_request_count": 7,
  "suppressed_critical_count": 0,
  "cooldown_release_count": 142,
  "critical_override_count": 142,
  "critical_trigger_rate": 0.9466666666666667,
  "trigger_active_rate": 1.0,
  "confidence_mean": 0.9500000000000002,
  "false_intervention_rate": 0.04895104895104895,
  "repeated_intervention_rate": 0.972027972027972,
  "post_intervention_violation_rate": 0.0684931506849315,
  "mean_drift_after_intervention": 8.964161314847823,
  "min_predicted_distance_mean": 4.3626999744447845
}