{
  "violation_rate": 0.0,
  "collision_rate": 0.0,
  "near_miss_rate": 0.06,
  "intervention_rate": 0.7066666666666667,
  "override_success_rate": 1.0,
  "mean_intervention_delay": 0.0,
  "operator_workload": 0.7066666666666667,
  "mean_drift": 6.5994459504447915,
  "p95_drift": 16.818948517553338,
  "mean_latency_ms": 0.3388330480083823,
  "risk_mean": 0.763373067944823,
  "risk_p05": 0.21599999999988206,
  "risk_p25": 0.4183395904466416,
  "risk_p50": 1.0,
  "risk_p75": 1.0,
  "risk_p95": 1.0,
  "separation_risk_mean": 0.062285794226575014,
  "congestion_risk_mean": 0.04573296151193967,
  "speed_risk_mean": 0.8846796635148901,
  "uncertainty_risk_mean": 0.6334924921537425,
  "human_activation_count": 106,
  "cooldown_skips": 44,
  "suppressed_request_count": 44,
  "suppressed_critical_count": 0,
  "cooldown_release_count": 97,
  "critical_override_count": 97,
  "critical_trigger_rate": 0.6466666666666666,
  "trigger_active_rate": 1.0,
  "confidence_mean": 1.0,
  "false_intervention_rate": 0.09433962264150944,
  "repeated_intervention_rate": 0.9056603773584906,
  "post_intervention_violation_rate": 0.0,
  "mean_drift_after_intervention": 8.20040949102503,
  "min_predicted_distance_mean": 8.734712741440765
}