{
  "violation_rate": 0.06,
  "collision_rate": 0.006666666666666667,
  "near_miss_rate": 0.006666666666666667,
  "intervention_rate": 0.76,
  "override_success_rate": 0.9210526315789473,
  "mean_intervention_delay": 0.0,
  "operator_workload": 0.76,
  "mean_drift": 12.92385939160861,
  "p95_drift": 31.579346116373422,
  "mean_latency_ms": 0.40956002272044617,
  "risk_mean": 0.8093209815545487,
  "risk_p05": 0.24067141232306552,
  "risk_p25": 0.5108287867899666,
  "risk_p50": 1.0,
  "risk_p75": 1.0,
  "risk_p95": 1.0,
  "separation_risk_mean": 0.034083261130980036,
  "congestion_risk_mean": 0.020507120558802754,
  "speed_risk_mean": 0.9437537328117651,
  "uncertainty_risk_mean": 0.638671871451837,
  "human_activation_count": 114,
  "cooldown_skips": 24,
  "suppressed_request_count": 24,
  "suppressed_critical_count": 0,
  "cooldown_release_count": 109,
  "critical_override_count": 109,
  "critical_trigger_rate": 0.7266666666666667,
  "trigger_active_rate": 0.8866666666666667,
  "confidence_mean": 0.9500000000000002,
  "false_intervention_rate": 0.05263157894736842,
  "repeated_intervention_rate": 0.9473684210526315,
  "post_intervention_violation_rate": 0.06504065040650407,
  "mean_drift_after_intervention": 15.22706622253235,
  "min_predicted_distance_mean": 5.959968993632124
}