{
  "violation_rate": 0.06666666666666667,
  "collision_rate": 0.0,
  "near_miss_rate": 0.25333333333333335,
  "intervention_rate": 0.6733333333333333,
  "override_success_rate": 0.900990099009901,
  "mean_intervention_delay": 0.0,
  "operator_workload": 0.6733333333333333,
  "mean_drift": 12.885278206187893,
  "p95_drift": 33.8033322877335,
  "mean_latency_ms": 0.5556099753205975,
  "risk_mean": 0.7510547223937412,
  "risk_p05": 0.24599999999982894,
  "risk_p25": 0.24599999999994632,
  "risk_p50": 1.0,
  "risk_p75": 1.0,
  "risk_p95": 1.0,
  "separation_risk_mean": 0.2513006191615021,
  "congestion_risk_mean": 0.12172501092523869,
  "speed_risk_mean": 0.9903835452889764,
  "uncertainty_risk_mean": 0.64,
  "human_activation_count": 101,
  "cooldown_skips": 11,
  "suppressed_request_count": 11,
  "suppressed_critical_count": 0,
  "cooldown_release_count": 99,
  "critical_override_count": 99,
  "critical_trigger_rate": 0.66,
  "trigger_active_rate": 0.7266666666666667,
  "confidence_mean": 0.9500000000000002,
  "false_intervention_rate": 0.0594059405940594,
  "repeated_intervention_rate": 0.9603960396039604,
  "post_intervention_violation_rate": 0.09523809523809523,
  "mean_drift_after_intervention": 13.975089804682025,
  "min_predicted_distance_mean": 4.2090176272413915
}