{
  "violation_rate": 0.013333333333333334,
  "collision_rate": 0.0,
  "near_miss_rate": 0.62,
  "intervention_rate": 0.16,
  "override_success_rate": 0.9583333333333334,
  "mean_intervention_delay": 0.0,
  "operator_workload": 0.16,
  "mean_drift": 11.237547927018099,
  "p95_drift": 31.155485213289836,
  "mean_latency_ms": 0.474344707132938,
  "risk_mean": 0.539366975773442,
  "risk_p95": 0.716142911805078,
  "separation_risk_mean": 0.497945162980408,
  "congestion_risk_mean": 0.2922875939548098,
  "speed_risk_mean": 0.9747983596237062,
  "uncertainty_risk_mean": 0.64,
  "human_activation_count": 24,
  "cooldown_skips": 118,
  "trigger_active_rate": 0.9466666666666667,
  "confidence_mean": 0.9500000000000002,
  "false_intervention_rate": 0.16666666666666666
}