{
  "violation_rate": 0.02666666666666667,
  "collision_rate": 0.0,
  "near_miss_rate": 0.02,
  "intervention_rate": 0.7133333333333334,
  "override_success_rate": 0.9626168224299065,
  "mean_intervention_delay": 0.0,
  "operator_workload": 0.7133333333333334,
  "mean_drift": 8.623963545988287,
  "p95_drift": 26.145304001852608,
  "mean_latency_ms": 0.3692694311030209,
  "risk_mean": 0.8093559429787718,
  "risk_p05": 0.2364121366704193,
  "risk_p25": 0.4584284455134611,
  "risk_p50": 1.0,
  "risk_p75": 1.0,
  "risk_p95": 1.0,
  "separation_risk_mean": 0.0657544029553021,
  "congestion_risk_mean": 0.03614398671032435,
  "speed_risk_mean": 0.9067865471575173,
  "uncertainty_risk_mean": 0.6384028736992956,
  "human_activation_count": 107,
  "cooldown_skips": 5,
  "suppressed_request_count": 5,
  "suppressed_critical_count": 0,
  "cooldown_release_count": 107,
  "critical_override_count": 107,
  "critical_trigger_rate": 0.7133333333333334,
  "trigger_active_rate": 0.7466666666666667,
  "confidence_mean": 0.9500000000000002,
  "false_intervention_rate": 0.028037383177570093,
  "repeated_intervention_rate": 0.9813084112149533,
  "post_intervention_violation_rate": 0.037037037037037035,
  "mean_drift_after_intervention": 10.735108349340647,
  "min_predicted_distance_mean": 4.1616602814990555
}