{
  "violation_rate": 0.10666666666666667,
  "collision_rate": 0.0,
  "near_miss_rate": 0.05333333333333334,
  "intervention_rate": 0.8533333333333334,
  "override_success_rate": 0.875,
  "mean_intervention_delay": 0.0,
  "operator_workload": 0.8533333333333334,
  "mean_drift": 11.98715387270835,
  "p95_drift": 25.153769967217972,
  "mean_latency_ms": 0.5180733550029496,
  "risk_mean": 0.8918406820907149,
  "risk_p05": 0.4868484319349475,
  "risk_p25": 1.0,
  "risk_p50": 1.0,
  "risk_p75": 1.0,
  "risk_p95": 1.0,
  "separation_risk_mean": 0.12632024834404157,
  "congestion_risk_mean": 0.07908204024484775,
  "speed_risk_mean": 0.982460561840167,
  "uncertainty_risk_mean": 0.64,
  "human_activation_count": 128,
  "cooldown_skips": 22,
  "suppressed_request_count": 22,
  "suppressed_critical_count": 0,
  "cooldown_release_count": 116,
  "critical_override_count": 116,
  "critical_trigger_rate": 0.7733333333333333,
  "trigger_active_rate": 1.0,
  "confidence_mean": 0.9500000000000002,
  "false_intervention_rate": 0.1015625,
  "repeated_intervention_rate": 0.90625,
  "post_intervention_violation_rate": 0.10738255033557047,
  "mean_drift_after_intervention": 13.238520159653566,
  "min_predicted_distance_mean": 5.348705555642018
}