{
  "violation_rate": 0.06666666666666667,
  "collision_rate": 0.0,
  "near_miss_rate": 0.12,
  "intervention_rate": 0.7466666666666667,
  "override_success_rate": 0.9107142857142857,
  "mean_intervention_delay": 0.0,
  "operator_workload": 0.7466666666666667,
  "mean_drift": 9.587960856540771,
  "p95_drift": 43.11822508536114,
  "mean_latency_ms": 0.5016752906764547,
  "risk_mean": 0.8691767261505977,
  "risk_p05": 0.4029988964146447,
  "risk_p25": 0.6705913232419906,
  "risk_p50": 1.0,
  "risk_p75": 1.0,
  "risk_p95": 1.0,
  "separation_risk_mean": 0.2827151287429649,
  "congestion_risk_mean": 0.09888375452703337,
  "speed_risk_mean": 0.9068255519994954,
  "uncertainty_risk_mean": 0.9994905799453437,
  "human_activation_count": 112,
  "cooldown_skips": 38,
  "suppressed_request_count": 38,
  "suppressed_critical_count": 0,
  "cooldown_release_count": 108,
  "critical_override_count": 108,
  "critical_trigger_rate": 0.72,
  "trigger_active_rate": 1.0,
  "confidence_mean": 0.9500000000000002,
  "false_intervention_rate": 0.13392857142857142,
  "repeated_intervention_rate": 0.875,
  "post_intervention_violation_rate": 0.07633587786259542,
  "mean_drift_after_intervention": 11.3515806956154,
  "min_predicted_distance_mean": 2.269792831324719
}