{
  "violation_rate": 0.08,
  "collision_rate": 0.0,
  "near_miss_rate": 0.03333333333333333,
  "intervention_rate": 0.7933333333333333,
  "override_success_rate": 0.8991596638655462,
  "mean_intervention_delay": 0.0,
  "operator_workload": 0.7933333333333333,
  "mean_drift": 13.75538379762438,
  "p95_drift": 36.56229379906123,
  "mean_latency_ms": 0.522823641076684,
  "risk_mean": 0.8375381975415622,
  "risk_p05": 0.21599999999992214,
  "risk_p25": 1.0,
  "risk_p50": 1.0,
  "risk_p75": 1.0,
  "risk_p95": 1.0,
  "separation_risk_mean": 0.10840538318770906,
  "congestion_risk_mean": 0.07245848547428248,
  "speed_risk_mean": 0.9168871496520576,
  "uncertainty_risk_mean": 0.639763100417803,
  "human_activation_count": 119,
  "cooldown_skips": 15,
  "suppressed_request_count": 15,
  "suppressed_critical_count": 0,
  "cooldown_release_count": 117,
  "critical_override_count": 117,
  "critical_trigger_rate": 0.78,
  "trigger_active_rate": 0.88,
  "confidence_mean": 0.9500000000000002,
  "false_intervention_rate": 0.05042016806722689,
  "repeated_intervention_rate": 0.9663865546218487,
  "post_intervention_violation_rate": 0.0967741935483871,
  "mean_drift_after_intervention": 15.375370168424602,
  "min_predicted_distance_mean": 4.458203671592341
}