{
  "violation_rate": 0.04666666666666667,
  "collision_rate": 0.0,
  "near_miss_rate": 0.3466666666666667,
  "intervention_rate": 0.7666666666666667,
  "override_success_rate": 0.9391304347826087,
  "mean_intervention_delay": 0.0,
  "operator_workload": 0.7666666666666667,
  "mean_drift": 12.2561573940771,
  "p95_drift": 28.756062252717577,
  "mean_latency_ms": 0.45247751676167053,
  "risk_mean": 0.8238875814069462,
  "risk_p05": 0.24599999999988723,
  "risk_p25": 1.0,
  "risk_p50": 1.0,
  "risk_p75": 1.0,
  "risk_p95": 1.0,
  "separation_risk_mean": 0.17964845077750324,
  "congestion_risk_mean": 0.1584828510606793,
  "speed_risk_mean": 0.9621099070499669,
  "uncertainty_risk_mean": 0.6379323874773102,
  "human_activation_count": 115,
  "cooldown_skips": 35,
  "suppressed_request_count": 35,
  "suppressed_critical_count": 0,
  "cooldown_release_count": 113,
  "critical_override_count": 113,
  "critical_trigger_rate": 0.7533333333333333,
  "trigger_active_rate": 1.0,
  "confidence_mean": 0.9500000000000002,
  "false_intervention_rate": 0.034782608695652174,
  "repeated_intervention_rate": 0.9739130434782609,
  "post_intervention_violation_rate": 0.059322033898305086,
  "mean_drift_after_intervention": 13.905947338091245,
  "min_predicted_distance_mean": 5.193100466839872
}