{
  "violation_rate": 0.0,
  "collision_rate": 0.0,
  "near_miss_rate": 0.0,
  "intervention_rate": 0.16666666666666666,
  "override_success_rate": 1.0,
  "mean_intervention_delay": 0.0,
  "operator_workload": 0.16666666666666666,
  "mean_drift": 16.114654122003863,
  "p95_drift": 35.038328145611246,
  "mean_latency_ms": 0.35143838632696617,
  "risk_mean": 0.24864202340837357,
  "risk_p95": 0.28235708647175956,
  "separation_risk_mean": 0.016157976068349223,
  "congestion_risk_mean": 0.009520447543750137,
  "speed_risk_mean": 0.9532721486111926,
  "uncertainty_risk_mean": 0.64,
  "human_activation_count": 25,
  "cooldown_skips": 125,
  "trigger_active_rate": 1.0,
  "confidence_mean": 0.9500000000000002,
  "false_intervention_rate": 0.24
}