{
  "violation_rate": 0.07333333333333333,
  "collision_rate": 0.0,
  "near_miss_rate": 0.19333333333333333,
  "intervention_rate": 0.7533333333333333,
  "override_success_rate": 0.9026548672566371,
  "mean_intervention_delay": 0.0,
  "operator_workload": 0.7533333333333333,
  "mean_drift": 13.594935312272952,
  "p95_drift": 30.081038638012714,
  "mean_latency_ms": 0.5798644277577599,
  "risk_mean": 0.8710715244739189,
  "risk_p05": 0.45122826223817597,
  "risk_p25": 0.7417880135364945,
  "risk_p50": 1.0,
  "risk_p75": 1.0,
  "risk_p95": 1.0,
  "separation_risk_mean": 0.24207513246802306,
  "congestion_risk_mean": 0.14848161849497166,
  "speed_risk_mean": 0.9697560708362676,
  "uncertainty_risk_mean": 0.6358197814168217,
  "human_activation_count": 113,
  "cooldown_skips": 37,
  "suppressed_request_count": 37,
  "suppressed_critical_count": 0,
  "cooldown_release_count": 112,
  "critical_override_count": 112,
  "critical_trigger_rate": 0.7466666666666667,
  "trigger_active_rate": 1.0,
  "confidence_mean": 0.9500000000000002,
  "false_intervention_rate": 0.05309734513274336,
  "repeated_intervention_rate": 0.9557522123893806,
  "post_intervention_violation_rate": 0.09322033898305085,
  "mean_drift_after_intervention": 16.019236971451893,
  "min_predicted_distance_mean": 2.850428559934632
}