{
  "violation_rate": 0.0,
  "collision_rate": 0.0,
  "near_miss_rate": 0.006666666666666667,
  "intervention_rate": 0.16666666666666666,
  "override_success_rate": 1.0,
  "mean_intervention_delay": 0.0,
  "operator_workload": 0.16666666666666666,
  "mean_drift": 16.902813894659218,
  "p95_drift": 32.572807732240875,
  "mean_latency_ms": 0.2200088525811831,
  "risk_mean": 0.2522844272013219,
  "risk_p95": 0.25752754525911026,
  "separation_risk_mean": 0.009292166965822784,
  "congestion_risk_mean": 0.010541603691787907,
  "speed_risk_mean": 0.9964503409583646,
  "uncertainty_risk_mean": 0.64,
  "human_activation_count": 25,
  "cooldown_skips": 125,
  "trigger_active_rate": 1.0,
  "confidence_mean": 0.9500000000000002,
  "false_intervention_rate": 0.2
}