{
  "violation_rate": 0.7266666666666667,
  "collision_rate": 0.0,
  "near_miss_rate": 0.14666666666666667,
  "intervention_rate": 0.8066666666666666,
  "override_success_rate": 0.09917355371900827,
  "mean_intervention_delay": 10.0,
  "operator_workload": 0.8066666666666666,
  "mean_drift": 10.88260128276759,
  "p95_drift": 44.51215606290632,
  "mean_latency_ms": 2.092096672859043,
  "risk_mean": 0.8682858221297167,
  "risk_p05": 0.2109828648438385,
  "risk_p25": 1.0,
  "risk_p50": 1.0,
  "risk_p75": 1.0,
  "risk_p95": 1.0,
  "separation_risk_mean": 0.2371391476839559,
  "congestion_risk_mean": 0.13496238799485225,
  "speed_risk_mean": 0.6527088312161753,
  "uncertainty_risk_mean": 0.6388389143763051,
  "human_activation_count": 121,
  "cooldown_skips": 19,
  "suppressed_request_count": 19,
  "suppressed_critical_count": 0,
  "cooldown_release_count": 118,
  "critical_override_count": 118,
  "critical_trigger_rate": 0.7866666666666666,
  "trigger_active_rate": 0.9333333333333333,
  "confidence_mean": 0.28737860538699084,
  "false_intervention_rate": 0.09090909090909091,
  "repeated_intervention_rate": 0.9504132231404959,
  "post_intervention_violation_rate": 0.8372093023255814,
  "mean_drift_after_intervention": 12.742553938839151,
  "min_predicted_distance_mean": 6.567311967151097
}