{
  "violation_rate": 0.7133333333333334,
  "collision_rate": 0.0,
  "near_miss_rate": 0.13333333333333333,
  "intervention_rate": 0.7733333333333333,
  "override_success_rate": 0.07758620689655173,
  "mean_intervention_delay": 5.0,
  "operator_workload": 0.7733333333333333,
  "mean_drift": 19.05082685188758,
  "p95_drift": 48.52443128593125,
  "mean_latency_ms": 2.1276327432133257,
  "risk_mean": 0.8789363180734255,
  "risk_p05": 0.4604222704882358,
  "risk_p25": 0.6626657307708534,
  "risk_p50": 1.0,
  "risk_p75": 1.0,
  "risk_p95": 1.0,
  "separation_risk_mean": 0.14061580657362754,
  "congestion_risk_mean": 0.09401409603011796,
  "speed_risk_mean": 0.9974540238786972,
  "uncertainty_risk_mean": 0.64,
  "human_activation_count": 116,
  "cooldown_skips": 34,
  "suppressed_request_count": 34,
  "suppressed_critical_count": 0,
  "cooldown_release_count": 109,
  "critical_override_count": 109,
  "critical_trigger_rate": 0.7266666666666667,
  "trigger_active_rate": 1.0,
  "confidence_mean": 0.48560209611395294,
  "false_intervention_rate": 0.07758620689655173,
  "repeated_intervention_rate": 0.9310344827586207,
  "post_intervention_violation_rate": 0.8294573643410853,
  "mean_drift_after_intervention": 22.39519017133612,
  "min_predicted_distance_mean": 6.621868515123122
}