{
  "violation_rate": 0.14666666666666667,
  "collision_rate": 0.0,
  "near_miss_rate": 0.1,
  "intervention_rate": 0.74,
  "override_success_rate": 0.8018018018018018,
  "mean_intervention_delay": 0.0,
  "operator_workload": 0.74,
  "mean_drift": 11.773753238563542,
  "p95_drift": 38.740560361423896,
  "mean_latency_ms": 0.6265880726277828,
  "risk_mean": 0.808929938552831,
  "risk_p05": 0.24599999999990718,
  "risk_p25": 0.5286259822566355,
  "risk_p50": 1.0,
  "risk_p75": 1.0,
  "risk_p95": 1.0,
  "separation_risk_mean": 0.14933480229229365,
  "congestion_risk_mean": 0.07694690655969424,
  "speed_risk_mean": 0.9636693569201471,
  "uncertainty_risk_mean": 0.64,
  "human_activation_count": 111,
  "cooldown_skips": 39,
  "suppressed_request_count": 39,
  "suppressed_critical_count": 0,
  "cooldown_release_count": 106,
  "critical_override_count": 102,
  "critical_trigger_rate": 0.68,
  "trigger_active_rate": 1.0,
  "confidence_mean": 0.9000000000000004,
  "false_intervention_rate": 0.16216216216216217,
  "repeated_intervention_rate": 0.9009009009009009,
  "post_intervention_violation_rate": 0.17054263565891473,
  "mean_drift_after_intervention": 14.295004137950933,
  "min_predicted_distance_mean": 3.5354047394455264
}