{
  "violation_rate": 0.07333333333333333,
  "collision_rate": 0.0,
  "near_miss_rate": 0.17333333333333334,
  "intervention_rate": 0.82,
  "override_success_rate": 0.9105691056910569,
  "mean_intervention_delay": 0.0,
  "operator_workload": 0.82,
  "mean_drift": 9.833676938538954,
  "p95_drift": 25.278815630540173,
  "mean_latency_ms": 0.5817230744287372,
  "risk_mean": 0.8638556714366638,
  "risk_p05": 0.2159999999999228,
  "risk_p25": 1.0,
  "risk_p50": 1.0,
  "risk_p75": 1.0,
  "risk_p95": 1.0,
  "separation_risk_mean": 0.22934772521045452,
  "congestion_risk_mean": 0.1125957058293457,
  "speed_risk_mean": 0.9379510191553142,
  "uncertainty_risk_mean": 0.6390748144865775,
  "human_activation_count": 123,
  "cooldown_skips": 25,
  "suppressed_request_count": 25,
  "suppressed_critical_count": 0,
  "cooldown_release_count": 118,
  "critical_override_count": 118,
  "critical_trigger_rate": 0.7866666666666666,
  "trigger_active_rate": 0.9866666666666667,
  "confidence_mean": 0.9500000000000002,
  "false_intervention_rate": 0.08130081300813008,
  "repeated_intervention_rate": 0.943089430894309,
  "post_intervention_violation_rate": 0.08208955223880597,
  "mean_drift_after_intervention": 10.846035780551437,
  "min_predicted_distance_mean": 3.3808695174575427
}