{
  "violation_rate": 0.06,
  "collision_rate": 0.0,
  "near_miss_rate": 1.0533333333333332,
  "intervention_rate": 0.7133333333333334,
  "override_success_rate": 0.9158878504672897,
  "mean_intervention_delay": 0.0,
  "operator_workload": 0.7133333333333334,
  "mean_drift": 6.712420693122105,
  "p95_drift": 35.860585320951564,
  "mean_latency_ms": 0.4648533432434003,
  "risk_mean": 0.8685985327535457,
  "risk_p05": 0.4285217074156085,
  "risk_p25": 0.6613175082151894,
  "risk_p50": 1.0,
  "risk_p75": 1.0,
  "risk_p95": 1.0,
  "separation_risk_mean": 0.688511803678406,
  "congestion_risk_mean": 0.43254712838245707,
  "speed_risk_mean": 0.6252072040520205,
  "uncertainty_risk_mean": 0.6351315120591154,
  "human_activation_count": 107,
  "cooldown_skips": 43,
  "suppressed_request_count": 43,
  "suppressed_critical_count": 0,
  "cooldown_release_count": 106,
  "critical_override_count": 106,
  "critical_trigger_rate": 0.7066666666666667,
  "trigger_active_rate": 1.0,
  "confidence_mean": 0.9500000000000002,
  "false_intervention_rate": 0.009345794392523364,
  "repeated_intervention_rate": 0.9532710280373832,
  "post_intervention_violation_rate": 0.07017543859649122,
  "mean_drift_after_intervention": 8.050712188490607,
  "min_predicted_distance_mean": 0.8626378997510361
}