{
  "violation_rate": 0.2733333333333333,
  "collision_rate": 0.0,
  "near_miss_rate": 0.17333333333333334,
  "intervention_rate": 0.7733333333333333,
  "override_success_rate": 0.646551724137931,
  "mean_intervention_delay": 0.0,
  "operator_workload": 0.7733333333333333,
  "mean_drift": 7.6378978311334285,
  "p95_drift": 25.925199145805134,
  "mean_latency_ms": 0.617445547444125,
  "risk_mean": 0.847236685907172,
  "risk_p05": 0.2191126003551781,
  "risk_p25": 0.6654627020809574,
  "risk_p50": 1.0,
  "risk_p75": 1.0,
  "risk_p95": 1.0,
  "separation_risk_mean": 0.21488629924912436,
  "congestion_risk_mean": 0.12969662850616626,
  "speed_risk_mean": 0.6748156469424198,
  "uncertainty_risk_mean": 0.6387344122262747,
  "human_activation_count": 116,
  "cooldown_skips": 30,
  "suppressed_request_count": 30,
  "suppressed_critical_count": 0,
  "cooldown_release_count": 109,
  "critical_override_count": 109,
  "critical_trigger_rate": 0.7266666666666667,
  "trigger_active_rate": 0.94,
  "confidence_mean": 0.75,
  "false_intervention_rate": 0.06896551724137931,
  "repeated_intervention_rate": 0.9396551724137931,
  "post_intervention_violation_rate": 0.31496062992125984,
  "mean_drift_after_intervention": 8.876695467092166,
  "min_predicted_distance_mean": 4.925789552966382
}