{
  "violation_rate": 0.29333333333333333,
  "collision_rate": 0.02666666666666667,
  "near_miss_rate": 1.0733333333333333,
  "intervention_rate": 0.78,
  "override_success_rate": 0.6239316239316239,
  "mean_intervention_delay": 0.0,
  "operator_workload": 0.78,
  "mean_drift": 7.694375315583362,
  "p95_drift": 30.575743379569484,
  "mean_latency_ms": 0.8680175198242068,
  "risk_mean": 0.9001510281257947,
  "risk_p05": 0.5681913753181463,
  "risk_p25": 0.8036864123960753,
  "risk_p50": 1.0,
  "risk_p75": 1.0,
  "risk_p95": 1.0,
  "separation_risk_mean": 0.7302120219679007,
  "congestion_risk_mean": 0.6269892086580401,
  "speed_risk_mean": 0.600111128441352,
  "uncertainty_risk_mean": 0.6374400709792301,
  "human_activation_count": 117,
  "cooldown_skips": 33,
  "suppressed_request_count": 33,
  "suppressed_critical_count": 0,
  "cooldown_release_count": 112,
  "critical_override_count": 112,
  "critical_trigger_rate": 0.7466666666666667,
  "trigger_active_rate": 1.0,
  "confidence_mean": 0.75,
  "false_intervention_rate": 0.017094017094017096,
  "repeated_intervention_rate": 0.9230769230769231,
  "post_intervention_violation_rate": 0.3333333333333333,
  "mean_drift_after_intervention": 8.805642594874405,
  "min_predicted_distance_mean": 0.7506363204381411
}