{
  "violation_rate": 0.0,
  "collision_rate": 0.0,
  "near_miss_rate": 0.2,
  "intervention_rate": 0.7866666666666666,
  "override_success_rate": 1.0,
  "mean_intervention_delay": 0.0,
  "operator_workload": 0.7866666666666666,
  "mean_drift": 13.563233145715671,
  "p95_drift": 29.83864411963667,
  "mean_latency_ms": 0.5355047007712225,
  "risk_mean": 0.8711025914663081,
  "risk_p05": 0.45242120593086227,
  "risk_p25": 0.7429039344281065,
  "risk_p50": 1.0,
  "risk_p75": 1.0,
  "risk_p95": 1.0,
  "separation_risk_mean": 0.24434431916519794,
  "congestion_risk_mean": 0.14942570340818315,
  "speed_risk_mean": 0.9700492572560627,
  "uncertainty_risk_mean": 0.6358866913040366,
  "human_activation_count": 118,
  "cooldown_skips": 32,
  "suppressed_request_count": 32,
  "suppressed_critical_count": 0,
  "cooldown_release_count": 112,
  "critical_override_count": 112,
  "critical_trigger_rate": 0.7466666666666667,
  "trigger_active_rate": 1.0,
  "confidence_mean": 1.0,
  "false_intervention_rate": 0.09322033898305085,
  "repeated_intervention_rate": 0.923728813559322,
  "post_intervention_violation_rate": 0.0,
  "mean_drift_after_intervention": 15.623055333020313,
  "min_predicted_distance_mean": 2.8224641419856877
}