{
  "violation_rate": 0.13333333333333333,
  "collision_rate": 0.0,
  "near_miss_rate": 0.08666666666666667,
  "intervention_rate": 0.16666666666666666,
  "override_success_rate": 0.52,
  "mean_intervention_delay": 5.0,
  "operator_workload": 0.16666666666666666,
  "mean_drift": 9.944994332813945,
  "p95_drift": 19.3001017434048,
  "mean_latency_ms": 0.6176283465659557,
  "risk_mean": 0.2837089552184833,
  "risk_p95": 0.5706609739486286,
  "separation_risk_mean": 0.10669916777341276,
  "congestion_risk_mean": 0.06037126934936767,
  "speed_risk_mean": 0.8306767492207042,
  "uncertainty_risk_mean": 0.64,
  "human_activation_count": 25,
  "cooldown_skips": 125,
  "trigger_active_rate": 1.0,
  "confidence_mean": 0.8499142448521452,
  "false_intervention_rate": 0.28
}