{
  "violation_rate": 0.32,
  "collision_rate": 0.0,
  "near_miss_rate": 0.08666666666666667,
  "intervention_rate": 0.7533333333333333,
  "override_success_rate": 0.5752212389380531,
  "mean_intervention_delay": 0.0,
  "operator_workload": 0.7533333333333333,
  "mean_drift": 7.5522491979783375,
  "p95_drift": 25.925892556245092,
  "mean_latency_ms": 0.6368685785370568,
  "risk_mean": 0.8031551143670629,
  "risk_p05": 0.21599999999987082,
  "risk_p25": 0.6183697728179123,
  "risk_p50": 1.0,
  "risk_p75": 1.0,
  "risk_p95": 1.0,
  "separation_risk_mean": 0.0786177556080274,
  "congestion_risk_mean": 0.06822087277296016,
  "speed_risk_mean": 0.7929658070479352,
  "uncertainty_risk_mean": 0.6330028901407403,
  "human_activation_count": 113,
  "cooldown_skips": 37,
  "suppressed_request_count": 37,
  "suppressed_critical_count": 0,
  "cooldown_release_count": 105,
  "critical_override_count": 105,
  "critical_trigger_rate": 0.7,
  "trigger_active_rate": 1.0,
  "confidence_mean": 0.75,
  "false_intervention_rate": 0.09734513274336283,
  "repeated_intervention_rate": 0.9203539823008849,
  "post_intervention_violation_rate": 0.375,
  "mean_drift_after_intervention": 8.944318137586697,
  "min_predicted_distance_mean": 8.260997440364566
}