{
  "violation_rate": 0.06,
  "collision_rate": 0.006666666666666667,
  "near_miss_rate": 0.04,
  "intervention_rate": 0.7733333333333333,
  "override_success_rate": 0.9224137931034483,
  "mean_intervention_delay": 0.0,
  "operator_workload": 0.7733333333333333,
  "mean_drift": 10.206352358929193,
  "p95_drift": 22.555879752101678,
  "mean_latency_ms": 0.5302827906173965,
  "risk_mean": 0.8533666746364194,
  "risk_p05": 0.24599999999986333,
  "risk_p25": 1.0,
  "risk_p50": 1.0,
  "risk_p75": 1.0,
  "risk_p95": 1.0,
  "separation_risk_mean": 0.0765117111049236,
  "congestion_risk_mean": 0.044575018707239386,
  "speed_risk_mean": 0.9091034063572583,
  "uncertainty_risk_mean": 0.64,
  "human_activation_count": 116,
  "cooldown_skips": 34,
  "suppressed_request_count": 34,
  "suppressed_critical_count": 0,
  "cooldown_release_count": 115,
  "critical_override_count": 115,
  "critical_trigger_rate": 0.7666666666666667,
  "trigger_active_rate": 1.0,
  "confidence_mean": 0.9500000000000002,
  "false_intervention_rate": 0.06896551724137931,
  "repeated_intervention_rate": 0.9655172413793104,
  "post_intervention_violation_rate": 0.06666666666666667,
  "mean_drift_after_intervention": 11.247919907335653,
  "min_predicted_distance_mean": 4.831215946351646
}