{
  "violation_rate": 0.6466666666666666,
  "collision_rate": 0.013333333333333334,
  "near_miss_rate": 0.19333333333333333,
  "intervention_rate": 0.7733333333333333,
  "override_success_rate": 0.16379310344827586,
  "mean_intervention_delay": 5.0,
  "operator_workload": 0.7733333333333333,
  "mean_drift": 13.755391315720933,
  "p95_drift": 53.572442971895406,
  "mean_latency_ms": 1.9211980584077537,
  "risk_mean": 0.8407284476975853,
  "risk_p05": 0.24959359879406723,
  "risk_p25": 0.6002428945932373,
  "risk_p50": 1.0,
  "risk_p75": 1.0,
  "risk_p95": 1.0,
  "separation_risk_mean": 0.16613551160873746,
  "congestion_risk_mean": 0.11486611371807055,
  "speed_risk_mean": 0.5524188244693524,
  "uncertainty_risk_mean": 0.6212080575678204,
  "human_activation_count": 116,
  "cooldown_skips": 32,
  "suppressed_request_count": 32,
  "suppressed_critical_count": 0,
  "cooldown_release_count": 111,
  "critical_override_count": 111,
  "critical_trigger_rate": 0.74,
  "trigger_active_rate": 0.9666666666666667,
  "confidence_mean": 0.48560209611395305,
  "false_intervention_rate": 0.09482758620689655,
  "repeated_intervention_rate": 0.9224137931034483,
  "post_intervention_violation_rate": 0.7441860465116279,
  "mean_drift_after_intervention": 16.213221517405906,
  "min_predicted_distance_mean": 5.2757486269384755
}