{
  "violation_rate": 0.03333333333333333,
  "collision_rate": 0.0,
  "near_miss_rate": 0.03333333333333333,
  "intervention_rate": 0.7133333333333334,
  "override_success_rate": 0.9532710280373832,
  "mean_intervention_delay": 0.0,
  "operator_workload": 0.7133333333333334,
  "mean_drift": 14.57002316806313,
  "p95_drift": 39.11340369875589,
  "mean_latency_ms": 0.46736167821412283,
  "risk_mean": 0.7929145564552041,
  "risk_p05": 0.23397989490397675,
  "risk_p25": 0.4124240972170846,
  "risk_p50": 1.0,
  "risk_p75": 1.0,
  "risk_p95": 1.0,
  "separation_risk_mean": 0.020479592142630062,
  "congestion_risk_mean": 0.026259128841061692,
  "speed_risk_mean": 0.9617858835222151,
  "uncertainty_risk_mean": 0.6334182794603342,
  "human_activation_count": 107,
  "cooldown_skips": 0,
  "suppressed_request_count": 0,
  "suppressed_critical_count": 0,
  "cooldown_release_count": 107,
  "critical_override_count": 107,
  "critical_trigger_rate": 0.7133333333333334,
  "trigger_active_rate": 0.7133333333333334,
  "confidence_mean": 0.9500000000000002,
  "false_intervention_rate": 0.037383177570093455,
  "repeated_intervention_rate": 0.9906542056074766,
  "post_intervention_violation_rate": 0.04716981132075472,
  "mean_drift_after_intervention": 17.930877994414004,
  "min_predicted_distance_mean": 9.654600027803257
}