{
  "violation_rate": 0.006666666666666667,
  "collision_rate": 0.0,
  "near_miss_rate": 1.3266666666666667,
  "intervention_rate": 0.43333333333333335,
  "override_success_rate": 0.9846153846153847,
  "mean_intervention_delay": 0.0,
  "operator_workload": 0.43333333333333335,
  "mean_drift": 2.1315532722640755,
  "p95_drift": 8.921703284055944,
  "mean_latency_ms": 0.5350730731151998,
  "risk_mean": 0.7667246710501885,
  "risk_p05": 0.5347531034135358,
  "risk_p25": 0.6126395099263369,
  "risk_p50": 0.6747992958907842,
  "risk_p75": 1.0,
  "risk_p95": 1.0,
  "separation_risk_mean": 0.7245319010329125,
  "congestion_risk_mean": 0.5065790365936884,
  "speed_risk_mean": 0.5630418276829434,
  "uncertainty_risk_mean": 0.6306693918123923,
  "human_activation_count": 65,
  "cooldown_skips": 84,
  "suppressed_request_count": 84,
  "suppressed_critical_count": 0,
  "cooldown_release_count": 57,
  "critical_override_count": 57,
  "critical_trigger_rate": 0.38,
  "trigger_active_rate": 0.9933333333333333,
  "confidence_mean": 0.9500000000000002,
  "false_intervention_rate": 0.15384615384615385,
  "repeated_intervention_rate": 0.5692307692307692,
  "post_intervention_violation_rate": 0.0,
  "mean_drift_after_intervention": 2.209414238017788,
  "min_predicted_distance_mean": 0.6754748054155905
}