{
  "violation_rate": 0.04666666666666667,
  "collision_rate": 0.0,
  "near_miss_rate": 0.7066666666666667,
  "intervention_rate": 0.74,
  "override_success_rate": 0.9369369369369369,
  "mean_intervention_delay": 0.0,
  "operator_workload": 0.74,
  "mean_drift": 12.015197344559201,
  "p95_drift": 27.975887994185896,
  "mean_latency_ms": 0.5335041733148197,
  "risk_mean": 0.8020386907946733,
  "risk_p05": 0.21599999999992142,
  "risk_p25": 0.4474653146784129,
  "risk_p50": 1.0,
  "risk_p75": 1.0,
  "risk_p95": 1.0,
  "separation_risk_mean": 0.5539052833506366,
  "congestion_risk_mean": 0.3315730338183456,
  "speed_risk_mean": 0.8931997649015118,
  "uncertainty_risk_mean": 0.6309278505290598,
  "human_activation_count": 111,
  "cooldown_skips": 39,
  "suppressed_request_count": 39,
  "suppressed_critical_count": 0,
  "cooldown_release_count": 107,
  "critical_override_count": 107,
  "critical_trigger_rate": 0.7133333333333334,
  "trigger_active_rate": 1.0,
  "confidence_mean": 0.9500000000000002,
  "false_intervention_rate": 0.04504504504504504,
  "repeated_intervention_rate": 0.954954954954955,
  "post_intervention_violation_rate": 0.059322033898305086,
  "mean_drift_after_intervention": 14.130206905784789,
  "min_predicted_distance_mean": 1.0070122410145201
}