{
  "violation_rate": 0.1,
  "collision_rate": 0.0,
  "near_miss_rate": 0.49333333333333335,
  "intervention_rate": 0.98,
  "override_success_rate": 0.8979591836734694,
  "mean_intervention_delay": 0.0,
  "operator_workload": 0.98,
  "mean_drift": 12.746489491366601,
  "p95_drift": 36.530063808184664,
  "mean_latency_ms": 0.584209436395516,
  "risk_mean": 0.9849199999999992,
  "risk_p05": 1.0,
  "risk_p25": 1.0,
  "risk_p50": 1.0,
  "risk_p75": 1.0,
  "risk_p95": 1.0,
  "separation_risk_mean": 0.4097936157617516,
  "congestion_risk_mean": 0.22853441273079036,
  "speed_risk_mean": 0.7709164242963136,
  "uncertainty_risk_mean": 0.64,
  "human_activation_count": 147,
  "cooldown_skips": 0,
  "suppressed_request_count": 0,
  "suppressed_critical_count": 0,
  "cooldown_release_count": 147,
  "critical_override_count": 147,
  "critical_trigger_rate": 0.98,
  "trigger_active_rate": 0.98,
  "confidence_mean": 0.9500000000000002,
  "false_intervention_rate": 0.027210884353741496,
  "repeated_intervention_rate": 0.9931972789115646,
  "post_intervention_violation_rate": 0.10273972602739725,
  "mean_drift_after_intervention": 12.619276186619048,
  "min_predicted_distance_mean": 3.3762548676275994
}