{
  "violation_rate": 0.8133333333333334,
  "collision_rate": 0.013333333333333334,
  "near_miss_rate": 0.15333333333333332,
  "intervention_rate": 0.88,
  "override_success_rate": 0.07575757575757576,
  "mean_intervention_delay": 10.0,
  "operator_workload": 0.88,
  "mean_drift": 19.871105066472865,
  "p95_drift": 45.806383321676805,
  "mean_latency_ms": 2.5102663467017314,
  "risk_mean": 0.9471646247196019,
  "risk_p05": 0.6159596152520371,
  "risk_p25": 1.0,
  "risk_p50": 1.0,
  "risk_p75": 1.0,
  "risk_p95": 1.0,
  "separation_risk_mean": 0.1783071078976974,
  "congestion_risk_mean": 0.13632280565113936,
  "speed_risk_mean": 0.9842452628550755,
  "uncertainty_risk_mean": 0.6395059469916106,
  "human_activation_count": 132,
  "cooldown_skips": 18,
  "suppressed_request_count": 18,
  "suppressed_critical_count": 0,
  "cooldown_release_count": 129,
  "critical_override_count": 129,
  "critical_trigger_rate": 0.86,
  "trigger_active_rate": 1.0,
  "confidence_mean": 0.2271402967858082,
  "false_intervention_rate": 0.06060606060606061,
  "repeated_intervention_rate": 0.9621212121212122,
  "post_intervention_violation_rate": 0.8776978417266187,
  "mean_drift_after_intervention": 21.614059696185134,
  "min_predicted_distance_mean": 8.950283546094946
}