{
  "violation_rate": 0.013333333333333334,
  "collision_rate": 0.013333333333333334,
  "near_miss_rate": 1.3266666666666667,
  "intervention_rate": 0.3333333333333333,
  "override_success_rate": 0.98,
  "mean_intervention_delay": 0.0,
  "operator_workload": 0.3333333333333333,
  "mean_drift": 7.682168746990148,
  "p95_drift": 30.119740038815795,
  "mean_latency_ms": 0.5090702678232143,
  "risk_mean": 0.6770301278362548,
  "risk_p95": 0.7634165727864546,
  "separation_risk_mean": 0.7157229460162129,
  "congestion_risk_mean": 0.6199179777287533,
  "speed_risk_mean": 0.6957286469992408,
  "uncertainty_risk_mean": 0.6374400709792301,
  "human_activation_count": 50,
  "cooldown_skips": 100,
  "trigger_active_rate": 1.0,
  "confidence_mean": 0.9500000000000002,
  "false_intervention_rate": 0.14
}