{
  "violation_rate": 0.12,
  "collision_rate": 0.0,
  "near_miss_rate": 0.02,
  "intervention_rate": 0.7466666666666667,
  "override_success_rate": 0.8392857142857143,
  "mean_intervention_delay": 0.0,
  "operator_workload": 0.7466666666666667,
  "mean_drift": 22.624087053144205,
  "p95_drift": 63.92189755822223,
  "mean_latency_ms": 0.5135266832076013,
  "risk_mean": 0.8129132887998282,
  "risk_p05": 0.24599999999993266,
  "risk_p25": 0.6439296597411635,
  "risk_p50": 1.0,
  "risk_p75": 1.0,
  "risk_p95": 1.0,
  "separation_risk_mean": 0.09784873792826758,
  "congestion_risk_mean": 0.06110053023654501,
  "speed_risk_mean": 0.9979192068990111,
  "uncertainty_risk_mean": 0.6385798749626165,
  "human_activation_count": 112,
  "cooldown_skips": 38,
  "suppressed_request_count": 38,
  "suppressed_critical_count": 0,
  "cooldown_release_count": 110,
  "critical_override_count": 110,
  "critical_trigger_rate": 0.7333333333333333,
  "trigger_active_rate": 1.0,
  "confidence_mean": 0.9500000000000002,
  "false_intervention_rate": 0.03571428571428571,
  "repeated_intervention_rate": 0.9732142857142857,
  "post_intervention_violation_rate": 0.1565217391304348,
  "mean_drift_after_intervention": 26.765197342417807,
  "min_predicted_distance_mean": 3.7353505381139933
}