{
  "violation_rate": 0.04,
  "collision_rate": 0.0,
  "near_miss_rate": 0.18,
  "intervention_rate": 0.78,
  "override_success_rate": 0.9487179487179487,
  "mean_intervention_delay": 0.0,
  "operator_workload": 0.78,
  "mean_drift": 9.8398825609249,
  "p95_drift": 25.273562264016014,
  "mean_latency_ms": 0.40454527207960683,
  "risk_mean": 0.8446502229819777,
  "risk_p05": 0.21810670769621193,
  "risk_p25": 1.0,
  "risk_p50": 1.0,
  "risk_p75": 1.0,
  "risk_p95": 1.0,
  "separation_risk_mean": 0.21832342820241857,
  "congestion_risk_mean": 0.11335284394666602,
  "speed_risk_mean": 0.933656641151396,
  "uncertainty_risk_mean": 0.6390748144865775,
  "human_activation_count": 117,
  "cooldown_skips": 10,
  "suppressed_request_count": 10,
  "suppressed_critical_count": 0,
  "cooldown_release_count": 115,
  "critical_override_count": 115,
  "critical_trigger_rate": 0.7666666666666667,
  "trigger_active_rate": 0.8333333333333334,
  "confidence_mean": 0.9500000000000002,
  "false_intervention_rate": 0.03418803418803419,
  "repeated_intervention_rate": 0.9743589743589743,
  "post_intervention_violation_rate": 0.05,
  "mean_drift_after_intervention": 11.088425024207234,
  "min_predicted_distance_mean": 3.3426470449822925
}