{
  "violation_rate": 0.07333333333333333,
  "collision_rate": 0.0,
  "near_miss_rate": 2.466666666666667,
  "intervention_rate": 0.8933333333333333,
  "override_success_rate": 0.917910447761194,
  "mean_intervention_delay": 0.0,
  "operator_workload": 0.8933333333333333,
  "mean_drift": 6.692026290419452,
  "p95_drift": 39.614820220251254,
  "mean_latency_ms": 2.4425280396826565,
  "risk_mean": 0.9587128502882051,
  "risk_p05": 0.6319117863408775,
  "risk_p25": 1.0,
  "risk_p50": 1.0,
  "risk_p75": 1.0,
  "risk_p95": 1.0,
  "separation_risk_mean": 0.7097620718345645,
  "congestion_risk_mean": 0.35971617384804316,
  "speed_risk_mean": 0.5824388525755059,
  "uncertainty_risk_mean": 0.64,
  "human_activation_count": 134,
  "cooldown_skips": 16,
  "suppressed_request_count": 16,
  "suppressed_critical_count": 0,
  "cooldown_release_count": 133,
  "critical_override_count": 133,
  "critical_trigger_rate": 0.8866666666666667,
  "trigger_active_rate": 1.0,
  "confidence_mean": 0.9500000000000002,
  "false_intervention_rate": 0.014925373134328358,
  "repeated_intervention_rate": 0.9626865671641791,
  "post_intervention_violation_rate": 0.07801418439716312,
  "mean_drift_after_intervention": 6.969943080047193,
  "min_predicted_distance_mean": 0.7360381939261001
}