{
  "violation_rate": 0.013333333333333334,
  "collision_rate": 0.006666666666666667,
  "near_miss_rate": 0.14666666666666667,
  "intervention_rate": 0.16666666666666666,
  "override_success_rate": 0.96,
  "mean_intervention_delay": 0.0,
  "operator_workload": 0.16666666666666666,
  "mean_drift": 11.430470862690274,
  "p95_drift": 23.359484858480062,
  "mean_latency_ms": 0.4127802139070506,
  "risk_mean": 0.3051997808715391,
  "risk_p95": 0.672227607386955,
  "separation_risk_mean": 0.10422948291780461,
  "congestion_risk_mean": 0.07329243286508677,
  "speed_risk_mean": 0.9598227022817021,
  "uncertainty_risk_mean": 0.64,
  "human_activation_count": 25,
  "cooldown_skips": 125,
  "trigger_active_rate": 1.0,
  "confidence_mean": 0.9500000000000002,
  "false_intervention_rate": 0.32
}