{
  "violation_rate": 0.0,
  "collision_rate": 0.0,
  "near_miss_rate": 0.006666666666666667,
  "intervention_rate": 0.7866666666666666,
  "override_success_rate": 1.0,
  "mean_intervention_delay": 0.0,
  "operator_workload": 0.7866666666666666,
  "mean_drift": 10.286096474360631,
  "p95_drift": 27.728416461291054,
  "mean_latency_ms": 0.35387391224503517,
  "risk_mean": 0.8356686080726361,
  "risk_p05": 0.2459999999998844,
  "risk_p25": 0.6309626650188768,
  "risk_p50": 1.0,
  "risk_p75": 1.0,
  "risk_p95": 1.0,
  "separation_risk_mean": 0.051247063639753974,
  "congestion_risk_mean": 0.034589717739125884,
  "speed_risk_mean": 0.909702707104984,
  "uncertainty_risk_mean": 0.64,
  "human_activation_count": 118,
  "cooldown_skips": 32,
  "suppressed_request_count": 32,
  "suppressed_critical_count": 0,
  "cooldown_release_count": 111,
  "critical_override_count": 111,
  "critical_trigger_rate": 0.74,
  "trigger_active_rate": 1.0,
  "confidence_mean": 1.0,
  "false_intervention_rate": 0.07627118644067797,
  "repeated_intervention_rate": 0.9322033898305084,
  "post_intervention_violation_rate": 0.0,
  "mean_drift_after_intervention": 11.408746046979017,
  "min_predicted_distance_mean": 6.127048587905157
}