{
  "violation_rate": 0.013333333333333334,
  "collision_rate": 0.0,
  "near_miss_rate": 0.04666666666666667,
  "intervention_rate": 0.16666666666666666,
  "override_success_rate": 0.96,
  "mean_intervention_delay": 0.0,
  "operator_workload": 0.16666666666666666,
  "mean_drift": 13.738321545387294,
  "p95_drift": 36.315938535066046,
  "mean_latency_ms": 0.2353677996628297,
  "risk_mean": 0.31167602702366964,
  "risk_p95": 0.4773634997863476,
  "separation_risk_mean": 0.12013358436118816,
  "congestion_risk_mean": 0.0776892267765848,
  "speed_risk_mean": 0.9481942820287887,
  "uncertainty_risk_mean": 0.639763100417803,
  "human_activation_count": 25,
  "cooldown_skips": 125,
  "trigger_active_rate": 1.0,
  "confidence_mean": 0.9000000000000004,
  "false_intervention_rate": 0.24
}