{
  "violation_rate": 0.06666666666666667,
  "collision_rate": 0.0,
  "near_miss_rate": 0.08,
  "intervention_rate": 0.72,
  "override_success_rate": 0.9074074074074074,
  "mean_intervention_delay": 0.0,
  "operator_workload": 0.72,
  "mean_drift": 9.5300566211633,
  "p95_drift": 42.0114934622937,
  "mean_latency_ms": 0.39449529722332954,
  "risk_mean": 0.8290905125778218,
  "risk_p05": 0.335101614439617,
  "risk_p25": 0.6134069529330269,
  "risk_p50": 1.0,
  "risk_p75": 1.0,
  "risk_p95": 1.0,
  "separation_risk_mean": 0.25018148692940967,
  "congestion_risk_mean": 0.0958288260512372,
  "speed_risk_mean": 0.9324583769447815,
  "uncertainty_risk_mean": 0.6398622429629875,
  "human_activation_count": 108,
  "cooldown_skips": 40,
  "suppressed_request_count": 40,
  "suppressed_critical_count": 0,
  "cooldown_release_count": 101,
  "critical_override_count": 100,
  "critical_trigger_rate": 0.6666666666666666,
  "trigger_active_rate": 0.98,
  "confidence_mean": 0.9500000000000002,
  "false_intervention_rate": 0.1111111111111111,
  "repeated_intervention_rate": 0.8888888888888888,
  "post_intervention_violation_rate": 0.07936507936507936,
  "mean_drift_after_intervention": 11.521231928122907,
  "min_predicted_distance_mean": 2.440603882185945
}