{
  "violation_rate": 0.26,
  "collision_rate": 0.0,
  "near_miss_rate": 0.02,
  "intervention_rate": 0.76,
  "override_success_rate": 0.6578947368421053,
  "mean_intervention_delay": 0.0,
  "operator_workload": 0.76,
  "mean_drift": 8.999879278395353,
  "p95_drift": 28.716087457228127,
  "mean_latency_ms": 0.6774427640872697,
  "risk_mean": 0.8034629008130089,
  "risk_p05": 0.24174357213054135,
  "risk_p25": 0.4740096926677451,
  "risk_p50": 1.0,
  "risk_p75": 1.0,
  "risk_p95": 1.0,
  "separation_risk_mean": 0.054479008032592695,
  "congestion_risk_mean": 0.02797239572910312,
  "speed_risk_mean": 0.9180164704690407,
  "uncertainty_risk_mean": 0.6379463370092036,
  "human_activation_count": 114,
  "cooldown_skips": 36,
  "suppressed_request_count": 36,
  "suppressed_critical_count": 0,
  "cooldown_release_count": 107,
  "critical_override_count": 107,
  "critical_trigger_rate": 0.7133333333333334,
  "trigger_active_rate": 1.0,
  "confidence_mean": 0.75,
  "false_intervention_rate": 0.08771929824561403,
  "repeated_intervention_rate": 0.9210526315789473,
  "post_intervention_violation_rate": 0.3046875,
  "mean_drift_after_intervention": 10.704581291933746,
  "min_predicted_distance_mean": 4.2702150423806415
}