{
  "violation_rate": 0.12,
  "collision_rate": 0.006666666666666667,
  "near_miss_rate": 0.4,
  "intervention_rate": 0.84,
  "override_success_rate": 0.8571428571428571,
  "mean_intervention_delay": 0.0,
  "operator_workload": 0.84,
  "mean_drift": 11.892025159417978,
  "p95_drift": 25.25848797119466,
  "mean_latency_ms": 2.1166505586976805,
  "risk_mean": 0.8950750726810467,
  "risk_p05": 0.29716930531510244,
  "risk_p25": 1.0,
  "risk_p50": 1.0,
  "risk_p75": 1.0,
  "risk_p95": 1.0,
  "separation_risk_mean": 0.37214329425321774,
  "congestion_risk_mean": 0.16179826674608536,
  "speed_risk_mean": 0.9610923173788636,
  "uncertainty_risk_mean": 0.64,
  "human_activation_count": 126,
  "cooldown_skips": 24,
  "suppressed_request_count": 24,
  "suppressed_critical_count": 0,
  "cooldown_release_count": 123,
  "critical_override_count": 123,
  "critical_trigger_rate": 0.82,
  "trigger_active_rate": 1.0,
  "confidence_mean": 0.9500000000000002,
  "false_intervention_rate": 0.06349206349206349,
  "repeated_intervention_rate": 0.9444444444444444,
  "post_intervention_violation_rate": 0.1323529411764706,
  "mean_drift_after_intervention": 12.83259359048947,
  "min_predicted_distance_mean": 1.8891927295935285
}