{
  "violation_rate": 0.15333333333333332,
  "collision_rate": 0.0,
  "near_miss_rate": 0.15333333333333332,
  "intervention_rate": 0.8,
  "override_success_rate": 0.8083333333333333,
  "mean_intervention_delay": 0.0,
  "operator_workload": 0.8,
  "mean_drift": 9.903140850305824,
  "p95_drift": 25.31363168155198,
  "mean_latency_ms": 0.5538808096510669,
  "risk_mean": 0.8439435213400651,
  "risk_p05": 0.21599999999992003,
  "risk_p25": 1.0,
  "risk_p50": 1.0,
  "risk_p75": 1.0,
  "risk_p95": 1.0,
  "separation_risk_mean": 0.20132181669251126,
  "congestion_risk_mean": 0.10406836232125433,
  "speed_risk_mean": 0.9352117108053868,
  "uncertainty_risk_mean": 0.6390748144865775,
  "human_activation_count": 120,
  "cooldown_skips": 22,
  "suppressed_request_count": 22,
  "suppressed_critical_count": 0,
  "cooldown_release_count": 115,
  "critical_override_count": 115,
  "critical_trigger_rate": 0.7666666666666667,
  "trigger_active_rate": 0.9466666666666667,
  "confidence_mean": 0.9000000000000004,
  "false_intervention_rate": 0.058333333333333334,
  "repeated_intervention_rate": 0.95,
  "post_intervention_violation_rate": 0.17829457364341086,
  "mean_drift_after_intervention": 11.066948909842642,
  "min_predicted_distance_mean": 3.486192695676178
}