{
  "violation_rate": 0.04666666666666667,
  "collision_rate": 0.0,
  "near_miss_rate": 0.4266666666666667,
  "intervention_rate": 0.8,
  "override_success_rate": 0.9416666666666667,
  "mean_intervention_delay": 0.0,
  "operator_workload": 0.8,
  "mean_drift": 10.625816911678285,
  "p95_drift": 24.160773249948612,
  "mean_latency_ms": 0.5246582984303435,
  "risk_mean": 0.8997364719850396,
  "risk_p05": 0.5218800520718652,
  "risk_p25": 1.0,
  "risk_p50": 1.0,
  "risk_p75": 1.0,
  "risk_p95": 1.0,
  "separation_risk_mean": 0.4433212572542087,
  "congestion_risk_mean": 0.23702465471359857,
  "speed_risk_mean": 0.9258960958868704,
  "uncertainty_risk_mean": 0.6238362660393575,
  "human_activation_count": 120,
  "cooldown_skips": 30,
  "suppressed_request_count": 30,
  "suppressed_critical_count": 0,
  "cooldown_release_count": 114,
  "critical_override_count": 114,
  "critical_trigger_rate": 0.76,
  "trigger_active_rate": 1.0,
  "confidence_mean": 0.9500000000000002,
  "false_intervention_rate": 0.10833333333333334,
  "repeated_intervention_rate": 0.9333333333333333,
  "post_intervention_violation_rate": 0.05303030303030303,
  "mean_drift_after_intervention": 12.465335319674724,
  "min_predicted_distance_mean": 1.885399709988398
}