{
  "violation_rate": 0.08,
  "collision_rate": 0.0,
  "near_miss_rate": 0.11333333333333333,
  "intervention_rate": 0.8133333333333334,
  "override_success_rate": 0.9016393442622951,
  "mean_intervention_delay": 0.0,
  "operator_workload": 0.8133333333333334,
  "mean_drift": 10.864131030500827,
  "p95_drift": 29.758917677320056,
  "mean_latency_ms": 0.5733863543719053,
  "risk_mean": 0.8665764907359661,
  "risk_p05": 0.29999999999987564,
  "risk_p25": 1.0,
  "risk_p50": 1.0,
  "risk_p75": 1.0,
  "risk_p95": 1.0,
  "separation_risk_mean": 0.14087742082358196,
  "congestion_risk_mean": 0.09130357296443949,
  "speed_risk_mean": 0.9574406905872592,
  "uncertainty_risk_mean": 1.0,
  "human_activation_count": 122,
  "cooldown_skips": 28,
  "suppressed_request_count": 28,
  "suppressed_critical_count": 0,
  "cooldown_release_count": 116,
  "critical_override_count": 116,
  "critical_trigger_rate": 0.7733333333333333,
  "trigger_active_rate": 1.0,
  "confidence_mean": 0.9500000000000002,
  "false_intervention_rate": 0.10655737704918032,
  "repeated_intervention_rate": 0.9426229508196722,
  "post_intervention_violation_rate": 0.09022556390977443,
  "mean_drift_after_intervention": 11.952444907732833,
  "min_predicted_distance_mean": 6.631159383410977
}