{
  "violation_rate": 0.0,
  "collision_rate": 0.0,
  "near_miss_rate": 0.22666666666666666,
  "intervention_rate": 0.05333333333333334,
  "override_success_rate": 1.0,
  "mean_intervention_delay": 0.0,
  "operator_workload": 0.05333333333333334,
  "mean_drift": 9.798721407203303,
  "p95_drift": 25.311525124164174,
  "mean_latency_ms": 0.4025997599819675,
  "risk_mean": 0.38102042964814076,
  "risk_p95": 0.6744999999999601,
  "separation_risk_mean": 0.23715873096932027,
  "congestion_risk_mean": 0.13523444067931598,
  "speed_risk_mean": 0.9641944557942069,
  "uncertainty_risk_mean": 0.6390748144865775,
  "human_activation_count": 8,
  "cooldown_skips": 142,
  "trigger_active_rate": 1.0,
  "confidence_mean": 0.9500000000000002,
  "false_intervention_rate": 0.25
}