{
  "violation_rate": 0.006666666666666667,
  "collision_rate": 0.0,
  "near_miss_rate": 0.0,
  "intervention_rate": 0.16666666666666666,
  "override_success_rate": 0.96,
  "mean_intervention_delay": 0.0,
  "operator_workload": 0.16666666666666666,
  "mean_drift": 10.229741774538534,
  "p95_drift": 26.78248598430412,
  "mean_latency_ms": 0.31493282634376857,
  "risk_mean": 0.26672096833652925,
  "risk_p95": 0.36557321838694257,
  "separation_risk_mean": 0.043811650137152776,
  "congestion_risk_mean": 0.02486464480721498,
  "speed_risk_mean": 0.9652637638200448,
  "uncertainty_risk_mean": 0.64,
  "human_activation_count": 25,
  "cooldown_skips": 125,
  "trigger_active_rate": 1.0,
  "confidence_mean": 0.9500000000000002,
  "false_intervention_rate": 0.28
}