{
  "violation_rate": 0.02666666666666667,
  "collision_rate": 0.0,
  "near_miss_rate": 0.07333333333333333,
  "intervention_rate": 0.78,
  "override_success_rate": 0.9658119658119658,
  "mean_intervention_delay": 0.0,
  "operator_workload": 0.78,
  "mean_drift": 9.589395180226704,
  "p95_drift": 42.09614202792738,
  "mean_latency_ms": 0.36426694442828494,
  "risk_mean": 0.8281480843157801,
  "risk_p05": 0.34486727859379696,
  "risk_p25": 0.5801179938770472,
  "risk_p50": 1.0,
  "risk_p75": 1.0,
  "risk_p95": 1.0,
  "separation_risk_mean": 0.25484943599069093,
  "congestion_risk_mean": 0.09815189198110234,
  "speed_risk_mean": 0.9320900144801586,
  "uncertainty_risk_mean": 0.6399156307928451,
  "human_activation_count": 117,
  "cooldown_skips": 33,
  "suppressed_request_count": 33,
  "suppressed_critical_count": 0,
  "cooldown_release_count": 103,
  "critical_override_count": 101,
  "critical_trigger_rate": 0.6733333333333333,
  "trigger_active_rate": 0.9933333333333333,
  "confidence_mean": 0.9500000000000002,
  "false_intervention_rate": 0.17094017094017094,
  "repeated_intervention_rate": 0.8290598290598291,
  "post_intervention_violation_rate": 0.026845637583892617,
  "mean_drift_after_intervention": 11.053754440630776,
  "min_predicted_distance_mean": 2.400069872513516
}