{
  "violation_rate": 0.0,
  "collision_rate": 0.0,
  "near_miss_rate": 0.38666666666666666,
  "intervention_rate": 0.09333333333333334,
  "override_success_rate": 1.0,
  "mean_intervention_delay": 0.0,
  "operator_workload": 0.09333333333333334,
  "mean_drift": 9.633843389495986,
  "p95_drift": 19.84592767418973,
  "mean_latency_ms": 0.3810127939019973,
  "risk_mean": 0.45541264007060855,
  "risk_p95": 0.6744999999999776,
  "separation_risk_mean": 0.3604392296925309,
  "congestion_risk_mean": 0.22045240744814565,
  "speed_risk_mean": 0.9552657361185485,
  "uncertainty_risk_mean": 0.6320801628610062,
  "human_activation_count": 14,
  "cooldown_skips": 136,
  "trigger_active_rate": 1.0,
  "confidence_mean": 0.9500000000000002,
  "false_intervention_rate": 0.14285714285714285
}