{
  "violation_rate": 0.12666666666666668,
  "collision_rate": 0.0,
  "near_miss_rate": 0.3,
  "intervention_rate": 0.9333333333333333,
  "override_success_rate": 0.8642857142857143,
  "mean_intervention_delay": 0.0,
  "operator_workload": 0.9333333333333333,
  "mean_drift": 10.559210990827872,
  "p95_drift": 29.488910018404123,
  "mean_latency_ms": 0.6602636499640843,
  "risk_mean": 0.9629466996517111,
  "risk_p05": 0.6542533653490263,
  "risk_p25": 1.0,
  "risk_p50": 1.0,
  "risk_p75": 1.0,
  "risk_p95": 1.0,
  "separation_risk_mean": 0.5629989860724508,
  "congestion_risk_mean": 0.3148241926926682,
  "speed_risk_mean": 0.9617006914669656,
  "uncertainty_risk_mean": 0.6368372589625774,
  "human_activation_count": 140,
  "cooldown_skips": 10,
  "suppressed_request_count": 10,
  "suppressed_critical_count": 0,
  "cooldown_release_count": 136,
  "critical_override_count": 136,
  "critical_trigger_rate": 0.9066666666666666,
  "trigger_active_rate": 1.0,
  "confidence_mean": 0.9500000000000002,
  "false_intervention_rate": 0.07857142857142857,
  "repeated_intervention_rate": 0.95,
  "post_intervention_violation_rate": 0.12751677852348994,
  "mean_drift_after_intervention": 10.88275395904918,
  "min_predicted_distance_mean": 1.4100328146709353
}