{
  "violation_rate": 0.08,
  "collision_rate": 0.006666666666666667,
  "near_miss_rate": 0.07333333333333333,
  "intervention_rate": 0.9066666666666666,
  "override_success_rate": 0.9117647058823529,
  "mean_intervention_delay": 0.0,
  "operator_workload": 0.9066666666666666,
  "mean_drift": 10.071098499472143,
  "p95_drift": 25.035978311759738,
  "mean_latency_ms": 0.5554621891739467,
  "risk_mean": 0.8776895714137852,
  "risk_p05": 0.2159999999998753,
  "risk_p25": 1.0,
  "risk_p50": 1.0,
  "risk_p75": 1.0,
  "risk_p95": 1.0,
  "separation_risk_mean": 0.08829312768364982,
  "congestion_risk_mean": 0.04776922978795413,
  "speed_risk_mean": 0.8980545204446535,
  "uncertainty_risk_mean": 0.6371278177411343,
  "human_activation_count": 136,
  "cooldown_skips": 0,
  "suppressed_request_count": 0,
  "suppressed_critical_count": 0,
  "cooldown_release_count": 123,
  "critical_override_count": 123,
  "critical_trigger_rate": 0.82,
  "trigger_active_rate": 0.9066666666666666,
  "confidence_mean": 0.9500000000000002,
  "false_intervention_rate": 0.14705882352941177,
  "repeated_intervention_rate": 0.9779411764705882,
  "post_intervention_violation_rate": 0.08633093525179857,
  "mean_drift_after_intervention": 10.590023638796792,
  "min_predicted_distance_mean": 9.382150949807015
}