{
  "violation_rate": 0.04666666666666667,
  "collision_rate": 0.0,
  "near_miss_rate": 0.7066666666666667,
  "intervention_rate": 0.7266666666666667,
  "override_success_rate": 0.9357798165137615,
  "mean_intervention_delay": 0.0,
  "operator_workload": 0.7266666666666667,
  "mean_drift": 12.02132587048928,
  "p95_drift": 27.986959960673,
  "mean_latency_ms": 0.51839971759667,
  "risk_mean": 0.8055547318117138,
  "risk_p05": 0.245999999999871,
  "risk_p25": 0.4474653146784129,
  "risk_p50": 1.0,
  "risk_p75": 1.0,
  "risk_p95": 1.0,
  "separation_risk_mean": 0.5568511732057094,
  "congestion_risk_mean": 0.33446389593598275,
  "speed_risk_mean": 0.8965570212182237,
  "uncertainty_risk_mean": 0.6318802700574634,
  "human_activation_count": 109,
  "cooldown_skips": 10,
  "suppressed_request_count": 10,
  "suppressed_critical_count": 0,
  "cooldown_release_count": 107,
  "critical_override_count": 107,
  "critical_trigger_rate": 0.7133333333333334,
  "trigger_active_rate": 0.76,
  "confidence_mean": 0.9500000000000002,
  "false_intervention_rate": 0.027522935779816515,
  "repeated_intervention_rate": 0.9724770642201835,
  "post_intervention_violation_rate": 0.0625,
  "mean_drift_after_intervention": 14.211721368171904,
  "min_predicted_distance_mean": 0.9944021904418924
}