{
  "violation_rate": 0.22666666666666666,
  "collision_rate": 0.006666666666666667,
  "near_miss_rate": 0.42,
  "intervention_rate": 0.7466666666666667,
  "override_success_rate": 0.6964285714285714,
  "mean_intervention_delay": 1.0,
  "operator_workload": 0.7466666666666667,
  "mean_drift": 5.78300791717274,
  "p95_drift": 18.899794752460732,
  "mean_latency_ms": 0.7327369352181753,
  "risk_mean": 0.8298650514553422,
  "risk_p05": 0.21599999999991534,
  "risk_p25": 0.6507374216921209,
  "risk_p50": 1.0,
  "risk_p75": 1.0,
  "risk_p95": 1.0,
  "separation_risk_mean": 0.31169003267135265,
  "congestion_risk_mean": 0.23727255076667964,
  "speed_risk_mean": 0.8050908130773128,
  "uncertainty_risk_mean": 0.5825319538094034,
  "human_activation_count": 112,
  "cooldown_skips": 21,
  "suppressed_request_count": 21,
  "suppressed_critical_count": 0,
  "cooldown_release_count": 110,
  "critical_override_count": 110,
  "critical_trigger_rate": 0.7333333333333333,
  "trigger_active_rate": 0.8666666666666667,
  "confidence_mean": 0.8214196808499816,
  "false_intervention_rate": 0.10714285714285714,
  "repeated_intervention_rate": 0.9107142857142857,
  "post_intervention_violation_rate": 0.2764227642276423,
  "mean_drift_after_intervention": 7.113328483327852,
  "min_predicted_distance_mean": 3.6263208663684208
}