{
  "violation_rate": 0.6933333333333334,
  "collision_rate": 0.02666666666666667,
  "near_miss_rate": 0.24,
  "intervention_rate": 0.88,
  "override_success_rate": 0.21212121212121213,
  "mean_intervention_delay": 0.0,
  "operator_workload": 0.88,
  "mean_drift": 14.271104743329097,
  "p95_drift": 31.271156736992854,
  "mean_latency_ms": 1.81038440282767,
  "risk_mean": 0.9153715099593708,
  "risk_p05": 0.24599999999988692,
  "risk_p25": 1.0,
  "risk_p50": 1.0,
  "risk_p75": 1.0,
  "risk_p95": 1.0,
  "separation_risk_mean": 0.10315474708730685,
  "congestion_risk_mean": 0.09952745417454725,
  "speed_risk_mean": 0.8995716671966976,
  "uncertainty_risk_mean": 0.64,
  "human_activation_count": 132,
  "cooldown_skips": 18,
  "suppressed_request_count": 18,
  "suppressed_critical_count": 0,
  "cooldown_release_count": 129,
  "critical_override_count": 129,
  "critical_trigger_rate": 0.86,
  "trigger_active_rate": 1.0,
  "confidence_mean": 0.5,
  "false_intervention_rate": 0.03787878787878788,
  "repeated_intervention_rate": 0.946969696969697,
  "post_intervention_violation_rate": 0.7357142857142858,
  "mean_drift_after_intervention": 15.360625381201901,
  "min_predicted_distance_mean": 13.06227580881094
}