{
  "violation_rate": 0.7,
  "collision_rate": 0.0,
  "near_miss_rate": 0.02666666666666667,
  "intervention_rate": 0.8,
  "override_success_rate": 0.125,
  "mean_intervention_delay": 3.0,
  "operator_workload": 0.8,
  "mean_drift": 12.633829956370343,
  "p95_drift": 33.90373103947546,
  "mean_latency_ms": 1.9971144579661388,
  "risk_mean": 0.8400598579772317,
  "risk_p05": 0.21599999999992345,
  "risk_p25": 1.0,
  "risk_p50": 1.0,
  "risk_p75": 1.0,
  "risk_p95": 1.0,
  "separation_risk_mean": 0.046229809190205286,
  "congestion_risk_mean": 0.034445928587720255,
  "speed_risk_mean": 0.8496200973597308,
  "uncertainty_risk_mean": 0.64,
  "human_activation_count": 120,
  "cooldown_skips": 30,
  "suppressed_request_count": 30,
  "suppressed_critical_count": 0,
  "cooldown_release_count": 115,
  "critical_override_count": 115,
  "critical_trigger_rate": 0.7666666666666667,
  "trigger_active_rate": 1.0,
  "confidence_mean": 0.6070968434314602,
  "false_intervention_rate": 0.08333333333333333,
  "repeated_intervention_rate": 0.9416666666666667,
  "post_intervention_violation_rate": 0.8015267175572519,
  "mean_drift_after_intervention": 14.52412731939835,
  "min_predicted_distance_mean": 6.171814882990022
}