{
  "violation_rate": 0.7666666666666667,
  "collision_rate": 0.0,
  "near_miss_rate": 0.32,
  "intervention_rate": 0.8733333333333333,
  "override_success_rate": 0.12213740458015267,
  "mean_intervention_delay": 5.0,
  "operator_workload": 0.8733333333333333,
  "mean_drift": 11.89004196960705,
  "p95_drift": 31.816345904957892,
  "mean_latency_ms": 2.2513994473653534,
  "risk_mean": 0.9492650736337173,
  "risk_p05": 0.6472459759819469,
  "risk_p25": 1.0,
  "risk_p50": 1.0,
  "risk_p75": 1.0,
  "risk_p95": 1.0,
  "separation_risk_mean": 0.46434806958092933,
  "congestion_risk_mean": 0.2616458774298085,
  "speed_risk_mean": 0.9731964585993569,
  "uncertainty_risk_mean": 0.6366123299070731,
  "human_activation_count": 131,
  "cooldown_skips": 19,
  "suppressed_request_count": 19,
  "suppressed_critical_count": 0,
  "cooldown_release_count": 130,
  "critical_override_count": 130,
  "critical_trigger_rate": 0.8666666666666667,
  "trigger_active_rate": 1.0,
  "confidence_mean": 0.4255506430252401,
  "false_intervention_rate": 0.08396946564885496,
  "repeated_intervention_rate": 0.9465648854961832,
  "post_intervention_violation_rate": 0.8214285714285714,
  "mean_drift_after_intervention": 12.757162725379416,
  "min_predicted_distance_mean": 1.695803491128445
}