{
  "violation_rate": 0.05333333333333334,
  "collision_rate": 0.0,
  "near_miss_rate": 0.03333333333333333,
  "intervention_rate": 0.74,
  "override_success_rate": 0.9279279279279279,
  "mean_intervention_delay": 0.0,
  "operator_workload": 0.74,
  "mean_drift": 14.604727388908607,
  "p95_drift": 39.11723973420434,
  "mean_latency_ms": 0.5149627275144061,
  "risk_mean": 0.7929945854746355,
  "risk_p05": 0.23116159674471556,
  "risk_p25": 0.4076092089587262,
  "risk_p50": 1.0,
  "risk_p75": 1.0,
  "risk_p95": 1.0,
  "separation_risk_mean": 0.020774791962296476,
  "congestion_risk_mean": 0.0263270902579808,
  "speed_risk_mean": 0.9611731789207526,
  "uncertainty_risk_mean": 0.6335656423708106,
  "human_activation_count": 111,
  "cooldown_skips": 8,
  "suppressed_request_count": 8,
  "suppressed_critical_count": 0,
  "cooldown_release_count": 107,
  "critical_override_count": 107,
  "critical_trigger_rate": 0.7133333333333334,
  "trigger_active_rate": 0.78,
  "confidence_mean": 0.9500000000000002,
  "false_intervention_rate": 0.07207207207207207,
  "repeated_intervention_rate": 0.954954954954955,
  "post_intervention_violation_rate": 0.06779661016949153,
  "mean_drift_after_intervention": 17.35452458373524,
  "min_predicted_distance_mean": 9.847906860442466
}