{
  "violation_rate": 0.17333333333333334,
  "collision_rate": 0.0,
  "near_miss_rate": 0.02,
  "intervention_rate": 0.16666666666666666,
  "override_success_rate": 0.44,
  "mean_intervention_delay": 3.0,
  "operator_workload": 0.16666666666666666,
  "mean_drift": 22.647549352243455,
  "p95_drift": 63.9835815947152,
  "mean_latency_ms": 0.6166046668658964,
  "risk_mean": 0.30136886317345163,
  "risk_p95": 0.45426535577471955,
  "separation_risk_mean": 0.09141862599280334,
  "congestion_risk_mean": 0.05825699839527517,
  "speed_risk_mean": 0.9991950042231927,
  "uncertainty_risk_mean": 0.6385798749626165,
  "human_activation_count": 25,
  "cooldown_skips": 125,
  "trigger_active_rate": 1.0,
  "confidence_mean": 0.8785618423815542,
  "false_intervention_rate": 0.28
}