{
  "violation_rate": 0.86,
  "collision_rate": 0.15333333333333332,
  "near_miss_rate": 0.2866666666666667,
  "intervention_rate": 0.9266666666666666,
  "override_success_rate": 0.07194244604316546,
  "mean_intervention_delay": 10.0,
  "operator_workload": 0.9266666666666666,
  "mean_drift": 11.852773027784218,
  "p95_drift": 67.09184818141632,
  "mean_latency_ms": 2.186748622916639,
  "risk_mean": 0.9624283068411207,
  "risk_p05": 0.5713577387165139,
  "risk_p25": 1.0,
  "risk_p50": 1.0,
  "risk_p75": 1.0,
  "risk_p95": 1.0,
  "separation_risk_mean": 0.6875094544203536,
  "congestion_risk_mean": 0.41068767984610766,
  "speed_risk_mean": 0.6352995392641105,
  "uncertainty_risk_mean": 0.6372682289320002,
  "human_activation_count": 139,
  "cooldown_skips": 11,
  "suppressed_request_count": 11,
  "suppressed_critical_count": 0,
  "cooldown_release_count": 138,
  "critical_override_count": 138,
  "critical_trigger_rate": 0.92,
  "trigger_active_rate": 1.0,
  "confidence_mean": 0.18880682767596474,
  "false_intervention_rate": 0.050359712230215826,
  "repeated_intervention_rate": 0.9712230215827338,
  "post_intervention_violation_rate": 0.8951048951048951,
  "mean_drift_after_intervention": 12.524704368149767,
  "min_predicted_distance_mean": 0.7987057604661728
}