{
  "violation_rate": 0.07333333333333333,
  "collision_rate": 0.0,
  "near_miss_rate": 0.17333333333333334,
  "intervention_rate": 0.8,
  "override_success_rate": 0.9083333333333333,
  "mean_intervention_delay": 0.0,
  "operator_workload": 0.8,
  "mean_drift": 9.867276877173241,
  "p95_drift": 25.297199028471493,
  "mean_latency_ms": 0.42833719092110795,
  "risk_mean": 0.8439435213400651,
  "risk_p05": 0.21599999999992003,
  "risk_p25": 1.0,
  "risk_p50": 1.0,
  "risk_p75": 1.0,
  "risk_p95": 1.0,
  "separation_risk_mean": 0.2109420776467888,
  "congestion_risk_mean": 0.10936838615795073,
  "speed_risk_mean": 0.9352117108053861,
  "uncertainty_risk_mean": 0.6390748144865775,
  "human_activation_count": 120,
  "cooldown_skips": 22,
  "suppressed_request_count": 22,
  "suppressed_critical_count": 0,
  "cooldown_release_count": 115,
  "critical_override_count": 115,
  "critical_trigger_rate": 0.7666666666666667,
  "trigger_active_rate": 0.9466666666666667,
  "confidence_mean": 0.9500000000000002,
  "false_intervention_rate": 0.058333333333333334,
  "repeated_intervention_rate": 0.95,
  "post_intervention_violation_rate": 0.08527131782945736,
  "mean_drift_after_intervention": 11.022118943426914,
  "min_predicted_distance_mean": 3.411838400939771
}