{
  "violation_rate": 0.07333333333333333,
  "collision_rate": 0.013333333333333334,
  "near_miss_rate": 0.16666666666666666,
  "intervention_rate": 0.8466666666666667,
  "override_success_rate": 0.9133858267716536,
  "mean_intervention_delay": 0.0,
  "operator_workload": 0.8466666666666667,
  "mean_drift": 11.42107860583974,
  "p95_drift": 37.29011960509773,
  "mean_latency_ms": 0.547527849363784,
  "risk_mean": 0.9117825319701217,
  "risk_p05": 0.3734403953940184,
  "risk_p25": 1.0,
  "risk_p50": 1.0,
  "risk_p75": 1.0,
  "risk_p95": 1.0,
  "separation_risk_mean": 0.1488074581850011,
  "congestion_risk_mean": 0.08659973598114125,
  "speed_risk_mean": 0.8867588343380653,
  "uncertainty_risk_mean": 0.6303359521773554,
  "human_activation_count": 127,
  "cooldown_skips": 23,
  "suppressed_request_count": 23,
  "suppressed_critical_count": 0,
  "cooldown_release_count": 126,
  "critical_override_count": 126,
  "critical_trigger_rate": 0.84,
  "trigger_active_rate": 0.98,
  "confidence_mean": 0.9500000000000002,
  "false_intervention_rate": 0.06299212598425197,
  "repeated_intervention_rate": 0.9606299212598425,
  "post_intervention_violation_rate": 0.07518796992481203,
  "mean_drift_after_intervention": 12.499182887545022,
  "min_predicted_distance_mean": 4.972977791858216
}