{
  "violation_rate": 0.06,
  "collision_rate": 0.013333333333333334,
  "near_miss_rate": 0.4866666666666667,
  "intervention_rate": 0.6666666666666666,
  "override_success_rate": 0.91,
  "mean_intervention_delay": 0.0,
  "operator_workload": 0.6666666666666666,
  "mean_drift": 9.310765676657914,
  "p95_drift": 22.494271401450067,
  "mean_latency_ms": 0.523034663250049,
  "risk_mean": 0.7499101784930512,
  "risk_p05": 0.21599999999993663,
  "risk_p25": 0.3319714006500849,
  "risk_p50": 1.0,
  "risk_p75": 1.0,
  "risk_p95": 1.0,
  "separation_risk_mean": 0.45135886092183614,
  "congestion_risk_mean": 0.23788129255291332,
  "speed_risk_mean": 0.9328265391577829,
  "uncertainty_risk_mean": 0.6371348942631563,
  "human_activation_count": 100,
  "cooldown_skips": 24,
  "suppressed_request_count": 24,
  "suppressed_critical_count": 0,
  "cooldown_release_count": 95,
  "critical_override_count": 95,
  "critical_trigger_rate": 0.6333333333333333,
  "trigger_active_rate": 0.8066666666666666,
  "confidence_mean": 0.9500000000000002,
  "false_intervention_rate": 0.06,
  "repeated_intervention_rate": 0.94,
  "post_intervention_violation_rate": 0.07339449541284404,
  "mean_drift_after_intervention": 12.07400417210758,
  "min_predicted_distance_mean": 1.6506403012702855
}