{
  "violation_rate": 0.006666666666666667,
  "collision_rate": 0.006666666666666667,
  "near_miss_rate": 0.34,
  "intervention_rate": 0.06666666666666667,
  "override_success_rate": 0.9,
  "mean_intervention_delay": 0.0,
  "operator_workload": 0.06666666666666667,
  "mean_drift": 10.590650498522754,
  "p95_drift": 39.29562443702021,
  "mean_latency_ms": 0.2607891265264091,
  "risk_mean": 0.32491364545005597,
  "risk_p95": 0.6850587157842959,
  "separation_risk_mean": 0.2165812336790204,
  "congestion_risk_mean": 0.15602734888083403,
  "speed_risk_mean": 0.6358360283898273,
  "uncertainty_risk_mean": 0.6204656587720945,
  "human_activation_count": 10,
  "cooldown_skips": 50,
  "trigger_active_rate": 0.38666666666666666,
  "confidence_mean": 0.9500000000000002,
  "false_intervention_rate": 0.7
}