{
  "violation_rate": 0.0,
  "collision_rate": 0.0,
  "near_miss_rate": 0.43333333333333335,
  "intervention_rate": 0.8133333333333334,
  "override_success_rate": 1.0,
  "mean_intervention_delay": 0.0,
  "operator_workload": 0.8133333333333334,
  "mean_drift": 14.839397831106684,
  "p95_drift": 28.078964451154107,
  "mean_latency_ms": 0.5359591435020169,
  "risk_mean": 0.8709705320533375,
  "risk_p05": 0.2624284721002184,
  "risk_p25": 1.0,
  "risk_p50": 1.0,
  "risk_p75": 1.0,
  "risk_p95": 1.0,
  "separation_risk_mean": 0.42614048423712997,
  "congestion_risk_mean": 0.22985753083886862,
  "speed_risk_mean": 0.9388226261121319,
  "uncertainty_risk_mean": 0.6391543954025022,
  "human_activation_count": 122,
  "cooldown_skips": 26,
  "suppressed_request_count": 26,
  "suppressed_critical_count": 0,
  "cooldown_release_count": 117,
  "critical_override_count": 117,
  "critical_trigger_rate": 0.78,
  "trigger_active_rate": 0.96,
  "confidence_mean": 1.0,
  "false_intervention_rate": 0.09016393442622951,
  "repeated_intervention_rate": 0.9426229508196722,
  "post_intervention_violation_rate": 0.0,
  "mean_drift_after_intervention": 17.399654239888058,
  "min_predicted_distance_mean": 1.8361382325506737
}