{
  "violation_rate": 0.6066666666666667,
  "collision_rate": 0.0,
  "near_miss_rate": 0.006666666666666667,
  "intervention_rate": 0.7866666666666666,
  "override_success_rate": 0.2288135593220339,
  "mean_intervention_delay": 3.0,
  "operator_workload": 0.7866666666666666,
  "mean_drift": 10.69166622182471,
  "p95_drift": 29.769736347519444,
  "mean_latency_ms": 1.4433472681169708,
  "risk_mean": 0.8356686080726361,
  "risk_p05": 0.2459999999998844,
  "risk_p25": 0.6309626650188768,
  "risk_p50": 1.0,
  "risk_p75": 1.0,
  "risk_p95": 1.0,
  "separation_risk_mean": 0.051247063639753974,
  "congestion_risk_mean": 0.034589717739125884,
  "speed_risk_mean": 0.9044414722279438,
  "uncertainty_risk_mean": 0.64,
  "human_activation_count": 118,
  "cooldown_skips": 32,
  "suppressed_request_count": 32,
  "suppressed_critical_count": 0,
  "cooldown_release_count": 111,
  "critical_override_count": 111,
  "critical_trigger_rate": 0.74,
  "trigger_active_rate": 1.0,
  "confidence_mean": 0.6128118960409359,
  "false_intervention_rate": 0.07627118644067797,
  "repeated_intervention_rate": 0.9322033898305084,
  "post_intervention_violation_rate": 0.6946564885496184,
  "mean_drift_after_intervention": 11.924300810704542,
  "min_predicted_distance_mean": 6.98658105204609
}