{
  "violation_rate": 0.02,
  "collision_rate": 0.006666666666666667,
  "near_miss_rate": 0.20666666666666667,
  "intervention_rate": 0.16666666666666666,
  "override_success_rate": 0.92,
  "mean_intervention_delay": 0.0,
  "operator_workload": 0.16666666666666666,
  "mean_drift": 9.120808621281528,
  "p95_drift": 28.333450658735696,
  "mean_latency_ms": 0.42202278651529923,
  "risk_mean": 0.36006279808042296,
  "risk_p95": 0.6499870169129227,
  "separation_risk_mean": 0.2208181950903699,
  "congestion_risk_mean": 0.12750954079812649,
  "speed_risk_mean": 0.8854481672681663,
  "uncertainty_risk_mean": 0.64,
  "human_activation_count": 25,
  "cooldown_skips": 125,
  "trigger_active_rate": 1.0,
  "confidence_mean": 0.9500000000000002,
  "false_intervention_rate": 0.28
}