{
  "violation_rate": 0.04666666666666667,
  "collision_rate": 0.0,
  "near_miss_rate": 0.3466666666666667,
  "intervention_rate": 0.8,
  "override_success_rate": 0.9416666666666667,
  "mean_intervention_delay": 0.0,
  "operator_workload": 0.8,
  "mean_drift": 8.212869341313073,
  "p95_drift": 22.09039706563434,
  "mean_latency_ms": 0.5158861408320566,
  "risk_mean": 0.896422278426971,
  "risk_p05": 0.44701744398861165,
  "risk_p25": 1.0,
  "risk_p50": 1.0,
  "risk_p75": 1.0,
  "risk_p95": 1.0,
  "separation_risk_mean": 0.44448115008029065,
  "congestion_risk_mean": 0.2665059178036696,
  "speed_risk_mean": 0.8413060482885218,
  "uncertainty_risk_mean": 0.9941986700835158,
  "human_activation_count": 120,
  "cooldown_skips": 30,
  "suppressed_request_count": 30,
  "suppressed_critical_count": 0,
  "cooldown_release_count": 114,
  "critical_override_count": 114,
  "critical_trigger_rate": 0.76,
  "trigger_active_rate": 1.0,
  "confidence_mean": 0.9500000000000002,
  "false_intervention_rate": 0.06666666666666667,
  "repeated_intervention_rate": 0.9333333333333333,
  "post_intervention_violation_rate": 0.05303030303030303,
  "mean_drift_after_intervention": 9.54159813921817,
  "min_predicted_distance_mean": 1.737237757373653
}