{
  "violation_rate": 0.0,
  "collision_rate": 0.0,
  "near_miss_rate": 0.08666666666666667,
  "intervention_rate": 0.16666666666666666,
  "override_success_rate": 1.0,
  "mean_intervention_delay": 0.0,
  "operator_workload": 0.16666666666666666,
  "mean_drift": 9.925681977588157,
  "p95_drift": 18.570958965013087,
  "mean_latency_ms": 0.23160637424249822,
  "risk_mean": 0.2837157715312058,
  "risk_p95": 0.5706609739486286,
  "separation_risk_mean": 0.10669916777341276,
  "congestion_risk_mean": 0.06037126934936767,
  "speed_risk_mean": 0.830722191305521,
  "uncertainty_risk_mean": 0.64,
  "human_activation_count": 25,
  "cooldown_skips": 125,
  "trigger_active_rate": 1.0,
  "confidence_mean": 1.0,
  "false_intervention_rate": 0.28
}