{
  "violation_rate": 0.04,
  "collision_rate": 0.013333333333333334,
  "near_miss_rate": 1.4333333333333333,
  "intervention_rate": 1.0,
  "override_success_rate": 0.96,
  "mean_intervention_delay": 0.0,
  "operator_workload": 1.0,
  "mean_drift": 7.623437142328405,
  "p95_drift": 30.255676019941642,
  "mean_latency_ms": 0.5588961307269832,
  "risk_mean": 0.9064684810883336,
  "risk_p05": 0.5838188379149208,
  "risk_p25": 1.0,
  "risk_p50": 1.0,
  "risk_p75": 1.0,
  "risk_p95": 1.0,
  "separation_risk_mean": 0.7357369899254375,
  "congestion_risk_mean": 0.6580792118440509,
  "speed_risk_mean": 0.6019517721939044,
  "uncertainty_risk_mean": 0.6374310093181734,
  "human_activation_count": 150,
  "cooldown_skips": 0,
  "suppressed_request_count": 0,
  "suppressed_critical_count": 0,
  "cooldown_release_count": 114,
  "critical_override_count": 114,
  "critical_trigger_rate": 0.76,
  "trigger_active_rate": 1.0,
  "confidence_mean": 0.9500000000000002,
  "false_intervention_rate": 0.10666666666666667,
  "repeated_intervention_rate": 0.9933333333333333,
  "post_intervention_violation_rate": 0.040268456375838924,
  "mean_drift_after_intervention": 7.623437142328405,
  "min_predicted_distance_mean": 0.7521138497066983
}