{
  "violation_rate": 0.1,
  "collision_rate": 0.006666666666666667,
  "near_miss_rate": 0.4866666666666667,
  "intervention_rate": 0.16666666666666666,
  "override_success_rate": 0.68,
  "mean_intervention_delay": 3.0,
  "operator_workload": 0.16666666666666666,
  "mean_drift": 16.169198339495086,
  "p95_drift": 48.96205634073284,
  "mean_latency_ms": 0.680144434251512,
  "risk_mean": 0.5871627299281376,
  "risk_p95": 0.6744999999999829,
  "separation_risk_mean": 0.5866537659134939,
  "congestion_risk_mean": 0.3278859576232522,
  "speed_risk_mean": 0.9737713722522555,
  "uncertainty_risk_mean": 0.6342089334894266,
  "human_activation_count": 25,
  "cooldown_skips": 125,
  "trigger_active_rate": 1.0,
  "confidence_mean": 0.8785618423815542,
  "false_intervention_rate": 0.28
}