{
  "violation_rate": 0.013333333333333334,
  "collision_rate": 0.0,
  "near_miss_rate": 0.44,
  "intervention_rate": 0.16666666666666666,
  "override_success_rate": 0.96,
  "mean_intervention_delay": 0.0,
  "operator_workload": 0.16666666666666666,
  "mean_drift": 17.798844660733366,
  "p95_drift": 31.782696611558812,
  "mean_latency_ms": 0.48662771985012415,
  "risk_mean": 0.44665200312567854,
  "risk_p95": 0.6744999999999849,
  "separation_risk_mean": 0.34379531989021384,
  "congestion_risk_mean": 0.1884881437687402,
  "speed_risk_mean": 0.992147154885982,
  "uncertainty_risk_mean": 0.64,
  "human_activation_count": 25,
  "cooldown_skips": 125,
  "trigger_active_rate": 1.0,
  "confidence_mean": 0.9500000000000002,
  "false_intervention_rate": 0.24
}