{
  "violation_rate": 0.06,
  "collision_rate": 0.006666666666666667,
  "near_miss_rate": 0.8533333333333334,
  "intervention_rate": 0.7733333333333333,
  "override_success_rate": 0.9224137931034483,
  "mean_intervention_delay": 0.0,
  "operator_workload": 0.7733333333333333,
  "mean_drift": 7.762934412718744,
  "p95_drift": 36.328268848125724,
  "mean_latency_ms": 0.4369372525252402,
  "risk_mean": 0.8794224770303737,
  "risk_p05": 0.4328173423634053,
  "risk_p25": 0.6444294259660479,
  "risk_p50": 1.0,
  "risk_p75": 1.0,
  "risk_p95": 1.0,
  "separation_risk_mean": 0.673384090341907,
  "congestion_risk_mean": 0.37241193241707493,
  "speed_risk_mean": 0.6883085095508173,
  "uncertainty_risk_mean": 0.64,
  "human_activation_count": 116,
  "cooldown_skips": 34,
  "suppressed_request_count": 34,
  "suppressed_critical_count": 0,
  "cooldown_release_count": 110,
  "critical_override_count": 110,
  "critical_trigger_rate": 0.7333333333333333,
  "trigger_active_rate": 1.0,
  "confidence_mean": 0.9500000000000002,
  "false_intervention_rate": 0.04310344827586207,
  "repeated_intervention_rate": 0.9310344827586207,
  "post_intervention_violation_rate": 0.06201550387596899,
  "mean_drift_after_intervention": 8.686168524421982,
  "min_predicted_distance_mean": 0.8934167684136199
}