{
  "violation_rate": 0.02666666666666667,
  "collision_rate": 0.0,
  "near_miss_rate": 0.12666666666666668,
  "intervention_rate": 0.16666666666666666,
  "override_success_rate": 0.92,
  "mean_intervention_delay": 0.0,
  "operator_workload": 0.16666666666666666,
  "mean_drift": 8.487104312250391,
  "p95_drift": 26.12208307551773,
  "mean_latency_ms": 0.28737800583864254,
  "risk_mean": 0.27813163277889297,
  "risk_p95": 0.6753233260417388,
  "separation_risk_mean": 0.05493471023123278,
  "congestion_risk_mean": 0.06072084258521071,
  "speed_risk_mean": 0.9523804535291883,
  "uncertainty_risk_mean": 0.635824896661049,
  "human_activation_count": 25,
  "cooldown_skips": 125,
  "trigger_active_rate": 1.0,
  "confidence_mean": 0.9000000000000004,
  "false_intervention_rate": 0.24
}