{
  "violation_rate": 0.41333333333333333,
  "collision_rate": 0.0,
  "near_miss_rate": 0.08666666666666667,
  "intervention_rate": 0.7933333333333333,
  "override_success_rate": 0.4789915966386555,
  "mean_intervention_delay": 0.0,
  "operator_workload": 0.7933333333333333,
  "mean_drift": 7.583444892003179,
  "p95_drift": 25.681952222397125,
  "mean_latency_ms": 0.9625107957981527,
  "risk_mean": 0.8293615945179498,
  "risk_p05": 0.21599999999988007,
  "risk_p25": 1.0,
  "risk_p50": 1.0,
  "risk_p75": 1.0,
  "risk_p95": 1.0,
  "separation_risk_mean": 0.0788914115221395,
  "congestion_risk_mean": 0.06855675447172707,
  "speed_risk_mean": 0.7930341319587711,
  "uncertainty_risk_mean": 0.6324977795366645,
  "human_activation_count": 119,
  "cooldown_skips": 31,
  "suppressed_request_count": 31,
  "suppressed_critical_count": 0,
  "cooldown_release_count": 114,
  "critical_override_count": 114,
  "critical_trigger_rate": 0.76,
  "trigger_active_rate": 1.0,
  "confidence_mean": 0.75,
  "false_intervention_rate": 0.11764705882352941,
  "repeated_intervention_rate": 0.9243697478991597,
  "post_intervention_violation_rate": 0.4696969696969697,
  "mean_drift_after_intervention": 8.625874137775753,
  "min_predicted_distance_mean": 8.108829309018825
}