{
  "violation_rate": 0.0,
  "collision_rate": 0.013333333333333334,
  "near_miss_rate": 1.4933333333333334,
  "intervention_rate": 0.9333333333333333,
  "override_success_rate": 1.0,
  "mean_intervention_delay": 0.0,
  "operator_workload": 0.9333333333333333,
  "mean_drift": 7.622871872028208,
  "p95_drift": 30.16312398344276,
  "mean_latency_ms": 0.6206505714605252,
  "risk_mean": 0.9668782594227919,
  "risk_p05": 0.5896960748930147,
  "risk_p25": 1.0,
  "risk_p50": 1.0,
  "risk_p75": 1.0,
  "risk_p95": 1.0,
  "separation_risk_mean": 0.7318693318597252,
  "congestion_risk_mean": 0.6549728808685341,
  "speed_risk_mean": 0.6054302957431381,
  "uncertainty_risk_mean": 0.6374310093181734,
  "human_activation_count": 140,
  "cooldown_skips": 10,
  "suppressed_request_count": 10,
  "suppressed_critical_count": 0,
  "cooldown_release_count": 139,
  "critical_override_count": 139,
  "critical_trigger_rate": 0.9266666666666666,
  "trigger_active_rate": 1.0,
  "confidence_mean": 1.0,
  "false_intervention_rate": 0.05,
  "repeated_intervention_rate": 0.9642857142857143,
  "post_intervention_violation_rate": 0.0,
  "mean_drift_after_intervention": 7.938734993768837,
  "min_predicted_distance_mean": 0.6949076450677109
}