{
  "violation_rate": 0.06666666666666667,
  "collision_rate": 0.0,
  "near_miss_rate": 1.5266666666666666,
  "intervention_rate": 0.9733333333333334,
  "override_success_rate": 0.9315068493150684,
  "mean_intervention_delay": 0.0,
  "operator_workload": 0.9733333333333334,
  "mean_drift": 9.552701211486855,
  "p95_drift": 25.845411324390575,
  "mean_latency_ms": 3.3768819365650415,
  "risk_mean": 0.988349527743686,
  "risk_p05": 1.0,
  "risk_p25": 1.0,
  "risk_p50": 1.0,
  "risk_p75": 1.0,
  "risk_p95": 1.0,
  "separation_risk_mean": 0.6989625817054544,
  "congestion_risk_mean": 0.3220505860118674,
  "speed_risk_mean": 0.7778992022322927,
  "uncertainty_risk_mean": 0.64,
  "human_activation_count": 146,
  "cooldown_skips": 4,
  "suppressed_request_count": 4,
  "suppressed_critical_count": 0,
  "cooldown_release_count": 146,
  "critical_override_count": 146,
  "critical_trigger_rate": 0.9733333333333334,
  "trigger_active_rate": 1.0,
  "confidence_mean": 0.9500000000000002,
  "false_intervention_rate": 0.03424657534246575,
  "repeated_intervention_rate": 0.9794520547945206,
  "post_intervention_violation_rate": 0.06756756756756757,
  "mean_drift_after_intervention": 9.67795295833667,
  "min_predicted_distance_mean": 0.88142817372072
}