{
  "violation_rate": 0.006666666666666667,
  "collision_rate": 0.006666666666666667,
  "near_miss_rate": 0.98,
  "intervention_rate": 0.05333333333333334,
  "override_success_rate": 0.875,
  "mean_intervention_delay": 0.0,
  "operator_workload": 0.05333333333333334,
  "mean_drift": 13.567593056076483,
  "p95_drift": 36.680513338808055,
  "mean_latency_ms": 0.4401910933665931,
  "risk_mean": 0.5487746767615764,
  "risk_p95": 0.7717965731835376,
  "separation_risk_mean": 0.5381630470044796,
  "congestion_risk_mean": 0.34601416902165605,
  "speed_risk_mean": 0.8273184223609773,
  "uncertainty_risk_mean": 0.64,
  "human_activation_count": 8,
  "cooldown_skips": 142,
  "trigger_active_rate": 1.0,
  "confidence_mean": 0.9500000000000002,
  "false_intervention_rate": 0.125
}