{
  "violation_rate": 0.006666666666666667,
  "collision_rate": 0.0,
  "near_miss_rate": 0.28,
  "intervention_rate": 0.8266666666666667,
  "override_success_rate": 0.9919354838709677,
  "mean_intervention_delay": 0.0,
  "operator_workload": 0.8266666666666667,
  "mean_drift": 8.1466919250139,
  "p95_drift": 21.544127119056697,
  "mean_latency_ms": 0.5233888817019761,
  "risk_mean": 0.8915211668824133,
  "risk_p05": 0.3859982420754565,
  "risk_p25": 1.0,
  "risk_p50": 1.0,
  "risk_p75": 1.0,
  "risk_p95": 1.0,
  "separation_risk_mean": 0.3892551217763395,
  "congestion_risk_mean": 0.2230749212041787,
  "speed_risk_mean": 0.847552091121838,
  "uncertainty_risk_mean": 0.6293665706822452,
  "human_activation_count": 124,
  "cooldown_skips": 26,
  "suppressed_request_count": 26,
  "suppressed_critical_count": 0,
  "cooldown_release_count": 119,
  "critical_override_count": 119,
  "critical_trigger_rate": 0.7933333333333333,
  "trigger_active_rate": 1.0,
  "confidence_mean": 1.0,
  "false_intervention_rate": 0.08870967741935484,
  "repeated_intervention_rate": 0.9435483870967742,
  "post_intervention_violation_rate": 0.007462686567164179,
  "mean_drift_after_intervention": 9.235036644323092,
  "min_predicted_distance_mean": 1.92711747186509
}