{
  "violation_rate": 0.04,
  "collision_rate": 0.0,
  "near_miss_rate": 0.04666666666666667,
  "intervention_rate": 0.3333333333333333,
  "override_success_rate": 0.94,
  "mean_intervention_delay": 0.0,
  "operator_workload": 0.3333333333333333,
  "mean_drift": 13.66006321514611,
  "p95_drift": 35.83793689017517,
  "mean_latency_ms": 0.6539374603501832,
  "risk_mean": 0.30919859461445054,
  "risk_p95": 0.4767093593922357,
  "separation_risk_mean": 0.11593004783595735,
  "congestion_risk_mean": 0.07537352402365445,
  "speed_risk_mean": 0.9481481801312377,
  "uncertainty_risk_mean": 0.639763100417803,
  "human_activation_count": 50,
  "cooldown_skips": 100,
  "trigger_active_rate": 1.0,
  "confidence_mean": 0.9500000000000002,
  "false_intervention_rate": 0.24
}