{
  "violation_rate": 0.05333333333333334,
  "collision_rate": 0.0,
  "near_miss_rate": 0.18666666666666668,
  "intervention_rate": 0.7866666666666666,
  "override_success_rate": 0.9322033898305084,
  "mean_intervention_delay": 0.0,
  "operator_workload": 0.7866666666666666,
  "mean_drift": 9.482440674256221,
  "p95_drift": 19.121863595196675,
  "mean_latency_ms": 0.3938866755925119,
  "risk_mean": 0.8700054587175663,
  "risk_p05": 0.33226042909452824,
  "risk_p25": 1.0,
  "risk_p50": 1.0,
  "risk_p75": 1.0,
  "risk_p95": 1.0,
  "separation_risk_mean": 0.19351361338125286,
  "congestion_risk_mean": 0.10102545432505577,
  "speed_risk_mean": 0.7881435536309946,
  "uncertainty_risk_mean": 0.64,
  "human_activation_count": 118,
  "cooldown_skips": 32,
  "suppressed_request_count": 32,
  "suppressed_critical_count": 0,
  "cooldown_release_count": 116,
  "critical_override_count": 115,
  "critical_trigger_rate": 0.7666666666666667,
  "trigger_active_rate": 1.0,
  "confidence_mean": 0.9500000000000002,
  "false_intervention_rate": 0.025423728813559324,
  "repeated_intervention_rate": 0.940677966101695,
  "post_intervention_violation_rate": 0.0625,
  "mean_drift_after_intervention": 10.597688187547321,
  "min_predicted_distance_mean": 5.062174777174351
}