{
  "violation_rate": 0.04,
  "collision_rate": 0.006666666666666667,
  "near_miss_rate": 1.2466666666666666,
  "intervention_rate": 0.9466666666666667,
  "override_success_rate": 0.9577464788732394,
  "mean_intervention_delay": 0.0,
  "operator_workload": 0.9466666666666667,
  "mean_drift": 9.870511249045274,
  "p95_drift": 40.78755215720532,
  "mean_latency_ms": 0.542749431139479,
  "risk_mean": 0.9814030187207633,
  "risk_p05": 0.8377567625844862,
  "risk_p25": 1.0,
  "risk_p50": 1.0,
  "risk_p75": 1.0,
  "risk_p95": 1.0,
  "separation_risk_mean": 0.7365764547396303,
  "congestion_risk_mean": 0.47819365742229897,
  "speed_risk_mean": 0.5284495437542055,
  "uncertainty_risk_mean": 0.9740818518747855,
  "human_activation_count": 142,
  "cooldown_skips": 8,
  "suppressed_request_count": 8,
  "suppressed_critical_count": 0,
  "cooldown_release_count": 142,
  "critical_override_count": 142,
  "critical_trigger_rate": 0.9466666666666667,
  "trigger_active_rate": 1.0,
  "confidence_mean": 0.9500000000000002,
  "false_intervention_rate": 0.06338028169014084,
  "repeated_intervention_rate": 0.9366197183098591,
  "post_intervention_violation_rate": 0.03355704697986577,
  "mean_drift_after_intervention": 10.161010973319623,
  "min_predicted_distance_mean": 0.6617083530413229
}