{
  "violation_rate": 0.0,
  "collision_rate": 0.0,
  "near_miss_rate": 0.04,
  "intervention_rate": 0.05333333333333334,
  "override_success_rate": 1.0,
  "mean_intervention_delay": 0.0,
  "operator_workload": 0.05333333333333334,
  "mean_drift": 11.853434346707907,
  "p95_drift": 25.205573337414812,
  "mean_latency_ms": 0.36123474642712,
  "risk_mean": 0.3231754911932791,
  "risk_p95": 0.5445090452166512,
  "separation_risk_mean": 0.12873894149988604,
  "congestion_risk_mean": 0.08084414760917366,
  "speed_risk_mean": 0.9935462041069133,
  "uncertainty_risk_mean": 0.64,
  "human_activation_count": 8,
  "cooldown_skips": 142,
  "trigger_active_rate": 1.0,
  "confidence_mean": 0.9500000000000002,
  "false_intervention_rate": 0.125
}