{
  "violation_rate": 0.03333333333333333,
  "collision_rate": 0.006666666666666667,
  "near_miss_rate": 0.02,
  "intervention_rate": 0.7466666666666667,
  "override_success_rate": 0.9553571428571429,
  "mean_intervention_delay": 0.0,
  "operator_workload": 0.7466666666666667,
  "mean_drift": 9.878859535083047,
  "p95_drift": 28.252502729990635,
  "mean_latency_ms": 0.3931832779198885,
  "risk_mean": 0.8009678064469837,
  "risk_p05": 0.18599999999996067,
  "risk_p25": 0.4894483004168625,
  "risk_p50": 1.0,
  "risk_p75": 1.0,
  "risk_p95": 1.0,
  "separation_risk_mean": 0.09193003220981097,
  "congestion_risk_mean": 0.054159485224403926,
  "speed_risk_mean": 0.7329489490359197,
  "uncertainty_risk_mean": 0.6381730619996772,
  "human_activation_count": 112,
  "cooldown_skips": 30,
  "suppressed_request_count": 30,
  "suppressed_critical_count": 0,
  "cooldown_release_count": 107,
  "critical_override_count": 107,
  "critical_trigger_rate": 0.7133333333333334,
  "trigger_active_rate": 0.9133333333333333,
  "confidence_mean": 0.9500000000000002,
  "false_intervention_rate": 0.0625,
  "repeated_intervention_rate": 0.9375,
  "post_intervention_violation_rate": 0.032520325203252036,
  "mean_drift_after_intervention": 11.637871681529688,
  "min_predicted_distance_mean": 6.4118429578184015
}