{
  "violation_rate": 0.05333333333333334,
  "collision_rate": 0.006666666666666667,
  "near_miss_rate": 1.2066666666666668,
  "intervention_rate": 0.8933333333333333,
  "override_success_rate": 0.9402985074626866,
  "mean_intervention_delay": 0.0,
  "operator_workload": 0.8933333333333333,
  "mean_drift": 13.036551134340545,
  "p95_drift": 32.355096597809734,
  "mean_latency_ms": 0.48768911976367235,
  "risk_mean": 0.9609763026746612,
  "risk_p05": 0.6552570676055384,
  "risk_p25": 1.0,
  "risk_p50": 1.0,
  "risk_p75": 1.0,
  "risk_p95": 1.0,
  "separation_risk_mean": 0.7366070873867082,
  "congestion_risk_mean": 0.4307580618628696,
  "speed_risk_mean": 0.6553935194108886,
  "uncertainty_risk_mean": 0.636321089552873,
  "human_activation_count": 134,
  "cooldown_skips": 16,
  "suppressed_request_count": 16,
  "suppressed_critical_count": 0,
  "cooldown_release_count": 133,
  "critical_override_count": 133,
  "critical_trigger_rate": 0.8866666666666667,
  "trigger_active_rate": 1.0,
  "confidence_mean": 0.9500000000000002,
  "false_intervention_rate": 0.0,
  "repeated_intervention_rate": 0.9552238805970149,
  "post_intervention_violation_rate": 0.056338028169014086,
  "mean_drift_after_intervention": 14.001684620610956,
  "min_predicted_distance_mean": 0.47152747489752794
}