{
  "violation_rate": 0.07333333333333333,
  "collision_rate": 0.0,
  "near_miss_rate": 0.04,
  "intervention_rate": 0.8,
  "override_success_rate": 0.9083333333333333,
  "mean_intervention_delay": 0.0,
  "operator_workload": 0.8,
  "mean_drift": 11.874689914725508,
  "p95_drift": 25.25099046946183,
  "mean_latency_ms": 0.42459144179398817,
  "risk_mean": 0.8884635654645693,
  "risk_p05": 0.45972285587060685,
  "risk_p25": 1.0,
  "risk_p50": 1.0,
  "risk_p75": 1.0,
  "risk_p95": 1.0,
  "separation_risk_mean": 0.12753426492410122,
  "congestion_risk_mean": 0.08038534451820355,
  "speed_risk_mean": 0.9826383268998155,
  "uncertainty_risk_mean": 0.64,
  "human_activation_count": 120,
  "cooldown_skips": 30,
  "suppressed_request_count": 30,
  "suppressed_critical_count": 0,
  "cooldown_release_count": 116,
  "critical_override_count": 116,
  "critical_trigger_rate": 0.7733333333333333,
  "trigger_active_rate": 1.0,
  "confidence_mean": 0.9500000000000002,
  "false_intervention_rate": 0.041666666666666664,
  "repeated_intervention_rate": 0.9666666666666667,
  "post_intervention_violation_rate": 0.088,
  "mean_drift_after_intervention": 13.682918130407,
  "min_predicted_distance_mean": 5.227383470442739
}