{
  "violation_rate": 0.3,
  "collision_rate": 0.0,
  "near_miss_rate": 0.3,
  "intervention_rate": 0.9133333333333333,
  "override_success_rate": 0.6715328467153284,
  "mean_intervention_delay": 1.0,
  "operator_workload": 0.9133333333333333,
  "mean_drift": 10.566370982707785,
  "p95_drift": 29.622803092053747,
  "mean_latency_ms": 0.9398855866553882,
  "risk_mean": 0.9633546201171894,
  "risk_p05": 0.661423311753336,
  "risk_p25": 1.0,
  "risk_p50": 1.0,
  "risk_p75": 1.0,
  "risk_p95": 1.0,
  "separation_risk_mean": 0.5513637123522742,
  "congestion_risk_mean": 0.308416374195748,
  "speed_risk_mean": 0.9488016841037078,
  "uncertainty_risk_mean": 0.6366123299070731,
  "human_activation_count": 137,
  "cooldown_skips": 13,
  "suppressed_request_count": 13,
  "suppressed_critical_count": 0,
  "cooldown_release_count": 136,
  "critical_override_count": 136,
  "critical_trigger_rate": 0.9066666666666666,
  "trigger_active_rate": 1.0,
  "confidence_mean": 0.7927187167539953,
  "false_intervention_rate": 0.058394160583941604,
  "repeated_intervention_rate": 0.9635036496350365,
  "post_intervention_violation_rate": 0.3146853146853147,
  "mean_drift_after_intervention": 10.966131982481127,
  "min_predicted_distance_mean": 1.4421090943611639
}