{
  "violation_rate": 0.07333333333333333,
  "collision_rate": 0.006666666666666667,
  "near_miss_rate": 0.19333333333333333,
  "intervention_rate": 0.7666666666666667,
  "override_success_rate": 0.9043478260869565,
  "mean_intervention_delay": 0.0,
  "operator_workload": 0.7666666666666667,
  "mean_drift": 11.548358459250968,
  "p95_drift": 30.261040364975326,
  "mean_latency_ms": 0.5901600265254577,
  "risk_mean": 0.8165724709674125,
  "risk_p05": 0.2459999999998763,
  "risk_p25": 0.52603539552299,
  "risk_p50": 1.0,
  "risk_p75": 1.0,
  "risk_p95": 1.0,
  "separation_risk_mean": 0.20956403982773977,
  "congestion_risk_mean": 0.12167600921228844,
  "speed_risk_mean": 0.9185846227080412,
  "uncertainty_risk_mean": 0.639699317948575,
  "human_activation_count": 115,
  "cooldown_skips": 35,
  "suppressed_request_count": 35,
  "suppressed_critical_count": 0,
  "cooldown_release_count": 109,
  "critical_override_count": 109,
  "critical_trigger_rate": 0.7266666666666667,
  "trigger_active_rate": 1.0,
  "confidence_mean": 0.9500000000000002,
  "false_intervention_rate": 0.11304347826086956,
  "repeated_intervention_rate": 0.9304347826086956,
  "post_intervention_violation_rate": 0.078125,
  "mean_drift_after_intervention": 13.253230022565482,
  "min_predicted_distance_mean": 6.597570866660492
}