{
  "violation_rate": 0.6333333333333333,
  "collision_rate": 0.02666666666666667,
  "near_miss_rate": 0.1,
  "intervention_rate": 0.7666666666666667,
  "override_success_rate": 0.17391304347826086,
  "mean_intervention_delay": 5.0,
  "operator_workload": 0.7666666666666667,
  "mean_drift": 12.429571547778117,
  "p95_drift": 35.351627184279984,
  "mean_latency_ms": 1.8525989082021017,
  "risk_mean": 0.8109189829352507,
  "risk_p05": 0.24599999999987746,
  "risk_p25": 0.4931333253562631,
  "risk_p50": 1.0,
  "risk_p75": 1.0,
  "risk_p95": 1.0,
  "separation_risk_mean": 0.17711745803003673,
  "congestion_risk_mean": 0.10760251455840399,
  "speed_risk_mean": 0.9108955996087097,
  "uncertainty_risk_mean": 0.6317589450108622,
  "human_activation_count": 115,
  "cooldown_skips": 35,
  "suppressed_request_count": 35,
  "suppressed_critical_count": 0,
  "cooldown_release_count": 107,
  "critical_override_count": 107,
  "critical_trigger_rate": 0.7133333333333334,
  "trigger_active_rate": 1.0,
  "confidence_mean": 0.4896055263198672,
  "false_intervention_rate": 0.0782608695652174,
  "repeated_intervention_rate": 0.9304347826086956,
  "post_intervention_violation_rate": 0.734375,
  "mean_drift_after_intervention": 14.427370730304784,
  "min_predicted_distance_mean": 4.442349091769993
}