{
  "violation_rate": 0.16666666666666666,
  "collision_rate": 0.0,
  "near_miss_rate": 0.0,
  "intervention_rate": 0.9866666666666667,
  "override_success_rate": 0.831081081081081,
  "mean_intervention_delay": 0.0,
  "operator_workload": 0.9866666666666667,
  "mean_drift": 15.182354738886561,
  "p95_drift": 35.477561183161875,
  "mean_latency_ms": 0.6997556208322445,
  "risk_mean": 0.9899466666666659,
  "risk_p05": 1.0,
  "risk_p25": 1.0,
  "risk_p50": 1.0,
  "risk_p75": 1.0,
  "risk_p95": 1.0,
  "separation_risk_mean": 0.0,
  "congestion_risk_mean": 0.0,
  "speed_risk_mean": 0.9821116385127052,
  "uncertainty_risk_mean": 0.64,
  "human_activation_count": 148,
  "cooldown_skips": 0,
  "suppressed_request_count": 0,
  "suppressed_critical_count": 0,
  "cooldown_release_count": 148,
  "critical_override_count": 148,
  "critical_trigger_rate": 0.9866666666666667,
  "trigger_active_rate": 0.9866666666666667,
  "confidence_mean": 0.9500000000000002,
  "false_intervention_rate": 0.02702702702702703,
  "repeated_intervention_rate": 0.9932432432432432,
  "post_intervention_violation_rate": 0.17006802721088435,
  "mean_drift_after_intervention": 15.198901283103952,
  "min_predicted_distance_mean": 13.357244536596722
}