{
  "violation_rate": 0.10666666666666667,
  "collision_rate": 0.0,
  "near_miss_rate": 0.2866666666666667,
  "intervention_rate": 0.82,
  "override_success_rate": 0.8699186991869918,
  "mean_intervention_delay": 0.0,
  "operator_workload": 0.82,
  "mean_drift": 8.39574448232067,
  "p95_drift": 23.613131036498903,
  "mean_latency_ms": 0.6546085855613152,
  "risk_mean": 0.8992375046148303,
  "risk_p05": 0.44428143462394704,
  "risk_p25": 1.0,
  "risk_p50": 1.0,
  "risk_p75": 1.0,
  "risk_p95": 1.0,
  "separation_risk_mean": 0.4233779174719192,
  "congestion_risk_mean": 0.24183156796357286,
  "speed_risk_mean": 0.8641985102170004,
  "uncertainty_risk_mean": 0.9900649859355788,
  "human_activation_count": 123,
  "cooldown_skips": 27,
  "suppressed_request_count": 27,
  "suppressed_critical_count": 0,
  "cooldown_release_count": 118,
  "critical_override_count": 118,
  "critical_trigger_rate": 0.7866666666666666,
  "trigger_active_rate": 1.0,
  "confidence_mean": 0.9500000000000002,
  "false_intervention_rate": 0.08943089430894309,
  "repeated_intervention_rate": 0.9349593495934959,
  "post_intervention_violation_rate": 0.11940298507462686,
  "mean_drift_after_intervention": 9.572735146500795,
  "min_predicted_distance_mean": 1.81161931823278
}