{
  "violation_rate": 0.06,
  "collision_rate": 0.006666666666666667,
  "near_miss_rate": 0.05333333333333334,
  "intervention_rate": 0.8,
  "override_success_rate": 0.925,
  "mean_intervention_delay": 0.0,
  "operator_workload": 0.8,
  "mean_drift": 8.12134325853501,
  "p95_drift": 21.988732171352062,
  "mean_latency_ms": 0.5101718862230579,
  "risk_mean": 0.8322273619510139,
  "risk_p05": 0.21599999999991404,
  "risk_p25": 1.0,
  "risk_p50": 1.0,
  "risk_p75": 1.0,
  "risk_p95": 1.0,
  "separation_risk_mean": 0.0610481541573623,
  "congestion_risk_mean": 0.03687672394922558,
  "speed_risk_mean": 0.8966096800645857,
  "uncertainty_risk_mean": 0.6267213149440566,
  "human_activation_count": 120,
  "cooldown_skips": 30,
  "suppressed_request_count": 30,
  "suppressed_critical_count": 0,
  "cooldown_release_count": 115,
  "critical_override_count": 115,
  "critical_trigger_rate": 0.7666666666666667,
  "trigger_active_rate": 1.0,
  "confidence_mean": 0.9500000000000002,
  "false_intervention_rate": 0.09166666666666666,
  "repeated_intervention_rate": 0.9333333333333333,
  "post_intervention_violation_rate": 0.06060606060606061,
  "mean_drift_after_intervention": 9.226418703856853,
  "min_predicted_distance_mean": 13.214030851551131
}