{
  "violation_rate": 0.07333333333333333,
  "collision_rate": 0.0,
  "near_miss_rate": 0.32,
  "intervention_rate": 0.7533333333333333,
  "override_success_rate": 0.9026548672566371,
  "mean_intervention_delay": 0.0,
  "operator_workload": 0.7533333333333333,
  "mean_drift": 12.3690081145112,
  "p95_drift": 28.813080131410548,
  "mean_latency_ms": 0.4639752806785206,
  "risk_mean": 0.823435979699738,
  "risk_p05": 0.24599999999988628,
  "risk_p25": 1.0,
  "risk_p50": 1.0,
  "risk_p75": 1.0,
  "risk_p95": 1.0,
  "separation_risk_mean": 0.177175779576074,
  "congestion_risk_mean": 0.1607874104074643,
  "speed_risk_mean": 0.9676634385668061,
  "uncertainty_risk_mean": 0.6383351094578618,
  "human_activation_count": 113,
  "cooldown_skips": 5,
  "suppressed_request_count": 5,
  "suppressed_critical_count": 0,
  "cooldown_release_count": 113,
  "critical_override_count": 113,
  "critical_trigger_rate": 0.7533333333333333,
  "trigger_active_rate": 0.78,
  "confidence_mean": 0.9500000000000002,
  "false_intervention_rate": 0.017699115044247787,
  "repeated_intervention_rate": 0.9823008849557522,
  "post_intervention_violation_rate": 0.08771929824561403,
  "mean_drift_after_intervention": 14.238952105989192,
  "min_predicted_distance_mean": 5.23550133844785
}