{
  "violation_rate": 0.76,
  "collision_rate": 0.0,
  "near_miss_rate": 0.16,
  "intervention_rate": 0.8,
  "override_success_rate": 0.05,
  "mean_intervention_delay": 10.0,
  "operator_workload": 0.8,
  "mean_drift": 8.630932113506143,
  "p95_drift": 35.02939421917914,
  "mean_latency_ms": 2.066487507739415,
  "risk_mean": 0.8889589975328825,
  "risk_p05": 0.41804318544248054,
  "risk_p25": 1.0,
  "risk_p50": 1.0,
  "risk_p75": 1.0,
  "risk_p95": 1.0,
  "separation_risk_mean": 0.14393711354675398,
  "congestion_risk_mean": 0.10278059940786932,
  "speed_risk_mean": 0.8316982249701839,
  "uncertainty_risk_mean": 0.6292451099306895,
  "human_activation_count": 120,
  "cooldown_skips": 30,
  "suppressed_request_count": 30,
  "suppressed_critical_count": 0,
  "cooldown_release_count": 115,
  "critical_override_count": 115,
  "critical_trigger_rate": 0.7666666666666667,
  "trigger_active_rate": 0.98,
  "confidence_mean": 0.2928548152598256,
  "false_intervention_rate": 0.05,
  "repeated_intervention_rate": 0.925,
  "post_intervention_violation_rate": 0.8421052631578947,
  "mean_drift_after_intervention": 10.170315763985142,
  "min_predicted_distance_mean": 5.7914889240659555
}