{
  "violation_rate": 0.0,
  "collision_rate": 0.0,
  "near_miss_rate": 0.42,
  "intervention_rate": 0.03333333333333333,
  "override_success_rate": 1.0,
  "mean_intervention_delay": 0.0,
  "operator_workload": 0.03333333333333333,
  "mean_drift": 12.472090155365253,
  "p95_drift": 29.058933321372663,
  "mean_latency_ms": 0.6526391271230144,
  "risk_mean": 0.389517574005192,
  "risk_p95": 0.7879999999999625,
  "separation_risk_mean": 0.2181546333006951,
  "congestion_risk_mean": 0.1893353614007487,
  "speed_risk_mean": 0.9886244058801056,
  "uncertainty_risk_mean": 0.6381365852511748,
  "human_activation_count": 5,
  "cooldown_skips": 24,
  "trigger_active_rate": 0.19333333333333333,
  "confidence_mean": 0.9500000000000002,
  "false_intervention_rate": 0.0
}