{
  "violation_rate": 0.7,
  "collision_rate": 0.03333333333333333,
  "near_miss_rate": 0.6866666666666666,
  "intervention_rate": 0.8,
  "override_success_rate": 0.125,
  "mean_intervention_delay": 3.0,
  "operator_workload": 0.8,
  "mean_drift": 12.549562618790763,
  "p95_drift": 44.66837659910455,
  "mean_latency_ms": 1.7302255611866713,
  "risk_mean": 0.9103735607460095,
  "risk_p05": 0.5870937070139444,
  "risk_p25": 1.0,
  "risk_p50": 1.0,
  "risk_p75": 1.0,
  "risk_p95": 1.0,
  "separation_risk_mean": 0.6577772287236375,
  "congestion_risk_mean": 0.37794488402888127,
  "speed_risk_mean": 0.591626937885935,
  "uncertainty_risk_mean": 0.6217133294941035,
  "human_activation_count": 120,
  "cooldown_skips": 30,
  "suppressed_request_count": 30,
  "suppressed_critical_count": 0,
  "cooldown_release_count": 117,
  "critical_override_count": 117,
  "critical_trigger_rate": 0.78,
  "trigger_active_rate": 1.0,
  "confidence_mean": 0.6070968434314602,
  "false_intervention_rate": 0.008333333333333333,
  "repeated_intervention_rate": 0.8833333333333333,
  "post_intervention_violation_rate": 0.7338129496402878,
  "mean_drift_after_intervention": 14.504217339197876,
  "min_predicted_distance_mean": 1.0295780920590194
}