{
  "violation_rate": 0.04,
  "collision_rate": 0.0,
  "near_miss_rate": 0.06666666666666667,
  "intervention_rate": 0.8133333333333334,
  "override_success_rate": 0.9508196721311475,
  "mean_intervention_delay": 0.0,
  "operator_workload": 0.8133333333333334,
  "mean_drift": 9.996209952221312,
  "p95_drift": 18.9021302229917,
  "mean_latency_ms": 0.49235056309650344,
  "risk_mean": 0.8850959444026827,
  "risk_p05": 0.3025394432524908,
  "risk_p25": 1.0,
  "risk_p50": 1.0,
  "risk_p75": 1.0,
  "risk_p95": 1.0,
  "separation_risk_mean": 0.11477948506268926,
  "congestion_risk_mean": 0.054881657354880126,
  "speed_risk_mean": 0.7984204598634305,
  "uncertainty_risk_mean": 0.64,
  "human_activation_count": 122,
  "cooldown_skips": 24,
  "suppressed_request_count": 24,
  "suppressed_critical_count": 0,
  "cooldown_release_count": 121,
  "critical_override_count": 121,
  "critical_trigger_rate": 0.8066666666666666,
  "trigger_active_rate": 0.9133333333333333,
  "confidence_mean": 0.9500000000000002,
  "false_intervention_rate": 0.09016393442622951,
  "repeated_intervention_rate": 0.9262295081967213,
  "post_intervention_violation_rate": 0.04411764705882353,
  "mean_drift_after_intervention": 11.080560403494554,
  "min_predicted_distance_mean": 6.1679127378536025
}