{
  "violation_rate": 0.06,
  "collision_rate": 0.0,
  "near_miss_rate": 0.4,
  "intervention_rate": 0.16666666666666666,
  "override_success_rate": 0.8,
  "mean_intervention_delay": 1.0,
  "operator_workload": 0.16666666666666666,
  "mean_drift": 14.895499698547406,
  "p95_drift": 28.161432672346315,
  "mean_latency_ms": 0.34905421343864873,
  "risk_mean": 0.4799102441550115,
  "risk_p95": 0.6744999999999839,
  "separation_risk_mean": 0.40360250816888976,
  "congestion_risk_mean": 0.22942302183611535,
  "speed_risk_mean": 0.9670680047307125,
  "uncertainty_risk_mean": 0.6391543954025022,
  "human_activation_count": 25,
  "cooldown_skips": 125,
  "trigger_active_rate": 1.0,
  "confidence_mean": 0.9212990359040137,
  "false_intervention_rate": 0.24
}