{
  "violation_rate": 0.12,
  "collision_rate": 0.0,
  "near_miss_rate": 0.6466666666666666,
  "intervention_rate": 0.16666666666666666,
  "override_success_rate": 0.6,
  "mean_intervention_delay": 0.0,
  "operator_workload": 0.16666666666666666,
  "mean_drift": 12.092932443521919,
  "p95_drift": 28.047155385886153,
  "mean_latency_ms": 0.9002771867866007,
  "risk_mean": 0.5685993137570504,
  "risk_p95": 0.7303238303483437,
  "separation_risk_mean": 0.5527206859048651,
  "congestion_risk_mean": 0.33428473101583445,
  "speed_risk_mean": 0.9434785455818869,
  "uncertainty_risk_mean": 0.6318802700574634,
  "human_activation_count": 25,
  "cooldown_skips": 125,
  "trigger_active_rate": 1.0,
  "confidence_mean": 0.5,
  "false_intervention_rate": 0.28
}