{
  "violation_rate": 0.05333333333333334,
  "collision_rate": 0.0,
  "near_miss_rate": 0.0,
  "intervention_rate": 0.8266666666666667,
  "override_success_rate": 0.9354838709677419,
  "mean_intervention_delay": 0.0,
  "operator_workload": 0.8266666666666667,
  "mean_drift": 15.351907243800316,
  "p95_drift": 32.01208879722557,
  "mean_latency_ms": 0.5235602202204367,
  "risk_mean": 0.8322767448025045,
  "risk_p05": 0.24599999999991554,
  "risk_p25": 0.5690991641287971,
  "risk_p50": 1.0,
  "risk_p75": 1.0,
  "risk_p95": 1.0,
  "separation_risk_mean": 0.05579195091281629,
  "congestion_risk_mean": 0.028607795663086594,
  "speed_risk_mean": 0.9826646044657579,
  "uncertainty_risk_mean": 0.64,
  "human_activation_count": 124,
  "cooldown_skips": 26,
  "suppressed_request_count": 26,
  "suppressed_critical_count": 0,
  "cooldown_release_count": 111,
  "critical_override_count": 111,
  "critical_trigger_rate": 0.74,
  "trigger_active_rate": 1.0,
  "confidence_mean": 0.9500000000000002,
  "false_intervention_rate": 0.14516129032258066,
  "repeated_intervention_rate": 0.8790322580645161,
  "post_intervention_violation_rate": 0.053691275167785234,
  "mean_drift_after_intervention": 16.853027099255783,
  "min_predicted_distance_mean": 4.672812453494039
}