{
  "violation_rate": 0.06666666666666667,
  "collision_rate": 0.0,
  "near_miss_rate": 0.44,
  "intervention_rate": 1.0,
  "override_success_rate": 0.9333333333333333,
  "mean_intervention_delay": 0.0,
  "operator_workload": 1.0,
  "mean_drift": 15.033054103371779,
  "p95_drift": 28.630227698748882,
  "mean_latency_ms": 0.49921332858502865,
  "risk_mean": 0.8679017736093211,
  "risk_p05": 0.406698011048178,
  "risk_p25": 0.6473984211030935,
  "risk_p50": 1.0,
  "risk_p75": 1.0,
  "risk_p95": 1.0,
  "separation_risk_mean": 0.4466292817148464,
  "congestion_risk_mean": 0.24466489132705746,
  "speed_risk_mean": 0.9462043766064082,
  "uncertainty_risk_mean": 0.6388759669376949,
  "human_activation_count": 150,
  "cooldown_skips": 0,
  "suppressed_request_count": 0,
  "suppressed_critical_count": 0,
  "cooldown_release_count": 111,
  "critical_override_count": 111,
  "critical_trigger_rate": 0.74,
  "trigger_active_rate": 1.0,
  "confidence_mean": 0.9500000000000002,
  "false_intervention_rate": 0.26,
  "repeated_intervention_rate": 0.9933333333333333,
  "post_intervention_violation_rate": 0.06711409395973154,
  "mean_drift_after_intervention": 15.033054103371779,
  "min_predicted_distance_mean": 1.9433763244745739
}