{
  "violation_rate": 0.03333333333333333,
  "collision_rate": 0.02,
  "near_miss_rate": 0.6533333333333333,
  "intervention_rate": 0.8133333333333334,
  "override_success_rate": 0.9590163934426229,
  "mean_intervention_delay": 0.0,
  "operator_workload": 0.8133333333333334,
  "mean_drift": 11.377897190625093,
  "p95_drift": 19.185320497036425,
  "mean_latency_ms": 0.5373802323204776,
  "risk_mean": 0.8087018246974708,
  "risk_p05": 0.24599999999986602,
  "risk_p25": 0.541962731677547,
  "risk_p50": 1.0,
  "risk_p75": 1.0,
  "risk_p95": 1.0,
  "separation_risk_mean": 0.5308235629652698,
  "congestion_risk_mean": 0.306930828091776,
  "speed_risk_mean": 0.9690912315448702,
  "uncertainty_risk_mean": 0.6355233605399038,
  "human_activation_count": 122,
  "cooldown_skips": 28,
  "suppressed_request_count": 28,
  "suppressed_critical_count": 0,
  "cooldown_release_count": 108,
  "critical_override_count": 108,
  "critical_trigger_rate": 0.72,
  "trigger_active_rate": 1.0,
  "confidence_mean": 0.9500000000000002,
  "false_intervention_rate": 0.13114754098360656,
  "repeated_intervention_rate": 0.8770491803278688,
  "post_intervention_violation_rate": 0.026845637583892617,
  "mean_drift_after_intervention": 12.878867001644501,
  "min_predicted_distance_mean": 1.1844734378464061
}