{
  "violation_rate": 0.0,
  "collision_rate": 0.0,
  "near_miss_rate": 0.0,
  "intervention_rate": 0.16666666666666666,
  "override_success_rate": 1.0,
  "mean_intervention_delay": 0.0,
  "operator_workload": 0.16666666666666666,
  "mean_drift": 16.531048851499733,
  "p95_drift": 30.86346560606579,
  "mean_latency_ms": 0.23644362003930533,
  "risk_mean": 0.26650851695756744,
  "risk_p95": 0.41355177572331525,
  "separation_risk_mean": 0.04000173649364115,
  "congestion_risk_mean": 0.023084192826923873,
  "speed_risk_mean": 0.9782445821913204,
  "uncertainty_risk_mean": 0.64,
  "human_activation_count": 25,
  "cooldown_skips": 125,
  "trigger_active_rate": 1.0,
  "confidence_mean": 1.0,
  "false_intervention_rate": 0.24
}