{
  "violation_rate": 0.013333333333333334,
  "collision_rate": 0.0,
  "near_miss_rate": 0.02,
  "intervention_rate": 0.16666666666666666,
  "override_success_rate": 0.96,
  "mean_intervention_delay": 0.0,
  "operator_workload": 0.16666666666666666,
  "mean_drift": 8.758640178543681,
  "p95_drift": 27.52402021773472,
  "mean_latency_ms": 0.28551720693940297,
  "risk_mean": 0.27236101868413926,
  "risk_p95": 0.42122402827443345,
  "separation_risk_mean": 0.057530157014706325,
  "congestion_risk_mean": 0.036959530683437866,
  "speed_risk_mean": 0.943147562011784,
  "uncertainty_risk_mean": 0.6384028736992956,
  "human_activation_count": 25,
  "cooldown_skips": 123,
  "trigger_active_rate": 0.9866666666666667,
  "confidence_mean": 0.9500000000000002,
  "false_intervention_rate": 0.32
}