{
  "violation_rate": 0.08666666666666667,
  "collision_rate": 0.006666666666666667,
  "near_miss_rate": 0.22666666666666666,
  "intervention_rate": 0.7866666666666666,
  "override_success_rate": 0.8898305084745762,
  "mean_intervention_delay": 0.0,
  "operator_workload": 0.7866666666666666,
  "mean_drift": 13.301558979261705,
  "p95_drift": 31.900917534576983,
  "mean_latency_ms": 0.5246319016441703,
  "risk_mean": 0.8816132282502827,
  "risk_p05": 0.2459999999998687,
  "risk_p25": 1.0,
  "risk_p50": 1.0,
  "risk_p75": 1.0,
  "risk_p95": 1.0,
  "separation_risk_mean": 0.14681904884746108,
  "congestion_risk_mean": 0.09481524409230307,
  "speed_risk_mean": 0.9492930546603321,
  "uncertainty_risk_mean": 0.6366309547043573,
  "human_activation_count": 118,
  "cooldown_skips": 32,
  "suppressed_request_count": 32,
  "suppressed_critical_count": 0,
  "cooldown_release_count": 114,
  "critical_override_count": 114,
  "critical_trigger_rate": 0.76,
  "trigger_active_rate": 1.0,
  "confidence_mean": 0.9500000000000002,
  "false_intervention_rate": 0.0423728813559322,
  "repeated_intervention_rate": 0.8983050847457628,
  "post_intervention_violation_rate": 0.08955223880597014,
  "mean_drift_after_intervention": 16.0270780863438,
  "min_predicted_distance_mean": 10.098115114466763
}