{
  "violation_rate": 0.0,
  "collision_rate": 0.0,
  "near_miss_rate": 0.05333333333333334,
  "intervention_rate": 0.16666666666666666,
  "override_success_rate": 1.0,
  "mean_intervention_delay": 0.0,
  "operator_workload": 0.16666666666666666,
  "mean_drift": 13.357686959183962,
  "p95_drift": 30.866646370464213,
  "mean_latency_ms": 0.22398889336424568,
  "risk_mean": 0.2946038042575259,
  "risk_p95": 0.465746031595862,
  "separation_risk_mean": 0.08139173189963192,
  "congestion_risk_mean": 0.07146222610157084,
  "speed_risk_mean": 0.9795601902604373,
  "uncertainty_risk_mean": 0.6211862655882224,
  "human_activation_count": 25,
  "cooldown_skips": 125,
  "trigger_active_rate": 1.0,
  "confidence_mean": 0.9000000000000004,
  "false_intervention_rate": 0.28
}