{
  "violation_rate": 0.04666666666666667,
  "collision_rate": 0.0,
  "near_miss_rate": 1.3066666666666666,
  "intervention_rate": 0.8333333333333334,
  "override_success_rate": 0.944,
  "mean_intervention_delay": 0.0,
  "operator_workload": 0.8333333333333334,
  "mean_drift": 9.260174408082245,
  "p95_drift": 25.31250598429367,
  "mean_latency_ms": 2.1714183183697364,
  "risk_mean": 0.922290027394342,
  "risk_p05": 0.6033701158219378,
  "risk_p25": 1.0,
  "risk_p50": 1.0,
  "risk_p75": 1.0,
  "risk_p95": 1.0,
  "separation_risk_mean": 0.5379735844024419,
  "congestion_risk_mean": 0.2650682184677337,
  "speed_risk_mean": 0.8453120698860243,
  "uncertainty_risk_mean": 0.64,
  "human_activation_count": 125,
  "cooldown_skips": 25,
  "suppressed_request_count": 25,
  "suppressed_critical_count": 0,
  "cooldown_release_count": 121,
  "critical_override_count": 121,
  "critical_trigger_rate": 0.8066666666666666,
  "trigger_active_rate": 1.0,
  "confidence_mean": 0.9500000000000002,
  "false_intervention_rate": 0.04,
  "repeated_intervention_rate": 0.928,
  "post_intervention_violation_rate": 0.050724637681159424,
  "mean_drift_after_intervention": 10.302075421504147,
  "min_predicted_distance_mean": 1.3256547254289726
}