{
  "violation_rate": 0.6333333333333333,
  "collision_rate": 0.0,
  "near_miss_rate": 0.05333333333333334,
  "intervention_rate": 0.72,
  "override_success_rate": 0.12037037037037036,
  "mean_intervention_delay": 10.0,
  "operator_workload": 0.72,
  "mean_drift": 8.324303238326083,
  "p95_drift": 26.643207622013065,
  "mean_latency_ms": 1.843204745091498,
  "risk_mean": 0.7763054844418925,
  "risk_p05": 0.21599999999988287,
  "risk_p25": 0.47059004543853045,
  "risk_p50": 1.0,
  "risk_p75": 1.0,
  "risk_p95": 1.0,
  "separation_risk_mean": 0.06452478225768611,
  "congestion_risk_mean": 0.04582388597931807,
  "speed_risk_mean": 0.9069405334760268,
  "uncertainty_risk_mean": 0.6335288160211245,
  "human_activation_count": 108,
  "cooldown_skips": 42,
  "suppressed_request_count": 42,
  "suppressed_critical_count": 0,
  "cooldown_release_count": 100,
  "critical_override_count": 100,
  "critical_trigger_rate": 0.6666666666666666,
  "trigger_active_rate": 1.0,
  "confidence_mean": 0.3585693337338431,
  "false_intervention_rate": 0.1111111111111111,
  "repeated_intervention_rate": 0.9074074074074074,
  "post_intervention_violation_rate": 0.752,
  "mean_drift_after_intervention": 10.557965673396604,
  "min_predicted_distance_mean": 8.434137139244621
}