{
  "violation_rate": 0.62,
  "collision_rate": 0.02,
  "near_miss_rate": 0.03333333333333333,
  "intervention_rate": 0.74,
  "override_success_rate": 0.16216216216216217,
  "mean_intervention_delay": 10.0,
  "operator_workload": 0.74,
  "mean_drift": 15.701540424566206,
  "p95_drift": 56.820649384344556,
  "mean_latency_ms": 1.9492602969209354,
  "risk_mean": 0.8005500611160883,
  "risk_p05": 0.2459999999999011,
  "risk_p25": 0.4997202442235901,
  "risk_p50": 1.0,
  "risk_p75": 1.0,
  "risk_p95": 1.0,
  "separation_risk_mean": 0.13103442752928007,
  "congestion_risk_mean": 0.06336983745623215,
  "speed_risk_mean": 0.9609763448682646,
  "uncertainty_risk_mean": 0.64,
  "human_activation_count": 111,
  "cooldown_skips": 39,
  "suppressed_request_count": 39,
  "suppressed_critical_count": 0,
  "cooldown_release_count": 106,
  "critical_override_count": 102,
  "critical_trigger_rate": 0.68,
  "trigger_active_rate": 1.0,
  "confidence_mean": 0.3421407041153387,
  "false_intervention_rate": 0.16216216216216217,
  "repeated_intervention_rate": 0.9009009009009009,
  "post_intervention_violation_rate": 0.7209302325581395,
  "mean_drift_after_intervention": 19.585386217457614,
  "min_predicted_distance_mean": 5.996149769977143
}