{
  "violation_rate": 0.04,
  "collision_rate": 0.0,
  "near_miss_rate": 1.08,
  "intervention_rate": 0.9,
  "override_success_rate": 0.9555555555555556,
  "mean_intervention_delay": 0.0,
  "operator_workload": 0.9,
  "mean_drift": 10.455630794998587,
  "p95_drift": 27.943696180487567,
  "mean_latency_ms": 2.8185589076019824,
  "risk_mean": 0.9464412652954943,
  "risk_p05": 0.5074643334234545,
  "risk_p25": 1.0,
  "risk_p50": 1.0,
  "risk_p75": 1.0,
  "risk_p95": 1.0,
  "separation_risk_mean": 0.6236432180119005,
  "congestion_risk_mean": 0.21104496452636204,
  "speed_risk_mean": 0.8804287001913462,
  "uncertainty_risk_mean": 0.6394503367278761,
  "human_activation_count": 135,
  "cooldown_skips": 15,
  "suppressed_request_count": 15,
  "suppressed_critical_count": 0,
  "cooldown_release_count": 134,
  "critical_override_count": 134,
  "critical_trigger_rate": 0.8933333333333333,
  "trigger_active_rate": 1.0,
  "confidence_mean": 0.9500000000000002,
  "false_intervention_rate": 0.05925925925925926,
  "repeated_intervention_rate": 0.9629629629629629,
  "post_intervention_violation_rate": 0.0425531914893617,
  "mean_drift_after_intervention": 11.106704243868723,
  "min_predicted_distance_mean": 0.7655419445835805
}