{
  "violation_rate": 0.0,
  "collision_rate": 0.0,
  "near_miss_rate": 0.0,
  "intervention_rate": 0.0,
  "override_success_rate": 0.0,
  "mean_intervention_delay": 0.0,
  "operator_workload": 0.0,
  "mean_drift": 17.51225805645957,
  "p95_drift": 37.0856464990457,
  "mean_latency_ms": 0.27857916002782684,
  "risk_mean": 0.2460480607281201,
  "risk_p95": 0.24599999999997837,
  "separation_risk_mean": 8.187708647077324e-05,
  "congestion_risk_mean": 4.4864156970286706e-05,
  "speed_risk_mean": 0.9999999999997713,
  "uncertainty_risk_mean": 0.64,
  "human_activation_count": 0,
  "cooldown_skips": 0,
  "trigger_active_rate": 0.0,
  "confidence_mean": 0.9500000000000002,
  "false_intervention_rate": 0.0
}