{
  "violation_rate": 0.06,
  "collision_rate": 0.013333333333333334,
  "near_miss_rate": 0.18,
  "intervention_rate": 0.8333333333333334,
  "override_success_rate": 0.928,
  "mean_intervention_delay": 0.0,
  "operator_workload": 0.8333333333333334,
  "mean_drift": 11.305748362283294,
  "p95_drift": 37.32254073232802,
  "mean_latency_ms": 0.3936002535435061,
  "risk_mean": 0.8808326153828258,
  "risk_p05": 0.33232710364649515,
  "risk_p25": 1.0,
  "risk_p50": 1.0,
  "risk_p75": 1.0,
  "risk_p95": 1.0,
  "separation_risk_mean": 0.15739744447355233,
  "congestion_risk_mean": 0.09431465267783402,
  "speed_risk_mean": 0.8806209732314647,
  "uncertainty_risk_mean": 0.6299430734304184,
  "human_activation_count": 125,
  "cooldown_skips": 25,
  "suppressed_request_count": 25,
  "suppressed_critical_count": 0,
  "cooldown_release_count": 115,
  "critical_override_count": 115,
  "critical_trigger_rate": 0.7666666666666667,
  "trigger_active_rate": 1.0,
  "confidence_mean": 0.9500000000000002,
  "false_intervention_rate": 0.088,
  "repeated_intervention_rate": 0.888,
  "post_intervention_violation_rate": 0.053691275167785234,
  "mean_drift_after_intervention": 12.507032835990406,
  "min_predicted_distance_mean": 5.077908379310313
}