{
  "violation_rate": 0.07333333333333333,
  "collision_rate": 0.0,
  "near_miss_rate": 0.04,
  "intervention_rate": 0.8133333333333334,
  "override_success_rate": 0.9098360655737705,
  "mean_intervention_delay": 0.0,
  "operator_workload": 0.8133333333333334,
  "mean_drift": 13.800095760806675,
  "p95_drift": 36.15273376040875,
  "mean_latency_ms": 0.5204506094257036,
  "risk_mean": 0.8525348697111637,
  "risk_p05": 0.27108468636427785,
  "risk_p25": 1.0,
  "risk_p50": 1.0,
  "risk_p75": 1.0,
  "risk_p95": 1.0,
  "separation_risk_mean": 0.11243522571053888,
  "congestion_risk_mean": 0.07686642562212534,
  "speed_risk_mean": 0.9268156390881811,
  "uncertainty_risk_mean": 0.9992135634739939,
  "human_activation_count": 122,
  "cooldown_skips": 28,
  "suppressed_request_count": 28,
  "suppressed_critical_count": 0,
  "cooldown_release_count": 117,
  "critical_override_count": 117,
  "critical_trigger_rate": 0.78,
  "trigger_active_rate": 1.0,
  "confidence_mean": 0.9500000000000002,
  "false_intervention_rate": 0.07377049180327869,
  "repeated_intervention_rate": 0.9426229508196722,
  "post_intervention_violation_rate": 0.08270676691729323,
  "mean_drift_after_intervention": 15.292323635798759,
  "min_predicted_distance_mean": 4.3594455199533915
}