{
  "violation_rate": 0.04,
  "collision_rate": 0.0,
  "near_miss_rate": 0.0,
  "intervention_rate": 0.9666666666666667,
  "override_success_rate": 0.9586206896551724,
  "mean_intervention_delay": 0.0,
  "operator_workload": 0.9666666666666667,
  "mean_drift": 16.68558721931572,
  "p95_drift": 35.81600659817636,
  "mean_latency_ms": 0.42836670530959964,
  "risk_mean": 0.9748666666666653,
  "risk_p05": 1.0,
  "risk_p25": 1.0,
  "risk_p50": 1.0,
  "risk_p75": 1.0,
  "risk_p95": 1.0,
  "separation_risk_mean": 0.0,
  "congestion_risk_mean": 0.0,
  "speed_risk_mean": 0.9999999999996375,
  "uncertainty_risk_mean": 0.64,
  "human_activation_count": 145,
  "cooldown_skips": 0,
  "suppressed_request_count": 0,
  "suppressed_critical_count": 0,
  "cooldown_release_count": 145,
  "critical_override_count": 145,
  "critical_trigger_rate": 0.9666666666666667,
  "trigger_active_rate": 0.9666666666666667,
  "confidence_mean": 0.9500000000000002,
  "false_intervention_rate": 0.013793103448275862,
  "repeated_intervention_rate": 0.993103448275862,
  "post_intervention_violation_rate": 0.041666666666666664,
  "mean_drift_after_intervention": 16.64416291164299,
  "min_predicted_distance_mean": 16.468502068836692
}