{
  "violation_rate": 0.013333333333333334,
  "collision_rate": 0.0,
  "near_miss_rate": 0.18,
  "intervention_rate": 0.16666666666666666,
  "override_success_rate": 0.96,
  "mean_intervention_delay": 0.0,
  "operator_workload": 0.16666666666666666,
  "mean_drift": 13.911682326603952,
  "p95_drift": 30.11436361045125,
  "mean_latency_ms": 0.2687971872122337,
  "risk_mean": 0.38072314104186805,
  "risk_p95": 0.6790615620018853,
  "separation_risk_mean": 0.22617484248004976,
  "congestion_risk_mean": 0.14434279029693445,
  "speed_risk_mean": 0.9831401376688829,
  "uncertainty_risk_mean": 0.6359182913418643,
  "human_activation_count": 25,
  "cooldown_skips": 125,
  "trigger_active_rate": 1.0,
  "confidence_mean": 0.9000000000000004,
  "false_intervention_rate": 0.28
}