{
  "violation_rate": 0.08,
  "collision_rate": 0.0,
  "near_miss_rate": 1.3933333333333333,
  "intervention_rate": 0.9333333333333333,
  "override_success_rate": 0.9142857142857143,
  "mean_intervention_delay": 0.0,
  "operator_workload": 0.9333333333333333,
  "mean_drift": 10.669388585468603,
  "p95_drift": 24.854590260284457,
  "mean_latency_ms": 3.13262143637985,
  "risk_mean": 0.9567149754547564,
  "risk_p05": 0.5064783935503676,
  "risk_p25": 1.0,
  "risk_p50": 1.0,
  "risk_p75": 1.0,
  "risk_p95": 1.0,
  "separation_risk_mean": 0.5637742119798747,
  "congestion_risk_mean": 0.2108062605276519,
  "speed_risk_mean": 0.848388149249601,
  "uncertainty_risk_mean": 0.6315448918702667,
  "human_activation_count": 140,
  "cooldown_skips": 10,
  "suppressed_request_count": 10,
  "suppressed_critical_count": 0,
  "cooldown_release_count": 139,
  "critical_override_count": 139,
  "critical_trigger_rate": 0.9266666666666666,
  "trigger_active_rate": 1.0,
  "confidence_mean": 0.9500000000000002,
  "false_intervention_rate": 0.06428571428571428,
  "repeated_intervention_rate": 0.9642857142857143,
  "post_intervention_violation_rate": 0.0821917808219178,
  "mean_drift_after_intervention": 10.994630306278646,
  "min_predicted_distance_mean": 1.2326755918151866
}