{
  "violation_rate": 0.02,
  "collision_rate": 0.0,
  "near_miss_rate": 0.42,
  "intervention_rate": 0.8133333333333334,
  "override_success_rate": 0.9754098360655737,
  "mean_intervention_delay": 0.0,
  "operator_workload": 0.8133333333333334,
  "mean_drift": 14.846132690185208,
  "p95_drift": 28.149931101055337,
  "mean_latency_ms": 0.5399274663068354,
  "risk_mean": 0.8669115403070242,
  "risk_p05": 0.25153337651432917,
  "risk_p25": 1.0,
  "risk_p50": 1.0,
  "risk_p75": 1.0,
  "risk_p95": 1.0,
  "separation_risk_mean": 0.4261068849375591,
  "congestion_risk_mean": 0.2298238789521198,
  "speed_risk_mean": 0.9388226261121319,
  "uncertainty_risk_mean": 0.6391543954025022,
  "human_activation_count": 122,
  "cooldown_skips": 26,
  "suppressed_request_count": 26,
  "suppressed_critical_count": 0,
  "cooldown_release_count": 117,
  "critical_override_count": 117,
  "critical_trigger_rate": 0.78,
  "trigger_active_rate": 0.96,
  "confidence_mean": 0.9500000000000002,
  "false_intervention_rate": 0.09016393442622951,
  "repeated_intervention_rate": 0.9426229508196722,
  "post_intervention_violation_rate": 0.022727272727272728,
  "mean_drift_after_intervention": 17.407934804328864,
  "min_predicted_distance_mean": 1.8371922149248803
}