{
  "violation_rate": 0.006666666666666667,
  "collision_rate": 0.0,
  "near_miss_rate": 0.2733333333333333,
  "intervention_rate": 0.05333333333333334,
  "override_success_rate": 0.875,
  "mean_intervention_delay": 0.0,
  "operator_workload": 0.05333333333333334,
  "mean_drift": 7.609712383330157,
  "p95_drift": 22.227371367270575,
  "mean_latency_ms": 0.5316077583120205,
  "risk_mean": 0.3934117352384907,
  "risk_p95": 0.661903451862982,
  "separation_risk_mean": 0.26847778850578247,
  "congestion_risk_mean": 0.18033881507308025,
  "speed_risk_mean": 0.8877544972146997,
  "uncertainty_risk_mean": 0.6289923470694236,
  "human_activation_count": 8,
  "cooldown_skips": 142,
  "trigger_active_rate": 1.0,
  "confidence_mean": 0.9500000000000002,
  "false_intervention_rate": 0.125
}