{
  "violation_rate": 0.30666666666666664,
  "collision_rate": 0.0,
  "near_miss_rate": 0.02666666666666667,
  "intervention_rate": 0.7866666666666666,
  "override_success_rate": 0.6101694915254238,
  "mean_intervention_delay": 1.0,
  "operator_workload": 0.7866666666666666,
  "mean_drift": 15.139499961385797,
  "p95_drift": 32.93573982917042,
  "mean_latency_ms": 0.7874558361557623,
  "risk_mean": 0.8195862995497901,
  "risk_p05": 0.21599999999994002,
  "risk_p25": 0.7889162839248237,
  "risk_p50": 1.0,
  "risk_p75": 1.0,
  "risk_p95": 1.0,
  "separation_risk_mean": 0.0269713097583382,
  "congestion_risk_mean": 0.031130664874318217,
  "speed_risk_mean": 0.9703927271116297,
  "uncertainty_risk_mean": 0.64,
  "human_activation_count": 118,
  "cooldown_skips": 32,
  "suppressed_request_count": 32,
  "suppressed_critical_count": 0,
  "cooldown_release_count": 111,
  "critical_override_count": 111,
  "critical_trigger_rate": 0.74,
  "trigger_active_rate": 1.0,
  "confidence_mean": 0.8145314494669449,
  "false_intervention_rate": 0.06779661016949153,
  "repeated_intervention_rate": 0.9322033898305084,
  "post_intervention_violation_rate": 0.3435114503816794,
  "mean_drift_after_intervention": 17.131872838070997,
  "min_predicted_distance_mean": 8.16205634797562
}