{
  "violation_rate": 0.07333333333333333,
  "collision_rate": 0.006666666666666667,
  "near_miss_rate": 0.006666666666666667,
  "intervention_rate": 0.6933333333333334,
  "override_success_rate": 0.8942307692307693,
  "mean_intervention_delay": 0.0,
  "operator_workload": 0.6933333333333334,
  "mean_drift": 7.48073700573606,
  "p95_drift": 20.42187672288327,
  "mean_latency_ms": 0.4067266740215321,
  "risk_mean": 0.7669175044304759,
  "risk_p05": 0.21297754288250903,
  "risk_p25": 0.24599999999989736,
  "risk_p50": 1.0,
  "risk_p75": 1.0,
  "risk_p95": 1.0,
  "separation_risk_mean": 0.028256101701673402,
  "congestion_risk_mean": 0.021126057710399285,
  "speed_risk_mean": 0.8722145964724638,
  "uncertainty_risk_mean": 0.6351049214857454,
  "human_activation_count": 104,
  "cooldown_skips": 10,
  "suppressed_request_count": 10,
  "suppressed_critical_count": 0,
  "cooldown_release_count": 103,
  "critical_override_count": 103,
  "critical_trigger_rate": 0.6866666666666666,
  "trigger_active_rate": 0.7466666666666667,
  "confidence_mean": 0.9500000000000002,
  "false_intervention_rate": 0.028846153846153848,
  "repeated_intervention_rate": 0.9711538461538461,
  "post_intervention_violation_rate": 0.09345794392523364,
  "mean_drift_after_intervention": 9.507509876680098,
  "min_predicted_distance_mean": 9.031536034280617
}