{
  "violation_rate": 0.12666666666666668,
  "collision_rate": 0.0,
  "near_miss_rate": 0.3333333333333333,
  "intervention_rate": 0.8866666666666667,
  "override_success_rate": 0.8571428571428571,
  "mean_intervention_delay": 0.0,
  "operator_workload": 0.8866666666666667,
  "mean_drift": 9.681476472023016,
  "p95_drift": 19.766036852645144,
  "mean_latency_ms": 0.6523752406549951,
  "risk_mean": 0.9101076848820385,
  "risk_p05": 0.24599999999991398,
  "risk_p25": 1.0,
  "risk_p50": 1.0,
  "risk_p75": 1.0,
  "risk_p95": 1.0,
  "separation_risk_mean": 0.3461724774939816,
  "congestion_risk_mean": 0.21059771431686153,
  "speed_risk_mean": 0.9222524620707248,
  "uncertainty_risk_mean": 0.6322011459873624,
  "human_activation_count": 133,
  "cooldown_skips": 17,
  "suppressed_request_count": 17,
  "suppressed_critical_count": 0,
  "cooldown_release_count": 130,
  "critical_override_count": 130,
  "critical_trigger_rate": 0.8666666666666667,
  "trigger_active_rate": 1.0,
  "confidence_mean": 0.9000000000000004,
  "false_intervention_rate": 0.06015037593984962,
  "repeated_intervention_rate": 0.9548872180451128,
  "post_intervention_violation_rate": 0.1357142857142857,
  "mean_drift_after_intervention": 10.101401298748069,
  "min_predicted_distance_mean": 2.0718725560617575
}