{
  "violation_rate": 0.08666666666666667,
  "collision_rate": 0.006666666666666667,
  "near_miss_rate": 0.7333333333333333,
  "intervention_rate": 0.7133333333333334,
  "override_success_rate": 0.8878504672897196,
  "mean_intervention_delay": 0.0,
  "operator_workload": 0.7133333333333334,
  "mean_drift": 16.205579421670404,
  "p95_drift": 48.837819765250934,
  "mean_latency_ms": 0.5620372489405175,
  "risk_mean": 0.856478135829397,
  "risk_p05": 0.33991774667132324,
  "risk_p25": 0.6037219580810794,
  "risk_p50": 1.0,
  "risk_p75": 1.0,
  "risk_p95": 1.0,
  "separation_risk_mean": 0.6253001145085105,
  "congestion_risk_mean": 0.34552932418422455,
  "speed_risk_mean": 0.9659114795246823,
  "uncertainty_risk_mean": 0.6352777744057877,
  "human_activation_count": 107,
  "cooldown_skips": 0,
  "suppressed_request_count": 0,
  "suppressed_critical_count": 0,
  "cooldown_release_count": 107,
  "critical_override_count": 107,
  "critical_trigger_rate": 0.7133333333333334,
  "trigger_active_rate": 0.7133333333333334,
  "confidence_mean": 0.9500000000000002,
  "false_intervention_rate": 0.018691588785046728,
  "repeated_intervention_rate": 0.9906542056074766,
  "post_intervention_violation_rate": 0.11320754716981132,
  "mean_drift_after_intervention": 20.734860796659913,
  "min_predicted_distance_mean": 1.2184510644675441
}