{
  "violation_rate": 0.64,
  "collision_rate": 0.006666666666666667,
  "near_miss_rate": 0.12666666666666668,
  "intervention_rate": 0.7066666666666667,
  "override_success_rate": 0.09433962264150944,
  "mean_intervention_delay": 5.0,
  "operator_workload": 0.7066666666666667,
  "mean_drift": 12.60539367529855,
  "p95_drift": 46.26054903313576,
  "mean_latency_ms": 1.8490288779139519,
  "risk_mean": 0.7851069073328755,
  "risk_p05": 0.1793294479248465,
  "risk_p25": 0.45827313428439004,
  "risk_p50": 1.0,
  "risk_p75": 1.0,
  "risk_p95": 1.0,
  "separation_risk_mean": 0.12052019046067221,
  "congestion_risk_mean": 0.08893207617554942,
  "speed_risk_mean": 0.5557503221742482,
  "uncertainty_risk_mean": 0.6217688049097274,
  "human_activation_count": 106,
  "cooldown_skips": 33,
  "suppressed_request_count": 33,
  "suppressed_critical_count": 0,
  "cooldown_release_count": 101,
  "critical_override_count": 101,
  "critical_trigger_rate": 0.6733333333333333,
  "trigger_active_rate": 0.8933333333333333,
  "confidence_mean": 0.5256363981730949,
  "false_intervention_rate": 0.0660377358490566,
  "repeated_intervention_rate": 0.9056603773584906,
  "post_intervention_violation_rate": 0.7916666666666666,
  "mean_drift_after_intervention": 15.716368174179056,
  "min_predicted_distance_mean": 4.841695793363516
}