{
  "violation_rate": 0.52,
  "collision_rate": 0.05333333333333334,
  "near_miss_rate": 0.82,
  "intervention_rate": 0.7733333333333333,
  "override_success_rate": 0.3275862068965517,
  "mean_intervention_delay": 3.0,
  "operator_workload": 0.7733333333333333,
  "mean_drift": 6.814626330554181,
  "p95_drift": 37.23506463091879,
  "mean_latency_ms": 1.1080041535509129,
  "risk_mean": 0.8729627571993582,
  "risk_p05": 0.417974585844481,
  "risk_p25": 0.6933934275541415,
  "risk_p50": 1.0,
  "risk_p75": 1.0,
  "risk_p95": 1.0,
  "separation_risk_mean": 0.6844997869103668,
  "congestion_risk_mean": 0.43879492539324577,
  "speed_risk_mean": 0.6603054539020193,
  "uncertainty_risk_mean": 0.6348081429327146,
  "human_activation_count": 116,
  "cooldown_skips": 34,
  "suppressed_request_count": 34,
  "suppressed_critical_count": 0,
  "cooldown_release_count": 110,
  "critical_override_count": 109,
  "critical_trigger_rate": 0.7266666666666667,
  "trigger_active_rate": 1.0,
  "confidence_mean": 0.6185269486504115,
  "false_intervention_rate": 0.07758620689655173,
  "repeated_intervention_rate": 0.9137931034482759,
  "post_intervention_violation_rate": 0.5877862595419847,
  "mean_drift_after_intervention": 7.863736934845179,
  "min_predicted_distance_mean": 0.8505275081745233
}