{
  "violation_rate": 0.14666666666666667,
  "collision_rate": 0.0,
  "near_miss_rate": 0.36666666666666664,
  "intervention_rate": 0.16666666666666666,
  "override_success_rate": 0.44,
  "mean_intervention_delay": 5.0,
  "operator_workload": 0.16666666666666666,
  "mean_drift": 14.923069455904562,
  "p95_drift": 28.446692065824276,
  "mean_latency_ms": 0.6948191594953338,
  "risk_mean": 0.4796177675154669,
  "risk_p95": 0.674499999999984,
  "separation_risk_mean": 0.40303148952495843,
  "congestion_risk_mean": 0.22919558261073877,
  "speed_risk_mean": 0.9672102817745039,
  "uncertainty_risk_mean": 0.6391543954025022,
  "human_activation_count": 25,
  "cooldown_skips": 125,
  "trigger_active_rate": 1.0,
  "confidence_mean": 0.8499142448521452,
  "false_intervention_rate": 0.24
}