{
  "violation_rate": 0.013333333333333334,
  "collision_rate": 0.0,
  "near_miss_rate": 0.5533333333333333,
  "intervention_rate": 0.14666666666666667,
  "override_success_rate": 0.9545454545454546,
  "mean_intervention_delay": 0.0,
  "operator_workload": 0.14666666666666667,
  "mean_drift": 11.420677461831312,
  "p95_drift": 34.86367292808536,
  "mean_latency_ms": 0.3660066198790446,
  "risk_mean": 0.4887618772041598,
  "risk_p95": 0.6744999999999616,
  "separation_risk_mean": 0.4201497001263538,
  "congestion_risk_mean": 0.23047112213916202,
  "speed_risk_mean": 0.9738448774167339,
  "uncertainty_risk_mean": 0.64,
  "human_activation_count": 22,
  "cooldown_skips": 105,
  "trigger_active_rate": 0.8466666666666667,
  "confidence_mean": 0.9500000000000002,
  "false_intervention_rate": 0.18181818181818182
}