{
  "violation_rate": 0.1,
  "collision_rate": 0.0,
  "near_miss_rate": 0.0,
  "intervention_rate": 0.16666666666666666,
  "override_success_rate": 0.64,
  "mean_intervention_delay": 3.0,
  "operator_workload": 0.16666666666666666,
  "mean_drift": 15.378538907326467,
  "p95_drift": 32.162950410012414,
  "mean_latency_ms": 0.3774972526783434,
  "risk_mean": 0.27382911742312577,
  "risk_p95": 0.48948638832955,
  "separation_risk_mean": 0.047663713922001125,
  "congestion_risk_mean": 0.02933471972284428,
  "speed_risk_mean": 0.9936451081834282,
  "uncertainty_risk_mean": 0.64,
  "human_activation_count": 25,
  "cooldown_skips": 125,
  "trigger_active_rate": 1.0,
  "confidence_mean": 0.8785618423815542,
  "false_intervention_rate": 0.32
}