{
  "violation_rate": 0.05333333333333334,
  "collision_rate": 0.0,
  "near_miss_rate": 0.2,
  "intervention_rate": 0.6866666666666666,
  "override_success_rate": 0.9223300970873787,
  "mean_intervention_delay": 0.0,
  "operator_workload": 0.6866666666666666,
  "mean_drift": 13.586446547385464,
  "p95_drift": 29.996084007983786,
  "mean_latency_ms": 0.47437579681475955,
  "risk_mean": 0.8419590468247699,
  "risk_p05": 0.4236605724965796,
  "risk_p25": 0.6474512589926052,
  "risk_p50": 1.0,
  "risk_p75": 1.0,
  "risk_p95": 1.0,
  "separation_risk_mean": 0.2377065947672052,
  "congestion_risk_mean": 0.14862957992542505,
  "speed_risk_mean": 0.9696377460635782,
  "uncertainty_risk_mean": 0.6356159681806567,
  "human_activation_count": 103,
  "cooldown_skips": 47,
  "suppressed_request_count": 47,
  "suppressed_critical_count": 0,
  "cooldown_release_count": 101,
  "critical_override_count": 101,
  "critical_trigger_rate": 0.6733333333333333,
  "trigger_active_rate": 1.0,
  "confidence_mean": 0.9500000000000002,
  "false_intervention_rate": 0.04854368932038835,
  "repeated_intervention_rate": 0.941747572815534,
  "post_intervention_violation_rate": 0.07272727272727272,
  "mean_drift_after_intervention": 17.26084784156282,
  "min_predicted_distance_mean": 2.7962342327672025
}