{
  "violation_rate": 0.7333333333333333,
  "collision_rate": 0.0,
  "near_miss_rate": 0.17333333333333334,
  "intervention_rate": 0.7933333333333333,
  "override_success_rate": 0.07563025210084033,
  "mean_intervention_delay": 5.0,
  "operator_workload": 0.7933333333333333,
  "mean_drift": 7.496210532099645,
  "p95_drift": 27.28808224523256,
  "mean_latency_ms": 1.9437974691390991,
  "risk_mean": 0.8842965365920815,
  "risk_p05": 0.3858184648033559,
  "risk_p25": 1.0,
  "risk_p50": 1.0,
  "risk_p75": 1.0,
  "risk_p95": 1.0,
  "separation_risk_mean": 0.14112281346600733,
  "congestion_risk_mean": 0.10181920515707137,
  "speed_risk_mean": 0.8322583925253424,
  "uncertainty_risk_mean": 0.6292451099306895,
  "human_activation_count": 119,
  "cooldown_skips": 31,
  "suppressed_request_count": 31,
  "suppressed_critical_count": 0,
  "cooldown_release_count": 114,
  "critical_override_count": 114,
  "critical_trigger_rate": 0.76,
  "trigger_active_rate": 0.9666666666666667,
  "confidence_mean": 0.4735918054962103,
  "false_intervention_rate": 0.05042016806722689,
  "repeated_intervention_rate": 0.9327731092436975,
  "post_intervention_violation_rate": 0.8244274809160306,
  "mean_drift_after_intervention": 8.803214959806123,
  "min_predicted_distance_mean": 5.850757381317064
}