{
  "violation_rate": 0.07333333333333333,
  "collision_rate": 0.0,
  "near_miss_rate": 0.006666666666666667,
  "intervention_rate": 0.7733333333333333,
  "override_success_rate": 0.9051724137931034,
  "mean_intervention_delay": 0.0,
  "operator_workload": 0.7733333333333333,
  "mean_drift": 12.49019827794129,
  "p95_drift": 30.614785538760245,
  "mean_latency_ms": 0.5437447611863414,
  "risk_mean": 0.8206004370792656,
  "risk_p05": 0.24599999999990194,
  "risk_p25": 0.4787218876084455,
  "risk_p50": 1.0,
  "risk_p75": 1.0,
  "risk_p95": 1.0,
  "separation_risk_mean": 0.06237189697659223,
  "congestion_risk_mean": 0.034561072271603877,
  "speed_risk_mean": 0.9520544300831841,
  "uncertainty_risk_mean": 0.6338246585976834,
  "human_activation_count": 116,
  "cooldown_skips": 34,
  "suppressed_request_count": 34,
  "suppressed_critical_count": 0,
  "cooldown_release_count": 110,
  "critical_override_count": 109,
  "critical_trigger_rate": 0.7266666666666667,
  "trigger_active_rate": 1.0,
  "confidence_mean": 0.9500000000000002,
  "false_intervention_rate": 0.09482758620689655,
  "repeated_intervention_rate": 0.9310344827586207,
  "post_intervention_violation_rate": 0.07751937984496124,
  "mean_drift_after_intervention": 14.809202857946152,
  "min_predicted_distance_mean": 5.356569209485115
}