{
  "violation_rate": 0.03333333333333333,
  "collision_rate": 0.0,
  "near_miss_rate": 0.7466666666666667,
  "intervention_rate": 1.0,
  "override_success_rate": 0.9666666666666667,
  "mean_intervention_delay": 0.0,
  "operator_workload": 1.0,
  "mean_drift": 11.992472482825397,
  "p95_drift": 28.003498112622115,
  "mean_latency_ms": 0.4440877734062572,
  "risk_mean": 0.5674507180473278,
  "risk_p95": 0.7278193064130125,
  "separation_risk_mean": 0.5623426021124583,
  "congestion_risk_mean": 0.3384180166539711,
  "speed_risk_mean": 0.9001635062150929,
  "uncertainty_risk_mean": 0.6317834466730987,
  "human_activation_count": 150,
  "cooldown_skips": 0,
  "trigger_active_rate": 1.0,
  "confidence_mean": 0.9500000000000002,
  "false_intervention_rate": 0.2866666666666667
}