{
  "violation_rate": 0.74,
  "collision_rate": 0.013333333333333334,
  "near_miss_rate": 0.013333333333333334,
  "intervention_rate": 0.76,
  "override_success_rate": 0.02631578947368421,
  "mean_intervention_delay": 10.0,
  "operator_workload": 0.76,
  "mean_drift": 24.137822407259502,
  "p95_drift": 100.87755326968907,
  "mean_latency_ms": 2.1607994148507714,
  "risk_mean": 0.8202293050135381,
  "risk_p05": 0.2159999999999321,
  "risk_p25": 1.0,
  "risk_p50": 1.0,
  "risk_p75": 1.0,
  "risk_p95": 1.0,
  "separation_risk_mean": 0.026125340849040737,
  "congestion_risk_mean": 0.023026500027613563,
  "speed_risk_mean": 0.9163674311174501,
  "uncertainty_risk_mean": 0.639763100417803,
  "human_activation_count": 114,
  "cooldown_skips": 10,
  "suppressed_request_count": 10,
  "suppressed_critical_count": 0,
  "cooldown_release_count": 113,
  "critical_override_count": 113,
  "critical_trigger_rate": 0.7533333333333333,
  "trigger_active_rate": 0.8266666666666667,
  "confidence_mean": 0.32571207449683437,
  "false_intervention_rate": 0.02631578947368421,
  "repeated_intervention_rate": 0.9736842105263158,
  "post_intervention_violation_rate": 0.9401709401709402,
  "mean_drift_after_intervention": 29.46443559326331,
  "min_predicted_distance_mean": 8.085852844986093
}