{
  "violation_rate": 0.006666666666666667,
  "collision_rate": 0.006666666666666667,
  "near_miss_rate": 0.8466666666666667,
  "intervention_rate": 0.0,
  "override_success_rate": 0.0,
  "mean_intervention_delay": 0.0,
  "operator_workload": 0.0,
  "mean_drift": 16.180993546263505,
  "p95_drift": 48.876269013257726,
  "mean_latency_ms": 0.6080608592795519,
  "risk_mean": 0.607115041901651,
  "risk_p95": 0.6744999999999829,
  "separation_risk_mean": 0.6195662727598662,
  "congestion_risk_mean": 0.3459248739551609,
  "speed_risk_mean": 0.9769155634003523,
  "uncertainty_risk_mean": 0.6352777744057877,
  "human_activation_count": 0,
  "cooldown_skips": 0,
  "trigger_active_rate": 0.0,
  "confidence_mean": 0.9500000000000002,
  "false_intervention_rate": 0.0
}