{
  "violation_rate": 0.08666666666666667,
  "collision_rate": 0.013333333333333334,
  "near_miss_rate": 2.78,
  "intervention_rate": 0.9466666666666667,
  "override_success_rate": 0.9084507042253521,
  "mean_intervention_delay": 0.0,
  "operator_workload": 0.9466666666666667,
  "mean_drift": 9.473545604595275,
  "p95_drift": 31.085844434863198,
  "mean_latency_ms": 5.325298640721788,
  "risk_mean": 0.9795207847009074,
  "risk_p05": 0.8415733733177464,
  "risk_p25": 1.0,
  "risk_p50": 1.0,
  "risk_p75": 1.0,
  "risk_p95": 1.0,
  "separation_risk_mean": 0.7188837828447708,
  "congestion_risk_mean": 0.374897691675312,
  "speed_risk_mean": 0.7421724768896364,
  "uncertainty_risk_mean": 0.6384056326046297,
  "human_activation_count": 142,
  "cooldown_skips": 8,
  "suppressed_request_count": 8,
  "suppressed_critical_count": 0,
  "cooldown_release_count": 142,
  "critical_override_count": 142,
  "critical_trigger_rate": 0.9466666666666667,
  "trigger_active_rate": 1.0,
  "confidence_mean": 0.9500000000000002,
  "false_intervention_rate": 0.0,
  "repeated_intervention_rate": 0.9436619718309859,
  "post_intervention_violation_rate": 0.087248322147651,
  "mean_drift_after_intervention": 9.775260580176372,
  "min_predicted_distance_mean": 0.3516087304875263
}