{
  "violation_rate": 0.05333333333333334,
  "collision_rate": 0.0,
  "near_miss_rate": 0.02666666666666667,
  "intervention_rate": 0.8,
  "override_success_rate": 0.9333333333333333,
  "mean_intervention_delay": 0.0,
  "operator_workload": 0.8,
  "mean_drift": 13.439548747808626,
  "p95_drift": 30.181287776365263,
  "mean_latency_ms": 0.5111055565066636,
  "risk_mean": 0.8116083647749444,
  "risk_p05": 0.22063652940683795,
  "risk_p25": 0.5297401269174157,
  "risk_p50": 1.0,
  "risk_p75": 1.0,
  "risk_p95": 1.0,
  "separation_risk_mean": 0.028711315198171126,
  "congestion_risk_mean": 0.023518274566095634,
  "speed_risk_mean": 0.9633145936391717,
  "uncertainty_risk_mean": 0.64,
  "human_activation_count": 120,
  "cooldown_skips": 0,
  "suppressed_request_count": 0,
  "suppressed_critical_count": 0,
  "cooldown_release_count": 111,
  "critical_override_count": 111,
  "critical_trigger_rate": 0.74,
  "trigger_active_rate": 0.8,
  "confidence_mean": 0.9500000000000002,
  "false_intervention_rate": 0.11666666666666667,
  "repeated_intervention_rate": 0.9833333333333333,
  "post_intervention_violation_rate": 0.06611570247933884,
  "mean_drift_after_intervention": 15.405569576410514,
  "min_predicted_distance_mean": 14.671498880340032
}