{
  "violation_rate": 0.3466666666666667,
  "collision_rate": 0.006666666666666667,
  "near_miss_rate": 0.04666666666666667,
  "intervention_rate": 0.7733333333333333,
  "override_success_rate": 0.5517241379310345,
  "mean_intervention_delay": 0.0,
  "operator_workload": 0.7733333333333333,
  "mean_drift": 10.379441158851648,
  "p95_drift": 24.966818982425913,
  "mean_latency_ms": 0.8500899405529102,
  "risk_mean": 0.8399293341327319,
  "risk_p05": 0.24599999999987235,
  "risk_p25": 0.6589538778178617,
  "risk_p50": 1.0,
  "risk_p75": 1.0,
  "risk_p95": 1.0,
  "separation_risk_mean": 0.08593238871122935,
  "congestion_risk_mean": 0.050855381313547283,
  "speed_risk_mean": 0.9073689411166455,
  "uncertainty_risk_mean": 0.64,
  "human_activation_count": 116,
  "cooldown_skips": 34,
  "suppressed_request_count": 34,
  "suppressed_critical_count": 0,
  "cooldown_release_count": 109,
  "critical_override_count": 109,
  "critical_trigger_rate": 0.7266666666666667,
  "trigger_active_rate": 1.0,
  "confidence_mean": 0.75,
  "false_intervention_rate": 0.07758620689655173,
  "repeated_intervention_rate": 0.9310344827586207,
  "post_intervention_violation_rate": 0.3953488372093023,
  "mean_drift_after_intervention": 11.432016950471056,
  "min_predicted_distance_mean": 5.080420813424695
}