{
  "violation_rate": 0.0,
  "collision_rate": 0.0,
  "near_miss_rate": 0.3,
  "intervention_rate": 0.16666666666666666,
  "override_success_rate": 1.0,
  "mean_intervention_delay": 0.0,
  "operator_workload": 0.16666666666666666,
  "mean_drift": 7.974097790362755,
  "p95_drift": 21.50756917969353,
  "mean_latency_ms": 0.26877060076609877,
  "risk_mean": 0.44056772444448955,
  "risk_p95": 0.6688696022363574,
  "separation_risk_mean": 0.3421650114337215,
  "congestion_risk_mean": 0.22696990627721106,
  "speed_risk_mean": 0.9019843111590276,
  "uncertainty_risk_mean": 0.6303556403743868,
  "human_activation_count": 25,
  "cooldown_skips": 125,
  "trigger_active_rate": 1.0,
  "confidence_mean": 1.0,
  "false_intervention_rate": 0.28
}