{
  "violation_rate": 0.013333333333333334,
  "collision_rate": 0.0,
  "near_miss_rate": 0.18,
  "intervention_rate": 0.16666666666666666,
  "override_success_rate": 0.96,
  "mean_intervention_delay": 0.0,
  "operator_workload": 0.16666666666666666,
  "mean_drift": 15.300327492065213,
  "p95_drift": 32.11971884242555,
  "mean_latency_ms": 0.36445056030061096,
  "risk_mean": 0.31997428040855325,
  "risk_p95": 0.6274907368332362,
  "separation_risk_mean": 0.15325133406968533,
  "congestion_risk_mean": 0.08470853874312868,
  "speed_risk_mean": 0.8922269692760845,
  "uncertainty_risk_mean": 0.64,
  "human_activation_count": 25,
  "cooldown_skips": 125,
  "trigger_active_rate": 1.0,
  "confidence_mean": 0.9500000000000002,
  "false_intervention_rate": 0.16
}