{
  "violation_rate": 0.08666666666666667,
  "collision_rate": 0.0,
  "near_miss_rate": 0.04,
  "intervention_rate": 0.8266666666666667,
  "override_success_rate": 0.8951612903225806,
  "mean_intervention_delay": 0.0,
  "operator_workload": 0.8266666666666667,
  "mean_drift": 15.03183022065175,
  "p95_drift": 32.735797304874225,
  "mean_latency_ms": 0.47604726317028206,
  "risk_mean": 0.8188735860835533,
  "risk_p05": 0.21599999999993688,
  "risk_p25": 0.7848974614946723,
  "risk_p50": 1.0,
  "risk_p75": 1.0,
  "risk_p95": 1.0,
  "separation_risk_mean": 0.026286562329024186,
  "congestion_risk_mean": 0.03051743489929811,
  "speed_risk_mean": 0.968756017905697,
  "uncertainty_risk_mean": 0.64,
  "human_activation_count": 124,
  "cooldown_skips": 26,
  "suppressed_request_count": 26,
  "suppressed_critical_count": 0,
  "cooldown_release_count": 111,
  "critical_override_count": 111,
  "critical_trigger_rate": 0.74,
  "trigger_active_rate": 1.0,
  "confidence_mean": 0.9500000000000002,
  "false_intervention_rate": 0.11290322580645161,
  "repeated_intervention_rate": 0.8870967741935484,
  "post_intervention_violation_rate": 0.087248322147651,
  "mean_drift_after_intervention": 16.532960353369624,
  "min_predicted_distance_mean": 8.147970117426786
}