{
  "violation_rate": 0.04666666666666667,
  "collision_rate": 0.006666666666666667,
  "near_miss_rate": 1.0733333333333333,
  "intervention_rate": 0.8333333333333334,
  "override_success_rate": 0.944,
  "mean_intervention_delay": 0.0,
  "operator_workload": 0.8333333333333334,
  "mean_drift": 13.104047464837643,
  "p95_drift": 37.233705947423836,
  "mean_latency_ms": 2.561845830641687,
  "risk_mean": 0.8860048744117808,
  "risk_p05": 0.2459999999998968,
  "risk_p25": 1.0,
  "risk_p50": 1.0,
  "risk_p75": 1.0,
  "risk_p95": 1.0,
  "separation_risk_mean": 0.39081259504002014,
  "congestion_risk_mean": 0.19858356760694199,
  "speed_risk_mean": 0.9591562106918341,
  "uncertainty_risk_mean": 0.6371067574481956,
  "human_activation_count": 125,
  "cooldown_skips": 25,
  "suppressed_request_count": 25,
  "suppressed_critical_count": 0,
  "cooldown_release_count": 121,
  "critical_override_count": 121,
  "critical_trigger_rate": 0.8066666666666666,
  "trigger_active_rate": 1.0,
  "confidence_mean": 0.9500000000000002,
  "false_intervention_rate": 0.064,
  "repeated_intervention_rate": 0.952,
  "post_intervention_violation_rate": 0.04477611940298507,
  "mean_drift_after_intervention": 14.25348937384577,
  "min_predicted_distance_mean": 1.916514999614944
}