{
  "violation_rate": 0.06666666666666667,
  "collision_rate": 0.0,
  "near_miss_rate": 0.68,
  "intervention_rate": 0.7333333333333333,
  "override_success_rate": 0.9090909090909091,
  "mean_intervention_delay": 0.0,
  "operator_workload": 0.7333333333333333,
  "mean_drift": 12.022711414337367,
  "p95_drift": 28.00679169345502,
  "mean_latency_ms": 0.5792097188532352,
  "risk_mean": 0.8019087397528951,
  "risk_p05": 0.24599999999985533,
  "risk_p25": 0.4474653146784129,
  "risk_p50": 1.0,
  "risk_p75": 1.0,
  "risk_p95": 1.0,
  "separation_risk_mean": 0.5470195128310316,
  "congestion_risk_mean": 0.3276390017880205,
  "speed_risk_mean": 0.8886817242513,
  "uncertainty_risk_mean": 0.6309278505290598,
  "human_activation_count": 110,
  "cooldown_skips": 40,
  "suppressed_request_count": 40,
  "suppressed_critical_count": 0,
  "cooldown_release_count": 107,
  "critical_override_count": 107,
  "critical_trigger_rate": 0.7133333333333334,
  "trigger_active_rate": 1.0,
  "confidence_mean": 0.9500000000000002,
  "false_intervention_rate": 0.03636363636363636,
  "repeated_intervention_rate": 0.9727272727272728,
  "post_intervention_violation_rate": 0.08849557522123894,
  "mean_drift_after_intervention": 14.25868604079013,
  "min_predicted_distance_mean": 1.0451971061276226
}