{
  "violation_rate": 0.03333333333333333,
  "collision_rate": 0.0,
  "near_miss_rate": 0.16666666666666666,
  "intervention_rate": 0.9333333333333333,
  "override_success_rate": 0.9642857142857143,
  "mean_intervention_delay": 0.0,
  "operator_workload": 0.9333333333333333,
  "mean_drift": 7.503582687488558,
  "p95_drift": 25.691540493184807,
  "mean_latency_ms": 0.39102000650018454,
  "risk_mean": 0.8468718690333854,
  "risk_p05": 0.21994158257985544,
  "risk_p25": 0.656457477534792,
  "risk_p50": 1.0,
  "risk_p75": 1.0,
  "risk_p95": 1.0,
  "separation_risk_mean": 0.216784451169585,
  "congestion_risk_mean": 0.12951497027614356,
  "speed_risk_mean": 0.672071359818302,
  "uncertainty_risk_mean": 0.6390636506498047,
  "human_activation_count": 140,
  "cooldown_skips": 0,
  "suppressed_request_count": 0,
  "suppressed_critical_count": 0,
  "cooldown_release_count": 109,
  "critical_override_count": 109,
  "critical_trigger_rate": 0.7266666666666667,
  "trigger_active_rate": 0.9333333333333333,
  "confidence_mean": 0.9500000000000002,
  "false_intervention_rate": 0.19285714285714287,
  "repeated_intervention_rate": 0.9857142857142858,
  "post_intervention_violation_rate": 0.03546099290780142,
  "mean_drift_after_intervention": 7.803103891125775,
  "min_predicted_distance_mean": 4.937480453750043
}