{
  "violation_rate": 0.06,
  "collision_rate": 0.0,
  "near_miss_rate": 0.5466666666666666,
  "intervention_rate": 0.8066666666666666,
  "override_success_rate": 0.9256198347107438,
  "mean_intervention_delay": 0.0,
  "operator_workload": 0.8066666666666666,
  "mean_drift": 2.989727841662782,
  "p95_drift": 9.91610551906493,
  "mean_latency_ms": 0.5187208647839725,
  "risk_mean": 0.8707199820374751,
  "risk_p05": 0.24599999999980215,
  "risk_p25": 1.0,
  "risk_p50": 1.0,
  "risk_p75": 1.0,
  "risk_p95": 1.0,
  "separation_risk_mean": 0.19256552201660881,
  "congestion_risk_mean": 0.17199643227939415,
  "speed_risk_mean": 0.7534050493292186,
  "uncertainty_risk_mean": 0.5727830826883121,
  "human_activation_count": 121,
  "cooldown_skips": 29,
  "suppressed_request_count": 29,
  "suppressed_critical_count": 0,
  "cooldown_release_count": 120,
  "critical_override_count": 120,
  "critical_trigger_rate": 0.8,
  "trigger_active_rate": 1.0,
  "confidence_mean": 0.9500000000000002,
  "false_intervention_rate": 0.09917355371900827,
  "repeated_intervention_rate": 0.9504132231404959,
  "post_intervention_violation_rate": 0.07086614173228346,
  "mean_drift_after_intervention": 3.2679894618037855,
  "min_predicted_distance_mean": 5.324265461211059
}