{
  "violation_rate": 0.0,
  "collision_rate": 0.0,
  "near_miss_rate": 0.07333333333333333,
  "intervention_rate": 0.05333333333333334,
  "override_success_rate": 1.0,
  "mean_intervention_delay": 0.0,
  "operator_workload": 0.05333333333333334,
  "mean_drift": 6.867725013704738,
  "p95_drift": 22.82320371591842,
  "mean_latency_ms": 0.3626955600338988,
  "risk_mean": 0.27484003244707234,
  "risk_p95": 0.570061765115121,
  "separation_risk_mean": 0.06649530517262425,
  "congestion_risk_mean": 0.04966519648184283,
  "speed_risk_mean": 0.916553311582284,
  "uncertainty_risk_mean": 0.6334523284105872,
  "human_activation_count": 8,
  "cooldown_skips": 142,
  "trigger_active_rate": 1.0,
  "confidence_mean": 0.9500000000000002,
  "false_intervention_rate": 0.25
}