{
  "violation_rate": 0.6866666666666666,
  "collision_rate": 0.0,
  "near_miss_rate": 0.24,
  "intervention_rate": 0.7866666666666666,
  "override_success_rate": 0.1271186440677966,
  "mean_intervention_delay": 5.0,
  "operator_workload": 0.7866666666666666,
  "mean_drift": 11.038705404134054,
  "p95_drift": 30.217016455874635,
  "mean_latency_ms": 1.992109442750613,
  "risk_mean": 0.9034728891578713,
  "risk_p05": 0.5872868897054613,
  "risk_p25": 0.7558749999998766,
  "risk_p50": 1.0,
  "risk_p75": 1.0,
  "risk_p95": 1.0,
  "separation_risk_mean": 0.4369722696537489,
  "congestion_risk_mean": 0.24546147682648145,
  "speed_risk_mean": 0.9555150455313632,
  "uncertainty_risk_mean": 0.6371550442329486,
  "human_activation_count": 118,
  "cooldown_skips": 32,
  "suppressed_request_count": 32,
  "suppressed_critical_count": 0,
  "cooldown_release_count": 112,
  "critical_override_count": 112,
  "critical_trigger_rate": 0.7466666666666667,
  "trigger_active_rate": 1.0,
  "confidence_mean": 0.47759523570212453,
  "false_intervention_rate": 0.059322033898305086,
  "repeated_intervention_rate": 0.9322033898305084,
  "post_intervention_violation_rate": 0.7862595419847328,
  "mean_drift_after_intervention": 12.63684727283562,
  "min_predicted_distance_mean": 1.783040033326938
}