{
  "violation_rate": 0.0,
  "collision_rate": 0.006666666666666667,
  "near_miss_rate": 0.08666666666666667,
  "intervention_rate": 0.16666666666666666,
  "override_success_rate": 1.0,
  "mean_intervention_delay": 0.0,
  "operator_workload": 0.16666666666666666,
  "mean_drift": 14.699354681122655,
  "p95_drift": 25.11909774108141,
  "mean_latency_ms": 0.38634725322481245,
  "risk_mean": 0.30207062034910914,
  "risk_p95": 0.6412258202405045,
  "separation_risk_mean": 0.09471592837122972,
  "congestion_risk_mean": 0.054565805500217196,
  "speed_risk_mean": 0.9987133413800093,
  "uncertainty_risk_mean": 0.64,
  "human_activation_count": 25,
  "cooldown_skips": 125,
  "trigger_active_rate": 1.0,
  "confidence_mean": 0.9500000000000002,
  "false_intervention_rate": 0.12
}