{
  "violation_rate": 0.02666666666666667,
  "collision_rate": 0.006666666666666667,
  "near_miss_rate": 1.1333333333333333,
  "intervention_rate": 0.16666666666666666,
  "override_success_rate": 0.92,
  "mean_intervention_delay": 0.0,
  "operator_workload": 0.16666666666666666,
  "mean_drift": 2.0151261198582677,
  "p95_drift": 8.077673693854486,
  "mean_latency_ms": 0.43130749351500225,
  "risk_mean": 0.6492535962779166,
  "risk_p95": 0.7677375459253477,
  "separation_risk_mean": 0.7168576644045371,
  "congestion_risk_mean": 0.491710757487268,
  "speed_risk_mean": 0.7268432109573278,
  "uncertainty_risk_mean": 0.6314231752030572,
  "human_activation_count": 25,
  "cooldown_skips": 125,
  "trigger_active_rate": 1.0,
  "confidence_mean": 0.9000000000000004,
  "false_intervention_rate": 0.24
}