{
  "violation_rate": 0.03333333333333333,
  "collision_rate": 0.0,
  "near_miss_rate": 0.02666666666666667,
  "intervention_rate": 0.7533333333333333,
  "override_success_rate": 0.9557522123893806,
  "mean_intervention_delay": 0.0,
  "operator_workload": 0.7533333333333333,
  "mean_drift": 12.676667570352215,
  "p95_drift": 34.60480547043008,
  "mean_latency_ms": 0.3899238584563136,
  "risk_mean": 0.8205252272337362,
  "risk_p05": 0.24599999999985833,
  "risk_p25": 0.6122406559483072,
  "risk_p50": 1.0,
  "risk_p75": 1.0,
  "risk_p95": 1.0,
  "separation_risk_mean": 0.04566297854399013,
  "congestion_risk_mean": 0.03565502948349579,
  "speed_risk_mean": 0.9811266069916189,
  "uncertainty_risk_mean": 0.6399164786837332,
  "human_activation_count": 113,
  "cooldown_skips": 37,
  "suppressed_request_count": 37,
  "suppressed_critical_count": 0,
  "cooldown_release_count": 109,
  "critical_override_count": 109,
  "critical_trigger_rate": 0.7266666666666667,
  "trigger_active_rate": 1.0,
  "confidence_mean": 0.9500000000000002,
  "false_intervention_rate": 0.05309734513274336,
  "repeated_intervention_rate": 0.9557522123893806,
  "post_intervention_violation_rate": 0.041666666666666664,
  "mean_drift_after_intervention": 15.024791531653744,
  "min_predicted_distance_mean": 4.400577940091908
}