{
  "violation_rate": 0.08,
  "collision_rate": 0.006666666666666667,
  "near_miss_rate": 0.08666666666666667,
  "intervention_rate": 0.8066666666666666,
  "override_success_rate": 0.9008264462809917,
  "mean_intervention_delay": 0.0,
  "operator_workload": 0.8066666666666666,
  "mean_drift": 9.253615021948193,
  "p95_drift": 20.74502723419419,
  "mean_latency_ms": 0.5376094564174613,
  "risk_mean": 0.8589560520136039,
  "risk_p05": 0.24599999999981892,
  "risk_p25": 1.0,
  "risk_p50": 1.0,
  "risk_p75": 1.0,
  "risk_p95": 1.0,
  "separation_risk_mean": 0.09062273095197591,
  "congestion_risk_mean": 0.05832622846760716,
  "speed_risk_mean": 0.9198737865908364,
  "uncertainty_risk_mean": 0.6350935159625063,
  "human_activation_count": 121,
  "cooldown_skips": 29,
  "suppressed_request_count": 29,
  "suppressed_critical_count": 0,
  "cooldown_release_count": 117,
  "critical_override_count": 117,
  "critical_trigger_rate": 0.78,
  "trigger_active_rate": 1.0,
  "confidence_mean": 0.9500000000000002,
  "false_intervention_rate": 0.11570247933884298,
  "repeated_intervention_rate": 0.9338842975206612,
  "post_intervention_violation_rate": 0.08955223880597014,
  "mean_drift_after_intervention": 10.649245950975438,
  "min_predicted_distance_mean": 7.635022335398389
}