{
  "violation_rate": 0.08,
  "collision_rate": 0.0,
  "near_miss_rate": 0.26,
  "intervention_rate": 0.8133333333333334,
  "override_success_rate": 0.9016393442622951,
  "mean_intervention_delay": 0.0,
  "operator_workload": 0.8133333333333334,
  "mean_drift": 12.096615424209265,
  "p95_drift": 28.900185437869837,
  "mean_latency_ms": 0.580515027201424,
  "risk_mean": 0.8524193937862392,
  "risk_p05": 0.29999999999987853,
  "risk_p25": 1.0,
  "risk_p50": 1.0,
  "risk_p75": 1.0,
  "risk_p95": 1.0,
  "separation_risk_mean": 0.18610005905610882,
  "congestion_risk_mean": 0.1471109682218715,
  "speed_risk_mean": 0.9598954698191746,
  "uncertainty_risk_mean": 0.9984559433329059,
  "human_activation_count": 122,
  "cooldown_skips": 28,
  "suppressed_request_count": 28,
  "suppressed_critical_count": 0,
  "cooldown_release_count": 117,
  "critical_override_count": 117,
  "critical_trigger_rate": 0.78,
  "trigger_active_rate": 1.0,
  "confidence_mean": 0.9500000000000002,
  "false_intervention_rate": 0.08196721311475409,
  "repeated_intervention_rate": 0.9426229508196722,
  "post_intervention_violation_rate": 0.09022556390977443,
  "mean_drift_after_intervention": 13.420714364791513,
  "min_predicted_distance_mean": 5.06888345859559
}