{
  "violation_rate": 0.02666666666666667,
  "collision_rate": 0.0,
  "near_miss_rate": 0.0,
  "intervention_rate": 0.16666666666666666,
  "override_success_rate": 0.92,
  "mean_intervention_delay": 0.0,
  "operator_workload": 0.16666666666666666,
  "mean_drift": 11.264339885185343,
  "p95_drift": 24.883113369903874,
  "mean_latency_ms": 0.5917371923957641,
  "risk_mean": 0.2522142846899185,
  "risk_p95": 0.2752891679492447,
  "separation_risk_mean": 0.012235073527849345,
  "congestion_risk_mean": 0.006704149878273615,
  "speed_risk_mean": 0.993549760885453,
  "uncertainty_risk_mean": 0.64,
  "human_activation_count": 25,
  "cooldown_skips": 124,
  "trigger_active_rate": 0.9933333333333333,
  "confidence_mean": 0.9500000000000002,
  "false_intervention_rate": 0.24
}