{
  "violation_rate": 0.06666666666666667,
  "collision_rate": 0.0,
  "near_miss_rate": 1.4333333333333333,
  "intervention_rate": 0.86,
  "override_success_rate": 0.9224806201550387,
  "mean_intervention_delay": 0.0,
  "operator_workload": 0.86,
  "mean_drift": 10.407707432697702,
  "p95_drift": 23.913447806380425,
  "mean_latency_ms": 2.6511086019066474,
  "risk_mean": 0.914477095276632,
  "risk_p05": 0.3530016853357837,
  "risk_p25": 1.0,
  "risk_p50": 1.0,
  "risk_p75": 1.0,
  "risk_p95": 1.0,
  "separation_risk_mean": 0.5451445729356686,
  "congestion_risk_mean": 0.20870405963842506,
  "speed_risk_mean": 0.8453112990669337,
  "uncertainty_risk_mean": 0.6315448918702667,
  "human_activation_count": 129,
  "cooldown_skips": 21,
  "suppressed_request_count": 21,
  "suppressed_critical_count": 0,
  "cooldown_release_count": 126,
  "critical_override_count": 126,
  "critical_trigger_rate": 0.84,
  "trigger_active_rate": 1.0,
  "confidence_mean": 0.9500000000000002,
  "false_intervention_rate": 0.03875968992248062,
  "repeated_intervention_rate": 0.9534883720930233,
  "post_intervention_violation_rate": 0.07246376811594203,
  "mean_drift_after_intervention": 11.289726192351429,
  "min_predicted_distance_mean": 1.3543234426917257
}