{
  "violation_rate": 0.12,
  "collision_rate": 0.006666666666666667,
  "near_miss_rate": 0.6066666666666667,
  "intervention_rate": 0.8133333333333334,
  "override_success_rate": 0.8524590163934426,
  "mean_intervention_delay": 0.0,
  "operator_workload": 0.8133333333333334,
  "mean_drift": 12.046247813605854,
  "p95_drift": 27.912225920178834,
  "mean_latency_ms": 0.6480447699626287,
  "risk_mean": 0.8016828117856238,
  "risk_p05": 0.2459999999998688,
  "risk_p25": 0.45020261822692853,
  "risk_p50": 1.0,
  "risk_p75": 1.0,
  "risk_p95": 1.0,
  "separation_risk_mean": 0.5433141246580003,
  "congestion_risk_mean": 0.31869376094182283,
  "speed_risk_mean": 0.8803837826727166,
  "uncertainty_risk_mean": 0.6323078931838996,
  "human_activation_count": 122,
  "cooldown_skips": 28,
  "suppressed_request_count": 28,
  "suppressed_critical_count": 0,
  "cooldown_release_count": 107,
  "critical_override_count": 107,
  "critical_trigger_rate": 0.7133333333333334,
  "trigger_active_rate": 1.0,
  "confidence_mean": 0.9500000000000002,
  "false_intervention_rate": 0.13114754098360656,
  "repeated_intervention_rate": 0.8770491803278688,
  "post_intervention_violation_rate": 0.12080536912751678,
  "mean_drift_after_intervention": 13.463938540293054,
  "min_predicted_distance_mean": 1.0574560393786996
}