{
  "violation_rate": 0.08666666666666667,
  "collision_rate": 0.0,
  "near_miss_rate": 0.02,
  "intervention_rate": 0.7333333333333333,
  "override_success_rate": 0.8818181818181818,
  "mean_intervention_delay": 0.0,
  "operator_workload": 0.7333333333333333,
  "mean_drift": 10.795602497126103,
  "p95_drift": 31.817985895540907,
  "mean_latency_ms": 0.5268266409014662,
  "risk_mean": 0.7933031776773378,
  "risk_p05": 0.29999999999989324,
  "risk_p25": 0.4519514850490939,
  "risk_p50": 1.0,
  "risk_p75": 1.0,
  "risk_p95": 1.0,
  "separation_risk_mean": 0.06985949013307105,
  "congestion_risk_mean": 0.025968050407633905,
  "speed_risk_mean": 0.9584564899739458,
  "uncertainty_risk_mean": 1.0,
  "human_activation_count": 110,
  "cooldown_skips": 40,
  "suppressed_request_count": 40,
  "suppressed_critical_count": 0,
  "cooldown_release_count": 103,
  "critical_override_count": 100,
  "critical_trigger_rate": 0.6666666666666666,
  "trigger_active_rate": 1.0,
  "confidence_mean": 0.9500000000000002,
  "false_intervention_rate": 0.14545454545454545,
  "repeated_intervention_rate": 0.9,
  "post_intervention_violation_rate": 0.10236220472440945,
  "mean_drift_after_intervention": 13.292875375593276,
  "min_predicted_distance_mean": 3.812604255625582
}