{
  "violation_rate": 0.0,
  "collision_rate": 0.0,
  "near_miss_rate": 0.02666666666666667,
  "intervention_rate": 0.16666666666666666,
  "override_success_rate": 1.0,
  "mean_intervention_delay": 0.0,
  "operator_workload": 0.16666666666666666,
  "mean_drift": 13.425611600937385,
  "p95_drift": 30.082951844698037,
  "mean_latency_ms": 0.3518500465240019,
  "risk_mean": 0.2604107906634716,
  "risk_p95": 0.33813318243388196,
  "separation_risk_mean": 0.02637182558020181,
  "congestion_risk_mean": 0.02276021819323907,
  "speed_risk_mean": 0.9790227640271405,
  "uncertainty_risk_mean": 0.64,
  "human_activation_count": 25,
  "cooldown_skips": 125,
  "trigger_active_rate": 1.0,
  "confidence_mean": 0.9500000000000002,
  "false_intervention_rate": 0.28
}