{
  "violation_rate": 0.07333333333333333,
  "collision_rate": 0.013333333333333334,
  "near_miss_rate": 0.18,
  "intervention_rate": 0.7866666666666666,
  "override_success_rate": 0.9067796610169492,
  "mean_intervention_delay": 0.0,
  "operator_workload": 0.7866666666666666,
  "mean_drift": 11.46161630648244,
  "p95_drift": 37.86699529961385,
  "mean_latency_ms": 0.43708024236063164,
  "risk_mean": 0.8766930656052068,
  "risk_p05": 0.3339991850017582,
  "risk_p25": 1.0,
  "risk_p50": 1.0,
  "risk_p75": 1.0,
  "risk_p95": 1.0,
  "separation_risk_mean": 0.15362313323959825,
  "congestion_risk_mean": 0.0926651437778213,
  "speed_risk_mean": 0.8660915516624933,
  "uncertainty_risk_mean": 0.6303359521773554,
  "human_activation_count": 118,
  "cooldown_skips": 32,
  "suppressed_request_count": 32,
  "suppressed_critical_count": 0,
  "cooldown_release_count": 114,
  "critical_override_count": 114,
  "critical_trigger_rate": 0.76,
  "trigger_active_rate": 1.0,
  "confidence_mean": 0.9500000000000002,
  "false_intervention_rate": 0.0423728813559322,
  "repeated_intervention_rate": 0.9322033898305084,
  "post_intervention_violation_rate": 0.07633587786259542,
  "mean_drift_after_intervention": 13.206075778989707,
  "min_predicted_distance_mean": 5.0048999254862325
}