{
  "violation_rate": 0.14,
  "collision_rate": 0.006666666666666667,
  "near_miss_rate": 0.96,
  "intervention_rate": 0.8466666666666667,
  "override_success_rate": 0.8346456692913385,
  "mean_intervention_delay": 0.0,
  "operator_workload": 0.8466666666666667,
  "mean_drift": 8.186264705835587,
  "p95_drift": 24.924294829648357,
  "mean_latency_ms": 2.655067783780396,
  "risk_mean": 0.9149064183333907,
  "risk_p05": 0.40693584454459375,
  "risk_p25": 1.0,
  "risk_p50": 1.0,
  "risk_p75": 1.0,
  "risk_p95": 1.0,
  "separation_risk_mean": 0.18927007805214546,
  "congestion_risk_mean": 0.11941140926933455,
  "speed_risk_mean": 0.8824568928134731,
  "uncertainty_risk_mean": 0.6339063160971233,
  "human_activation_count": 127,
  "cooldown_skips": 23,
  "suppressed_request_count": 23,
  "suppressed_critical_count": 0,
  "cooldown_release_count": 124,
  "critical_override_count": 124,
  "critical_trigger_rate": 0.8266666666666667,
  "trigger_active_rate": 1.0,
  "confidence_mean": 0.9500000000000002,
  "false_intervention_rate": 0.03937007874015748,
  "repeated_intervention_rate": 0.9212598425196851,
  "post_intervention_violation_rate": 0.1510791366906475,
  "mean_drift_after_intervention": 9.075263677925756,
  "min_predicted_distance_mean": 3.3464229292643197
}