{
  "violation_rate": 0.37333333333333335,
  "collision_rate": 0.0,
  "near_miss_rate": 0.26666666666666666,
  "intervention_rate": 0.8733333333333333,
  "override_success_rate": 0.5725190839694656,
  "mean_intervention_delay": 0.0,
  "operator_workload": 0.8733333333333333,
  "mean_drift": 14.94128592427667,
  "p95_drift": 32.388538678762686,
  "mean_latency_ms": 1.1577549941527348,
  "risk_mean": 0.9442397917961061,
  "risk_p05": 0.6129841903936302,
  "risk_p25": 1.0,
  "risk_p50": 1.0,
  "risk_p75": 1.0,
  "risk_p95": 1.0,
  "separation_risk_mean": 0.17785761432431405,
  "congestion_risk_mean": 0.13722738655991554,
  "speed_risk_mean": 0.9797136405352114,
  "uncertainty_risk_mean": 0.6395059469916106,
  "human_activation_count": 131,
  "cooldown_skips": 19,
  "suppressed_request_count": 19,
  "suppressed_critical_count": 0,
  "cooldown_release_count": 128,
  "critical_override_count": 128,
  "critical_trigger_rate": 0.8533333333333334,
  "trigger_active_rate": 1.0,
  "confidence_mean": 0.75,
  "false_intervention_rate": 0.061068702290076333,
  "repeated_intervention_rate": 0.9618320610687023,
  "post_intervention_violation_rate": 0.4057971014492754,
  "mean_drift_after_intervention": 16.122822991392887,
  "min_predicted_distance_mean": 6.3272293138147795
}