{
  "violation_rate": 0.0,
  "collision_rate": 0.0,
  "near_miss_rate": 0.30666666666666664,
  "intervention_rate": 0.0,
  "override_success_rate": 0.0,
  "mean_intervention_delay": 0.0,
  "operator_workload": 0.0,
  "mean_drift": 7.593312175412437,
  "p95_drift": 22.306676550658462,
  "mean_latency_ms": 0.6383011401824964,
  "risk_mean": 0.40017877792839895,
  "risk_p95": 0.6712887336184755,
  "separation_risk_mean": 0.2819294500897904,
  "congestion_risk_mean": 0.1855874435067621,
  "speed_risk_mean": 0.8835828324718623,
  "uncertainty_risk_mean": 0.6291749309368228,
  "human_activation_count": 0,
  "cooldown_skips": 0,
  "trigger_active_rate": 0.0,
  "confidence_mean": 0.9500000000000002,
  "false_intervention_rate": 0.0
}