{
  "violation_rate": 0.06666666666666667,
  "collision_rate": 0.0,
  "near_miss_rate": 0.43333333333333335,
  "intervention_rate": 0.78,
  "override_success_rate": 0.9145299145299145,
  "mean_intervention_delay": 0.0,
  "operator_workload": 0.78,
  "mean_drift": 10.677659417800593,
  "p95_drift": 24.216312511311234,
  "mean_latency_ms": 0.47323168565829593,
  "risk_mean": 0.882925259886104,
  "risk_p05": 0.5111155584651479,
  "risk_p25": 0.6475609236547424,
  "risk_p50": 1.0,
  "risk_p75": 1.0,
  "risk_p95": 1.0,
  "separation_risk_mean": 0.4321313128740772,
  "congestion_risk_mean": 0.23907690972574816,
  "speed_risk_mean": 0.9226286298613143,
  "uncertainty_risk_mean": 0.6254562896785055,
  "human_activation_count": 117,
  "cooldown_skips": 33,
  "suppressed_request_count": 33,
  "suppressed_critical_count": 0,
  "cooldown_release_count": 110,
  "critical_override_count": 110,
  "critical_trigger_rate": 0.7333333333333333,
  "trigger_active_rate": 1.0,
  "confidence_mean": 0.9500000000000002,
  "false_intervention_rate": 0.07692307692307693,
  "repeated_intervention_rate": 0.9316239316239316,
  "post_intervention_violation_rate": 0.07692307692307693,
  "mean_drift_after_intervention": 12.760985978255624,
  "min_predicted_distance_mean": 1.9325916091329047
}