{
  "violation_rate": 0.006666666666666667,
  "collision_rate": 0.0,
  "near_miss_rate": 0.8333333333333334,
  "intervention_rate": 0.48,
  "override_success_rate": 0.9861111111111112,
  "mean_intervention_delay": 0.0,
  "operator_workload": 0.48,
  "mean_drift": 6.842931357305851,
  "p95_drift": 26.253520611787536,
  "mean_latency_ms": 0.4608408090037604,
  "risk_mean": 0.7498974914242796,
  "risk_p05": 0.24599999999996622,
  "risk_p25": 0.6097547784089902,
  "risk_p50": 0.6711032890894785,
  "risk_p75": 1.0,
  "risk_p95": 1.0,
  "separation_risk_mean": 0.5216282482876025,
  "congestion_risk_mean": 0.32778333138151744,
  "speed_risk_mean": 0.7164907862331482,
  "uncertainty_risk_mean": 0.64,
  "human_activation_count": 72,
  "cooldown_skips": 68,
  "suppressed_request_count": 68,
  "suppressed_critical_count": 0,
  "cooldown_release_count": 64,
  "critical_override_count": 64,
  "critical_trigger_rate": 0.4266666666666667,
  "trigger_active_rate": 0.9333333333333333,
  "confidence_mean": 0.9500000000000002,
  "false_intervention_rate": 0.1388888888888889,
  "repeated_intervention_rate": 0.7361111111111112,
  "post_intervention_violation_rate": 0.0,
  "mean_drift_after_intervention": 7.637959453896825,
  "min_predicted_distance_mean": 3.385484635921406
}