{
  "violation_rate": 0.7533333333333333,
  "collision_rate": 0.02,
  "near_miss_rate": 0.02666666666666667,
  "intervention_rate": 0.8,
  "override_success_rate": 0.058333333333333334,
  "mean_intervention_delay": 10.0,
  "operator_workload": 0.8,
  "mean_drift": 16.867899491472865,
  "p95_drift": 67.6955435587102,
  "mean_latency_ms": 2.283778299267093,
  "risk_mean": 0.8560545520757641,
  "risk_p05": 0.21599999999984634,
  "risk_p25": 1.0,
  "risk_p50": 1.0,
  "risk_p75": 1.0,
  "risk_p95": 1.0,
  "separation_risk_mean": 0.06738292705324068,
  "congestion_risk_mean": 0.039181624550990966,
  "speed_risk_mean": 0.9027488044528786,
  "uncertainty_risk_mean": 0.6360379954760634,
  "human_activation_count": 120,
  "cooldown_skips": 13,
  "suppressed_request_count": 13,
  "suppressed_critical_count": 0,
  "cooldown_release_count": 119,
  "critical_override_count": 119,
  "critical_trigger_rate": 0.7933333333333333,
  "trigger_active_rate": 0.8866666666666667,
  "confidence_mean": 0.29285481525982565,
  "false_intervention_rate": 0.058333333333333334,
  "repeated_intervention_rate": 0.95,
  "post_intervention_violation_rate": 0.8888888888888888,
  "mean_drift_after_intervention": 19.971481037617597,
  "min_predicted_distance_mean": 14.283403743634677
}