{
  "violation_rate": 0.05333333333333334,
  "collision_rate": 0.006666666666666667,
  "near_miss_rate": 0.013333333333333334,
  "intervention_rate": 0.76,
  "override_success_rate": 0.9298245614035088,
  "mean_intervention_delay": 0.0,
  "operator_workload": 0.76,
  "mean_drift": 13.425242742360705,
  "p95_drift": 29.47610273626192,
  "mean_latency_ms": 0.4246133433965345,
  "risk_mean": 0.8088898366162315,
  "risk_p05": 0.24599999999988326,
  "risk_p25": 0.5582148034114798,
  "risk_p50": 1.0,
  "risk_p75": 1.0,
  "risk_p95": 1.0,
  "separation_risk_mean": 0.05125989167766061,
  "congestion_risk_mean": 0.0383166264920232,
  "speed_risk_mean": 0.9282305116393422,
  "uncertainty_risk_mean": 0.6365805946519052,
  "human_activation_count": 114,
  "cooldown_skips": 36,
  "suppressed_request_count": 36,
  "suppressed_critical_count": 0,
  "cooldown_release_count": 107,
  "critical_override_count": 107,
  "critical_trigger_rate": 0.7133333333333334,
  "trigger_active_rate": 1.0,
  "confidence_mean": 0.9500000000000002,
  "false_intervention_rate": 0.07894736842105263,
  "repeated_intervention_rate": 0.9210526315789473,
  "post_intervention_violation_rate": 0.0546875,
  "mean_drift_after_intervention": 15.973517438807502,
  "min_predicted_distance_mean": 9.915875888148642
}