{
  "violation_rate": 0.08666666666666667,
  "collision_rate": 0.006666666666666667,
  "near_miss_rate": 0.78,
  "intervention_rate": 0.7333333333333333,
  "override_success_rate": 0.8818181818181818,
  "mean_intervention_delay": 0.0,
  "operator_workload": 0.7333333333333333,
  "mean_drift": 16.105019250167384,
  "p95_drift": 48.89086070357134,
  "mean_latency_ms": 0.570561948698014,
  "risk_mean": 0.854574933553914,
  "risk_p05": 0.3288624431746338,
  "risk_p25": 0.6074167755147605,
  "risk_p50": 1.0,
  "risk_p75": 1.0,
  "risk_p95": 1.0,
  "separation_risk_mean": 0.621608069364254,
  "congestion_risk_mean": 0.34204594752042866,
  "speed_risk_mean": 0.9629398655344293,
  "uncertainty_risk_mean": 0.6342089334894266,
  "human_activation_count": 110,
  "cooldown_skips": 40,
  "suppressed_request_count": 40,
  "suppressed_critical_count": 0,
  "cooldown_release_count": 107,
  "critical_override_count": 107,
  "critical_trigger_rate": 0.7133333333333334,
  "trigger_active_rate": 1.0,
  "confidence_mean": 0.9500000000000002,
  "false_intervention_rate": 0.03636363636363636,
  "repeated_intervention_rate": 0.9727272727272728,
  "post_intervention_violation_rate": 0.10619469026548672,
  "mean_drift_after_intervention": 20.203783847600768,
  "min_predicted_distance_mean": 1.2339966515035765
}