{
  "violation_rate": 0.6666666666666666,
  "collision_rate": 0.0,
  "near_miss_rate": 0.04666666666666667,
  "intervention_rate": 0.76,
  "override_success_rate": 0.12280701754385964,
  "mean_intervention_delay": 0.0,
  "operator_workload": 0.76,
  "mean_drift": 14.965687878833126,
  "p95_drift": 36.985259598209794,
  "mean_latency_ms": 1.992962727478395,
  "risk_mean": 0.8237230528253605,
  "risk_p05": 0.2464692716943358,
  "risk_p25": 0.5047873111794261,
  "risk_p50": 1.0,
  "risk_p75": 1.0,
  "risk_p95": 1.0,
  "separation_risk_mean": 0.0795790472946201,
  "congestion_risk_mean": 0.06540569620240098,
  "speed_risk_mean": 0.970323776992181,
  "uncertainty_risk_mean": 0.6212388285109748,
  "human_activation_count": 114,
  "cooldown_skips": 36,
  "suppressed_request_count": 36,
  "suppressed_critical_count": 0,
  "cooldown_release_count": 106,
  "critical_override_count": 106,
  "critical_trigger_rate": 0.7066666666666667,
  "trigger_active_rate": 1.0,
  "confidence_mean": 0.5,
  "false_intervention_rate": 0.07894736842105263,
  "repeated_intervention_rate": 0.9210526315789473,
  "post_intervention_violation_rate": 0.7734375,
  "mean_drift_after_intervention": 17.83889101110428,
  "min_predicted_distance_mean": 3.3052720722183917
}