{
  "violation_rate": 0.04666666666666667,
  "collision_rate": 0.0,
  "near_miss_rate": 0.12,
  "intervention_rate": 0.7866666666666666,
  "override_success_rate": 0.940677966101695,
  "mean_intervention_delay": 0.0,
  "operator_workload": 0.7866666666666666,
  "mean_drift": 7.464892999586212,
  "p95_drift": 25.993874896676058,
  "mean_latency_ms": 0.47796003287658095,
  "risk_mean": 0.8625471025523298,
  "risk_p05": 0.2140636329564802,
  "risk_p25": 1.0,
  "risk_p50": 1.0,
  "risk_p75": 1.0,
  "risk_p95": 1.0,
  "separation_risk_mean": 0.22173900253218945,
  "congestion_risk_mean": 0.12510523181218056,
  "speed_risk_mean": 0.6634206050187826,
  "uncertainty_risk_mean": 0.6390636506498047,
  "human_activation_count": 118,
  "cooldown_skips": 15,
  "suppressed_request_count": 15,
  "suppressed_critical_count": 0,
  "cooldown_release_count": 116,
  "critical_override_count": 116,
  "critical_trigger_rate": 0.7733333333333333,
  "trigger_active_rate": 0.8533333333333334,
  "confidence_mean": 0.9500000000000002,
  "false_intervention_rate": 0.059322033898305086,
  "repeated_intervention_rate": 0.9661016949152542,
  "post_intervention_violation_rate": 0.056910569105691054,
  "mean_drift_after_intervention": 8.608111367698038,
  "min_predicted_distance_mean": 4.922989237612513
}