{
  "violation_rate": 0.1,
  "collision_rate": 0.0,
  "near_miss_rate": 0.24,
  "intervention_rate": 0.16666666666666666,
  "override_success_rate": 0.64,
  "mean_intervention_delay": 0.0,
  "operator_workload": 0.16666666666666666,
  "mean_drift": 7.630905979840935,
  "p95_drift": 22.286640286016365,
  "mean_latency_ms": 0.5925463398064797,
  "risk_mean": 0.3821330033879345,
  "risk_p95": 0.6521669619066583,
  "separation_risk_mean": 0.25244763679618404,
  "congestion_risk_mean": 0.16999991736029055,
  "speed_risk_mean": 0.8776321399998372,
  "uncertainty_risk_mean": 0.6292451099306895,
  "human_activation_count": 25,
  "cooldown_skips": 125,
  "trigger_active_rate": 1.0,
  "confidence_mean": 0.5,
  "false_intervention_rate": 0.2
}