{
  "violation_rate": 0.1,
  "collision_rate": 0.006666666666666667,
  "near_miss_rate": 0.006666666666666667,
  "intervention_rate": 0.8,
  "override_success_rate": 0.875,
  "mean_intervention_delay": 0.0,
  "operator_workload": 0.8,
  "mean_drift": 12.895730757892444,
  "p95_drift": 31.40001741031695,
  "mean_latency_ms": 0.5617227319938441,
  "risk_mean": 0.8252390858567034,
  "risk_p05": 0.24099158032919454,
  "risk_p25": 0.6903873242675678,
  "risk_p50": 1.0,
  "risk_p75": 1.0,
  "risk_p95": 1.0,
  "separation_risk_mean": 0.04254815491640787,
  "congestion_risk_mean": 0.020779551163477596,
  "speed_risk_mean": 0.9368757521467698,
  "uncertainty_risk_mean": 0.638671871451837,
  "human_activation_count": 120,
  "cooldown_skips": 30,
  "suppressed_request_count": 30,
  "suppressed_critical_count": 0,
  "cooldown_release_count": 115,
  "critical_override_count": 112,
  "critical_trigger_rate": 0.7466666666666667,
  "trigger_active_rate": 1.0,
  "confidence_mean": 0.9500000000000002,
  "false_intervention_rate": 0.1,
  "repeated_intervention_rate": 0.9166666666666666,
  "post_intervention_violation_rate": 0.1044776119402985,
  "mean_drift_after_intervention": 14.788804092477285,
  "min_predicted_distance_mean": 5.7664221091213985
}