{
  "violation_rate": 0.006666666666666667,
  "collision_rate": 0.0,
  "near_miss_rate": 0.0,
  "intervention_rate": 0.16666666666666666,
  "override_success_rate": 0.96,
  "mean_intervention_delay": 0.0,
  "operator_workload": 0.16666666666666666,
  "mean_drift": 11.168416279010971,
  "p95_drift": 28.267262122638115,
  "mean_latency_ms": 0.22555971353237206,
  "risk_mean": 0.2518790864897868,
  "risk_p95": 0.35361287693242516,
  "separation_risk_mean": 0.02591004160281066,
  "congestion_risk_mean": 0.018184480285147693,
  "speed_risk_mean": 0.9311563179815677,
  "uncertainty_risk_mean": 0.64,
  "human_activation_count": 25,
  "cooldown_skips": 125,
  "trigger_active_rate": 1.0,
  "confidence_mean": 0.9500000000000002,
  "false_intervention_rate": 0.28
}