{
  "violation_rate": 0.6866666666666666,
  "collision_rate": 0.013333333333333334,
  "near_miss_rate": 0.07333333333333333,
  "intervention_rate": 0.7933333333333333,
  "override_success_rate": 0.13445378151260504,
  "mean_intervention_delay": 3.0,
  "operator_workload": 0.7933333333333333,
  "mean_drift": 7.813233794875317,
  "p95_drift": 25.861066678063686,
  "mean_latency_ms": 1.894435533322394,
  "risk_mean": 0.8290084926537065,
  "risk_p05": 0.21599999999987982,
  "risk_p25": 1.0,
  "risk_p50": 1.0,
  "risk_p75": 1.0,
  "risk_p95": 1.0,
  "separation_risk_mean": 0.07865065827134861,
  "congestion_risk_mean": 0.06804645598343745,
  "speed_risk_mean": 0.7742926193322351,
  "uncertainty_risk_mean": 0.6324977795366645,
  "human_activation_count": 119,
  "cooldown_skips": 31,
  "suppressed_request_count": 31,
  "suppressed_critical_count": 0,
  "cooldown_release_count": 114,
  "critical_override_count": 114,
  "critical_trigger_rate": 0.76,
  "trigger_active_rate": 1.0,
  "confidence_mean": 0.609954369736198,
  "false_intervention_rate": 0.11764705882352941,
  "repeated_intervention_rate": 0.9243697478991597,
  "post_intervention_violation_rate": 0.7803030303030303,
  "mean_drift_after_intervention": 8.911948541747353,
  "min_predicted_distance_mean": 7.257193416742188
}