{
  "violation_rate": 0.07333333333333333,
  "collision_rate": 0.006666666666666667,
  "near_miss_rate": 0.5266666666666666,
  "intervention_rate": 0.7733333333333333,
  "override_success_rate": 0.9051724137931034,
  "mean_intervention_delay": 0.0,
  "operator_workload": 0.7733333333333333,
  "mean_drift": 16.10469577004055,
  "p95_drift": 48.91796865391631,
  "mean_latency_ms": 0.6324613963564237,
  "risk_mean": 0.8602020557761475,
  "risk_p05": 0.3496342883258574,
  "risk_p25": 0.5960327639434875,
  "risk_p50": 1.0,
  "risk_p75": 1.0,
  "risk_p95": 1.0,
  "separation_risk_mean": 0.5668506397854761,
  "congestion_risk_mean": 0.30976407415332563,
  "speed_risk_mean": 0.9621732631484217,
  "uncertainty_risk_mean": 0.9940780571920577,
  "human_activation_count": 116,
  "cooldown_skips": 34,
  "suppressed_request_count": 34,
  "suppressed_critical_count": 0,
  "cooldown_release_count": 110,
  "critical_override_count": 110,
  "critical_trigger_rate": 0.7333333333333333,
  "trigger_active_rate": 1.0,
  "confidence_mean": 0.9500000000000002,
  "false_intervention_rate": 0.08620689655172414,
  "repeated_intervention_rate": 0.9310344827586207,
  "post_intervention_violation_rate": 0.07751937984496124,
  "mean_drift_after_intervention": 19.43077252800727,
  "min_predicted_distance_mean": 1.3343273968791682
}