{
  "violation_rate": 0.36666666666666664,
  "collision_rate": 0.02,
  "near_miss_rate": 0.8866666666666667,
  "intervention_rate": 0.9266666666666666,
  "override_success_rate": 0.60431654676259,
  "mean_intervention_delay": 0.0,
  "operator_workload": 0.9266666666666666,
  "mean_drift": 7.663930053216689,
  "p95_drift": 31.195060076812734,
  "mean_latency_ms": 1.001107207654665,
  "risk_mean": 0.9581702025298083,
  "risk_p05": 0.5316110499096176,
  "risk_p25": 1.0,
  "risk_p50": 1.0,
  "risk_p75": 1.0,
  "risk_p95": 1.0,
  "separation_risk_mean": 0.69093737787728,
  "congestion_risk_mean": 0.5163740893192005,
  "speed_risk_mean": 0.6196201185404685,
  "uncertainty_risk_mean": 0.6374310093181734,
  "human_activation_count": 139,
  "cooldown_skips": 11,
  "suppressed_request_count": 11,
  "suppressed_critical_count": 0,
  "cooldown_release_count": 137,
  "critical_override_count": 137,
  "critical_trigger_rate": 0.9133333333333333,
  "trigger_active_rate": 1.0,
  "confidence_mean": 0.75,
  "false_intervention_rate": 0.05755395683453238,
  "repeated_intervention_rate": 0.9712230215827338,
  "post_intervention_violation_rate": 0.38461538461538464,
  "mean_drift_after_intervention": 8.008095930907656,
  "min_predicted_distance_mean": 0.8510507638505708
}