{
  "violation_rate": 0.006666666666666667,
  "collision_rate": 0.0,
  "near_miss_rate": 0.7666666666666667,
  "intervention_rate": 0.16666666666666666,
  "override_success_rate": 0.96,
  "mean_intervention_delay": 0.0,
  "operator_workload": 0.16666666666666666,
  "mean_drift": 9.30331986375041,
  "p95_drift": 30.577826411488882,
  "mean_latency_ms": 0.578651393977149,
  "risk_mean": 0.5799184064986802,
  "risk_p95": 0.7223203761232222,
  "separation_risk_mean": 0.5679776535679679,
  "congestion_risk_mean": 0.3701617053291798,
  "speed_risk_mean": 0.9052535737386642,
  "uncertainty_risk_mean": 0.64,
  "human_activation_count": 25,
  "cooldown_skips": 125,
  "trigger_active_rate": 1.0,
  "confidence_mean": 0.9500000000000002,
  "false_intervention_rate": 0.16
}