{
  "violation_rate": 0.1,
  "collision_rate": 0.0,
  "near_miss_rate": 0.04666666666666667,
  "intervention_rate": 0.16666666666666666,
  "override_success_rate": 0.68,
  "mean_intervention_delay": 3.0,
  "operator_workload": 0.16666666666666666,
  "mean_drift": 13.800346593779734,
  "p95_drift": 36.56556468705104,
  "mean_latency_ms": 0.7719821802068813,
  "risk_mean": 0.30979858987834324,
  "risk_p95": 0.4773634997863476,
  "separation_risk_mean": 0.11702938626261943,
  "congestion_risk_mean": 0.07590852243413237,
  "speed_risk_mean": 0.9479584692597399,
  "uncertainty_risk_mean": 0.639763100417803,
  "human_activation_count": 25,
  "cooldown_skips": 125,
  "trigger_active_rate": 1.0,
  "confidence_mean": 0.8785618423815542,
  "false_intervention_rate": 0.24
}