{
  "violation_rate": 0.06666666666666667,
  "collision_rate": 0.0,
  "near_miss_rate": 0.03333333333333333,
  "intervention_rate": 0.8066666666666666,
  "override_success_rate": 0.9173553719008265,
  "mean_intervention_delay": 0.0,
  "operator_workload": 0.8066666666666666,
  "mean_drift": 9.184167465532886,
  "p95_drift": 23.418580750318476,
  "mean_latency_ms": 0.41408332452798885,
  "risk_mean": 0.8032516573201474,
  "risk_p05": 0.2159999999999051,
  "risk_p25": 0.5804069783689223,
  "risk_p50": 1.0,
  "risk_p75": 1.0,
  "risk_p95": 1.0,
  "separation_risk_mean": 0.05686345282905279,
  "congestion_risk_mean": 0.050806149161912506,
  "speed_risk_mean": 0.8214657673784475,
  "uncertainty_risk_mean": 0.6389644975348836,
  "human_activation_count": 121,
  "cooldown_skips": 29,
  "suppressed_request_count": 29,
  "suppressed_critical_count": 0,
  "cooldown_release_count": 107,
  "critical_override_count": 107,
  "critical_trigger_rate": 0.7133333333333334,
  "trigger_active_rate": 1.0,
  "confidence_mean": 0.9500000000000002,
  "false_intervention_rate": 0.14049586776859505,
  "repeated_intervention_rate": 0.8677685950413223,
  "post_intervention_violation_rate": 0.06711409395973154,
  "mean_drift_after_intervention": 10.376822431719336,
  "min_predicted_distance_mean": 3.984150837021204
}