{
  "violation_rate": 0.03333333333333333,
  "collision_rate": 0.006666666666666667,
  "near_miss_rate": 0.15333333333333332,
  "intervention_rate": 0.7733333333333333,
  "override_success_rate": 0.9568965517241379,
  "mean_intervention_delay": 0.0,
  "operator_workload": 0.7733333333333333,
  "mean_drift": 9.28121396983637,
  "p95_drift": 25.643067907939585,
  "mean_latency_ms": 0.5022275005467236,
  "risk_mean": 0.812822851365538,
  "risk_p05": 0.21599999999987785,
  "risk_p25": 0.6845774702669154,
  "risk_p50": 1.0,
  "risk_p75": 1.0,
  "risk_p95": 1.0,
  "separation_risk_mean": 0.15357933409146524,
  "congestion_risk_mean": 0.0775138256104063,
  "speed_risk_mean": 0.9059862174424668,
  "uncertainty_risk_mean": 0.6367041031318305,
  "human_activation_count": 116,
  "cooldown_skips": 25,
  "suppressed_request_count": 25,
  "suppressed_critical_count": 0,
  "cooldown_release_count": 112,
  "critical_override_count": 112,
  "critical_trigger_rate": 0.7466666666666667,
  "trigger_active_rate": 0.92,
  "confidence_mean": 0.9500000000000002,
  "false_intervention_rate": 0.08620689655172414,
  "repeated_intervention_rate": 0.9482758620689655,
  "post_intervention_violation_rate": 0.032,
  "mean_drift_after_intervention": 10.715971846912256,
  "min_predicted_distance_mean": 5.057056242012339
}