{
  "violation_rate": 0.06666666666666667,
  "collision_rate": 0.0,
  "near_miss_rate": 0.013333333333333334,
  "intervention_rate": 1.0,
  "override_success_rate": 0.9333333333333333,
  "mean_intervention_delay": 0.0,
  "operator_workload": 1.0,
  "mean_drift": 9.671237600223014,
  "p95_drift": 20.713130354455544,
  "mean_latency_ms": 0.4285207941817741,
  "risk_mean": 0.8046187522144582,
  "risk_p05": 0.2159999999999029,
  "risk_p25": 0.5077279373200814,
  "risk_p50": 1.0,
  "risk_p75": 1.0,
  "risk_p95": 1.0,
  "separation_risk_mean": 0.023500694844178008,
  "congestion_risk_mean": 0.016310602681671445,
  "speed_risk_mean": 0.8555501358029421,
  "uncertainty_risk_mean": 0.64,
  "human_activation_count": 150,
  "cooldown_skips": 0,
  "suppressed_request_count": 0,
  "suppressed_critical_count": 0,
  "cooldown_release_count": 110,
  "critical_override_count": 110,
  "critical_trigger_rate": 0.7333333333333333,
  "trigger_active_rate": 1.0,
  "confidence_mean": 0.9500000000000002,
  "false_intervention_rate": 0.28,
  "repeated_intervention_rate": 0.9933333333333333,
  "post_intervention_violation_rate": 0.06711409395973154,
  "mean_drift_after_intervention": 9.671237600223014,
  "min_predicted_distance_mean": 12.742919956977598
}