{
  "violation_rate": 0.006666666666666667,
  "collision_rate": 0.0,
  "near_miss_rate": 0.0,
  "intervention_rate": 0.16,
  "override_success_rate": 0.9583333333333334,
  "mean_intervention_delay": 0.0,
  "operator_workload": 0.16,
  "mean_drift": 10.432626389087869,
  "p95_drift": 36.70208863296396,
  "mean_latency_ms": 0.2758692201071729,
  "risk_mean": 0.27774145845812104,
  "risk_p95": 0.3913347766215459,
  "separation_risk_mean": 0.058189160250806754,
  "congestion_risk_mean": 0.03442885951064102,
  "speed_risk_mean": 0.9796608097839847,
  "uncertainty_risk_mean": 0.64,
  "human_activation_count": 24,
  "cooldown_skips": 119,
  "trigger_active_rate": 0.9533333333333334,
  "confidence_mean": 0.9500000000000002,
  "false_intervention_rate": 0.2916666666666667
}