{
  "violation_rate": 0.006666666666666667,
  "collision_rate": 0.0,
  "near_miss_rate": 0.29333333333333333,
  "intervention_rate": 0.7666666666666667,
  "override_success_rate": 0.991304347826087,
  "mean_intervention_delay": 0.0,
  "operator_workload": 0.7666666666666667,
  "mean_drift": 7.979085092811773,
  "p95_drift": 21.533602513351074,
  "mean_latency_ms": 0.42013003878916305,
  "risk_mean": 0.8570369911640184,
  "risk_p05": 0.3653480326346705,
  "risk_p25": 0.6453223206499313,
  "risk_p50": 1.0,
  "risk_p75": 1.0,
  "risk_p95": 1.0,
  "separation_risk_mean": 0.36468827535714626,
  "congestion_risk_mean": 0.2212789366362324,
  "speed_risk_mean": 0.8452152670978424,
  "uncertainty_risk_mean": 0.6303556403743868,
  "human_activation_count": 115,
  "cooldown_skips": 35,
  "suppressed_request_count": 35,
  "suppressed_critical_count": 0,
  "cooldown_release_count": 107,
  "critical_override_count": 107,
  "critical_trigger_rate": 0.7133333333333334,
  "trigger_active_rate": 1.0,
  "confidence_mean": 1.0,
  "false_intervention_rate": 0.0782608695652174,
  "repeated_intervention_rate": 0.9304347826086956,
  "post_intervention_violation_rate": 0.0078125,
  "mean_drift_after_intervention": 9.60585272773971,
  "min_predicted_distance_mean": 1.9935566992246625
}