{
  "violation_rate": 0.36,
  "collision_rate": 0.0,
  "near_miss_rate": 0.0,
  "intervention_rate": 0.8133333333333334,
  "override_success_rate": 0.5573770491803278,
  "mean_intervention_delay": 0.0,
  "operator_workload": 0.8133333333333334,
  "mean_drift": 17.296968544821596,
  "p95_drift": 34.89446263346879,
  "mean_latency_ms": 0.9762791769268612,
  "risk_mean": 0.8266921354632611,
  "risk_p05": 0.21599999999992975,
  "risk_p25": 1.0,
  "risk_p50": 1.0,
  "risk_p75": 1.0,
  "risk_p95": 1.0,
  "separation_risk_mean": 0.002040735352967099,
  "congestion_risk_mean": 0.0053131295825961326,
  "speed_risk_mean": 0.944885433871335,
  "uncertainty_risk_mean": 0.6396812588364196,
  "human_activation_count": 122,
  "cooldown_skips": 28,
  "suppressed_request_count": 28,
  "suppressed_critical_count": 0,
  "cooldown_release_count": 116,
  "critical_override_count": 116,
  "critical_trigger_rate": 0.7733333333333333,
  "trigger_active_rate": 1.0,
  "confidence_mean": 0.75,
  "false_intervention_rate": 0.08196721311475409,
  "repeated_intervention_rate": 0.9426229508196722,
  "post_intervention_violation_rate": 0.40601503759398494,
  "mean_drift_after_intervention": 19.528790170686808,
  "min_predicted_distance_mean": 8.537024353690532
}