{
  "violation_rate": 0.11333333333333333,
  "collision_rate": 0.0,
  "near_miss_rate": 0.006666666666666667,
  "intervention_rate": 0.8,
  "override_success_rate": 0.8583333333333333,
  "mean_intervention_delay": 0.0,
  "operator_workload": 0.8,
  "mean_drift": 10.299249669226468,
  "p95_drift": 27.985191035670688,
  "mean_latency_ms": 0.5866722281401356,
  "risk_mean": 0.8493376616525439,
  "risk_p05": 0.2459999999998843,
  "risk_p25": 1.0,
  "risk_p50": 1.0,
  "risk_p75": 1.0,
  "risk_p95": 1.0,
  "separation_risk_mean": 0.05408489063950879,
  "congestion_risk_mean": 0.0346236740094564,
  "speed_risk_mean": 0.9079999999993924,
  "uncertainty_risk_mean": 0.64,
  "human_activation_count": 120,
  "cooldown_skips": 30,
  "suppressed_request_count": 30,
  "suppressed_critical_count": 0,
  "cooldown_release_count": 114,
  "critical_override_count": 114,
  "critical_trigger_rate": 0.76,
  "trigger_active_rate": 1.0,
  "confidence_mean": 0.9000000000000004,
  "false_intervention_rate": 0.09166666666666666,
  "repeated_intervention_rate": 0.9416666666666667,
  "post_intervention_violation_rate": 0.1297709923664122,
  "mean_drift_after_intervention": 11.345436346809484,
  "min_predicted_distance_mean": 6.0303139779707635
}