{
  "violation_rate": 0.09333333333333334,
  "collision_rate": 0.0,
  "near_miss_rate": 0.0,
  "intervention_rate": 0.9533333333333334,
  "override_success_rate": 0.9020979020979021,
  "mean_intervention_delay": 0.0,
  "operator_workload": 0.9533333333333334,
  "mean_drift": 11.784635684341017,
  "p95_drift": 25.135171256519783,
  "mean_latency_ms": 0.5472733235607544,
  "risk_mean": 0.9648133333333297,
  "risk_p05": 1.0,
  "risk_p25": 1.0,
  "risk_p50": 1.0,
  "risk_p75": 1.0,
  "risk_p95": 1.0,
  "separation_risk_mean": 0.0,
  "congestion_risk_mean": 0.0,
  "speed_risk_mean": 0.8982531846967454,
  "uncertainty_risk_mean": 0.64,
  "human_activation_count": 143,
  "cooldown_skips": 0,
  "suppressed_request_count": 0,
  "suppressed_critical_count": 0,
  "cooldown_release_count": 143,
  "critical_override_count": 143,
  "critical_trigger_rate": 0.9533333333333334,
  "trigger_active_rate": 0.9533333333333334,
  "confidence_mean": 0.9500000000000002,
  "false_intervention_rate": 0.027972027972027972,
  "repeated_intervention_rate": 0.993006993006993,
  "post_intervention_violation_rate": 0.09859154929577464,
  "mean_drift_after_intervention": 11.644239814575903,
  "min_predicted_distance_mean": 11.919831674765843
}