{
  "violation_rate": 0.02,
  "collision_rate": 0.0,
  "near_miss_rate": 0.26666666666666666,
  "intervention_rate": 0.8266666666666667,
  "override_success_rate": 0.9758064516129032,
  "mean_intervention_delay": 0.0,
  "operator_workload": 0.8266666666666667,
  "mean_drift": 10.396083784091658,
  "p95_drift": 26.76363344817941,
  "mean_latency_ms": 0.3889497307439645,
  "risk_mean": 0.9022167675522407,
  "risk_p05": 0.5949496191966851,
  "risk_p25": 0.6744999999998311,
  "risk_p50": 1.0,
  "risk_p75": 1.0,
  "risk_p95": 1.0,
  "separation_risk_mean": 0.5527155279565528,
  "congestion_risk_mean": 0.3107911167486825,
  "speed_risk_mean": 0.9801852617318995,
  "uncertainty_risk_mean": 0.6372641149902857,
  "human_activation_count": 124,
  "cooldown_skips": 26,
  "suppressed_request_count": 26,
  "suppressed_critical_count": 0,
  "cooldown_release_count": 111,
  "critical_override_count": 111,
  "critical_trigger_rate": 0.74,
  "trigger_active_rate": 1.0,
  "confidence_mean": 0.9500000000000002,
  "false_intervention_rate": 0.0967741935483871,
  "repeated_intervention_rate": 0.8870967741935484,
  "post_intervention_violation_rate": 0.020134228187919462,
  "mean_drift_after_intervention": 11.500008716885556,
  "min_predicted_distance_mean": 1.4681134607335582
}