{
  "violation_rate": 0.6533333333333333,
  "collision_rate": 0.06666666666666667,
  "near_miss_rate": 0.09333333333333334,
  "intervention_rate": 0.78,
  "override_success_rate": 0.1623931623931624,
  "mean_intervention_delay": 3.0,
  "operator_workload": 0.78,
  "mean_drift": 11.54285556963708,
  "p95_drift": 21.975048885303877,
  "mean_latency_ms": 2.043203373129169,
  "risk_mean": 0.8151490212231763,
  "risk_p05": 0.24599999999986577,
  "risk_p25": 0.6561691642639194,
  "risk_p50": 1.0,
  "risk_p75": 1.0,
  "risk_p95": 1.0,
  "separation_risk_mean": 0.1858357269679997,
  "congestion_risk_mean": 0.12322528760918809,
  "speed_risk_mean": 0.9701808011100309,
  "uncertainty_risk_mean": 0.6357727539360895,
  "human_activation_count": 117,
  "cooldown_skips": 33,
  "suppressed_request_count": 33,
  "suppressed_critical_count": 0,
  "cooldown_release_count": 111,
  "critical_override_count": 111,
  "critical_trigger_rate": 0.74,
  "trigger_active_rate": 1.0,
  "confidence_mean": 0.6156694223456737,
  "false_intervention_rate": 0.08547008547008547,
  "repeated_intervention_rate": 0.9316239316239316,
  "post_intervention_violation_rate": 0.7461538461538462,
  "mean_drift_after_intervention": 13.444167530513187,
  "min_predicted_distance_mean": 2.958193873728755
}