{
  "violation_rate": 0.12666666666666668,
  "collision_rate": 0.0,
  "near_miss_rate": 0.08666666666666667,
  "intervention_rate": 0.7933333333333333,
  "override_success_rate": 0.8403361344537815,
  "mean_intervention_delay": 0.0,
  "operator_workload": 0.7933333333333333,
  "mean_drift": 6.578617700045194,
  "p95_drift": 22.75955175386773,
  "mean_latency_ms": 0.5503363845249017,
  "risk_mean": 0.8257021532405804,
  "risk_p05": 0.21599999999987227,
  "risk_p25": 1.0,
  "risk_p50": 1.0,
  "risk_p75": 1.0,
  "risk_p95": 1.0,
  "separation_risk_mean": 0.07307084965661874,
  "congestion_risk_mean": 0.062485445237061274,
  "speed_risk_mean": 0.7760547895905731,
  "uncertainty_risk_mean": 0.632761148942908,
  "human_activation_count": 119,
  "cooldown_skips": 31,
  "suppressed_request_count": 31,
  "suppressed_critical_count": 0,
  "cooldown_release_count": 114,
  "critical_override_count": 114,
  "critical_trigger_rate": 0.76,
  "trigger_active_rate": 1.0,
  "confidence_mean": 0.9000000000000004,
  "false_intervention_rate": 0.12605042016806722,
  "repeated_intervention_rate": 0.9327731092436975,
  "post_intervention_violation_rate": 0.1450381679389313,
  "mean_drift_after_intervention": 7.34909162550567,
  "min_predicted_distance_mean": 6.918262068510688
}