{
  "violation_rate": 0.16666666666666666,
  "collision_rate": 0.0,
  "near_miss_rate": 0.16666666666666666,
  "intervention_rate": 0.78,
  "override_success_rate": 0.7863247863247863,
  "mean_intervention_delay": 0.0,
  "operator_workload": 0.78,
  "mean_drift": 11.475975589828352,
  "p95_drift": 40.360274799840354,
  "mean_latency_ms": 0.5345147002177933,
  "risk_mean": 0.8726035999735281,
  "risk_p05": 0.35244737229172557,
  "risk_p25": 0.735139095995284,
  "risk_p50": 1.0,
  "risk_p75": 1.0,
  "risk_p95": 1.0,
  "separation_risk_mean": 0.18863785284538545,
  "congestion_risk_mean": 0.1170115192636085,
  "speed_risk_mean": 0.6944930628028096,
  "uncertainty_risk_mean": 0.6389644975348836,
  "human_activation_count": 117,
  "cooldown_skips": 30,
  "suppressed_request_count": 30,
  "suppressed_critical_count": 0,
  "cooldown_release_count": 112,
  "critical_override_count": 112,
  "critical_trigger_rate": 0.7466666666666667,
  "trigger_active_rate": 0.98,
  "confidence_mean": 0.9000000000000004,
  "false_intervention_rate": 0.07692307692307693,
  "repeated_intervention_rate": 0.9145299145299145,
  "post_intervention_violation_rate": 0.19083969465648856,
  "mean_drift_after_intervention": 13.161186777463314,
  "min_predicted_distance_mean": 3.2450475834425716
}