{
  "violation_rate": 0.16666666666666666,
  "collision_rate": 0.02,
  "near_miss_rate": 0.5266666666666666,
  "intervention_rate": 0.78,
  "override_success_rate": 0.7863247863247863,
  "mean_intervention_delay": 0.0,
  "operator_workload": 0.78,
  "mean_drift": 11.42856053303103,
  "p95_drift": 19.22189730182722,
  "mean_latency_ms": 0.8247558143921196,
  "risk_mean": 0.818069566814057,
  "risk_p05": 0.24599999999987202,
  "risk_p25": 0.6607168132712649,
  "risk_p50": 1.0,
  "risk_p75": 1.0,
  "risk_p95": 1.0,
  "separation_risk_mean": 0.528162509185329,
  "congestion_risk_mean": 0.30308153246823155,
  "speed_risk_mean": 0.9703992901129201,
  "uncertainty_risk_mean": 0.6360226347329069,
  "human_activation_count": 117,
  "cooldown_skips": 33,
  "suppressed_request_count": 33,
  "suppressed_critical_count": 0,
  "cooldown_release_count": 111,
  "critical_override_count": 111,
  "critical_trigger_rate": 0.74,
  "trigger_active_rate": 1.0,
  "confidence_mean": 0.9000000000000004,
  "false_intervention_rate": 0.08547008547008547,
  "repeated_intervention_rate": 0.9316239316239316,
  "post_intervention_violation_rate": 0.18461538461538463,
  "mean_drift_after_intervention": 13.278874763944362,
  "min_predicted_distance_mean": 1.0141251523786992
}