{
  "violation_rate": 0.7133333333333334,
  "collision_rate": 0.0,
  "near_miss_rate": 0.08666666666666667,
  "intervention_rate": 0.7733333333333333,
  "override_success_rate": 0.07758620689655173,
  "mean_intervention_delay": 5.0,
  "operator_workload": 0.7733333333333333,
  "mean_drift": 11.236307287791947,
  "p95_drift": 38.438481826284345,
  "mean_latency_ms": 2.211715829713891,
  "risk_mean": 0.8327516264807038,
  "risk_p05": 0.2320154579263358,
  "risk_p25": 1.0,
  "risk_p50": 1.0,
  "risk_p75": 1.0,
  "risk_p95": 1.0,
  "separation_risk_mean": 0.05139724957509838,
  "congestion_risk_mean": 0.060842006506601154,
  "speed_risk_mean": 0.9320550032852759,
  "uncertainty_risk_mean": 0.6355092116350037,
  "human_activation_count": 116,
  "cooldown_skips": 5,
  "suppressed_request_count": 5,
  "suppressed_critical_count": 0,
  "cooldown_release_count": 116,
  "critical_override_count": 116,
  "critical_trigger_rate": 0.7733333333333333,
  "trigger_active_rate": 0.8066666666666666,
  "confidence_mean": 0.48560209611395294,
  "false_intervention_rate": 0.034482758620689655,
  "repeated_intervention_rate": 0.9827586206896551,
  "post_intervention_violation_rate": 0.9145299145299145,
  "mean_drift_after_intervention": 13.297199592380865,
  "min_predicted_distance_mean": 15.984787747655004
}