{
  "violation_rate": 0.0,
  "collision_rate": 0.0,
  "near_miss_rate": 1.08,
  "intervention_rate": 0.9933333333333333,
  "override_success_rate": 1.0,
  "mean_intervention_delay": 0.0,
  "operator_workload": 0.9933333333333333,
  "mean_drift": 12.53373239873501,
  "p95_drift": 32.35418711829073,
  "mean_latency_ms": 0.5474428048667809,
  "risk_mean": 0.9976354181272893,
  "risk_p05": 1.0,
  "risk_p25": 1.0,
  "risk_p50": 1.0,
  "risk_p75": 1.0,
  "risk_p95": 1.0,
  "separation_risk_mean": 0.7286964267297583,
  "congestion_risk_mean": 0.43051655482755186,
  "speed_risk_mean": 0.6696045230369209,
  "uncertainty_risk_mean": 0.6361609394584515,
  "human_activation_count": 149,
  "cooldown_skips": 1,
  "suppressed_request_count": 1,
  "suppressed_critical_count": 0,
  "cooldown_release_count": 149,
  "critical_override_count": 149,
  "critical_trigger_rate": 0.9933333333333333,
  "trigger_active_rate": 1.0,
  "confidence_mean": 1.0,
  "false_intervention_rate": 0.0,
  "repeated_intervention_rate": 0.9865771812080537,
  "post_intervention_violation_rate": 0.0,
  "mean_drift_after_intervention": 12.612634925173486,
  "min_predicted_distance_mean": 0.4773630454664233
}