{
  "violation_rate": 0.06,
  "collision_rate": 0.0,
  "near_miss_rate": 1.1933333333333334,
  "intervention_rate": 0.9333333333333333,
  "override_success_rate": 0.9357142857142857,
  "mean_intervention_delay": 0.0,
  "operator_workload": 0.9333333333333333,
  "mean_drift": 11.376006987015604,
  "p95_drift": 35.0024148460306,
  "mean_latency_ms": 2.9350727524918816,
  "risk_mean": 0.9722833971954822,
  "risk_p05": 0.6352791554370733,
  "risk_p25": 1.0,
  "risk_p50": 1.0,
  "risk_p75": 1.0,
  "risk_p95": 1.0,
  "separation_risk_mean": 0.5283181724027486,
  "congestion_risk_mean": 0.26568357334759723,
  "speed_risk_mean": 0.9036847010000076,
  "uncertainty_risk_mean": 0.64,
  "human_activation_count": 140,
  "cooldown_skips": 10,
  "suppressed_request_count": 10,
  "suppressed_critical_count": 0,
  "cooldown_release_count": 139,
  "critical_override_count": 139,
  "critical_trigger_rate": 0.9266666666666666,
  "trigger_active_rate": 1.0,
  "confidence_mean": 0.9500000000000002,
  "false_intervention_rate": 0.05714285714285714,
  "repeated_intervention_rate": 0.9714285714285714,
  "post_intervention_violation_rate": 0.06206896551724138,
  "mean_drift_after_intervention": 11.79355670968781,
  "min_predicted_distance_mean": 1.3114229024631903
}