{
  "violation_rate": 0.18,
  "collision_rate": 0.0,
  "near_miss_rate": 0.0,
  "intervention_rate": 0.16666666666666666,
  "override_success_rate": 0.44,
  "mean_intervention_delay": 10.0,
  "operator_workload": 0.16666666666666666,
  "mean_drift": 17.185124741710176,
  "p95_drift": 34.47275729980917,
  "mean_latency_ms": 0.6955475674476475,
  "risk_mean": 0.2422418867765327,
  "risk_p95": 0.2459999999999815,
  "separation_risk_mean": 0.002160573655851895,
  "congestion_risk_mean": 0.0053131295825961326,
  "speed_risk_mean": 0.9599277160685826,
  "uncertainty_risk_mean": 0.6396812588364196,
  "human_activation_count": 25,
  "cooldown_skips": 125,
  "trigger_active_rate": 1.0,
  "confidence_mean": 0.8130947531791306,
  "false_intervention_rate": 0.28
}