{
  "violation_rate": 0.0,
  "collision_rate": 0.0,
  "near_miss_rate": 0.03333333333333333,
  "intervention_rate": 0.16666666666666666,
  "override_success_rate": 1.0,
  "mean_intervention_delay": 0.0,
  "operator_workload": 0.16666666666666666,
  "mean_drift": 16.335193770440597,
  "p95_drift": 51.294454008675615,
  "mean_latency_ms": 0.3530086059860575,
  "risk_mean": 0.2749065792298587,
  "risk_p95": 0.5101611603429329,
  "separation_risk_mean": 0.1254170306453563,
  "congestion_risk_mean": 0.06996420441232873,
  "speed_risk_mean": 0.6998524289091079,
  "uncertainty_risk_mean": 0.64,
  "human_activation_count": 25,
  "cooldown_skips": 121,
  "trigger_active_rate": 0.9733333333333334,
  "confidence_mean": 0.9500000000000002,
  "false_intervention_rate": 0.2
}