{
  "violation_rate": 0.12666666666666668,
  "collision_rate": 0.0,
  "near_miss_rate": 0.02,
  "intervention_rate": 0.16666666666666666,
  "override_success_rate": 0.6,
  "mean_intervention_delay": 0.0,
  "operator_workload": 0.16666666666666666,
  "mean_drift": 9.448352062063593,
  "p95_drift": 24.188031756101587,
  "mean_latency_ms": 0.5500155672780238,
  "risk_mean": 0.26739555991963243,
  "risk_p95": 0.522631003750411,
  "separation_risk_mean": 0.05494917632794363,
  "congestion_risk_mean": 0.053048492189064905,
  "speed_risk_mean": 0.8903008513194629,
  "uncertainty_risk_mean": 0.6390745321791474,
  "human_activation_count": 25,
  "cooldown_skips": 125,
  "trigger_active_rate": 1.0,
  "confidence_mean": 0.5,
  "false_intervention_rate": 0.32
}