{
  "violation_rate": 0.06666666666666667,
  "collision_rate": 0.0,
  "near_miss_rate": 0.08,
  "intervention_rate": 0.82,
  "override_success_rate": 0.9186991869918699,
  "mean_intervention_delay": 0.0,
  "operator_workload": 0.82,
  "mean_drift": 9.85309058550104,
  "p95_drift": 18.977072786354,
  "mean_latency_ms": 0.5139074893668294,
  "risk_mean": 0.8902535362537461,
  "risk_p05": 0.3584923563357831,
  "risk_p25": 1.0,
  "risk_p50": 1.0,
  "risk_p75": 1.0,
  "risk_p95": 1.0,
  "separation_risk_mean": 0.1255394217689672,
  "congestion_risk_mean": 0.05952410579934385,
  "speed_risk_mean": 0.7975067648972803,
  "uncertainty_risk_mean": 1.0,
  "human_activation_count": 123,
  "cooldown_skips": 27,
  "suppressed_request_count": 27,
  "suppressed_critical_count": 0,
  "cooldown_release_count": 121,
  "critical_override_count": 119,
  "critical_trigger_rate": 0.7933333333333333,
  "trigger_active_rate": 1.0,
  "confidence_mean": 0.9500000000000002,
  "false_intervention_rate": 0.08943089430894309,
  "repeated_intervention_rate": 0.926829268292683,
  "post_intervention_violation_rate": 0.07246376811594203,
  "mean_drift_after_intervention": 10.86927969230701,
  "min_predicted_distance_mean": 5.983059789875702
}