{
  "violation_rate": 0.02666666666666667,
  "collision_rate": 0.0,
  "near_miss_rate": 0.7133333333333334,
  "intervention_rate": 0.78,
  "override_success_rate": 0.9658119658119658,
  "mean_intervention_delay": 0.0,
  "operator_workload": 0.78,
  "mean_drift": 11.996128386132158,
  "p95_drift": 27.948257924339345,
  "mean_latency_ms": 0.6175527706121405,
  "risk_mean": 0.8523896445126098,
  "risk_p05": 0.40999999999978276,
  "risk_p25": 0.5738600632926758,
  "risk_p50": 1.0,
  "risk_p75": 1.0,
  "risk_p95": 1.0,
  "separation_risk_mean": 0.5558295703012232,
  "congestion_risk_mean": 0.32749978255664736,
  "speed_risk_mean": 0.8850557770424533,
  "uncertainty_risk_mean": 0.6321701213154951,
  "human_activation_count": 117,
  "cooldown_skips": 33,
  "suppressed_request_count": 33,
  "suppressed_critical_count": 0,
  "cooldown_release_count": 111,
  "critical_override_count": 111,
  "critical_trigger_rate": 0.74,
  "trigger_active_rate": 1.0,
  "confidence_mean": 0.9500000000000002,
  "false_intervention_rate": 0.08547008547008547,
  "repeated_intervention_rate": 0.9316239316239316,
  "post_intervention_violation_rate": 0.03076923076923077,
  "mean_drift_after_intervention": 13.74351953764471,
  "min_predicted_distance_mean": 0.9541995883276718
}