{
  "violation_rate": 0.11333333333333333,
  "collision_rate": 0.013333333333333334,
  "near_miss_rate": 0.23333333333333334,
  "intervention_rate": 0.16666666666666666,
  "override_success_rate": 0.56,
  "mean_intervention_delay": 5.0,
  "operator_workload": 0.16666666666666666,
  "mean_drift": 6.119072967790965,
  "p95_drift": 21.76637448334807,
  "mean_latency_ms": 0.6475313927512616,
  "risk_mean": 0.4485233887772631,
  "risk_p95": 0.6290369193380301,
  "separation_risk_mean": 0.4274885854601533,
  "congestion_risk_mean": 0.24298003286356093,
  "speed_risk_mean": 0.6693434162140708,
  "uncertainty_risk_mean": 0.6333800311479554,
  "human_activation_count": 25,
  "cooldown_skips": 125,
  "trigger_active_rate": 1.0,
  "confidence_mean": 0.8499142448521452,
  "false_intervention_rate": 0.28
}