{
  "violation_rate": 0.006666666666666667,
  "collision_rate": 0.0,
  "near_miss_rate": 0.18,
  "intervention_rate": 0.16666666666666666,
  "override_success_rate": 0.96,
  "mean_intervention_delay": 0.0,
  "operator_workload": 0.16666666666666666,
  "mean_drift": 9.292670203067512,
  "p95_drift": 23.81731359239117,
  "mean_latency_ms": 0.2688699934515171,
  "risk_mean": 0.33772919992133904,
  "risk_p95": 0.6744999999999536,
  "separation_risk_mean": 0.16228591229640438,
  "congestion_risk_mean": 0.09334962354615889,
  "speed_risk_mean": 0.9690875566761153,
  "uncertainty_risk_mean": 0.64,
  "human_activation_count": 25,
  "cooldown_skips": 125,
  "trigger_active_rate": 1.0,
  "confidence_mean": 0.9500000000000002,
  "false_intervention_rate": 0.32
}