{
  "violation_rate": 0.04,
  "collision_rate": 0.0,
  "near_miss_rate": 0.15333333333333332,
  "intervention_rate": 0.7866666666666666,
  "override_success_rate": 0.9491525423728814,
  "mean_intervention_delay": 0.0,
  "operator_workload": 0.7866666666666666,
  "mean_drift": 15.280378548001138,
  "p95_drift": 37.68011376681723,
  "mean_latency_ms": 0.49729943042621017,
  "risk_mean": 0.8824835415023551,
  "risk_p05": 0.4858118545111136,
  "risk_p25": 1.0,
  "risk_p50": 1.0,
  "risk_p75": 1.0,
  "risk_p95": 1.0,
  "separation_risk_mean": 0.25518102911991397,
  "congestion_risk_mean": 0.16996524993599602,
  "speed_risk_mean": 0.8202758642938381,
  "uncertainty_risk_mean": 0.9946986827601954,
  "human_activation_count": 118,
  "cooldown_skips": 32,
  "suppressed_request_count": 32,
  "suppressed_critical_count": 0,
  "cooldown_release_count": 113,
  "critical_override_count": 113,
  "critical_trigger_rate": 0.7533333333333333,
  "trigger_active_rate": 1.0,
  "confidence_mean": 0.9500000000000002,
  "false_intervention_rate": 0.07627118644067797,
  "repeated_intervention_rate": 0.923728813559322,
  "post_intervention_violation_rate": 0.04580152671755725,
  "mean_drift_after_intervention": 17.417908716376548,
  "min_predicted_distance_mean": 2.544600897279713
}