{
  "violation_rate": 0.05333333333333334,
  "collision_rate": 0.0,
  "near_miss_rate": 0.12,
  "intervention_rate": 0.7266666666666667,
  "override_success_rate": 0.926605504587156,
  "mean_intervention_delay": 0.0,
  "operator_workload": 0.7266666666666667,
  "mean_drift": 8.48979224973391,
  "p95_drift": 26.086936493347128,
  "mean_latency_ms": 0.4414000331113736,
  "risk_mean": 0.8137477472563169,
  "risk_p05": 0.23896027040521228,
  "risk_p25": 0.6998295782537158,
  "risk_p50": 1.0,
  "risk_p75": 1.0,
  "risk_p95": 1.0,
  "separation_risk_mean": 0.053348376751847414,
  "congestion_risk_mean": 0.06051722572625933,
  "speed_risk_mean": 0.93444153644071,
  "uncertainty_risk_mean": 0.6352770897470786,
  "human_activation_count": 109,
  "cooldown_skips": 10,
  "suppressed_request_count": 10,
  "suppressed_critical_count": 0,
  "cooldown_release_count": 109,
  "critical_override_count": 109,
  "critical_trigger_rate": 0.7266666666666667,
  "trigger_active_rate": 0.7933333333333333,
  "confidence_mean": 0.9500000000000002,
  "false_intervention_rate": 0.01834862385321101,
  "repeated_intervention_rate": 0.981651376146789,
  "post_intervention_violation_rate": 0.07272727272727272,
  "mean_drift_after_intervention": 10.205585641408915,
  "min_predicted_distance_mean": 12.552869152671773
}