{
  "violation_rate": 0.0,
  "collision_rate": 0.0,
  "near_miss_rate": 0.08666666666666667,
  "intervention_rate": 0.09333333333333334,
  "override_success_rate": 1.0,
  "mean_intervention_delay": 0.0,
  "operator_workload": 0.09333333333333334,
  "mean_drift": 9.537405609959656,
  "p95_drift": 42.12129633703179,
  "mean_latency_ms": 0.32172216053974506,
  "risk_mean": 0.32977759238067506,
  "risk_p95": 0.6115206701647357,
  "separation_risk_mean": 0.14847274381460776,
  "congestion_risk_mean": 0.08641158057790146,
  "speed_risk_mean": 0.9692175071678538,
  "uncertainty_risk_mean": 0.6398622429629875,
  "human_activation_count": 14,
  "cooldown_skips": 136,
  "trigger_active_rate": 1.0,
  "confidence_mean": 0.9500000000000002,
  "false_intervention_rate": 0.2857142857142857
}