{
  "violation_rate": 0.013333333333333334,
  "collision_rate": 0.0,
  "near_miss_rate": 0.013333333333333334,
  "intervention_rate": 0.8266666666666667,
  "override_success_rate": 0.9838709677419355,
  "mean_intervention_delay": 0.0,
  "operator_workload": 0.8266666666666667,
  "mean_drift": 9.452475886486,
  "p95_drift": 20.550943331804305,
  "mean_latency_ms": 0.3644119792928298,
  "risk_mean": 0.8047081837063197,
  "risk_p05": 0.21599999999989997,
  "risk_p25": 0.5081315448626752,
  "risk_p50": 1.0,
  "risk_p75": 1.0,
  "risk_p95": 1.0,
  "separation_risk_mean": 0.023742448692202604,
  "congestion_risk_mean": 0.01673340594813372,
  "speed_risk_mean": 0.8546879956707848,
  "uncertainty_risk_mean": 0.64,
  "human_activation_count": 124,
  "cooldown_skips": 26,
  "suppressed_request_count": 26,
  "suppressed_critical_count": 0,
  "cooldown_release_count": 110,
  "critical_override_count": 110,
  "critical_trigger_rate": 0.7333333333333333,
  "trigger_active_rate": 1.0,
  "confidence_mean": 0.9500000000000002,
  "false_intervention_rate": 0.12903225806451613,
  "repeated_intervention_rate": 0.8870967741935484,
  "post_intervention_violation_rate": 0.013422818791946308,
  "mean_drift_after_intervention": 10.6090513462084,
  "min_predicted_distance_mean": 12.670281809497878
}