{
  "violation_rate": 0.19333333333333333,
  "collision_rate": 0.0,
  "near_miss_rate": 0.02666666666666667,
  "intervention_rate": 0.7466666666666667,
  "override_success_rate": 0.7410714285714286,
  "mean_intervention_delay": 1.0,
  "operator_workload": 0.7466666666666667,
  "mean_drift": 12.745738979640446,
  "p95_drift": 27.700684584755827,
  "mean_latency_ms": 0.6684236686366299,
  "risk_mean": 0.8108723769863457,
  "risk_p05": 0.24034651338345533,
  "risk_p25": 0.5089391403677987,
  "risk_p50": 1.0,
  "risk_p75": 1.0,
  "risk_p95": 1.0,
  "separation_risk_mean": 0.02613158983870442,
  "congestion_risk_mean": 0.02243042832100467,
  "speed_risk_mean": 0.9639602615353924,
  "uncertainty_risk_mean": 0.64,
  "human_activation_count": 112,
  "cooldown_skips": 10,
  "suppressed_request_count": 10,
  "suppressed_critical_count": 0,
  "cooldown_release_count": 111,
  "critical_override_count": 111,
  "critical_trigger_rate": 0.74,
  "trigger_active_rate": 0.7933333333333333,
  "confidence_mean": 0.8214196808499815,
  "false_intervention_rate": 0.05357142857142857,
  "repeated_intervention_rate": 0.9732142857142857,
  "post_intervention_violation_rate": 0.25217391304347825,
  "mean_drift_after_intervention": 15.100731170401206,
  "min_predicted_distance_mean": 12.192179635923083
}