{
  "violation_rate": 0.06,
  "collision_rate": 0.0,
  "near_miss_rate": 0.05333333333333334,
  "intervention_rate": 0.8066666666666666,
  "override_success_rate": 0.9256198347107438,
  "mean_intervention_delay": 0.0,
  "operator_workload": 0.8066666666666666,
  "mean_drift": 13.371504515554891,
  "p95_drift": 30.9196489282252,
  "mean_latency_ms": 0.4187085875310004,
  "risk_mean": 0.8255022626430848,
  "risk_p05": 0.24976657160275603,
  "risk_p25": 0.5040477948579842,
  "risk_p50": 1.0,
  "risk_p75": 1.0,
  "risk_p95": 1.0,
  "separation_risk_mean": 0.08349328682935842,
  "congestion_risk_mean": 0.07192277887903437,
  "speed_risk_mean": 0.9697961555484323,
  "uncertainty_risk_mean": 0.6206167381793198,
  "human_activation_count": 121,
  "cooldown_skips": 29,
  "suppressed_request_count": 29,
  "suppressed_critical_count": 0,
  "cooldown_release_count": 106,
  "critical_override_count": 106,
  "critical_trigger_rate": 0.7066666666666667,
  "trigger_active_rate": 1.0,
  "confidence_mean": 0.9500000000000002,
  "false_intervention_rate": 0.1322314049586777,
  "repeated_intervention_rate": 0.8677685950413223,
  "post_intervention_violation_rate": 0.06040268456375839,
  "mean_drift_after_intervention": 15.159890636949301,
  "min_predicted_distance_mean": 2.8347471391283374
}