{
  "violation_rate": 0.0,
  "collision_rate": 0.0,
  "near_miss_rate": 0.02666666666666667,
  "intervention_rate": 0.16666666666666666,
  "override_success_rate": 1.0,
  "mean_intervention_delay": 0.0,
  "operator_workload": 0.16666666666666666,
  "mean_drift": 8.49414515204256,
  "p95_drift": 19.096020449028526,
  "mean_latency_ms": 0.3579819594354679,
  "risk_mean": 0.268871306282092,
  "risk_p95": 0.48977981400264053,
  "separation_risk_mean": 0.05498885655307893,
  "congestion_risk_mean": 0.03013088030305695,
  "speed_risk_mean": 0.9372906717162816,
  "uncertainty_risk_mean": 0.64,
  "human_activation_count": 25,
  "cooldown_skips": 123,
  "trigger_active_rate": 0.9866666666666667,
  "confidence_mean": 0.9500000000000002,
  "false_intervention_rate": 0.2
}