{
  "violation_rate": 0.05333333333333334,
  "collision_rate": 0.0,
  "near_miss_rate": 0.02,
  "intervention_rate": 0.6666666666666666,
  "override_success_rate": 0.92,
  "mean_intervention_delay": 0.0,
  "operator_workload": 0.6666666666666666,
  "mean_drift": 12.25438128859088,
  "p95_drift": 39.24595523665278,
  "mean_latency_ms": 0.4061594659773012,
  "risk_mean": 0.7538180174339117,
  "risk_p05": 0.24264612409636208,
  "risk_p25": 0.3892235346829613,
  "risk_p50": 1.0,
  "risk_p75": 1.0,
  "risk_p95": 1.0,
  "separation_risk_mean": 0.06593244342259905,
  "congestion_risk_mean": 0.03397751556078718,
  "speed_risk_mean": 0.9474713711344585,
  "uncertainty_risk_mean": 0.64,
  "human_activation_count": 100,
  "cooldown_skips": 50,
  "suppressed_request_count": 50,
  "suppressed_critical_count": 0,
  "cooldown_release_count": 95,
  "critical_override_count": 95,
  "critical_trigger_rate": 0.6333333333333333,
  "trigger_active_rate": 1.0,
  "confidence_mean": 0.9500000000000002,
  "false_intervention_rate": 0.07,
  "repeated_intervention_rate": 0.94,
  "post_intervention_violation_rate": 0.07339449541284404,
  "mean_drift_after_intervention": 16.276106849943982,
  "min_predicted_distance_mean": 5.376768684679262
}