{
  "violation_rate": 0.17333333333333334,
  "collision_rate": 0.0,
  "near_miss_rate": 0.02,
  "intervention_rate": 0.16666666666666666,
  "override_success_rate": 0.44,
  "mean_intervention_delay": 5.0,
  "operator_workload": 0.16666666666666666,
  "mean_drift": 13.2389434065074,
  "p95_drift": 29.894771736992258,
  "mean_latency_ms": 0.7302545196337936,
  "risk_mean": 0.25954250947055224,
  "risk_p95": 0.32877492634034294,
  "separation_risk_mean": 0.02642129532248319,
  "congestion_risk_mean": 0.023209587752015145,
  "speed_risk_mean": 0.97233686424954,
  "uncertainty_risk_mean": 0.64,
  "human_activation_count": 25,
  "cooldown_skips": 125,
  "trigger_active_rate": 1.0,
  "confidence_mean": 0.8499142448521452,
  "false_intervention_rate": 0.28
}