{
  "violation_rate": 0.06666666666666667,
  "collision_rate": 0.0,
  "near_miss_rate": 0.04666666666666667,
  "intervention_rate": 0.7333333333333333,
  "override_success_rate": 0.9090909090909091,
  "mean_intervention_delay": 0.0,
  "operator_workload": 0.7333333333333333,
  "mean_drift": 15.812669372953273,
  "p95_drift": 35.19932047186574,
  "mean_latency_ms": 0.5165133702879151,
  "risk_mean": 0.8129593701108784,
  "risk_p05": 0.2459999999999086,
  "risk_p25": 0.586902024961434,
  "risk_p50": 1.0,
  "risk_p75": 1.0,
  "risk_p95": 1.0,
  "separation_risk_mean": 0.041743022388086595,
  "congestion_risk_mean": 0.035360952447292114,
  "speed_risk_mean": 0.9838278229735621,
  "uncertainty_risk_mean": 0.6384988009061447,
  "human_activation_count": 110,
  "cooldown_skips": 40,
  "suppressed_request_count": 40,
  "suppressed_critical_count": 0,
  "cooldown_release_count": 109,
  "critical_override_count": 109,
  "critical_trigger_rate": 0.7266666666666667,
  "trigger_active_rate": 1.0,
  "confidence_mean": 0.9500000000000002,
  "false_intervention_rate": 0.045454545454545456,
  "repeated_intervention_rate": 0.9727272727272728,
  "post_intervention_violation_rate": 0.07964601769911504,
  "mean_drift_after_intervention": 19.171984351264186,
  "min_predicted_distance_mean": 12.19936865089602
}