{
  "violation_rate": 0.12,
  "collision_rate": 0.02,
  "near_miss_rate": 0.7733333333333333,
  "intervention_rate": 0.7733333333333333,
  "override_success_rate": 0.8448275862068966,
  "mean_intervention_delay": 0.0,
  "operator_workload": 0.7733333333333333,
  "mean_drift": 11.75287767208795,
  "p95_drift": 41.18251766179379,
  "mean_latency_ms": 0.5255658001018068,
  "risk_mean": 0.9117482240594708,
  "risk_p05": 0.5961330957340834,
  "risk_p25": 0.8374148080197361,
  "risk_p50": 1.0,
  "risk_p75": 1.0,
  "risk_p95": 1.0,
  "separation_risk_mean": 0.635206738472069,
  "congestion_risk_mean": 0.3684903107843913,
  "speed_risk_mean": 0.6129157315440904,
  "uncertainty_risk_mean": 0.9827930354709478,
  "human_activation_count": 116,
  "cooldown_skips": 34,
  "suppressed_request_count": 34,
  "suppressed_critical_count": 0,
  "cooldown_release_count": 112,
  "critical_override_count": 112,
  "critical_trigger_rate": 0.7466666666666667,
  "trigger_active_rate": 1.0,
  "confidence_mean": 0.9500000000000002,
  "false_intervention_rate": 0.04310344827586207,
  "repeated_intervention_rate": 0.8793103448275862,
  "post_intervention_violation_rate": 0.12408759124087591,
  "mean_drift_after_intervention": 13.846924605099954,
  "min_predicted_distance_mean": 1.0990234404634718
}