{
  "violation_rate": 0.02,
  "collision_rate": 0.0,
  "near_miss_rate": 0.2733333333333333,
  "intervention_rate": 0.16666666666666666,
  "override_success_rate": 0.92,
  "mean_intervention_delay": 0.0,
  "operator_workload": 0.16666666666666666,
  "mean_drift": 15.001980529171837,
  "p95_drift": 32.11251567856641,
  "mean_latency_ms": 0.33880861330544576,
  "risk_mean": 0.35609579727088353,
  "risk_p95": 0.7600649754173086,
  "separation_risk_mean": 0.1744142984208826,
  "congestion_risk_mean": 0.13529371280657285,
  "speed_risk_mean": 0.985733618207344,
  "uncertainty_risk_mean": 0.6395059469916106,
  "human_activation_count": 25,
  "cooldown_skips": 125,
  "trigger_active_rate": 1.0,
  "confidence_mean": 0.9000000000000004,
  "false_intervention_rate": 0.16
}