{
  "violation_rate": 0.7733333333333333,
  "collision_rate": 0.03333333333333333,
  "near_miss_rate": 0.07333333333333333,
  "intervention_rate": 0.8733333333333333,
  "override_success_rate": 0.11450381679389313,
  "mean_intervention_delay": 5.0,
  "operator_workload": 0.8733333333333333,
  "mean_drift": 12.050081436961078,
  "p95_drift": 32.71139967639336,
  "mean_latency_ms": 2.194458599357555,
  "risk_mean": 0.9131074371913503,
  "risk_p05": 0.2727032643447068,
  "risk_p25": 1.0,
  "risk_p50": 1.0,
  "risk_p75": 1.0,
  "risk_p95": 1.0,
  "separation_risk_mean": 0.12437933505710574,
  "congestion_risk_mean": 0.06576774719500657,
  "speed_risk_mean": 0.8893629580334236,
  "uncertainty_risk_mean": 0.6365570858032663,
  "human_activation_count": 131,
  "cooldown_skips": 15,
  "suppressed_request_count": 15,
  "suppressed_critical_count": 0,
  "cooldown_release_count": 129,
  "critical_override_count": 129,
  "critical_trigger_rate": 0.86,
  "trigger_active_rate": 0.9533333333333334,
  "confidence_mean": 0.4255506430252401,
  "false_intervention_rate": 0.08396946564885496,
  "repeated_intervention_rate": 0.9618320610687023,
  "post_intervention_violation_rate": 0.8467153284671532,
  "mean_drift_after_intervention": 13.297647272621102,
  "min_predicted_distance_mean": 10.55130988997945
}