{
  "violation_rate": 0.6266666666666667,
  "collision_rate": 0.0,
  "near_miss_rate": 0.14,
  "intervention_rate": 0.78,
  "override_success_rate": 0.19658119658119658,
  "mean_intervention_delay": 0.0,
  "operator_workload": 0.78,
  "mean_drift": 10.486974752087383,
  "p95_drift": 22.224151493391563,
  "mean_latency_ms": 1.6430249437689781,
  "risk_mean": 0.8576518076318849,
  "risk_p05": 0.2459999999999177,
  "risk_p25": 0.7116013325019802,
  "risk_p50": 1.0,
  "risk_p75": 1.0,
  "risk_p95": 1.0,
  "separation_risk_mean": 0.24998247448688157,
  "congestion_risk_mean": 0.15604207046784613,
  "speed_risk_mean": 0.928610692328326,
  "uncertainty_risk_mean": 0.6320801628610062,
  "human_activation_count": 117,
  "cooldown_skips": 33,
  "suppressed_request_count": 33,
  "suppressed_critical_count": 0,
  "cooldown_release_count": 110,
  "critical_override_count": 110,
  "critical_trigger_rate": 0.7333333333333333,
  "trigger_active_rate": 1.0,
  "confidence_mean": 0.5,
  "false_intervention_rate": 0.05128205128205128,
  "repeated_intervention_rate": 0.9316239316239316,
  "post_intervention_violation_rate": 0.7076923076923077,
  "mean_drift_after_intervention": 12.129229480104062,
  "min_predicted_distance_mean": 2.398695789274008
}