{
  "violation_rate": 0.05333333333333334,
  "collision_rate": 0.0,
  "near_miss_rate": 0.02666666666666667,
  "intervention_rate": 0.7133333333333334,
  "override_success_rate": 0.9252336448598131,
  "mean_intervention_delay": 0.0,
  "operator_workload": 0.7133333333333334,
  "mean_drift": 13.328608833778906,
  "p95_drift": 29.926231509978948,
  "mean_latency_ms": 0.40495750882352394,
  "risk_mean": 0.7946117950979122,
  "risk_p05": 0.21599999999991878,
  "risk_p25": 0.40430195869453167,
  "risk_p50": 1.0,
  "risk_p75": 1.0,
  "risk_p95": 1.0,
  "separation_risk_mean": 0.02424476240334319,
  "congestion_risk_mean": 0.02174465810797692,
  "speed_risk_mean": 0.9627476943735898,
  "uncertainty_risk_mean": 0.64,
  "human_activation_count": 107,
  "cooldown_skips": 0,
  "suppressed_request_count": 0,
  "suppressed_critical_count": 0,
  "cooldown_release_count": 107,
  "critical_override_count": 107,
  "critical_trigger_rate": 0.7133333333333334,
  "trigger_active_rate": 0.7133333333333334,
  "confidence_mean": 0.9500000000000002,
  "false_intervention_rate": 0.018691588785046728,
  "repeated_intervention_rate": 0.9906542056074766,
  "post_intervention_violation_rate": 0.07547169811320754,
  "mean_drift_after_intervention": 16.6825438298663,
  "min_predicted_distance_mean": 14.456200522674171
}