{
  "violation_rate": 0.04,
  "collision_rate": 0.006666666666666667,
  "near_miss_rate": 0.25333333333333335,
  "intervention_rate": 0.7466666666666667,
  "override_success_rate": 0.9464285714285714,
  "mean_intervention_delay": 0.0,
  "operator_workload": 0.7466666666666667,
  "mean_drift": 6.0582183239662,
  "p95_drift": 22.296122598648473,
  "mean_latency_ms": 0.3680055223715802,
  "risk_mean": 0.8288059788211714,
  "risk_p05": 0.2822764823780469,
  "risk_p25": 0.5147776637977645,
  "risk_p50": 1.0,
  "risk_p75": 1.0,
  "risk_p95": 1.0,
  "separation_risk_mean": 0.4548685759348598,
  "congestion_risk_mean": 0.24372073035552033,
  "speed_risk_mean": 0.5989863726575737,
  "uncertainty_risk_mean": 0.631843293598175,
  "human_activation_count": 112,
  "cooldown_skips": 30,
  "suppressed_request_count": 30,
  "suppressed_critical_count": 0,
  "cooldown_release_count": 107,
  "critical_override_count": 107,
  "critical_trigger_rate": 0.7133333333333334,
  "trigger_active_rate": 0.9266666666666666,
  "confidence_mean": 0.9500000000000002,
  "false_intervention_rate": 0.0625,
  "repeated_intervention_rate": 0.9375,
  "post_intervention_violation_rate": 0.04878048780487805,
  "mean_drift_after_intervention": 6.919316801210487,
  "min_predicted_distance_mean": 1.7220077588953226
}