{
  "violation_rate": 0.7133333333333334,
  "collision_rate": 0.02,
  "near_miss_rate": 0.11333333333333333,
  "intervention_rate": 0.86,
  "override_success_rate": 0.17054263565891473,
  "mean_intervention_delay": 3.0,
  "operator_workload": 0.86,
  "mean_drift": 10.273463983515803,
  "p95_drift": 20.039406210014565,
  "mean_latency_ms": 1.854079725065579,
  "risk_mean": 0.8821294574483348,
  "risk_p05": 0.2459999999999089,
  "risk_p25": 1.0,
  "risk_p50": 1.0,
  "risk_p75": 1.0,
  "risk_p95": 1.0,
  "separation_risk_mean": 0.19411426592875844,
  "congestion_risk_mean": 0.11850940818696405,
  "speed_risk_mean": 0.9302825035891192,
  "uncertainty_risk_mean": 0.6322041262822735,
  "human_activation_count": 129,
  "cooldown_skips": 21,
  "suppressed_request_count": 21,
  "suppressed_critical_count": 0,
  "cooldown_release_count": 125,
  "critical_override_count": 125,
  "critical_trigger_rate": 0.8333333333333334,
  "trigger_active_rate": 1.0,
  "confidence_mean": 0.5813791066888196,
  "false_intervention_rate": 0.06976744186046512,
  "repeated_intervention_rate": 0.9534883720930233,
  "post_intervention_violation_rate": 0.781021897810219,
  "mean_drift_after_intervention": 10.920265761505917,
  "min_predicted_distance_mean": 3.352309416780422
}