{
  "violation_rate": 0.006666666666666667,
  "collision_rate": 0.0,
  "near_miss_rate": 0.13333333333333333,
  "intervention_rate": 0.16666666666666666,
  "override_success_rate": 0.96,
  "mean_intervention_delay": 0.0,
  "operator_workload": 0.16666666666666666,
  "mean_drift": 7.471901645901966,
  "p95_drift": 26.065674517413587,
  "mean_latency_ms": 0.22375868662493303,
  "risk_mean": 0.32779348806509595,
  "risk_p95": 0.6224003882418728,
  "separation_risk_mean": 0.19195444934139838,
  "congestion_risk_mean": 0.12497671084873156,
  "speed_risk_mean": 0.7621202079488766,
  "uncertainty_risk_mean": 0.6390118463796821,
  "human_activation_count": 25,
  "cooldown_skips": 125,
  "trigger_active_rate": 1.0,
  "confidence_mean": 0.9500000000000002,
  "false_intervention_rate": 0.28
}