{
  "violation_rate": 0.20666666666666667,
  "collision_rate": 0.006666666666666667,
  "near_miss_rate": 0.3,
  "intervention_rate": 0.16666666666666666,
  "override_success_rate": 0.32,
  "mean_intervention_delay": 10.0,
  "operator_workload": 0.16666666666666666,
  "mean_drift": 11.920527383068183,
  "p95_drift": 39.3590849984418,
  "mean_latency_ms": 0.9450707940656381,
  "risk_mean": 0.3331334000117295,
  "risk_p95": 0.6991400279201472,
  "separation_risk_mean": 0.21286211330836868,
  "congestion_risk_mean": 0.15907400170890057,
  "speed_risk_mean": 0.6974155548663672,
  "uncertainty_risk_mean": 0.6197641024385558,
  "human_activation_count": 25,
  "cooldown_skips": 125,
  "trigger_active_rate": 1.0,
  "confidence_mean": 0.8130947531791306,
  "false_intervention_rate": 0.24
}