{
  "violation_rate": 0.0,
  "collision_rate": 0.0,
  "near_miss_rate": 0.0,
  "intervention_rate": 0.0,
  "override_success_rate": 0.0,
  "mean_intervention_delay": 0.0,
  "operator_workload": 0.0,
  "mean_drift": 12.901337973698748,
  "p95_drift": 28.3819662681957,
  "mean_latency_ms": 0.5274741675627107,
  "risk_mean": 0.24371760923542263,
  "risk_p95": 0.2459999999999797,
  "separation_risk_mean": 0.0,
  "congestion_risk_mean": 0.0,
  "speed_risk_mean": 0.9847840615694842,
  "uncertainty_risk_mean": 0.64,
  "human_activation_count": 0,
  "cooldown_skips": 0,
  "trigger_active_rate": 0.0,
  "confidence_mean": 0.9500000000000002,
  "false_intervention_rate": 0.0
}