{
  "violation_rate": 0.25333333333333335,
  "collision_rate": 0.0,
  "near_miss_rate": 0.02666666666666667,
  "intervention_rate": 0.6933333333333334,
  "override_success_rate": 0.6346153846153846,
  "mean_intervention_delay": 0.0,
  "operator_workload": 0.6933333333333334,
  "mean_drift": 10.737642671047436,
  "p95_drift": 32.050676389233125,
  "mean_latency_ms": 0.6604774855077267,
  "risk_mean": 0.7696244296537003,
  "risk_p05": 0.24599999999986816,
  "risk_p25": 0.454891294026231,
  "risk_p50": 1.0,
  "risk_p75": 1.0,
  "risk_p95": 1.0,
  "separation_risk_mean": 0.1031675999489728,
  "congestion_risk_mean": 0.049580006443348194,
  "speed_risk_mean": 0.944278572604838,
  "uncertainty_risk_mean": 0.64,
  "human_activation_count": 104,
  "cooldown_skips": 46,
  "suppressed_request_count": 46,
  "suppressed_critical_count": 0,
  "cooldown_release_count": 94,
  "critical_override_count": 94,
  "critical_trigger_rate": 0.6266666666666667,
  "trigger_active_rate": 1.0,
  "confidence_mean": 0.75,
  "false_intervention_rate": 0.11538461538461539,
  "repeated_intervention_rate": 0.8942307692307693,
  "post_intervention_violation_rate": 0.3114754098360656,
  "mean_drift_after_intervention": 13.714839593734135,
  "min_predicted_distance_mean": 3.8181610609702883
}