{
  "violation_rate": 0.15333333333333332,
  "collision_rate": 0.0,
  "near_miss_rate": 0.06,
  "intervention_rate": 0.7066666666666667,
  "override_success_rate": 0.7830188679245284,
  "mean_intervention_delay": 0.0,
  "operator_workload": 0.7066666666666667,
  "mean_drift": 6.679199272715834,
  "p95_drift": 17.185895657852296,
  "mean_latency_ms": 0.5046880470278362,
  "risk_mean": 0.763373067944823,
  "risk_p05": 0.21599999999988206,
  "risk_p25": 0.4183395904466416,
  "risk_p50": 1.0,
  "risk_p75": 1.0,
  "risk_p95": 1.0,
  "separation_risk_mean": 0.062285794226575014,
  "congestion_risk_mean": 0.04573296151193967,
  "speed_risk_mean": 0.8833106897278934,
  "uncertainty_risk_mean": 0.6334924921537425,
  "human_activation_count": 106,
  "cooldown_skips": 44,
  "suppressed_request_count": 44,
  "suppressed_critical_count": 0,
  "cooldown_release_count": 97,
  "critical_override_count": 97,
  "critical_trigger_rate": 0.6466666666666666,
  "trigger_active_rate": 1.0,
  "confidence_mean": 0.9000000000000004,
  "false_intervention_rate": 0.09433962264150944,
  "repeated_intervention_rate": 0.9056603773584906,
  "post_intervention_violation_rate": 0.18699186991869918,
  "mean_drift_after_intervention": 8.31326796593688,
  "min_predicted_distance_mean": 9.124575962914086
}