{
  "violation_rate": 0.0,
  "collision_rate": 0.0,
  "near_miss_rate": 0.04,
  "intervention_rate": 0.8266666666666667,
  "override_success_rate": 1.0,
  "mean_intervention_delay": 0.0,
  "operator_workload": 0.8266666666666667,
  "mean_drift": 12.002404372024182,
  "p95_drift": 25.156049120949803,
  "mean_latency_ms": 0.476769400605311,
  "risk_mean": 0.9024307555155334,
  "risk_p05": 0.498597408130423,
  "risk_p25": 1.0,
  "risk_p50": 1.0,
  "risk_p75": 1.0,
  "risk_p95": 1.0,
  "separation_risk_mean": 0.127681562019629,
  "congestion_risk_mean": 0.07965550472474879,
  "speed_risk_mean": 0.9884018818287601,
  "uncertainty_risk_mean": 0.64,
  "human_activation_count": 124,
  "cooldown_skips": 26,
  "suppressed_request_count": 26,
  "suppressed_critical_count": 0,
  "cooldown_release_count": 119,
  "critical_override_count": 119,
  "critical_trigger_rate": 0.7933333333333333,
  "trigger_active_rate": 1.0,
  "confidence_mean": 1.0,
  "false_intervention_rate": 0.07258064516129033,
  "repeated_intervention_rate": 0.9435483870967742,
  "post_intervention_violation_rate": 0.0,
  "mean_drift_after_intervention": 13.57453602969094,
  "min_predicted_distance_mean": 5.401844300040861
}