{
  "violation_rate": 0.06,
  "collision_rate": 0.0,
  "near_miss_rate": 0.9733333333333334,
  "intervention_rate": 0.8466666666666667,
  "override_success_rate": 0.9291338582677166,
  "mean_intervention_delay": 0.0,
  "operator_workload": 0.8466666666666667,
  "mean_drift": 14.336090227061254,
  "p95_drift": 42.715121492938806,
  "mean_latency_ms": 4.539767776926358,
  "risk_mean": 0.9072757397297406,
  "risk_p05": 0.4245707655345688,
  "risk_p25": 1.0,
  "risk_p50": 1.0,
  "risk_p75": 1.0,
  "risk_p95": 1.0,
  "separation_risk_mean": 0.48749196546508744,
  "congestion_risk_mean": 0.24883282323105538,
  "speed_risk_mean": 0.9238400968051259,
  "uncertainty_risk_mean": 0.6389938465603371,
  "human_activation_count": 127,
  "cooldown_skips": 23,
  "suppressed_request_count": 23,
  "suppressed_critical_count": 0,
  "cooldown_release_count": 124,
  "critical_override_count": 124,
  "critical_trigger_rate": 0.8266666666666667,
  "trigger_active_rate": 1.0,
  "confidence_mean": 0.9500000000000002,
  "false_intervention_rate": 0.07086614173228346,
  "repeated_intervention_rate": 0.9291338582677166,
  "post_intervention_violation_rate": 0.057971014492753624,
  "mean_drift_after_intervention": 15.636091756648637,
  "min_predicted_distance_mean": 1.3694222013363821
}