{
  "violation_rate": 0.16,
  "collision_rate": 0.0,
  "near_miss_rate": 0.18666666666666668,
  "intervention_rate": 0.16666666666666666,
  "override_success_rate": 0.52,
  "mean_intervention_delay": 5.0,
  "operator_workload": 0.16666666666666666,
  "mean_drift": 15.429060367421306,
  "p95_drift": 37.184256726482516,
  "mean_latency_ms": 0.8826685939372206,
  "risk_mean": 0.35811707801045556,
  "risk_p95": 0.6559515936242836,
  "separation_risk_mean": 0.18213902189698308,
  "congestion_risk_mean": 0.12212211245775974,
  "speed_risk_mean": 0.9974932669491549,
  "uncertainty_risk_mean": 0.64,
  "human_activation_count": 25,
  "cooldown_skips": 125,
  "trigger_active_rate": 1.0,
  "confidence_mean": 0.8499142448521452,
  "false_intervention_rate": 0.32
}