{
  "violation_rate": 0.0,
  "collision_rate": 0.0,
  "near_miss_rate": 0.0,
  "intervention_rate": 0.86,
  "override_success_rate": 1.0,
  "mean_intervention_delay": 0.0,
  "operator_workload": 0.86,
  "mean_drift": 16.56867896117451,
  "p95_drift": 31.112078313534553,
  "mean_latency_ms": 0.4687811038456857,
  "risk_mean": 0.8888199402799932,
  "risk_p05": 0.24599999999991762,
  "risk_p25": 1.0,
  "risk_p50": 1.0,
  "risk_p75": 1.0,
  "risk_p95": 1.0,
  "separation_risk_mean": 0.05712916936138665,
  "congestion_risk_mean": 0.02232435838328861,
  "speed_risk_mean": 0.9681778128260002,
  "uncertainty_risk_mean": 0.64,
  "human_activation_count": 129,
  "cooldown_skips": 21,
  "suppressed_request_count": 21,
  "suppressed_critical_count": 0,
  "cooldown_release_count": 124,
  "critical_override_count": 124,
  "critical_trigger_rate": 0.8266666666666667,
  "trigger_active_rate": 1.0,
  "confidence_mean": 1.0,
  "false_intervention_rate": 0.08527131782945736,
  "repeated_intervention_rate": 0.9534883720930233,
  "post_intervention_violation_rate": 0.0,
  "mean_drift_after_intervention": 18.136419100621342,
  "min_predicted_distance_mean": 6.584622335305843
}