{
  "violation_rate": 0.12666666666666668,
  "collision_rate": 0.0,
  "near_miss_rate": 0.28,
  "intervention_rate": 0.16666666666666666,
  "override_success_rate": 0.56,
  "mean_intervention_delay": 3.0,
  "operator_workload": 0.16666666666666666,
  "mean_drift": 7.933256596128276,
  "p95_drift": 21.560586963545592,
  "mean_latency_ms": 0.5819727469740125,
  "risk_mean": 0.4444021329672325,
  "risk_p95": 0.6680278071548618,
  "separation_risk_mean": 0.3482373498519693,
  "congestion_risk_mean": 0.23001533039416142,
  "speed_risk_mean": 0.9042065822344348,
  "uncertainty_risk_mean": 0.6304033706676051,
  "human_activation_count": 25,
  "cooldown_skips": 125,
  "trigger_active_rate": 1.0,
  "confidence_mean": 0.8785618423815542,
  "false_intervention_rate": 0.24
}