{
  "violation_rate": 0.07333333333333333,
  "collision_rate": 0.013333333333333334,
  "near_miss_rate": 0.18,
  "intervention_rate": 0.7866666666666666,
  "override_success_rate": 0.9067796610169492,
  "mean_intervention_delay": 0.0,
  "operator_workload": 0.7866666666666666,
  "mean_drift": 11.439966935695615,
  "p95_drift": 37.752019829403295,
  "mean_latency_ms": 0.4494302611177166,
  "risk_mean": 0.8769886440140162,
  "risk_p05": 0.3318004192429738,
  "risk_p25": 1.0,
  "risk_p50": 1.0,
  "risk_p75": 1.0,
  "risk_p95": 1.0,
  "separation_risk_mean": 0.15562694898414542,
  "congestion_risk_mean": 0.0934969893848173,
  "speed_risk_mean": 0.8680132654799236,
  "uncertainty_risk_mean": 0.6303359521773554,
  "human_activation_count": 118,
  "cooldown_skips": 30,
  "suppressed_request_count": 30,
  "suppressed_critical_count": 0,
  "cooldown_release_count": 114,
  "critical_override_count": 114,
  "critical_trigger_rate": 0.76,
  "trigger_active_rate": 0.98,
  "confidence_mean": 0.9500000000000002,
  "false_intervention_rate": 0.0423728813559322,
  "repeated_intervention_rate": 0.9322033898305084,
  "post_intervention_violation_rate": 0.07633587786259542,
  "mean_drift_after_intervention": 13.170509483665457,
  "min_predicted_distance_mean": 5.043859810968015
}