{
  "violation_rate": 0.06,
  "collision_rate": 0.0,
  "near_miss_rate": 0.03333333333333333,
  "intervention_rate": 0.7666666666666667,
  "override_success_rate": 0.9217391304347826,
  "mean_intervention_delay": 0.0,
  "operator_workload": 0.7666666666666667,
  "mean_drift": 9.445316680832908,
  "p95_drift": 24.026229595951605,
  "mean_latency_ms": 0.5026194468761483,
  "risk_mean": 0.8324488336417128,
  "risk_p05": 0.2806342218780715,
  "risk_p25": 0.6254797202358047,
  "risk_p50": 1.0,
  "risk_p75": 1.0,
  "risk_p95": 1.0,
  "separation_risk_mean": 0.0658373733139495,
  "congestion_risk_mean": 0.04826609396347167,
  "speed_risk_mean": 0.8636927288290419,
  "uncertainty_risk_mean": 0.9985665024780591,
  "human_activation_count": 115,
  "cooldown_skips": 35,
  "suppressed_request_count": 35,
  "suppressed_critical_count": 0,
  "cooldown_release_count": 108,
  "critical_override_count": 108,
  "critical_trigger_rate": 0.72,
  "trigger_active_rate": 1.0,
  "confidence_mean": 0.9500000000000002,
  "false_intervention_rate": 0.09565217391304348,
  "repeated_intervention_rate": 0.9304347826086956,
  "post_intervention_violation_rate": 0.0703125,
  "mean_drift_after_intervention": 11.006854197793709,
  "min_predicted_distance_mean": 3.944861997140434
}