{
  "violation_rate": 0.6333333333333333,
  "collision_rate": 0.0,
  "near_miss_rate": 0.04,
  "intervention_rate": 0.78,
  "override_success_rate": 0.18803418803418803,
  "mean_intervention_delay": 3.0,
  "operator_workload": 0.78,
  "mean_drift": 13.981722066901517,
  "p95_drift": 33.36976670019546,
  "mean_latency_ms": 1.8172241933643818,
  "risk_mean": 0.8470325741604233,
  "risk_p05": 0.30549382519244017,
  "risk_p25": 0.6044500554559695,
  "risk_p50": 1.0,
  "risk_p75": 1.0,
  "risk_p95": 1.0,
  "separation_risk_mean": 0.09202421875222176,
  "congestion_risk_mean": 0.07219534925164066,
  "speed_risk_mean": 0.9684206698994592,
  "uncertainty_risk_mean": 0.6209588325400424,
  "human_activation_count": 117,
  "cooldown_skips": 33,
  "suppressed_request_count": 33,
  "suppressed_critical_count": 0,
  "cooldown_release_count": 111,
  "critical_override_count": 111,
  "critical_trigger_rate": 0.74,
  "trigger_active_rate": 1.0,
  "confidence_mean": 0.6156694223456737,
  "false_intervention_rate": 0.08547008547008547,
  "repeated_intervention_rate": 0.9316239316239316,
  "post_intervention_violation_rate": 0.7230769230769231,
  "mean_drift_after_intervention": 16.259098169713816,
  "min_predicted_distance_mean": 3.1166655196415523
}