{
  "violation_rate": 0.06,
  "collision_rate": 0.006666666666666667,
  "near_miss_rate": 0.10666666666666667,
  "intervention_rate": 0.7733333333333333,
  "override_success_rate": 0.9224137931034483,
  "mean_intervention_delay": 0.0,
  "operator_workload": 0.7733333333333333,
  "mean_drift": 9.95827787503857,
  "p95_drift": 24.48981978915528,
  "mean_latency_ms": 0.42363969221090275,
  "risk_mean": 0.8587983861755991,
  "risk_p05": 0.29999999999987187,
  "risk_p25": 0.7146176343650882,
  "risk_p50": 1.0,
  "risk_p75": 1.0,
  "risk_p95": 1.0,
  "separation_risk_mean": 0.09336703938278992,
  "congestion_risk_mean": 0.054855875632916926,
  "speed_risk_mean": 0.9114800259623996,
  "uncertainty_risk_mean": 1.0,
  "human_activation_count": 116,
  "cooldown_skips": 34,
  "suppressed_request_count": 34,
  "suppressed_critical_count": 0,
  "cooldown_release_count": 109,
  "critical_override_count": 109,
  "critical_trigger_rate": 0.7266666666666667,
  "trigger_active_rate": 1.0,
  "confidence_mean": 0.9500000000000002,
  "false_intervention_rate": 0.07758620689655173,
  "repeated_intervention_rate": 0.9310344827586207,
  "post_intervention_violation_rate": 0.06201550387596899,
  "mean_drift_after_intervention": 10.852304461517445,
  "min_predicted_distance_mean": 4.674012661301114
}