{
  "violation_rate": 0.05333333333333334,
  "collision_rate": 0.0,
  "near_miss_rate": 0.02666666666666667,
  "intervention_rate": 0.78,
  "override_success_rate": 0.9316239316239316,
  "mean_intervention_delay": 0.0,
  "operator_workload": 0.78,
  "mean_drift": 12.564559794965481,
  "p95_drift": 27.02679084072759,
  "mean_latency_ms": 0.49027413595467806,
  "risk_mean": 0.8109084192997963,
  "risk_p05": 0.24302627923782352,
  "risk_p25": 0.5089391403677987,
  "risk_p50": 1.0,
  "risk_p75": 1.0,
  "risk_p95": 1.0,
  "separation_risk_mean": 0.02613158983870442,
  "congestion_risk_mean": 0.02243042832100467,
  "speed_risk_mean": 0.9623033053949538,
  "uncertainty_risk_mean": 0.64,
  "human_activation_count": 117,
  "cooldown_skips": 33,
  "suppressed_request_count": 33,
  "suppressed_critical_count": 0,
  "cooldown_release_count": 111,
  "critical_override_count": 111,
  "critical_trigger_rate": 0.74,
  "trigger_active_rate": 1.0,
  "confidence_mean": 0.9500000000000002,
  "false_intervention_rate": 0.09401709401709402,
  "repeated_intervention_rate": 0.9316239316239316,
  "post_intervention_violation_rate": 0.06153846153846154,
  "mean_drift_after_intervention": 14.519620208970725,
  "min_predicted_distance_mean": 11.97277400710465
}