{
  "violation_rate": 0.7066666666666667,
  "collision_rate": 0.0,
  "near_miss_rate": 0.2733333333333333,
  "intervention_rate": 0.7666666666666667,
  "override_success_rate": 0.0782608695652174,
  "mean_intervention_delay": 5.0,
  "operator_workload": 0.7666666666666667,
  "mean_drift": 9.43356846054793,
  "p95_drift": 27.584628728944768,
  "mean_latency_ms": 1.9882805715315044,
  "risk_mean": 0.8567261001525499,
  "risk_p05": 0.3653480326346711,
  "risk_p25": 0.6461110394251431,
  "risk_p50": 1.0,
  "risk_p75": 1.0,
  "risk_p95": 1.0,
  "separation_risk_mean": 0.39093940281527095,
  "congestion_risk_mean": 0.24577127568442886,
  "speed_risk_mean": 0.8336209189078435,
  "uncertainty_risk_mean": 0.6304033706676051,
  "human_activation_count": 115,
  "cooldown_skips": 35,
  "suppressed_request_count": 35,
  "suppressed_critical_count": 0,
  "cooldown_release_count": 107,
  "critical_override_count": 107,
  "critical_trigger_rate": 0.7133333333333334,
  "trigger_active_rate": 1.0,
  "confidence_mean": 0.4896055263198672,
  "false_intervention_rate": 0.06956521739130435,
  "repeated_intervention_rate": 0.9304347826086956,
  "post_intervention_violation_rate": 0.8125,
  "mean_drift_after_intervention": 11.501910569987633,
  "min_predicted_distance_mean": 1.9042396991923238
}