{
  "violation_rate": 0.02,
  "collision_rate": 0.006666666666666667,
  "near_miss_rate": 0.08666666666666667,
  "intervention_rate": 0.84,
  "override_success_rate": 0.9761904761904762,
  "mean_intervention_delay": 0.0,
  "operator_workload": 0.84,
  "mean_drift": 10.368776047407826,
  "p95_drift": 32.48343527992207,
  "mean_latency_ms": 0.46812534099444747,
  "risk_mean": 0.8888030545870519,
  "risk_p05": 0.22825998578626197,
  "risk_p25": 1.0,
  "risk_p50": 1.0,
  "risk_p75": 1.0,
  "risk_p95": 1.0,
  "separation_risk_mean": 0.10574279433182625,
  "congestion_risk_mean": 0.05540232044684129,
  "speed_risk_mean": 0.8119042456488655,
  "uncertainty_risk_mean": 0.6372968967987811,
  "human_activation_count": 126,
  "cooldown_skips": 19,
  "suppressed_request_count": 19,
  "suppressed_critical_count": 0,
  "cooldown_release_count": 124,
  "critical_override_count": 124,
  "critical_trigger_rate": 0.8266666666666667,
  "trigger_active_rate": 0.9133333333333333,
  "confidence_mean": 0.9500000000000002,
  "false_intervention_rate": 0.07936507936507936,
  "repeated_intervention_rate": 0.9603174603174603,
  "post_intervention_violation_rate": 0.022556390977443608,
  "mean_drift_after_intervention": 11.610624840743496,
  "min_predicted_distance_mean": 8.510629516333589
}