{
  "violation_rate": 0.0,
  "collision_rate": 0.0,
  "near_miss_rate": 0.0,
  "intervention_rate": 0.0,
  "override_success_rate": 0.0,
  "mean_intervention_delay": 0.0,
  "operator_workload": 0.0,
  "mean_drift": 7.223538696163307,
  "p95_drift": 17.268638309885755,
  "mean_latency_ms": 0.2822272065289629,
  "risk_mean": 0.23728583176480772,
  "risk_p95": 0.245999999999968,
  "separation_risk_mean": 0.0,
  "congestion_risk_mean": 0.0,
  "speed_risk_mean": 0.9419055450987185,
  "uncertainty_risk_mean": 0.64,
  "human_activation_count": 0,
  "cooldown_skips": 0,
  "trigger_active_rate": 0.0,
  "confidence_mean": 0.9500000000000002,
  "false_intervention_rate": 0.0
}