{
  "violation_rate": 0.04,
  "collision_rate": 0.0,
  "near_miss_rate": 0.013333333333333334,
  "intervention_rate": 0.8333333333333334,
  "override_success_rate": 0.952,
  "mean_intervention_delay": 0.0,
  "operator_workload": 0.8333333333333334,
  "mean_drift": 9.769858621656006,
  "p95_drift": 20.682633142331177,
  "mean_latency_ms": 0.49580084936072427,
  "risk_mean": 0.8157314420788196,
  "risk_p05": 0.21599999999989997,
  "risk_p25": 0.733736420046256,
  "risk_p50": 1.0,
  "risk_p75": 1.0,
  "risk_p95": 1.0,
  "separation_risk_mean": 0.025008948779238115,
  "congestion_risk_mean": 0.01673340594813372,
  "speed_risk_mean": 0.8547422341713923,
  "uncertainty_risk_mean": 0.64,
  "human_activation_count": 125,
  "cooldown_skips": 25,
  "suppressed_request_count": 25,
  "suppressed_critical_count": 0,
  "cooldown_release_count": 112,
  "critical_override_count": 112,
  "critical_trigger_rate": 0.7466666666666667,
  "trigger_active_rate": 1.0,
  "confidence_mean": 0.9500000000000002,
  "false_intervention_rate": 0.136,
  "repeated_intervention_rate": 0.888,
  "post_intervention_violation_rate": 0.040268456375838924,
  "mean_drift_after_intervention": 10.979519965044522,
  "min_predicted_distance_mean": 12.696187830157202
}