{
  "violation_rate": 0.09333333333333334,
  "collision_rate": 0.0,
  "near_miss_rate": 0.06666666666666667,
  "intervention_rate": 0.9666666666666667,
  "override_success_rate": 0.903448275862069,
  "mean_intervention_delay": 0.0,
  "operator_workload": 0.9666666666666667,
  "mean_drift": 17.892876992166528,
  "p95_drift": 45.27621299844446,
  "mean_latency_ms": 0.5505058619504174,
  "risk_mean": 0.9748666666666638,
  "risk_p05": 1.0,
  "risk_p25": 1.0,
  "risk_p50": 1.0,
  "risk_p75": 1.0,
  "risk_p95": 1.0,
  "separation_risk_mean": 0.337357813185932,
  "congestion_risk_mean": 0.1883701367969803,
  "speed_risk_mean": 0.9902869207993018,
  "uncertainty_risk_mean": 0.64,
  "human_activation_count": 145,
  "cooldown_skips": 0,
  "suppressed_request_count": 0,
  "suppressed_critical_count": 0,
  "cooldown_release_count": 145,
  "critical_override_count": 145,
  "critical_trigger_rate": 0.9666666666666667,
  "trigger_active_rate": 0.9666666666666667,
  "confidence_mean": 0.9500000000000002,
  "false_intervention_rate": 0.027586206896551724,
  "repeated_intervention_rate": 0.993103448275862,
  "post_intervention_violation_rate": 0.09722222222222222,
  "mean_drift_after_intervention": 17.87006973739455,
  "min_predicted_distance_mean": 5.0053660421920165
}