{
  "violation_rate": 0.06666666666666667,
  "collision_rate": 0.0,
  "near_miss_rate": 0.24,
  "intervention_rate": 0.7666666666666667,
  "override_success_rate": 0.9130434782608695,
  "mean_intervention_delay": 0.0,
  "operator_workload": 0.7666666666666667,
  "mean_drift": 16.3892935338995,
  "p95_drift": 41.224906854316494,
  "mean_latency_ms": 0.49324582641323406,
  "risk_mean": 0.8065541286481287,
  "risk_p05": 0.24599999999992114,
  "risk_p25": 0.3904222168801058,
  "risk_p50": 1.0,
  "risk_p75": 1.0,
  "risk_p95": 1.0,
  "separation_risk_mean": 0.23402230749889086,
  "congestion_risk_mean": 0.1240840425976553,
  "speed_risk_mean": 0.9962102476717737,
  "uncertainty_risk_mean": 0.64,
  "human_activation_count": 115,
  "cooldown_skips": 35,
  "suppressed_request_count": 35,
  "suppressed_critical_count": 0,
  "cooldown_release_count": 108,
  "critical_override_count": 108,
  "critical_trigger_rate": 0.72,
  "trigger_active_rate": 1.0,
  "confidence_mean": 0.9500000000000002,
  "false_intervention_rate": 0.06956521739130435,
  "repeated_intervention_rate": 0.9304347826086956,
  "post_intervention_violation_rate": 0.078125,
  "mean_drift_after_intervention": 19.19727637731999,
  "min_predicted_distance_mean": 4.819100727326723
}